district_id,district_name,date,LST,dataset_source,extraction_method,valid_pixel_count,system:index,.geo
2,Mysuru,2010-01-01,15139.369718021491,MODIS/061/MOD11A2,GAUL_L2_polygon_mean (Mysore),6325,2010_01_01,"{""type"":""MultiPoint"",""coordinates"":[]}"
2,Mysuru,2010-01-09,15122.96291111407,MODIS/061/MOD11A2,GAUL_L2_polygon_mean (Mysore),6111,2010_01_09,"{""type"":""MultiPoint"",""coordinates"":[]}"
2,Mysuru,2010-01-17,15224.13921927964,MODIS/061/MOD11A2,GAUL_L2_polygon_mean (Mysore),6325,2010_01_17,"{""type"":""MultiPoint"",""coordinates"":[]}"
2,Mysuru,2010-01-25,15252.89973918911,MODIS/061/MOD11A2,GAUL_L2_polygon_mean (Mysore),6325,2010_01_25,"{""type"":""MultiPoint"",""coordinates"":[]}"
2,Mysuru,2010-02-02,15360.54061118084,MODIS/061/MOD11A2,GAUL_L2_polygon_mean (Mysore),6325,2010_02_02,"{""type"":""MultiPoint"",""coordinates"":[]}"
2,Mysuru,2010-02-10,15500.508639515201,MODIS/061/MOD11A2,GAUL_L2_polygon_mean (Mysore),6325,2010_02_10,"{""type"":""MultiPoint"",""coordinates"":[]}"
2,Mysuru,2010-02-18,15547.92198814314,MODIS/061/MOD11A2,GAUL_L2_polygon_mean (Mysore),6325,2010_02_18,"{""type"":""MultiPoint"",""coordinates"":[]}"
2,Mysuru,2010-02-26,15561.354249281585,MODIS/061/MOD11A2,GAUL_L2_polygon_mean (Mysore),6325,2010_02_26,"{""type"":""MultiPoint"",""coordinates"":[]}"
2,Mysuru,2010-03-06,15647.240290936865,MODIS/061/MOD11A2,GAUL_L2_polygon_mean (Mysore),6325,2010_03_06,"{""type"":""MultiPoint"",""coordinates"":[]}"
2,Mysuru,2010-03-14,15642.899447607035,MODIS/061/MOD11A2,GAUL_L2_polygon_mean (Mysore),6325,2010_03_14,"{""type"":""MultiPoint"",""coordinates"":[]}"
2,Mysuru,2010-03-22,15654.096691101653,MODIS/061/MOD11A2,GAUL_L2_polygon_mean (Mysore),6325,2010_03_22,"{""type"":""MultiPoint"",""coordinates"":[]}"
2,Mysuru,2010-03-30,15553.73346047139,MODIS/061/MOD11A2,GAUL_L2_polygon_mean (Mysore),6325,2010_03_30,"{""type"":""MultiPoint"",""coordinates"":[]}"
2,Mysuru,2010-04-07,15741.743359993463,MODIS/061/MOD11A2,GAUL_L2_polygon_mean (Mysore),6325,2010_04_07,"{""type"":""MultiPoint"",""coordinates"":[]}"
2,Mysuru,2010-04-15,15397.275903746844,MODIS/061/MOD11A2,GAUL_L2_polygon_mean (Mysore),6286,2010_04_15,"{""type"":""MultiPoint"",""coordinates"":[]}"
2,Mysuru,2010-04-23,15353.883406655461,MODIS/061/MOD11A2,GAUL_L2_polygon_mean (Mysore),6324,2010_04_23,"{""type"":""MultiPoint"",""coordinates"":[]}"
2,Mysuru,2010-05-01,15356.740084968245,MODIS/061/MOD11A2,GAUL_L2_polygon_mean (Mysore),6325,2010_05_01,"{""type"":""MultiPoint"",""coordinates"":[]}"
2,Mysuru,2010-05-09,15405.981849945641,MODIS/061/MOD11A2,GAUL_L2_polygon_mean (Mysore),6325,2010_05_09,"{""type"":""MultiPoint"",""coordinates"":[]}"
2,Mysuru,2010-05-17,15256.75059950846,MODIS/061/MOD11A2,GAUL_L2_polygon_mean (Mysore),6323,2010_05_17,"{""type"":""MultiPoint"",""coordinates"":[]}"
2,Mysuru,2010-05-25,15238.597832914134,MODIS/061/MOD11A2,GAUL_L2_polygon_mean (Mysore),5800,2010_05_25,"{""type"":""MultiPoint"",""coordinates"":[]}"
2,Mysuru,2010-06-02,15182.443887849577,MODIS/061/MOD11A2,GAUL_L2_polygon_mean (Mysore),6319,2010_06_02,"{""type"":""MultiPoint"",""coordinates"":[]}"
2,Mysuru,2010-06-10,14517.09259772664,MODIS/061/MOD11A2,GAUL_L2_polygon_mean (Mysore),14,2010_06_10,"{""type"":""MultiPoint"",""coordinates"":[]}"
2,Mysuru,2010-06-18,15052.299517745687,MODIS/061/MOD11A2,GAUL_L2_polygon_mean (Mysore),1738,2010_06_18,"{""type"":""MultiPoint"",""coordinates"":[]}"
2,Mysuru,2010-06-26,15142.67562932422,MODIS/061/MOD11A2,GAUL_L2_polygon_mean (Mysore),336,2010_06_26,"{""type"":""MultiPoint"",""coordinates"":[]}"
2,Mysuru,2010-07-04,15029.778242735607,MODIS/061/MOD11A2,GAUL_L2_polygon_mean (Mysore),284,2010_07_04,"{""type"":""MultiPoint"",""coordinates"":[]}"
2,Mysuru,2010-07-12,14841.082276010153,MODIS/061/MOD11A2,GAUL_L2_polygon_mean (Mysore),160,2010_07_12,"{""type"":""MultiPoint"",""coordinates"":[]}"
2,Mysuru,2010-07-20,15033.80207906523,MODIS/061/MOD11A2,GAUL_L2_polygon_mean (Mysore),2219,2010_07_20,"{""type"":""MultiPoint"",""coordinates"":[]}"
2,Mysuru,2010-07-28,14779.060240963856,MODIS/061/MOD11A2,GAUL_L2_polygon_mean (Mysore),83,2010_07_28,"{""type"":""MultiPoint"",""coordinates"":[]}"
2,Mysuru,2010-08-05,15110.390070777732,MODIS/061/MOD11A2,GAUL_L2_polygon_mean (Mysore),5018,2010_08_05,"{""type"":""MultiPoint"",""coordinates"":[]}"
2,Mysuru,2010-08-13,15182.704938128156,MODIS/061/MOD11A2,GAUL_L2_polygon_mean (Mysore),680,2010_08_13,"{""type"":""MultiPoint"",""coordinates"":[]}"
2,Mysuru,2010-08-21,15061.317570913207,MODIS/061/MOD11A2,GAUL_L2_polygon_mean (Mysore),334,2010_08_21,"{""type"":""MultiPoint"",""coordinates"":[]}"
2,Mysuru,2010-08-29,15010.216447972061,MODIS/061/MOD11A2,GAUL_L2_polygon_mean (Mysore),1149,2010_08_29,"{""type"":""MultiPoint"",""coordinates"":[]}"
2,Mysuru,2010-09-06,14852.984050375955,MODIS/061/MOD11A2,GAUL_L2_polygon_mean (Mysore),189,2010_09_06,"{""type"":""MultiPoint"",""coordinates"":[]}"
2,Mysuru,2010-09-14,15235.602800872892,MODIS/061/MOD11A2,GAUL_L2_polygon_mean (Mysore),6206,2010_09_14,"{""type"":""MultiPoint"",""coordinates"":[]}"
2,Mysuru,2010-09-22,15096.95997088369,MODIS/061/MOD11A2,GAUL_L2_polygon_mean (Mysore),4756,2010_09_22,"{""type"":""MultiPoint"",""coordinates"":[]}"
2,Mysuru,2010-09-30,15054.275749891052,MODIS/061/MOD11A2,GAUL_L2_polygon_mean (Mysore),2967,2010_09_30,"{""type"":""MultiPoint"",""coordinates"":[]}"
2,Mysuru,2010-10-08,15096.066586549983,MODIS/061/MOD11A2,GAUL_L2_polygon_mean (Mysore),6228,2010_10_08,"{""type"":""MultiPoint"",""coordinates"":[]}"
2,Mysuru,2010-10-16,15003.214763370033,MODIS/061/MOD11A2,GAUL_L2_polygon_mean (Mysore),4776,2010_10_16,"{""type"":""MultiPoint"",""coordinates"":[]}"
2,Mysuru,2010-10-24,15018.301702744197,MODIS/061/MOD11A2,GAUL_L2_polygon_mean (Mysore),5242,2010_10_24,"{""type"":""MultiPoint"",""coordinates"":[]}"
2,Mysuru,2010-11-01,14886.838255765826,MODIS/061/MOD11A2,GAUL_L2_polygon_mean (Mysore),1350,2010_11_01,"{""type"":""MultiPoint"",""coordinates"":[]}"
2,Mysuru,2010-11-09,14964.500134557751,MODIS/061/MOD11A2,GAUL_L2_polygon_mean (Mysore),5391,2010_11_09,"{""type"":""MultiPoint"",""coordinates"":[]}"
2,Mysuru,2010-11-17,14875.281269275627,MODIS/061/MOD11A2,GAUL_L2_polygon_mean (Mysore),4913,2010_11_17,"{""type"":""MultiPoint"",""coordinates"":[]}"
2,Mysuru,2010-11-25,14887.908981610282,MODIS/061/MOD11A2,GAUL_L2_polygon_mean (Mysore),2311,2010_11_25,"{""type"":""MultiPoint"",""coordinates"":[]}"
2,Mysuru,2010-12-03,14990.230850883037,MODIS/061/MOD11A2,GAUL_L2_polygon_mean (Mysore),6281,2010_12_03,"{""type"":""MultiPoint"",""coordinates"":[]}"
2,Mysuru,2010-12-11,14991.060272452087,MODIS/061/MOD11A2,GAUL_L2_polygon_mean (Mysore),6270,2010_12_11,"{""type"":""MultiPoint"",""coordinates"":[]}"
2,Mysuru,2010-12-19,15069.367882915514,MODIS/061/MOD11A2,GAUL_L2_polygon_mean (Mysore),6325,2010_12_19,"{""type"":""MultiPoint"",""coordinates"":[]}"
2,Mysuru,2010-12-27,15088.472005017677,MODIS/061/MOD11A2,GAUL_L2_polygon_mean (Mysore),6325,2010_12_27,"{""type"":""MultiPoint"",""coordinates"":[]}"
2,Mysuru,2011-01-01,15111.409161012863,MODIS/061/MOD11A2,GAUL_L2_polygon_mean (Mysore),6325,2011_01_01,"{""type"":""MultiPoint"",""coordinates"":[]}"
2,Mysuru,2011-01-09,15179.68959101583,MODIS/061/MOD11A2,GAUL_L2_polygon_mean (Mysore),6325,2011_01_09,"{""type"":""MultiPoint"",""coordinates"":[]}"
2,Mysuru,2011-01-17,15262.179165405207,MODIS/061/MOD11A2,GAUL_L2_polygon_mean (Mysore),6325,2011_01_17,"{""type"":""MultiPoint"",""coordinates"":[]}"
2,Mysuru,2011-01-25,15298.351548735163,MODIS/061/MOD11A2,GAUL_L2_polygon_mean (Mysore),6325,2011_01_25,"{""type"":""MultiPoint"",""coordinates"":[]}"
2,Mysuru,2011-02-02,15362.502693722154,MODIS/061/MOD11A2,GAUL_L2_polygon_mean (Mysore),6325,2011_02_02,"{""type"":""MultiPoint"",""coordinates"":[]}"
2,Mysuru,2011-02-10,15381.784044380009,MODIS/061/MOD11A2,GAUL_L2_polygon_mean (Mysore),6325,2011_02_10,"{""type"":""MultiPoint"",""coordinates"":[]}"
2,Mysuru,2011-02-18,15318.642001717239,MODIS/061/MOD11A2,GAUL_L2_polygon_mean (Mysore),6325,2011_02_18,"{""type"":""MultiPoint"",""coordinates"":[]}"
2,Mysuru,2011-02-26,15466.629461826333,MODIS/061/MOD11A2,GAUL_L2_polygon_mean (Mysore),6325,2011_02_26,"{""type"":""MultiPoint"",""coordinates"":[]}"
2,Mysuru,2011-03-06,15614.432169941461,MODIS/061/MOD11A2,GAUL_L2_polygon_mean (Mysore),6325,2011_03_06,"{""type"":""MultiPoint"",""coordinates"":[]}"
2,Mysuru,2011-03-14,15612.80260016774,MODIS/061/MOD11A2,GAUL_L2_polygon_mean (Mysore),6325,2011_03_14,"{""type"":""MultiPoint"",""coordinates"":[]}"
2,Mysuru,2011-03-22,15525.32938663537,MODIS/061/MOD11A2,GAUL_L2_polygon_mean (Mysore),6325,2011_03_22,"{""type"":""MultiPoint"",""coordinates"":[]}"
2,Mysuru,2011-03-30,15543.211583129407,MODIS/061/MOD11A2,GAUL_L2_polygon_mean (Mysore),6325,2011_03_30,"{""type"":""MultiPoint"",""coordinates"":[]}"
2,Mysuru,2011-04-07,15615.65831046171,MODIS/061/MOD11A2,GAUL_L2_polygon_mean (Mysore),6325,2011_04_07,"{""type"":""MultiPoint"",""coordinates"":[]}"
2,Mysuru,2011-04-15,15531.139049524836,MODIS/061/MOD11A2,GAUL_L2_polygon_mean (Mysore),6322,2011_04_15,"{""type"":""MultiPoint"",""coordinates"":[]}"
2,Mysuru,2011-04-23,15187.699245292179,MODIS/061/MOD11A2,GAUL_L2_polygon_mean (Mysore),6134,2011_04_23,"{""type"":""MultiPoint"",""coordinates"":[]}"
2,Mysuru,2011-05-01,15318.481628467336,MODIS/061/MOD11A2,GAUL_L2_polygon_mean (Mysore),6325,2011_05_01,"{""type"":""MultiPoint"",""coordinates"":[]}"
2,Mysuru,2011-05-09,15431.017065617116,MODIS/061/MOD11A2,GAUL_L2_polygon_mean (Mysore),6325,2011_05_09,"{""type"":""MultiPoint"",""coordinates"":[]}"
2,Mysuru,2011-05-17,15222.95391941891,MODIS/061/MOD11A2,GAUL_L2_polygon_mean (Mysore),6269,2011_05_17,"{""type"":""MultiPoint"",""coordinates"":[]}"
2,Mysuru,2011-05-25,15293.871997287488,MODIS/061/MOD11A2,GAUL_L2_polygon_mean (Mysore),2951,2011_05_25,"{""type"":""MultiPoint"",""coordinates"":[]}"
2,Mysuru,2011-06-02,15100.475222588764,MODIS/061/MOD11A2,GAUL_L2_polygon_mean (Mysore),884,2011_06_02,"{""type"":""MultiPoint"",""coordinates"":[]}"
2,Mysuru,2011-06-10,15189.396791229025,MODIS/061/MOD11A2,GAUL_L2_polygon_mean (Mysore),3158,2011_06_10,"{""type"":""MultiPoint"",""coordinates"":[]}"
2,Mysuru,2011-06-18,14973.602823037709,MODIS/061/MOD11A2,GAUL_L2_polygon_mean (Mysore),3490,2011_06_18,"{""type"":""MultiPoint"",""coordinates"":[]}"
2,Mysuru,2011-06-26,15179.233482935133,MODIS/061/MOD11A2,GAUL_L2_polygon_mean (Mysore),2447,2011_06_26,"{""type"":""MultiPoint"",""coordinates"":[]}"
2,Mysuru,2011-07-04,15113.826971662102,MODIS/061/MOD11A2,GAUL_L2_polygon_mean (Mysore),2379,2011_07_04,"{""type"":""MultiPoint"",""coordinates"":[]}"
2,Mysuru,2011-07-12,15118.558823529413,MODIS/061/MOD11A2,GAUL_L2_polygon_mean (Mysore),136,2011_07_12,"{""type"":""MultiPoint"",""coordinates"":[]}"
2,Mysuru,2011-07-20,14938.324279638016,MODIS/061/MOD11A2,GAUL_L2_polygon_mean (Mysore),928,2011_07_20,"{""type"":""MultiPoint"",""coordinates"":[]}"
2,Mysuru,2011-07-28,15070.087948229031,MODIS/061/MOD11A2,GAUL_L2_polygon_mean (Mysore),1696,2011_07_28,"{""type"":""MultiPoint"",""coordinates"":[]}"
2,Mysuru,2011-08-05,14805.384348112822,MODIS/061/MOD11A2,GAUL_L2_polygon_mean (Mysore),643,2011_08_05,"{""type"":""MultiPoint"",""coordinates"":[]}"
2,Mysuru,2011-08-13,15168.15273956844,MODIS/061/MOD11A2,GAUL_L2_polygon_mean (Mysore),1566,2011_08_13,"{""type"":""MultiPoint"",""coordinates"":[]}"
2,Mysuru,2011-08-29,15004.437245728224,MODIS/061/MOD11A2,GAUL_L2_polygon_mean (Mysore),773,2011_08_29,"{""type"":""MultiPoint"",""coordinates"":[]}"
2,Mysuru,2011-09-06,14952.842881575443,MODIS/061/MOD11A2,GAUL_L2_polygon_mean (Mysore),398,2011_09_06,"{""type"":""MultiPoint"",""coordinates"":[]}"
2,Mysuru,2011-09-14,15026.774401527024,MODIS/061/MOD11A2,GAUL_L2_polygon_mean (Mysore),2414,2011_09_14,"{""type"":""MultiPoint"",""coordinates"":[]}"
2,Mysuru,2011-09-22,15250.079431303257,MODIS/061/MOD11A2,GAUL_L2_polygon_mean (Mysore),6325,2011_09_22,"{""type"":""MultiPoint"",""coordinates"":[]}"
2,Mysuru,2011-09-30,15278.925230908178,MODIS/061/MOD11A2,GAUL_L2_polygon_mean (Mysore),6325,2011_09_30,"{""type"":""MultiPoint"",""coordinates"":[]}"
2,Mysuru,2011-10-08,15126.759470767543,MODIS/061/MOD11A2,GAUL_L2_polygon_mean (Mysore),4524,2011_10_08,"{""type"":""MultiPoint"",""coordinates"":[]}"
2,Mysuru,2011-10-16,15130.436694515818,MODIS/061/MOD11A2,GAUL_L2_polygon_mean (Mysore),6148,2011_10_16,"{""type"":""MultiPoint"",""coordinates"":[]}"
2,Mysuru,2011-10-24,14840.837331458093,MODIS/061/MOD11A2,GAUL_L2_polygon_mean (Mysore),1187,2011_10_24,"{""type"":""MultiPoint"",""coordinates"":[]}"
2,Mysuru,2011-11-01,14983.869418994778,MODIS/061/MOD11A2,GAUL_L2_polygon_mean (Mysore),6325,2011_11_01,"{""type"":""MultiPoint"",""coordinates"":[]}"
2,Mysuru,2011-11-09,15053.01901797634,MODIS/061/MOD11A2,GAUL_L2_polygon_mean (Mysore),6325,2011_11_09,"{""type"":""MultiPoint"",""coordinates"":[]}"
2,Mysuru,2011-11-17,15012.207310521278,MODIS/061/MOD11A2,GAUL_L2_polygon_mean (Mysore),6325,2011_11_17,"{""type"":""MultiPoint"",""coordinates"":[]}"
2,Mysuru,2011-11-25,14823.61804497805,MODIS/061/MOD11A2,GAUL_L2_polygon_mean (Mysore),529,2011_11_25,"{""type"":""MultiPoint"",""coordinates"":[]}"
2,Mysuru,2011-12-03,15057.459662409996,MODIS/061/MOD11A2,GAUL_L2_polygon_mean (Mysore),6325,2011_12_03,"{""type"":""MultiPoint"",""coordinates"":[]}"
2,Mysuru,2011-12-11,15035.378453076373,MODIS/061/MOD11A2,GAUL_L2_polygon_mean (Mysore),6325,2011_12_11,"{""type"":""MultiPoint"",""coordinates"":[]}"
2,Mysuru,2011-12-19,15123.470455910317,MODIS/061/MOD11A2,GAUL_L2_polygon_mean (Mysore),6325,2011_12_19,"{""type"":""MultiPoint"",""coordinates"":[]}"
2,Mysuru,2011-12-27,15204.127295433444,MODIS/061/MOD11A2,GAUL_L2_polygon_mean (Mysore),6325,2011_12_27,"{""type"":""MultiPoint"",""coordinates"":[]}"
2,Mysuru,2012-01-01,15203.295869584626,MODIS/061/MOD11A2,GAUL_L2_polygon_mean (Mysore),6325,2012_01_01,"{""type"":""MultiPoint"",""coordinates"":[]}"
2,Mysuru,2012-01-09,15206.163478909299,MODIS/061/MOD11A2,GAUL_L2_polygon_mean (Mysore),6325,2012_01_09,"{""type"":""MultiPoint"",""coordinates"":[]}"
2,Mysuru,2012-01-17,15224.478932263604,MODIS/061/MOD11A2,GAUL_L2_polygon_mean (Mysore),6325,2012_01_17,"{""type"":""MultiPoint"",""coordinates"":[]}"
2,Mysuru,2012-01-25,15282.68316690408,MODIS/061/MOD11A2,GAUL_L2_polygon_mean (Mysore),6325,2012_01_25,"{""type"":""MultiPoint"",""coordinates"":[]}"
2,Mysuru,2012-02-02,15335.033600803008,MODIS/061/MOD11A2,GAUL_L2_polygon_mean (Mysore),6325,2012_02_02,"{""type"":""MultiPoint"",""coordinates"":[]}"
2,Mysuru,2012-02-10,15461.631997970093,MODIS/061/MOD11A2,GAUL_L2_polygon_mean (Mysore),6325,2012_02_10,"{""type"":""MultiPoint"",""coordinates"":[]}"
2,Mysuru,2012-02-18,15455.936296758586,MODIS/061/MOD11A2,GAUL_L2_polygon_mean (Mysore),6325,2012_02_18,"{""type"":""MultiPoint"",""coordinates"":[]}"
2,Mysuru,2012-02-26,15585.397844525925,MODIS/061/MOD11A2,GAUL_L2_polygon_mean (Mysore),6325,2012_02_26,"{""type"":""MultiPoint"",""coordinates"":[]}"
2,Mysuru,2012-03-05,15500.81598750787,MODIS/061/MOD11A2,GAUL_L2_polygon_mean (Mysore),6325,2012_03_05,"{""type"":""MultiPoint"",""coordinates"":[]}"
2,Mysuru,2012-03-13,15639.043621300625,MODIS/061/MOD11A2,GAUL_L2_polygon_mean (Mysore),6325,2012_03_13,"{""type"":""MultiPoint"",""coordinates"":[]}"
2,Mysuru,2012-03-21,15669.801025004104,MODIS/061/MOD11A2,GAUL_L2_polygon_mean (Mysore),6325,2012_03_21,"{""type"":""MultiPoint"",""coordinates"":[]}"
2,Mysuru,2012-03-29,15661.62166913995,MODIS/061/MOD11A2,GAUL_L2_polygon_mean (Mysore),6325,2012_03_29,"{""type"":""MultiPoint"",""coordinates"":[]}"
2,Mysuru,2012-04-06,15644.328604947212,MODIS/061/MOD11A2,GAUL_L2_polygon_mean (Mysore),6325,2012_04_06,"{""type"":""MultiPoint"",""coordinates"":[]}"
2,Mysuru,2012-04-14,15615.585171748047,MODIS/061/MOD11A2,GAUL_L2_polygon_mean (Mysore),6325,2012_04_14,"{""type"":""MultiPoint"",""coordinates"":[]}"
2,Mysuru,2012-04-22,15454.098958817409,MODIS/061/MOD11A2,GAUL_L2_polygon_mean (Mysore),5955,2012_04_22,"{""type"":""MultiPoint"",""coordinates"":[]}"
2,Mysuru,2012-04-30,15389.63403284083,MODIS/061/MOD11A2,GAUL_L2_polygon_mean (Mysore),6325,2012_04_30,"{""type"":""MultiPoint"",""coordinates"":[]}"
2,Mysuru,2012-05-08,15386.066893893874,MODIS/061/MOD11A2,GAUL_L2_polygon_mean (Mysore),6325,2012_05_08,"{""type"":""MultiPoint"",""coordinates"":[]}"
2,Mysuru,2012-05-16,15314.212944879826,MODIS/061/MOD11A2,GAUL_L2_polygon_mean (Mysore),6325,2012_05_16,"{""type"":""MultiPoint"",""coordinates"":[]}"
2,Mysuru,2012-05-24,15417.564790635517,MODIS/061/MOD11A2,GAUL_L2_polygon_mean (Mysore),6290,2012_05_24,"{""type"":""MultiPoint"",""coordinates"":[]}"
2,Mysuru,2012-06-01,15268.950559059987,MODIS/061/MOD11A2,GAUL_L2_polygon_mean (Mysore),4822,2012_06_01,"{""type"":""MultiPoint"",""coordinates"":[]}"
2,Mysuru,2012-06-09,15340.593391908991,MODIS/061/MOD11A2,GAUL_L2_polygon_mean (Mysore),3320,2012_06_09,"{""type"":""MultiPoint"",""coordinates"":[]}"
2,Mysuru,2012-06-17,15101.901724548117,MODIS/061/MOD11A2,GAUL_L2_polygon_mean (Mysore),1285,2012_06_17,"{""type"":""MultiPoint"",""coordinates"":[]}"
2,Mysuru,2012-06-25,15369.63105302871,MODIS/061/MOD11A2,GAUL_L2_polygon_mean (Mysore),2438,2012_06_25,"{""type"":""MultiPoint"",""coordinates"":[]}"
2,Mysuru,2012-07-03,15160.559404217258,MODIS/061/MOD11A2,GAUL_L2_polygon_mean (Mysore),2225,2012_07_03,"{""type"":""MultiPoint"",""coordinates"":[]}"
2,Mysuru,2012-07-11,15221.429642778146,MODIS/061/MOD11A2,GAUL_L2_polygon_mean (Mysore),3287,2012_07_11,"{""type"":""MultiPoint"",""coordinates"":[]}"
2,Mysuru,2012-07-19,15257.703842739098,MODIS/061/MOD11A2,GAUL_L2_polygon_mean (Mysore),1066,2012_07_19,"{""type"":""MultiPoint"",""coordinates"":[]}"
2,Mysuru,2012-07-27,15077.707238089739,MODIS/061/MOD11A2,GAUL_L2_polygon_mean (Mysore),2305,2012_07_27,"{""type"":""MultiPoint"",""coordinates"":[]}"
2,Mysuru,2012-08-04,15002.546360098542,MODIS/061/MOD11A2,GAUL_L2_polygon_mean (Mysore),109,2012_08_04,"{""type"":""MultiPoint"",""coordinates"":[]}"
2,Mysuru,2012-08-12,15081.506152443892,MODIS/061/MOD11A2,GAUL_L2_polygon_mean (Mysore),344,2012_08_12,"{""type"":""MultiPoint"",""coordinates"":[]}"
2,Mysuru,2012-08-20,15268.542013510872,MODIS/061/MOD11A2,GAUL_L2_polygon_mean (Mysore),2968,2012_08_20,"{""type"":""MultiPoint"",""coordinates"":[]}"
2,Mysuru,2012-08-28,15130.710315618866,MODIS/061/MOD11A2,GAUL_L2_polygon_mean (Mysore),1129,2012_08_28,"{""type"":""MultiPoint"",""coordinates"":[]}"
2,Mysuru,2012-09-05,14827.412424222,MODIS/061/MOD11A2,GAUL_L2_polygon_mean (Mysore),757,2012_09_05,"{""type"":""MultiPoint"",""coordinates"":[]}"
2,Mysuru,2012-09-13,15212.835040569302,MODIS/061/MOD11A2,GAUL_L2_polygon_mean (Mysore),6299,2012_09_13,"{""type"":""MultiPoint"",""coordinates"":[]}"
2,Mysuru,2012-09-21,15323.457259937168,MODIS/061/MOD11A2,GAUL_L2_polygon_mean (Mysore),6320,2012_09_21,"{""type"":""MultiPoint"",""coordinates"":[]}"
2,Mysuru,2012-09-29,15336.997814346956,MODIS/061/MOD11A2,GAUL_L2_polygon_mean (Mysore),6311,2012_09_29,"{""type"":""MultiPoint"",""coordinates"":[]}"
2,Mysuru,2012-10-07,15284.944996343687,MODIS/061/MOD11A2,GAUL_L2_polygon_mean (Mysore),6127,2012_10_07,"{""type"":""MultiPoint"",""coordinates"":[]}"
2,Mysuru,2012-10-15,15151.383231151913,MODIS/061/MOD11A2,GAUL_L2_polygon_mean (Mysore),6296,2012_10_15,"{""type"":""MultiPoint"",""coordinates"":[]}"
2,Mysuru,2012-10-23,15078.915431473479,MODIS/061/MOD11A2,GAUL_L2_polygon_mean (Mysore),5656,2012_10_23,"{""type"":""MultiPoint"",""coordinates"":[]}"
2,Mysuru,2012-10-31,15053.256185792112,MODIS/061/MOD11A2,GAUL_L2_polygon_mean (Mysore),6047,2012_10_31,"{""type"":""MultiPoint"",""coordinates"":[]}"
2,Mysuru,2012-11-08,15180.765203214116,MODIS/061/MOD11A2,GAUL_L2_polygon_mean (Mysore),6325,2012_11_08,"{""type"":""MultiPoint"",""coordinates"":[]}"
2,Mysuru,2012-11-16,15184.620096457826,MODIS/061/MOD11A2,GAUL_L2_polygon_mean (Mysore),6325,2012_11_16,"{""type"":""MultiPoint"",""coordinates"":[]}"
2,Mysuru,2012-11-24,15216.868560378574,MODIS/061/MOD11A2,GAUL_L2_polygon_mean (Mysore),6325,2012_11_24,"{""type"":""MultiPoint"",""coordinates"":[]}"
2,Mysuru,2012-12-02,15189.086502479075,MODIS/061/MOD11A2,GAUL_L2_polygon_mean (Mysore),6325,2012_12_02,"{""type"":""MultiPoint"",""coordinates"":[]}"
2,Mysuru,2012-12-10,15237.88815345405,MODIS/061/MOD11A2,GAUL_L2_polygon_mean (Mysore),6325,2012_12_10,"{""type"":""MultiPoint"",""coordinates"":[]}"
2,Mysuru,2012-12-18,15128.901334205197,MODIS/061/MOD11A2,GAUL_L2_polygon_mean (Mysore),6325,2012_12_18,"{""type"":""MultiPoint"",""coordinates"":[]}"
2,Mysuru,2012-12-26,15190.583370930128,MODIS/061/MOD11A2,GAUL_L2_polygon_mean (Mysore),6323,2012_12_26,"{""type"":""MultiPoint"",""coordinates"":[]}"
2,Mysuru,2013-01-01,15324.67602624489,MODIS/061/MOD11A2,GAUL_L2_polygon_mean (Mysore),6325,2013_01_01,"{""type"":""MultiPoint"",""coordinates"":[]}"
2,Mysuru,2013-01-09,15354.315740593693,MODIS/061/MOD11A2,GAUL_L2_polygon_mean (Mysore),6325,2013_01_09,"{""type"":""MultiPoint"",""coordinates"":[]}"
2,Mysuru,2013-01-17,15364.539957292514,MODIS/061/MOD11A2,GAUL_L2_polygon_mean (Mysore),6325,2013_01_17,"{""type"":""MultiPoint"",""coordinates"":[]}"
2,Mysuru,2013-01-25,15426.541309737104,MODIS/061/MOD11A2,GAUL_L2_polygon_mean (Mysore),6325,2013_01_25,"{""type"":""MultiPoint"",""coordinates"":[]}"
2,Mysuru,2013-02-02,15436.129484780651,MODIS/061/MOD11A2,GAUL_L2_polygon_mean (Mysore),6325,2013_02_02,"{""type"":""MultiPoint"",""coordinates"":[]}"
2,Mysuru,2013-02-10,15441.880970608512,MODIS/061/MOD11A2,GAUL_L2_polygon_mean (Mysore),6325,2013_02_10,"{""type"":""MultiPoint"",""coordinates"":[]}"
2,Mysuru,2013-02-18,15536.173635892137,MODIS/061/MOD11A2,GAUL_L2_polygon_mean (Mysore),6325,2013_02_18,"{""type"":""MultiPoint"",""coordinates"":[]}"
2,Mysuru,2013-02-26,15629.384874706555,MODIS/061/MOD11A2,GAUL_L2_polygon_mean (Mysore),6325,2013_02_26,"{""type"":""MultiPoint"",""coordinates"":[]}"
2,Mysuru,2013-03-06,15618.172478869603,MODIS/061/MOD11A2,GAUL_L2_polygon_mean (Mysore),6325,2013_03_06,"{""type"":""MultiPoint"",""coordinates"":[]}"
2,Mysuru,2013-03-14,15610.4945908421,MODIS/061/MOD11A2,GAUL_L2_polygon_mean (Mysore),6325,2013_03_14,"{""type"":""MultiPoint"",""coordinates"":[]}"
2,Mysuru,2013-03-22,15726.29477522122,MODIS/061/MOD11A2,GAUL_L2_polygon_mean (Mysore),6325,2013_03_22,"{""type"":""MultiPoint"",""coordinates"":[]}"
2,Mysuru,2013-03-30,15719.156212311456,MODIS/061/MOD11A2,GAUL_L2_polygon_mean (Mysore),6325,2013_03_30,"{""type"":""MultiPoint"",""coordinates"":[]}"
2,Mysuru,2013-04-07,15676.450340468624,MODIS/061/MOD11A2,GAUL_L2_polygon_mean (Mysore),6325,2013_04_07,"{""type"":""MultiPoint"",""coordinates"":[]}"
2,Mysuru,2013-04-15,15764.101553077868,MODIS/061/MOD11A2,GAUL_L2_polygon_mean (Mysore),6325,2013_04_15,"{""type"":""MultiPoint"",""coordinates"":[]}"
2,Mysuru,2013-04-23,15638.131184642207,MODIS/061/MOD11A2,GAUL_L2_polygon_mean (Mysore),6325,2013_04_23,"{""type"":""MultiPoint"",""coordinates"":[]}"
2,Mysuru,2013-05-01,15444.87368304588,MODIS/061/MOD11A2,GAUL_L2_polygon_mean (Mysore),5710,2013_05_01,"{""type"":""MultiPoint"",""coordinates"":[]}"
2,Mysuru,2013-05-09,15382.84104092979,MODIS/061/MOD11A2,GAUL_L2_polygon_mean (Mysore),6236,2013_05_09,"{""type"":""MultiPoint"",""coordinates"":[]}"
2,Mysuru,2013-05-17,15421.5739601066,MODIS/061/MOD11A2,GAUL_L2_polygon_mean (Mysore),6325,2013_05_17,"{""type"":""MultiPoint"",""coordinates"":[]}"
2,Mysuru,2013-05-25,15331.191294765204,MODIS/061/MOD11A2,GAUL_L2_polygon_mean (Mysore),1367,2013_05_25,"{""type"":""MultiPoint"",""coordinates"":[]}"
2,Mysuru,2013-06-02,15134.96928164874,MODIS/061/MOD11A2,GAUL_L2_polygon_mean (Mysore),998,2013_06_02,"{""type"":""MultiPoint"",""coordinates"":[]}"
2,Mysuru,2013-06-10,15121.033674988745,MODIS/061/MOD11A2,GAUL_L2_polygon_mean (Mysore),226,2013_06_10,"{""type"":""MultiPoint"",""coordinates"":[]}"
2,Mysuru,2013-06-18,15145.408516462914,MODIS/061/MOD11A2,GAUL_L2_polygon_mean (Mysore),208,2013_06_18,"{""type"":""MultiPoint"",""coordinates"":[]}"
2,Mysuru,2013-06-26,14789.186046511628,MODIS/061/MOD11A2,GAUL_L2_polygon_mean (Mysore),43,2013_06_26,"{""type"":""MultiPoint"",""coordinates"":[]}"
2,Mysuru,2013-07-04,14857.614568523679,MODIS/061/MOD11A2,GAUL_L2_polygon_mean (Mysore),654,2013_07_04,"{""type"":""MultiPoint"",""coordinates"":[]}"
2,Mysuru,2013-07-20,14750.58,MODIS/061/MOD11A2,GAUL_L2_polygon_mean (Mysore),50,2013_07_20,"{""type"":""MultiPoint"",""coordinates"":[]}"
2,Mysuru,2013-07-28,14869.937404063792,MODIS/061/MOD11A2,GAUL_L2_polygon_mean (Mysore),603,2013_07_28,"{""type"":""MultiPoint"",""coordinates"":[]}"
2,Mysuru,2013-08-05,15072.468810792274,MODIS/061/MOD11A2,GAUL_L2_polygon_mean (Mysore),1638,2013_08_05,"{""type"":""MultiPoint"",""coordinates"":[]}"
2,Mysuru,2013-08-13,14840.396800441315,MODIS/061/MOD11A2,GAUL_L2_polygon_mean (Mysore),142,2013_08_13,"{""type"":""MultiPoint"",""coordinates"":[]}"
2,Mysuru,2013-08-21,15039.76713249596,MODIS/061/MOD11A2,GAUL_L2_polygon_mean (Mysore),2027,2013_08_21,"{""type"":""MultiPoint"",""coordinates"":[]}"
2,Mysuru,2013-08-29,15268.006348696239,MODIS/061/MOD11A2,GAUL_L2_polygon_mean (Mysore),5835,2013_08_29,"{""type"":""MultiPoint"",""coordinates"":[]}"
2,Mysuru,2013-09-06,14983.941956410408,MODIS/061/MOD11A2,GAUL_L2_polygon_mean (Mysore),139,2013_09_06,"{""type"":""MultiPoint"",""coordinates"":[]}"
2,Mysuru,2013-09-14,15074.222161722933,MODIS/061/MOD11A2,GAUL_L2_polygon_mean (Mysore),2358,2013_09_14,"{""type"":""MultiPoint"",""coordinates"":[]}"
2,Mysuru,2013-09-22,15139.208220737992,MODIS/061/MOD11A2,GAUL_L2_polygon_mean (Mysore),6217,2013_09_22,"{""type"":""MultiPoint"",""coordinates"":[]}"
2,Mysuru,2013-09-30,15089.151137885801,MODIS/061/MOD11A2,GAUL_L2_polygon_mean (Mysore),3953,2013_09_30,"{""type"":""MultiPoint"",""coordinates"":[]}"
2,Mysuru,2013-10-08,15158.860173497784,MODIS/061/MOD11A2,GAUL_L2_polygon_mean (Mysore),5784,2013_10_08,"{""type"":""MultiPoint"",""coordinates"":[]}"
2,Mysuru,2013-10-16,14994.966315235173,MODIS/061/MOD11A2,GAUL_L2_polygon_mean (Mysore),2414,2013_10_16,"{""type"":""MultiPoint"",""coordinates"":[]}"
2,Mysuru,2013-10-24,14981.485538988716,MODIS/061/MOD11A2,GAUL_L2_polygon_mean (Mysore),4532,2013_10_24,"{""type"":""MultiPoint"",""coordinates"":[]}"
2,Mysuru,2013-11-01,15082.924161108394,MODIS/061/MOD11A2,GAUL_L2_polygon_mean (Mysore),6324,2013_11_01,"{""type"":""MultiPoint"",""coordinates"":[]}"
2,Mysuru,2013-11-09,15056.494335683336,MODIS/061/MOD11A2,GAUL_L2_polygon_mean (Mysore),6101,2013_11_09,"{""type"":""MultiPoint"",""coordinates"":[]}"
2,Mysuru,2013-11-17,15079.28797763626,MODIS/061/MOD11A2,GAUL_L2_polygon_mean (Mysore),6325,2013_11_17,"{""type"":""MultiPoint"",""coordinates"":[]}"
2,Mysuru,2013-11-25,14989.319648049743,MODIS/061/MOD11A2,GAUL_L2_polygon_mean (Mysore),4963,2013_11_25,"{""type"":""MultiPoint"",""coordinates"":[]}"
2,Mysuru,2013-12-03,15069.001388427045,MODIS/061/MOD11A2,GAUL_L2_polygon_mean (Mysore),6325,2013_12_03,"{""type"":""MultiPoint"",""coordinates"":[]}"
2,Mysuru,2013-12-11,15122.465856357976,MODIS/061/MOD11A2,GAUL_L2_polygon_mean (Mysore),6325,2013_12_11,"{""type"":""MultiPoint"",""coordinates"":[]}"
2,Mysuru,2013-12-19,15143.911083593475,MODIS/061/MOD11A2,GAUL_L2_polygon_mean (Mysore),6325,2013_12_19,"{""type"":""MultiPoint"",""coordinates"":[]}"
2,Mysuru,2013-12-27,15152.38614774152,MODIS/061/MOD11A2,GAUL_L2_polygon_mean (Mysore),6325,2013_12_27,"{""type"":""MultiPoint"",""coordinates"":[]}"
2,Mysuru,2014-01-01,15193.804273973019,MODIS/061/MOD11A2,GAUL_L2_polygon_mean (Mysore),6325,2014_01_01,"{""type"":""MultiPoint"",""coordinates"":[]}"
2,Mysuru,2014-01-09,15272.946464288025,MODIS/061/MOD11A2,GAUL_L2_polygon_mean (Mysore),6325,2014_01_09,"{""type"":""MultiPoint"",""coordinates"":[]}"
2,Mysuru,2014-01-17,15210.839157116825,MODIS/061/MOD11A2,GAUL_L2_polygon_mean (Mysore),6325,2014_01_17,"{""type"":""MultiPoint"",""coordinates"":[]}"
2,Mysuru,2014-01-25,15253.688277655601,MODIS/061/MOD11A2,GAUL_L2_polygon_mean (Mysore),6325,2014_01_25,"{""type"":""MultiPoint"",""coordinates"":[]}"
2,Mysuru,2014-02-02,15454.564077955403,MODIS/061/MOD11A2,GAUL_L2_polygon_mean (Mysore),6325,2014_02_02,"{""type"":""MultiPoint"",""coordinates"":[]}"
2,Mysuru,2014-02-10,15374.112707023272,MODIS/061/MOD11A2,GAUL_L2_polygon_mean (Mysore),6325,2014_02_10,"{""type"":""MultiPoint"",""coordinates"":[]}"
2,Mysuru,2014-02-18,15427.548329420764,MODIS/061/MOD11A2,GAUL_L2_polygon_mean (Mysore),6325,2014_02_18,"{""type"":""MultiPoint"",""coordinates"":[]}"
2,Mysuru,2014-02-26,15461.686844560694,MODIS/061/MOD11A2,GAUL_L2_polygon_mean (Mysore),6325,2014_02_26,"{""type"":""MultiPoint"",""coordinates"":[]}"
2,Mysuru,2014-03-06,15456.01772831944,MODIS/061/MOD11A2,GAUL_L2_polygon_mean (Mysore),6315,2014_03_06,"{""type"":""MultiPoint"",""coordinates"":[]}"
2,Mysuru,2014-03-14,15669.706841508381,MODIS/061/MOD11A2,GAUL_L2_polygon_mean (Mysore),6325,2014_03_14,"{""type"":""MultiPoint"",""coordinates"":[]}"
2,Mysuru,2014-03-22,15708.061025649286,MODIS/061/MOD11A2,GAUL_L2_polygon_mean (Mysore),6325,2014_03_22,"{""type"":""MultiPoint"",""coordinates"":[]}"
2,Mysuru,2014-03-30,15741.823336617255,MODIS/061/MOD11A2,GAUL_L2_polygon_mean (Mysore),6325,2014_03_30,"{""type"":""MultiPoint"",""coordinates"":[]}"
2,Mysuru,2014-04-07,15486.235807372932,MODIS/061/MOD11A2,GAUL_L2_polygon_mean (Mysore),6293,2014_04_07,"{""type"":""MultiPoint"",""coordinates"":[]}"
2,Mysuru,2014-04-15,15532.024906509061,MODIS/061/MOD11A2,GAUL_L2_polygon_mean (Mysore),6323,2014_04_15,"{""type"":""MultiPoint"",""coordinates"":[]}"
2,Mysuru,2014-04-23,15541.302582101895,MODIS/061/MOD11A2,GAUL_L2_polygon_mean (Mysore),6207,2014_04_23,"{""type"":""MultiPoint"",""coordinates"":[]}"
2,Mysuru,2014-05-01,15363.445344514144,MODIS/061/MOD11A2,GAUL_L2_polygon_mean (Mysore),6278,2014_05_01,"{""type"":""MultiPoint"",""coordinates"":[]}"
2,Mysuru,2014-05-09,15384.701230104176,MODIS/061/MOD11A2,GAUL_L2_polygon_mean (Mysore),6325,2014_05_09,"{""type"":""MultiPoint"",""coordinates"":[]}"
2,Mysuru,2014-05-17,15409.673863574302,MODIS/061/MOD11A2,GAUL_L2_polygon_mean (Mysore),6325,2014_05_17,"{""type"":""MultiPoint"",""coordinates"":[]}"
2,Mysuru,2014-05-25,15314.018147110606,MODIS/061/MOD11A2,GAUL_L2_polygon_mean (Mysore),6323,2014_05_25,"{""type"":""MultiPoint"",""coordinates"":[]}"
2,Mysuru,2014-06-02,15179.00342957551,MODIS/061/MOD11A2,GAUL_L2_polygon_mean (Mysore),5283,2014_06_02,"{""type"":""MultiPoint"",""coordinates"":[]}"
2,Mysuru,2014-06-10,15196.038541671855,MODIS/061/MOD11A2,GAUL_L2_polygon_mean (Mysore),5491,2014_06_10,"{""type"":""MultiPoint"",""coordinates"":[]}"
2,Mysuru,2014-06-18,15082.814481674994,MODIS/061/MOD11A2,GAUL_L2_polygon_mean (Mysore),2259,2014_06_18,"{""type"":""MultiPoint"",""coordinates"":[]}"
2,Mysuru,2014-06-26,15307.290207566874,MODIS/061/MOD11A2,GAUL_L2_polygon_mean (Mysore),5872,2014_06_26,"{""type"":""MultiPoint"",""coordinates"":[]}"
2,Mysuru,2014-07-04,15147.901696309784,MODIS/061/MOD11A2,GAUL_L2_polygon_mean (Mysore),450,2014_07_04,"{""type"":""MultiPoint"",""coordinates"":[]}"
2,Mysuru,2014-07-12,14945.65762053936,MODIS/061/MOD11A2,GAUL_L2_polygon_mean (Mysore),573,2014_07_12,"{""type"":""MultiPoint"",""coordinates"":[]}"
2,Mysuru,2014-07-20,14880.593542536726,MODIS/061/MOD11A2,GAUL_L2_polygon_mean (Mysore),470,2014_07_20,"{""type"":""MultiPoint"",""coordinates"":[]}"
2,Mysuru,2014-07-28,14966.079392078582,MODIS/061/MOD11A2,GAUL_L2_polygon_mean (Mysore),3836,2014_07_28,"{""type"":""MultiPoint"",""coordinates"":[]}"
2,Mysuru,2014-08-05,14510.763157894737,MODIS/061/MOD11A2,GAUL_L2_polygon_mean (Mysore),38,2014_08_05,"{""type"":""MultiPoint"",""coordinates"":[]}"
2,Mysuru,2014-08-13,15079.165479536287,MODIS/061/MOD11A2,GAUL_L2_polygon_mean (Mysore),3983,2014_08_13,"{""type"":""MultiPoint"",""coordinates"":[]}"
2,Mysuru,2014-08-21,15066.528768951426,MODIS/061/MOD11A2,GAUL_L2_polygon_mean (Mysore),2335,2014_08_21,"{""type"":""MultiPoint"",""coordinates"":[]}"
2,Mysuru,2014-08-29,14821.398736568162,MODIS/061/MOD11A2,GAUL_L2_polygon_mean (Mysore),187,2014_08_29,"{""type"":""MultiPoint"",""coordinates"":[]}"
2,Mysuru,2014-09-06,15052.181018516247,MODIS/061/MOD11A2,GAUL_L2_polygon_mean (Mysore),4819,2014_09_06,"{""type"":""MultiPoint"",""coordinates"":[]}"
2,Mysuru,2014-09-14,15046.57978259386,MODIS/061/MOD11A2,GAUL_L2_polygon_mean (Mysore),2181,2014_09_14,"{""type"":""MultiPoint"",""coordinates"":[]}"
2,Mysuru,2014-09-22,15065.100021743261,MODIS/061/MOD11A2,GAUL_L2_polygon_mean (Mysore),5808,2014_09_22,"{""type"":""MultiPoint"",""coordinates"":[]}"
2,Mysuru,2014-09-30,15093.450372463638,MODIS/061/MOD11A2,GAUL_L2_polygon_mean (Mysore),6257,2014_09_30,"{""type"":""MultiPoint"",""coordinates"":[]}"
2,Mysuru,2014-10-08,15002.400909186306,MODIS/061/MOD11A2,GAUL_L2_polygon_mean (Mysore),5123,2014_10_08,"{""type"":""MultiPoint"",""coordinates"":[]}"
2,Mysuru,2014-10-16,15071.6112566307,MODIS/061/MOD11A2,GAUL_L2_polygon_mean (Mysore),6316,2014_10_16,"{""type"":""MultiPoint"",""coordinates"":[]}"
2,Mysuru,2014-10-24,14945.471345543592,MODIS/061/MOD11A2,GAUL_L2_polygon_mean (Mysore),4893,2014_10_24,"{""type"":""MultiPoint"",""coordinates"":[]}"
2,Mysuru,2014-11-01,14982.796730284212,MODIS/061/MOD11A2,GAUL_L2_polygon_mean (Mysore),6253,2014_11_01,"{""type"":""MultiPoint"",""coordinates"":[]}"
2,Mysuru,2014-11-09,15081.385130306175,MODIS/061/MOD11A2,GAUL_L2_polygon_mean (Mysore),6325,2014_11_09,"{""type"":""MultiPoint"",""coordinates"":[]}"
2,Mysuru,2014-11-17,15066.50149885599,MODIS/061/MOD11A2,GAUL_L2_polygon_mean (Mysore),6325,2014_11_17,"{""type"":""MultiPoint"",""coordinates"":[]}"
2,Mysuru,2014-11-25,15019.983217333762,MODIS/061/MOD11A2,GAUL_L2_polygon_mean (Mysore),6290,2014_11_25,"{""type"":""MultiPoint"",""coordinates"":[]}"
2,Mysuru,2014-12-03,15134.352943366068,MODIS/061/MOD11A2,GAUL_L2_polygon_mean (Mysore),6325,2014_12_03,"{""type"":""MultiPoint"",""coordinates"":[]}"
2,Mysuru,2014-12-11,15026.402926519118,MODIS/061/MOD11A2,GAUL_L2_polygon_mean (Mysore),6258,2014_12_11,"{""type"":""MultiPoint"",""coordinates"":[]}"
2,Mysuru,2014-12-19,15042.82011371953,MODIS/061/MOD11A2,GAUL_L2_polygon_mean (Mysore),6159,2014_12_19,"{""type"":""MultiPoint"",""coordinates"":[]}"
2,Mysuru,2014-12-27,15080.918473262262,MODIS/061/MOD11A2,GAUL_L2_polygon_mean (Mysore),6292,2014_12_27,"{""type"":""MultiPoint"",""coordinates"":[]}"
2,Mysuru,2015-01-01,15082.404544089679,MODIS/061/MOD11A2,GAUL_L2_polygon_mean (Mysore),6325,2015_01_01,"{""type"":""MultiPoint"",""coordinates"":[]}"
2,Mysuru,2015-01-09,15142.566748723239,MODIS/061/MOD11A2,GAUL_L2_polygon_mean (Mysore),6325,2015_01_09,"{""type"":""MultiPoint"",""coordinates"":[]}"
2,Mysuru,2015-01-17,15183.27938465012,MODIS/061/MOD11A2,GAUL_L2_polygon_mean (Mysore),6325,2015_01_17,"{""type"":""MultiPoint"",""coordinates"":[]}"
2,Mysuru,2015-01-25,15252.854991885335,MODIS/061/MOD11A2,GAUL_L2_polygon_mean (Mysore),6325,2015_01_25,"{""type"":""MultiPoint"",""coordinates"":[]}"
2,Mysuru,2015-02-02,15332.86745795012,MODIS/061/MOD11A2,GAUL_L2_polygon_mean (Mysore),6325,2015_02_02,"{""type"":""MultiPoint"",""coordinates"":[]}"
2,Mysuru,2015-02-10,15445.018599835219,MODIS/061/MOD11A2,GAUL_L2_polygon_mean (Mysore),6325,2015_02_10,"{""type"":""MultiPoint"",""coordinates"":[]}"
2,Mysuru,2015-02-18,15511.60951450962,MODIS/061/MOD11A2,GAUL_L2_polygon_mean (Mysore),6325,2015_02_18,"{""type"":""MultiPoint"",""coordinates"":[]}"
2,Mysuru,2015-02-26,15454.447975551775,MODIS/061/MOD11A2,GAUL_L2_polygon_mean (Mysore),6325,2015_02_26,"{""type"":""MultiPoint"",""coordinates"":[]}"
2,Mysuru,2015-03-06,15450.24442147632,MODIS/061/MOD11A2,GAUL_L2_polygon_mean (Mysore),6325,2015_03_06,"{""type"":""MultiPoint"",""coordinates"":[]}"
2,Mysuru,2015-03-14,15594.553120052398,MODIS/061/MOD11A2,GAUL_L2_polygon_mean (Mysore),6325,2015_03_14,"{""type"":""MultiPoint"",""coordinates"":[]}"
2,Mysuru,2015-03-22,15658.839572776393,MODIS/061/MOD11A2,GAUL_L2_polygon_mean (Mysore),6325,2015_03_22,"{""type"":""MultiPoint"",""coordinates"":[]}"
2,Mysuru,2015-03-30,15475.414892151859,MODIS/061/MOD11A2,GAUL_L2_polygon_mean (Mysore),6325,2015_03_30,"{""type"":""MultiPoint"",""coordinates"":[]}"
2,Mysuru,2015-04-07,15414.412266191868,MODIS/061/MOD11A2,GAUL_L2_polygon_mean (Mysore),5996,2015_04_07,"{""type"":""MultiPoint"",""coordinates"":[]}"
2,Mysuru,2015-04-15,15360.279671563036,MODIS/061/MOD11A2,GAUL_L2_polygon_mean (Mysore),6315,2015_04_15,"{""type"":""MultiPoint"",""coordinates"":[]}"
2,Mysuru,2015-04-23,15423.090966786944,MODIS/061/MOD11A2,GAUL_L2_polygon_mean (Mysore),6325,2015_04_23,"{""type"":""MultiPoint"",""coordinates"":[]}"
2,Mysuru,2015-05-01,15326.979439160668,MODIS/061/MOD11A2,GAUL_L2_polygon_mean (Mysore),6322,2015_05_01,"{""type"":""MultiPoint"",""coordinates"":[]}"
2,Mysuru,2015-05-09,15097.194881497706,MODIS/061/MOD11A2,GAUL_L2_polygon_mean (Mysore),117,2015_05_09,"{""type"":""MultiPoint"",""coordinates"":[]}"
2,Mysuru,2015-05-17,15179.363104952938,MODIS/061/MOD11A2,GAUL_L2_polygon_mean (Mysore),5832,2015_05_17,"{""type"":""MultiPoint"",""coordinates"":[]}"
2,Mysuru,2015-05-25,15196.614840675784,MODIS/061/MOD11A2,GAUL_L2_polygon_mean (Mysore),6278,2015_05_25,"{""type"":""MultiPoint"",""coordinates"":[]}"
2,Mysuru,2015-06-02,15206.750736237504,MODIS/061/MOD11A2,GAUL_L2_polygon_mean (Mysore),4073,2015_06_02,"{""type"":""MultiPoint"",""coordinates"":[]}"
2,Mysuru,2015-06-10,15353.41599098454,MODIS/061/MOD11A2,GAUL_L2_polygon_mean (Mysore),2058,2015_06_10,"{""type"":""MultiPoint"",""coordinates"":[]}"
2,Mysuru,2015-06-18,14880.745676604243,MODIS/061/MOD11A2,GAUL_L2_polygon_mean (Mysore),2388,2015_06_18,"{""type"":""MultiPoint"",""coordinates"":[]}"
2,Mysuru,2015-06-26,15039.102953830707,MODIS/061/MOD11A2,GAUL_L2_polygon_mean (Mysore),5096,2015_06_26,"{""type"":""MultiPoint"",""coordinates"":[]}"
2,Mysuru,2015-07-04,14987.91306756092,MODIS/061/MOD11A2,GAUL_L2_polygon_mean (Mysore),2875,2015_07_04,"{""type"":""MultiPoint"",""coordinates"":[]}"
2,Mysuru,2015-07-12,15079.554204348357,MODIS/061/MOD11A2,GAUL_L2_polygon_mean (Mysore),992,2015_07_12,"{""type"":""MultiPoint"",""coordinates"":[]}"
2,Mysuru,2015-07-20,14963.503683033272,MODIS/061/MOD11A2,GAUL_L2_polygon_mean (Mysore),540,2015_07_20,"{""type"":""MultiPoint"",""coordinates"":[]}"
2,Mysuru,2015-07-28,14951.973418508778,MODIS/061/MOD11A2,GAUL_L2_polygon_mean (Mysore),2372,2015_07_28,"{""type"":""MultiPoint"",""coordinates"":[]}"
2,Mysuru,2015-08-05,15061.671766662748,MODIS/061/MOD11A2,GAUL_L2_polygon_mean (Mysore),2843,2015_08_05,"{""type"":""MultiPoint"",""coordinates"":[]}"
2,Mysuru,2015-08-13,15151.658654524039,MODIS/061/MOD11A2,GAUL_L2_polygon_mean (Mysore),6066,2015_08_13,"{""type"":""MultiPoint"",""coordinates"":[]}"
2,Mysuru,2015-08-21,15074.469459663478,MODIS/061/MOD11A2,GAUL_L2_polygon_mean (Mysore),4642,2015_08_21,"{""type"":""MultiPoint"",""coordinates"":[]}"
2,Mysuru,2015-08-29,15193.359236895902,MODIS/061/MOD11A2,GAUL_L2_polygon_mean (Mysore),6241,2015_08_29,"{""type"":""MultiPoint"",""coordinates"":[]}"
2,Mysuru,2015-09-06,15192.024500758118,MODIS/061/MOD11A2,GAUL_L2_polygon_mean (Mysore),5130,2015_09_06,"{""type"":""MultiPoint"",""coordinates"":[]}"
2,Mysuru,2015-09-14,14812.13704485395,MODIS/061/MOD11A2,GAUL_L2_polygon_mean (Mysore),220,2015_09_14,"{""type"":""MultiPoint"",""coordinates"":[]}"
2,Mysuru,2015-09-22,15177.17906116882,MODIS/061/MOD11A2,GAUL_L2_polygon_mean (Mysore),6322,2015_09_22,"{""type"":""MultiPoint"",""coordinates"":[]}"
2,Mysuru,2015-09-30,15017.590664146526,MODIS/061/MOD11A2,GAUL_L2_polygon_mean (Mysore),3453,2015_09_30,"{""type"":""MultiPoint"",""coordinates"":[]}"
2,Mysuru,2015-10-08,15170.617377920164,MODIS/061/MOD11A2,GAUL_L2_polygon_mean (Mysore),6325,2015_10_08,"{""type"":""MultiPoint"",""coordinates"":[]}"
2,Mysuru,2015-10-16,15134.408211199718,MODIS/061/MOD11A2,GAUL_L2_polygon_mean (Mysore),6325,2015_10_16,"{""type"":""MultiPoint"",""coordinates"":[]}"
2,Mysuru,2015-10-24,15106.29397616223,MODIS/061/MOD11A2,GAUL_L2_polygon_mean (Mysore),6325,2015_10_24,"{""type"":""MultiPoint"",""coordinates"":[]}"
2,Mysuru,2015-11-01,14971.541573290508,MODIS/061/MOD11A2,GAUL_L2_polygon_mean (Mysore),5460,2015_11_01,"{""type"":""MultiPoint"",""coordinates"":[]}"
2,Mysuru,2015-11-09,14788.437501283868,MODIS/061/MOD11A2,GAUL_L2_polygon_mean (Mysore),192,2015_11_09,"{""type"":""MultiPoint"",""coordinates"":[]}"
2,Mysuru,2015-11-17,14918.44668276084,MODIS/061/MOD11A2,GAUL_L2_polygon_mean (Mysore),1299,2015_11_17,"{""type"":""MultiPoint"",""coordinates"":[]}"
2,Mysuru,2015-11-25,15048.31272240887,MODIS/061/MOD11A2,GAUL_L2_polygon_mean (Mysore),6325,2015_11_25,"{""type"":""MultiPoint"",""coordinates"":[]}"
2,Mysuru,2015-12-03,14986.009835257704,MODIS/061/MOD11A2,GAUL_L2_polygon_mean (Mysore),6258,2015_12_03,"{""type"":""MultiPoint"",""coordinates"":[]}"
2,Mysuru,2015-12-11,15110.33330438192,MODIS/061/MOD11A2,GAUL_L2_polygon_mean (Mysore),6325,2015_12_11,"{""type"":""MultiPoint"",""coordinates"":[]}"
2,Mysuru,2015-12-19,15173.580866259357,MODIS/061/MOD11A2,GAUL_L2_polygon_mean (Mysore),6325,2015_12_19,"{""type"":""MultiPoint"",""coordinates"":[]}"
2,Mysuru,2015-12-27,15144.046775970668,MODIS/061/MOD11A2,GAUL_L2_polygon_mean (Mysore),6325,2015_12_27,"{""type"":""MultiPoint"",""coordinates"":[]}"
2,Mysuru,2016-01-01,15167.23932499365,MODIS/061/MOD11A2,GAUL_L2_polygon_mean (Mysore),6325,2016_01_01,"{""type"":""MultiPoint"",""coordinates"":[]}"
2,Mysuru,2016-01-09,15148.889417183234,MODIS/061/MOD11A2,GAUL_L2_polygon_mean (Mysore),6325,2016_01_09,"{""type"":""MultiPoint"",""coordinates"":[]}"
2,Mysuru,2016-01-17,15227.562881848458,MODIS/061/MOD11A2,GAUL_L2_polygon_mean (Mysore),6325,2016_01_17,"{""type"":""MultiPoint"",""coordinates"":[]}"
2,Mysuru,2016-01-25,15280.062157235949,MODIS/061/MOD11A2,GAUL_L2_polygon_mean (Mysore),6325,2016_01_25,"{""type"":""MultiPoint"",""coordinates"":[]}"
2,Mysuru,2016-02-02,15310.224296728838,MODIS/061/MOD11A2,GAUL_L2_polygon_mean (Mysore),6325,2016_02_02,"{""type"":""MultiPoint"",""coordinates"":[]}"
2,Mysuru,2016-02-10,15338.622555673572,MODIS/061/MOD11A2,GAUL_L2_polygon_mean (Mysore),6325,2016_02_10,"{""type"":""MultiPoint"",""coordinates"":[]}"
2,Mysuru,2016-02-18,15407.045142789488,MODIS/061/MOD11A2,GAUL_L2_polygon_mean (Mysore),1493,2016_02_18,"{""type"":""MultiPoint"",""coordinates"":[]}"
2,Mysuru,2016-02-26,15642.844491207861,MODIS/061/MOD11A2,GAUL_L2_polygon_mean (Mysore),6325,2016_02_26,"{""type"":""MultiPoint"",""coordinates"":[]}"
2,Mysuru,2016-03-05,15621.975322849607,MODIS/061/MOD11A2,GAUL_L2_polygon_mean (Mysore),6325,2016_03_05,"{""type"":""MultiPoint"",""coordinates"":[]}"
2,Mysuru,2016-03-13,15601.647670197084,MODIS/061/MOD11A2,GAUL_L2_polygon_mean (Mysore),6325,2016_03_13,"{""type"":""MultiPoint"",""coordinates"":[]}"
2,Mysuru,2016-03-21,15673.338021807851,MODIS/061/MOD11A2,GAUL_L2_polygon_mean (Mysore),6325,2016_03_21,"{""type"":""MultiPoint"",""coordinates"":[]}"
2,Mysuru,2016-03-29,15702.064775891236,MODIS/061/MOD11A2,GAUL_L2_polygon_mean (Mysore),6325,2016_03_29,"{""type"":""MultiPoint"",""coordinates"":[]}"
2,Mysuru,2016-04-06,15702.241810886064,MODIS/061/MOD11A2,GAUL_L2_polygon_mean (Mysore),6325,2016_04_06,"{""type"":""MultiPoint"",""coordinates"":[]}"
2,Mysuru,2016-04-14,15712.223268126463,MODIS/061/MOD11A2,GAUL_L2_polygon_mean (Mysore),6325,2016_04_14,"{""type"":""MultiPoint"",""coordinates"":[]}"
2,Mysuru,2016-04-22,15816.322681488142,MODIS/061/MOD11A2,GAUL_L2_polygon_mean (Mysore),6325,2016_04_22,"{""type"":""MultiPoint"",""coordinates"":[]}"
2,Mysuru,2016-04-30,15723.493228471305,MODIS/061/MOD11A2,GAUL_L2_polygon_mean (Mysore),6325,2016_04_30,"{""type"":""MultiPoint"",""coordinates"":[]}"
2,Mysuru,2016-05-08,15441.667269556352,MODIS/061/MOD11A2,GAUL_L2_polygon_mean (Mysore),6311,2016_05_08,"{""type"":""MultiPoint"",""coordinates"":[]}"
2,Mysuru,2016-05-16,15520.735343551329,MODIS/061/MOD11A2,GAUL_L2_polygon_mean (Mysore),6308,2016_05_16,"{""type"":""MultiPoint"",""coordinates"":[]}"
2,Mysuru,2016-05-24,15422.04919205562,MODIS/061/MOD11A2,GAUL_L2_polygon_mean (Mysore),6275,2016_05_24,"{""type"":""MultiPoint"",""coordinates"":[]}"
2,Mysuru,2016-06-01,14954.186623831778,MODIS/061/MOD11A2,GAUL_L2_polygon_mean (Mysore),81,2016_06_01,"{""type"":""MultiPoint"",""coordinates"":[]}"
2,Mysuru,2016-06-09,15195.08346266507,MODIS/061/MOD11A2,GAUL_L2_polygon_mean (Mysore),5187,2016_06_09,"{""type"":""MultiPoint"",""coordinates"":[]}"
2,Mysuru,2016-06-17,15131.848846411396,MODIS/061/MOD11A2,GAUL_L2_polygon_mean (Mysore),64,2016_06_17,"{""type"":""MultiPoint"",""coordinates"":[]}"
2,Mysuru,2016-06-25,15016.759441642867,MODIS/061/MOD11A2,GAUL_L2_polygon_mean (Mysore),5027,2016_06_25,"{""type"":""MultiPoint"",""coordinates"":[]}"
2,Mysuru,2016-07-03,14931.506666666666,MODIS/061/MOD11A2,GAUL_L2_polygon_mean (Mysore),75,2016_07_03,"{""type"":""MultiPoint"",""coordinates"":[]}"
2,Mysuru,2016-07-11,14932.363505664374,MODIS/061/MOD11A2,GAUL_L2_polygon_mean (Mysore),1705,2016_07_11,"{""type"":""MultiPoint"",""coordinates"":[]}"
2,Mysuru,2016-07-19,15416.194928808272,MODIS/061/MOD11A2,GAUL_L2_polygon_mean (Mysore),405,2016_07_19,"{""type"":""MultiPoint"",""coordinates"":[]}"
2,Mysuru,2016-07-27,14957.416378702186,MODIS/061/MOD11A2,GAUL_L2_polygon_mean (Mysore),654,2016_07_27,"{""type"":""MultiPoint"",""coordinates"":[]}"
2,Mysuru,2016-08-04,15078.768474664688,MODIS/061/MOD11A2,GAUL_L2_polygon_mean (Mysore),3426,2016_08_04,"{""type"":""MultiPoint"",""coordinates"":[]}"
2,Mysuru,2016-08-12,15115.004833333098,MODIS/061/MOD11A2,GAUL_L2_polygon_mean (Mysore),2904,2016_08_12,"{""type"":""MultiPoint"",""coordinates"":[]}"
2,Mysuru,2016-08-20,15216.04465272692,MODIS/061/MOD11A2,GAUL_L2_polygon_mean (Mysore),4121,2016_08_20,"{""type"":""MultiPoint"",""coordinates"":[]}"
2,Mysuru,2016-08-28,14812.29411764706,MODIS/061/MOD11A2,GAUL_L2_polygon_mean (Mysore),17,2016_08_28,"{""type"":""MultiPoint"",""coordinates"":[]}"
2,Mysuru,2016-09-05,15198.41799743124,MODIS/061/MOD11A2,GAUL_L2_polygon_mean (Mysore),5458,2016_09_05,"{""type"":""MultiPoint"",""coordinates"":[]}"
2,Mysuru,2016-09-13,15221.925364542025,MODIS/061/MOD11A2,GAUL_L2_polygon_mean (Mysore),4552,2016_09_13,"{""type"":""MultiPoint"",""coordinates"":[]}"
2,Mysuru,2016-09-21,14964.074642338795,MODIS/061/MOD11A2,GAUL_L2_polygon_mean (Mysore),511,2016_09_21,"{""type"":""MultiPoint"",""coordinates"":[]}"
2,Mysuru,2016-09-29,15372.038111639951,MODIS/061/MOD11A2,GAUL_L2_polygon_mean (Mysore),6325,2016_09_29,"{""type"":""MultiPoint"",""coordinates"":[]}"
2,Mysuru,2016-10-07,15293.776679442946,MODIS/061/MOD11A2,GAUL_L2_polygon_mean (Mysore),5870,2016_10_07,"{""type"":""MultiPoint"",""coordinates"":[]}"
2,Mysuru,2016-10-15,15352.089972305896,MODIS/061/MOD11A2,GAUL_L2_polygon_mean (Mysore),6325,2016_10_15,"{""type"":""MultiPoint"",""coordinates"":[]}"
2,Mysuru,2016-10-23,15331.409339684438,MODIS/061/MOD11A2,GAUL_L2_polygon_mean (Mysore),6325,2016_10_23,"{""type"":""MultiPoint"",""coordinates"":[]}"
2,Mysuru,2016-10-31,15315.767903760538,MODIS/061/MOD11A2,GAUL_L2_polygon_mean (Mysore),6325,2016_10_31,"{""type"":""MultiPoint"",""coordinates"":[]}"
2,Mysuru,2016-11-08,15237.106132991128,MODIS/061/MOD11A2,GAUL_L2_polygon_mean (Mysore),6287,2016_11_08,"{""type"":""MultiPoint"",""coordinates"":[]}"
2,Mysuru,2016-11-16,15376.19024490414,MODIS/061/MOD11A2,GAUL_L2_polygon_mean (Mysore),6325,2016_11_16,"{""type"":""MultiPoint"",""coordinates"":[]}"
2,Mysuru,2016-11-24,15291.922389533818,MODIS/061/MOD11A2,GAUL_L2_polygon_mean (Mysore),6325,2016_11_24,"{""type"":""MultiPoint"",""coordinates"":[]}"
2,Mysuru,2016-12-02,15259.361158536269,MODIS/061/MOD11A2,GAUL_L2_polygon_mean (Mysore),6325,2016_12_02,"{""type"":""MultiPoint"",""coordinates"":[]}"
2,Mysuru,2016-12-10,15229.432764272613,MODIS/061/MOD11A2,GAUL_L2_polygon_mean (Mysore),6325,2016_12_10,"{""type"":""MultiPoint"",""coordinates"":[]}"
2,Mysuru,2016-12-18,15277.45923124074,MODIS/061/MOD11A2,GAUL_L2_polygon_mean (Mysore),6325,2016_12_18,"{""type"":""MultiPoint"",""coordinates"":[]}"
2,Mysuru,2016-12-26,15314.778412503045,MODIS/061/MOD11A2,GAUL_L2_polygon_mean (Mysore),6325,2016_12_26,"{""type"":""MultiPoint"",""coordinates"":[]}"
2,Mysuru,2017-01-01,15346.999568830724,MODIS/061/MOD11A2,GAUL_L2_polygon_mean (Mysore),6325,2017_01_01,"{""type"":""MultiPoint"",""coordinates"":[]}"
2,Mysuru,2017-01-09,15263.729608485899,MODIS/061/MOD11A2,GAUL_L2_polygon_mean (Mysore),6325,2017_01_09,"{""type"":""MultiPoint"",""coordinates"":[]}"
2,Mysuru,2017-01-17,15390.571659089679,MODIS/061/MOD11A2,GAUL_L2_polygon_mean (Mysore),6325,2017_01_17,"{""type"":""MultiPoint"",""coordinates"":[]}"
2,Mysuru,2017-01-25,15368.202733302887,MODIS/061/MOD11A2,GAUL_L2_polygon_mean (Mysore),6325,2017_01_25,"{""type"":""MultiPoint"",""coordinates"":[]}"
2,Mysuru,2017-02-02,15471.225544948298,MODIS/061/MOD11A2,GAUL_L2_polygon_mean (Mysore),6325,2017_02_02,"{""type"":""MultiPoint"",""coordinates"":[]}"
2,Mysuru,2017-02-10,15466.769999429249,MODIS/061/MOD11A2,GAUL_L2_polygon_mean (Mysore),6325,2017_02_10,"{""type"":""MultiPoint"",""coordinates"":[]}"
2,Mysuru,2017-02-18,15601.52334393782,MODIS/061/MOD11A2,GAUL_L2_polygon_mean (Mysore),6325,2017_02_18,"{""type"":""MultiPoint"",""coordinates"":[]}"
2,Mysuru,2017-02-26,15595.40920071767,MODIS/061/MOD11A2,GAUL_L2_polygon_mean (Mysore),6325,2017_02_26,"{""type"":""MultiPoint"",""coordinates"":[]}"
2,Mysuru,2017-03-06,15618.999668713108,MODIS/061/MOD11A2,GAUL_L2_polygon_mean (Mysore),6325,2017_03_06,"{""type"":""MultiPoint"",""coordinates"":[]}"
2,Mysuru,2017-03-14,15651.589025719739,MODIS/061/MOD11A2,GAUL_L2_polygon_mean (Mysore),6324,2017_03_14,"{""type"":""MultiPoint"",""coordinates"":[]}"
2,Mysuru,2017-03-22,15748.145006253502,MODIS/061/MOD11A2,GAUL_L2_polygon_mean (Mysore),6325,2017_03_22,"{""type"":""MultiPoint"",""coordinates"":[]}"
2,Mysuru,2017-03-30,15737.528754693258,MODIS/061/MOD11A2,GAUL_L2_polygon_mean (Mysore),6325,2017_03_30,"{""type"":""MultiPoint"",""coordinates"":[]}"
2,Mysuru,2017-04-07,15455.511671318975,MODIS/061/MOD11A2,GAUL_L2_polygon_mean (Mysore),6323,2017_04_07,"{""type"":""MultiPoint"",""coordinates"":[]}"
2,Mysuru,2017-04-15,15369.135252273321,MODIS/061/MOD11A2,GAUL_L2_polygon_mean (Mysore),6315,2017_04_15,"{""type"":""MultiPoint"",""coordinates"":[]}"
2,Mysuru,2017-04-23,15531.021765672256,MODIS/061/MOD11A2,GAUL_L2_polygon_mean (Mysore),6325,2017_04_23,"{""type"":""MultiPoint"",""coordinates"":[]}"
2,Mysuru,2017-05-01,15575.61270950484,MODIS/061/MOD11A2,GAUL_L2_polygon_mean (Mysore),6325,2017_05_01,"{""type"":""MultiPoint"",""coordinates"":[]}"
2,Mysuru,2017-05-09,15394.52437532402,MODIS/061/MOD11A2,GAUL_L2_polygon_mean (Mysore),6312,2017_05_09,"{""type"":""MultiPoint"",""coordinates"":[]}"
2,Mysuru,2017-05-17,15251.019927524954,MODIS/061/MOD11A2,GAUL_L2_polygon_mean (Mysore),6298,2017_05_17,"{""type"":""MultiPoint"",""coordinates"":[]}"
2,Mysuru,2017-05-25,15149.08609833369,MODIS/061/MOD11A2,GAUL_L2_polygon_mean (Mysore),4768,2017_05_25,"{""type"":""MultiPoint"",""coordinates"":[]}"
2,Mysuru,2017-06-02,15298.075407394477,MODIS/061/MOD11A2,GAUL_L2_polygon_mean (Mysore),3065,2017_06_02,"{""type"":""MultiPoint"",""coordinates"":[]}"
2,Mysuru,2017-06-10,15109.99258769577,MODIS/061/MOD11A2,GAUL_L2_polygon_mean (Mysore),756,2017_06_10,"{""type"":""MultiPoint"",""coordinates"":[]}"
2,Mysuru,2017-06-18,15134.447701503028,MODIS/061/MOD11A2,GAUL_L2_polygon_mean (Mysore),357,2017_06_18,"{""type"":""MultiPoint"",""coordinates"":[]}"
2,Mysuru,2017-06-26,14865.298767756492,MODIS/061/MOD11A2,GAUL_L2_polygon_mean (Mysore),321,2017_06_26,"{""type"":""MultiPoint"",""coordinates"":[]}"
2,Mysuru,2017-07-04,15013.339919519934,MODIS/061/MOD11A2,GAUL_L2_polygon_mean (Mysore),1229,2017_07_04,"{""type"":""MultiPoint"",""coordinates"":[]}"
2,Mysuru,2017-07-12,15088.139246366076,MODIS/061/MOD11A2,GAUL_L2_polygon_mean (Mysore),169,2017_07_12,"{""type"":""MultiPoint"",""coordinates"":[]}"
2,Mysuru,2017-07-20,15025.443135936164,MODIS/061/MOD11A2,GAUL_L2_polygon_mean (Mysore),3456,2017_07_20,"{""type"":""MultiPoint"",""coordinates"":[]}"
2,Mysuru,2017-07-28,15159.694544885131,MODIS/061/MOD11A2,GAUL_L2_polygon_mean (Mysore),1911,2017_07_28,"{""type"":""MultiPoint"",""coordinates"":[]}"
2,Mysuru,2017-08-05,14928.217887269937,MODIS/061/MOD11A2,GAUL_L2_polygon_mean (Mysore),83,2017_08_05,"{""type"":""MultiPoint"",""coordinates"":[]}"
2,Mysuru,2017-08-13,14872.39293967647,MODIS/061/MOD11A2,GAUL_L2_polygon_mean (Mysore),50,2017_08_13,"{""type"":""MultiPoint"",""coordinates"":[]}"
2,Mysuru,2017-08-29,15070.417308082273,MODIS/061/MOD11A2,GAUL_L2_polygon_mean (Mysore),3155,2017_08_29,"{""type"":""MultiPoint"",""coordinates"":[]}"
2,Mysuru,2017-09-06,15073.301552345069,MODIS/061/MOD11A2,GAUL_L2_polygon_mean (Mysore),3867,2017_09_06,"{""type"":""MultiPoint"",""coordinates"":[]}"
2,Mysuru,2017-09-14,15048.958589160824,MODIS/061/MOD11A2,GAUL_L2_polygon_mean (Mysore),3307,2017_09_14,"{""type"":""MultiPoint"",""coordinates"":[]}"
2,Mysuru,2017-09-22,15324.748842041638,MODIS/061/MOD11A2,GAUL_L2_polygon_mean (Mysore),6322,2017_09_22,"{""type"":""MultiPoint"",""coordinates"":[]}"
2,Mysuru,2017-09-30,15030.68979189901,MODIS/061/MOD11A2,GAUL_L2_polygon_mean (Mysore),2703,2017_09_30,"{""type"":""MultiPoint"",""coordinates"":[]}"
2,Mysuru,2017-10-08,14981.0642787985,MODIS/061/MOD11A2,GAUL_L2_polygon_mean (Mysore),677,2017_10_08,"{""type"":""MultiPoint"",""coordinates"":[]}"
2,Mysuru,2017-10-16,15081.180271814661,MODIS/061/MOD11A2,GAUL_L2_polygon_mean (Mysore),6306,2017_10_16,"{""type"":""MultiPoint"",""coordinates"":[]}"
2,Mysuru,2017-10-24,15102.759235087131,MODIS/061/MOD11A2,GAUL_L2_polygon_mean (Mysore),6325,2017_10_24,"{""type"":""MultiPoint"",""coordinates"":[]}"
2,Mysuru,2017-11-01,15133.019352272227,MODIS/061/MOD11A2,GAUL_L2_polygon_mean (Mysore),5376,2017_11_01,"{""type"":""MultiPoint"",""coordinates"":[]}"
2,Mysuru,2017-11-09,15095.594983149625,MODIS/061/MOD11A2,GAUL_L2_polygon_mean (Mysore),6318,2017_11_09,"{""type"":""MultiPoint"",""coordinates"":[]}"
2,Mysuru,2017-11-17,15092.574180339072,MODIS/061/MOD11A2,GAUL_L2_polygon_mean (Mysore),6313,2017_11_17,"{""type"":""MultiPoint"",""coordinates"":[]}"
2,Mysuru,2017-11-25,15125.785645472679,MODIS/061/MOD11A2,GAUL_L2_polygon_mean (Mysore),6219,2017_11_25,"{""type"":""MultiPoint"",""coordinates"":[]}"
2,Mysuru,2017-12-03,15126.822864502425,MODIS/061/MOD11A2,GAUL_L2_polygon_mean (Mysore),6325,2017_12_03,"{""type"":""MultiPoint"",""coordinates"":[]}"
2,Mysuru,2017-12-11,15093.501566478222,MODIS/061/MOD11A2,GAUL_L2_polygon_mean (Mysore),6325,2017_12_11,"{""type"":""MultiPoint"",""coordinates"":[]}"
2,Mysuru,2017-12-19,15157.97690173559,MODIS/061/MOD11A2,GAUL_L2_polygon_mean (Mysore),6325,2017_12_19,"{""type"":""MultiPoint"",""coordinates"":[]}"
2,Mysuru,2017-12-27,15155.298390218693,MODIS/061/MOD11A2,GAUL_L2_polygon_mean (Mysore),6325,2017_12_27,"{""type"":""MultiPoint"",""coordinates"":[]}"
2,Mysuru,2018-01-01,15156.658292470476,MODIS/061/MOD11A2,GAUL_L2_polygon_mean (Mysore),6325,2018_01_01,"{""type"":""MultiPoint"",""coordinates"":[]}"
2,Mysuru,2018-01-09,15293.375101123134,MODIS/061/MOD11A2,GAUL_L2_polygon_mean (Mysore),6325,2018_01_09,"{""type"":""MultiPoint"",""coordinates"":[]}"
2,Mysuru,2018-01-17,15214.157394149484,MODIS/061/MOD11A2,GAUL_L2_polygon_mean (Mysore),6325,2018_01_17,"{""type"":""MultiPoint"",""coordinates"":[]}"
2,Mysuru,2018-01-25,15310.8815488096,MODIS/061/MOD11A2,GAUL_L2_polygon_mean (Mysore),6325,2018_01_25,"{""type"":""MultiPoint"",""coordinates"":[]}"
2,Mysuru,2018-02-02,15370.065836133357,MODIS/061/MOD11A2,GAUL_L2_polygon_mean (Mysore),6325,2018_02_02,"{""type"":""MultiPoint"",""coordinates"":[]}"
2,Mysuru,2018-02-10,15401.130739824404,MODIS/061/MOD11A2,GAUL_L2_polygon_mean (Mysore),6325,2018_02_10,"{""type"":""MultiPoint"",""coordinates"":[]}"
2,Mysuru,2018-02-18,15518.672025986783,MODIS/061/MOD11A2,GAUL_L2_polygon_mean (Mysore),6325,2018_02_18,"{""type"":""MultiPoint"",""coordinates"":[]}"
2,Mysuru,2018-02-26,15643.871311796782,MODIS/061/MOD11A2,GAUL_L2_polygon_mean (Mysore),6325,2018_02_26,"{""type"":""MultiPoint"",""coordinates"":[]}"
2,Mysuru,2018-03-06,15593.379754028807,MODIS/061/MOD11A2,GAUL_L2_polygon_mean (Mysore),6325,2018_03_06,"{""type"":""MultiPoint"",""coordinates"":[]}"
2,Mysuru,2018-03-14,15503.117078273024,MODIS/061/MOD11A2,GAUL_L2_polygon_mean (Mysore),6325,2018_03_14,"{""type"":""MultiPoint"",""coordinates"":[]}"
2,Mysuru,2018-03-22,15519.999761771222,MODIS/061/MOD11A2,GAUL_L2_polygon_mean (Mysore),6325,2018_03_22,"{""type"":""MultiPoint"",""coordinates"":[]}"
2,Mysuru,2018-03-30,15450.138296143165,MODIS/061/MOD11A2,GAUL_L2_polygon_mean (Mysore),6325,2018_03_30,"{""type"":""MultiPoint"",""coordinates"":[]}"
2,Mysuru,2018-04-07,15497.140645550335,MODIS/061/MOD11A2,GAUL_L2_polygon_mean (Mysore),6325,2018_04_07,"{""type"":""MultiPoint"",""coordinates"":[]}"
2,Mysuru,2018-04-15,15369.701331665865,MODIS/061/MOD11A2,GAUL_L2_polygon_mean (Mysore),5192,2018_04_15,"{""type"":""MultiPoint"",""coordinates"":[]}"
2,Mysuru,2018-04-23,15375.647531850682,MODIS/061/MOD11A2,GAUL_L2_polygon_mean (Mysore),6325,2018_04_23,"{""type"":""MultiPoint"",""coordinates"":[]}"
2,Mysuru,2018-05-01,15344.565464315241,MODIS/061/MOD11A2,GAUL_L2_polygon_mean (Mysore),6285,2018_05_01,"{""type"":""MultiPoint"",""coordinates"":[]}"
2,Mysuru,2018-05-09,15308.827361370617,MODIS/061/MOD11A2,GAUL_L2_polygon_mean (Mysore),6162,2018_05_09,"{""type"":""MultiPoint"",""coordinates"":[]}"
2,Mysuru,2018-05-17,15133.939864284717,MODIS/061/MOD11A2,GAUL_L2_polygon_mean (Mysore),4806,2018_05_17,"{""type"":""MultiPoint"",""coordinates"":[]}"
2,Mysuru,2018-05-25,15264.345265067088,MODIS/061/MOD11A2,GAUL_L2_polygon_mean (Mysore),1275,2018_05_25,"{""type"":""MultiPoint"",""coordinates"":[]}"
2,Mysuru,2018-06-02,15109.602160494258,MODIS/061/MOD11A2,GAUL_L2_polygon_mean (Mysore),2780,2018_06_02,"{""type"":""MultiPoint"",""coordinates"":[]}"
2,Mysuru,2018-06-10,15060.972870714071,MODIS/061/MOD11A2,GAUL_L2_polygon_mean (Mysore),773,2018_06_10,"{""type"":""MultiPoint"",""coordinates"":[]}"
2,Mysuru,2018-06-18,15005.838385881303,MODIS/061/MOD11A2,GAUL_L2_polygon_mean (Mysore),3197,2018_06_18,"{""type"":""MultiPoint"",""coordinates"":[]}"
2,Mysuru,2018-06-26,14844.181077902307,MODIS/061/MOD11A2,GAUL_L2_polygon_mean (Mysore),566,2018_06_26,"{""type"":""MultiPoint"",""coordinates"":[]}"
2,Mysuru,2018-07-04,14961.762573969705,MODIS/061/MOD11A2,GAUL_L2_polygon_mean (Mysore),2229,2018_07_04,"{""type"":""MultiPoint"",""coordinates"":[]}"
2,Mysuru,2018-07-12,14694.490318166265,MODIS/061/MOD11A2,GAUL_L2_polygon_mean (Mysore),230,2018_07_12,"{""type"":""MultiPoint"",""coordinates"":[]}"
2,Mysuru,2018-07-20,14970.17475192944,MODIS/061/MOD11A2,GAUL_L2_polygon_mean (Mysore),114,2018_07_20,"{""type"":""MultiPoint"",""coordinates"":[]}"
2,Mysuru,2018-07-28,14949.1257259297,MODIS/061/MOD11A2,GAUL_L2_polygon_mean (Mysore),38,2018_07_28,"{""type"":""MultiPoint"",""coordinates"":[]}"
2,Mysuru,2018-08-13,14894.384452157568,MODIS/061/MOD11A2,GAUL_L2_polygon_mean (Mysore),519,2018_08_13,"{""type"":""MultiPoint"",""coordinates"":[]}"
2,Mysuru,2018-08-21,14871.199008878793,MODIS/061/MOD11A2,GAUL_L2_polygon_mean (Mysore),948,2018_08_21,"{""type"":""MultiPoint"",""coordinates"":[]}"
2,Mysuru,2018-08-29,15228.192840713284,MODIS/061/MOD11A2,GAUL_L2_polygon_mean (Mysore),6324,2018_08_29,"{""type"":""MultiPoint"",""coordinates"":[]}"
2,Mysuru,2018-09-06,15264.556733809113,MODIS/061/MOD11A2,GAUL_L2_polygon_mean (Mysore),6325,2018_09_06,"{""type"":""MultiPoint"",""coordinates"":[]}"
2,Mysuru,2018-09-14,15286.198326691045,MODIS/061/MOD11A2,GAUL_L2_polygon_mean (Mysore),6325,2018_09_14,"{""type"":""MultiPoint"",""coordinates"":[]}"
2,Mysuru,2018-09-22,15162.531616042406,MODIS/061/MOD11A2,GAUL_L2_polygon_mean (Mysore),4699,2018_09_22,"{""type"":""MultiPoint"",""coordinates"":[]}"
2,Mysuru,2018-09-30,15084.279220581308,MODIS/061/MOD11A2,GAUL_L2_polygon_mean (Mysore),6181,2018_09_30,"{""type"":""MultiPoint"",""coordinates"":[]}"
2,Mysuru,2018-10-08,15085.641364750833,MODIS/061/MOD11A2,GAUL_L2_polygon_mean (Mysore),6288,2018_10_08,"{""type"":""MultiPoint"",""coordinates"":[]}"
2,Mysuru,2018-10-16,15078.07427092072,MODIS/061/MOD11A2,GAUL_L2_polygon_mean (Mysore),6325,2018_10_16,"{""type"":""MultiPoint"",""coordinates"":[]}"
2,Mysuru,2018-10-24,15129.007181604753,MODIS/061/MOD11A2,GAUL_L2_polygon_mean (Mysore),6325,2018_10_24,"{""type"":""MultiPoint"",""coordinates"":[]}"
2,Mysuru,2018-11-01,15081.704288614132,MODIS/061/MOD11A2,GAUL_L2_polygon_mean (Mysore),6325,2018_11_01,"{""type"":""MultiPoint"",""coordinates"":[]}"
2,Mysuru,2018-11-09,15187.884914411348,MODIS/061/MOD11A2,GAUL_L2_polygon_mean (Mysore),6325,2018_11_09,"{""type"":""MultiPoint"",""coordinates"":[]}"
2,Mysuru,2018-11-17,15125.073261101665,MODIS/061/MOD11A2,GAUL_L2_polygon_mean (Mysore),5745,2018_11_17,"{""type"":""MultiPoint"",""coordinates"":[]}"
2,Mysuru,2018-11-25,15067.176956205572,MODIS/061/MOD11A2,GAUL_L2_polygon_mean (Mysore),6325,2018_11_25,"{""type"":""MultiPoint"",""coordinates"":[]}"
2,Mysuru,2018-12-03,15116.344745566688,MODIS/061/MOD11A2,GAUL_L2_polygon_mean (Mysore),6325,2018_12_03,"{""type"":""MultiPoint"",""coordinates"":[]}"
2,Mysuru,2018-12-11,15116.333951445993,MODIS/061/MOD11A2,GAUL_L2_polygon_mean (Mysore),6325,2018_12_11,"{""type"":""MultiPoint"",""coordinates"":[]}"
2,Mysuru,2018-12-19,15146.528047715246,MODIS/061/MOD11A2,GAUL_L2_polygon_mean (Mysore),6325,2018_12_19,"{""type"":""MultiPoint"",""coordinates"":[]}"
2,Mysuru,2018-12-27,15092.526315418341,MODIS/061/MOD11A2,GAUL_L2_polygon_mean (Mysore),6122,2018_12_27,"{""type"":""MultiPoint"",""coordinates"":[]}"
2,Mysuru,2019-01-01,15207.210797098558,MODIS/061/MOD11A2,GAUL_L2_polygon_mean (Mysore),6325,2019_01_01,"{""type"":""MultiPoint"",""coordinates"":[]}"
2,Mysuru,2019-01-09,15254.614186647283,MODIS/061/MOD11A2,GAUL_L2_polygon_mean (Mysore),6325,2019_01_09,"{""type"":""MultiPoint"",""coordinates"":[]}"
2,Mysuru,2019-01-17,15213.918855186685,MODIS/061/MOD11A2,GAUL_L2_polygon_mean (Mysore),6325,2019_01_17,"{""type"":""MultiPoint"",""coordinates"":[]}"
2,Mysuru,2019-01-25,15196.97127358091,MODIS/061/MOD11A2,GAUL_L2_polygon_mean (Mysore),6325,2019_01_25,"{""type"":""MultiPoint"",""coordinates"":[]}"
2,Mysuru,2019-02-02,15293.402953416364,MODIS/061/MOD11A2,GAUL_L2_polygon_mean (Mysore),6325,2019_02_02,"{""type"":""MultiPoint"",""coordinates"":[]}"
2,Mysuru,2019-02-10,15380.938840967401,MODIS/061/MOD11A2,GAUL_L2_polygon_mean (Mysore),6325,2019_02_10,"{""type"":""MultiPoint"",""coordinates"":[]}"
2,Mysuru,2019-02-18,15527.866732096865,MODIS/061/MOD11A2,GAUL_L2_polygon_mean (Mysore),6325,2019_02_18,"{""type"":""MultiPoint"",""coordinates"":[]}"
2,Mysuru,2019-02-26,15545.751611766538,MODIS/061/MOD11A2,GAUL_L2_polygon_mean (Mysore),6325,2019_02_26,"{""type"":""MultiPoint"",""coordinates"":[]}"
2,Mysuru,2019-03-06,15626.699130092757,MODIS/061/MOD11A2,GAUL_L2_polygon_mean (Mysore),6325,2019_03_06,"{""type"":""MultiPoint"",""coordinates"":[]}"
2,Mysuru,2019-03-14,15698.494164635931,MODIS/061/MOD11A2,GAUL_L2_polygon_mean (Mysore),6325,2019_03_14,"{""type"":""MultiPoint"",""coordinates"":[]}"
2,Mysuru,2019-03-22,15703.645371661676,MODIS/061/MOD11A2,GAUL_L2_polygon_mean (Mysore),6325,2019_03_22,"{""type"":""MultiPoint"",""coordinates"":[]}"
2,Mysuru,2019-03-30,15720.323693340028,MODIS/061/MOD11A2,GAUL_L2_polygon_mean (Mysore),6325,2019_03_30,"{""type"":""MultiPoint"",""coordinates"":[]}"
2,Mysuru,2019-04-07,15655.248857246348,MODIS/061/MOD11A2,GAUL_L2_polygon_mean (Mysore),6325,2019_04_07,"{""type"":""MultiPoint"",""coordinates"":[]}"
2,Mysuru,2019-04-15,15672.457041273143,MODIS/061/MOD11A2,GAUL_L2_polygon_mean (Mysore),6325,2019_04_15,"{""type"":""MultiPoint"",""coordinates"":[]}"
2,Mysuru,2019-04-23,15510.700637634176,MODIS/061/MOD11A2,GAUL_L2_polygon_mean (Mysore),6325,2019_04_23,"{""type"":""MultiPoint"",""coordinates"":[]}"
2,Mysuru,2019-05-01,15413.024799987092,MODIS/061/MOD11A2,GAUL_L2_polygon_mean (Mysore),6325,2019_05_01,"{""type"":""MultiPoint"",""coordinates"":[]}"
2,Mysuru,2019-05-09,15405.689273997836,MODIS/061/MOD11A2,GAUL_L2_polygon_mean (Mysore),6325,2019_05_09,"{""type"":""MultiPoint"",""coordinates"":[]}"
2,Mysuru,2019-05-17,15373.105204678219,MODIS/061/MOD11A2,GAUL_L2_polygon_mean (Mysore),6325,2019_05_17,"{""type"":""MultiPoint"",""coordinates"":[]}"
2,Mysuru,2019-05-25,15209.945598757846,MODIS/061/MOD11A2,GAUL_L2_polygon_mean (Mysore),6155,2019_05_25,"{""type"":""MultiPoint"",""coordinates"":[]}"
2,Mysuru,2019-06-02,15291.851711597536,MODIS/061/MOD11A2,GAUL_L2_polygon_mean (Mysore),6168,2019_06_02,"{""type"":""MultiPoint"",""coordinates"":[]}"
2,Mysuru,2019-06-10,15166.26220755856,MODIS/061/MOD11A2,GAUL_L2_polygon_mean (Mysore),3165,2019_06_10,"{""type"":""MultiPoint"",""coordinates"":[]}"
2,Mysuru,2019-06-18,15202.727307427655,MODIS/061/MOD11A2,GAUL_L2_polygon_mean (Mysore),4011,2019_06_18,"{""type"":""MultiPoint"",""coordinates"":[]}"
2,Mysuru,2019-06-26,15212.795540424639,MODIS/061/MOD11A2,GAUL_L2_polygon_mean (Mysore),3021,2019_06_26,"{""type"":""MultiPoint"",""coordinates"":[]}"
2,Mysuru,2019-07-04,15003.58859313861,MODIS/061/MOD11A2,GAUL_L2_polygon_mean (Mysore),1038,2019_07_04,"{""type"":""MultiPoint"",""coordinates"":[]}"
2,Mysuru,2019-07-12,15084.533445756035,MODIS/061/MOD11A2,GAUL_L2_polygon_mean (Mysore),349,2019_07_12,"{""type"":""MultiPoint"",""coordinates"":[]}"
2,Mysuru,2019-07-20,14882.551495112135,MODIS/061/MOD11A2,GAUL_L2_polygon_mean (Mysore),273,2019_07_20,"{""type"":""MultiPoint"",""coordinates"":[]}"
2,Mysuru,2019-07-28,15017.37254746969,MODIS/061/MOD11A2,GAUL_L2_polygon_mean (Mysore),2334,2019_07_28,"{""type"":""MultiPoint"",""coordinates"":[]}"
2,Mysuru,2019-08-05,14830.29645646421,MODIS/061/MOD11A2,GAUL_L2_polygon_mean (Mysore),121,2019_08_05,"{""type"":""MultiPoint"",""coordinates"":[]}"
2,Mysuru,2019-08-13,14998.126279932583,MODIS/061/MOD11A2,GAUL_L2_polygon_mean (Mysore),775,2019_08_13,"{""type"":""MultiPoint"",""coordinates"":[]}"
2,Mysuru,2019-08-21,15074.038275439618,MODIS/061/MOD11A2,GAUL_L2_polygon_mean (Mysore),1583,2019_08_21,"{""type"":""MultiPoint"",""coordinates"":[]}"
2,Mysuru,2019-08-29,15056.729045636828,MODIS/061/MOD11A2,GAUL_L2_polygon_mean (Mysore),2327,2019_08_29,"{""type"":""MultiPoint"",""coordinates"":[]}"
2,Mysuru,2019-09-06,15133.093140386833,MODIS/061/MOD11A2,GAUL_L2_polygon_mean (Mysore),471,2019_09_06,"{""type"":""MultiPoint"",""coordinates"":[]}"
2,Mysuru,2019-09-14,15134.029371082885,MODIS/061/MOD11A2,GAUL_L2_polygon_mean (Mysore),777,2019_09_14,"{""type"":""MultiPoint"",""coordinates"":[]}"
2,Mysuru,2019-09-22,15117.224201662882,MODIS/061/MOD11A2,GAUL_L2_polygon_mean (Mysore),5707,2019_09_22,"{""type"":""MultiPoint"",""coordinates"":[]}"
2,Mysuru,2019-09-30,15063.877457769873,MODIS/061/MOD11A2,GAUL_L2_polygon_mean (Mysore),5611,2019_09_30,"{""type"":""MultiPoint"",""coordinates"":[]}"
2,Mysuru,2019-10-08,15053.341688728646,MODIS/061/MOD11A2,GAUL_L2_polygon_mean (Mysore),5503,2019_10_08,"{""type"":""MultiPoint"",""coordinates"":[]}"
2,Mysuru,2019-10-16,14991.30925307607,MODIS/061/MOD11A2,GAUL_L2_polygon_mean (Mysore),765,2019_10_16,"{""type"":""MultiPoint"",""coordinates"":[]}"
2,Mysuru,2019-10-24,14810.007336455656,MODIS/061/MOD11A2,GAUL_L2_polygon_mean (Mysore),647,2019_10_24,"{""type"":""MultiPoint"",""coordinates"":[]}"
2,Mysuru,2019-11-01,15069.14949041376,MODIS/061/MOD11A2,GAUL_L2_polygon_mean (Mysore),6325,2019_11_01,"{""type"":""MultiPoint"",""coordinates"":[]}"
2,Mysuru,2019-11-09,14983.960657438489,MODIS/061/MOD11A2,GAUL_L2_polygon_mean (Mysore),6324,2019_11_09,"{""type"":""MultiPoint"",""coordinates"":[]}"
2,Mysuru,2019-11-17,15030.816702978664,MODIS/061/MOD11A2,GAUL_L2_polygon_mean (Mysore),6274,2019_11_17,"{""type"":""MultiPoint"",""coordinates"":[]}"
2,Mysuru,2019-11-25,15069.939112697106,MODIS/061/MOD11A2,GAUL_L2_polygon_mean (Mysore),6325,2019_11_25,"{""type"":""MultiPoint"",""coordinates"":[]}"
2,Mysuru,2019-12-03,15050.210491073214,MODIS/061/MOD11A2,GAUL_L2_polygon_mean (Mysore),6323,2019_12_03,"{""type"":""MultiPoint"",""coordinates"":[]}"
2,Mysuru,2019-12-11,15071.98596683656,MODIS/061/MOD11A2,GAUL_L2_polygon_mean (Mysore),6325,2019_12_11,"{""type"":""MultiPoint"",""coordinates"":[]}"
2,Mysuru,2019-12-19,15020.62059418047,MODIS/061/MOD11A2,GAUL_L2_polygon_mean (Mysore),4848,2019_12_19,"{""type"":""MultiPoint"",""coordinates"":[]}"
2,Mysuru,2019-12-27,15123.897544258434,MODIS/061/MOD11A2,GAUL_L2_polygon_mean (Mysore),6325,2019_12_27,"{""type"":""MultiPoint"",""coordinates"":[]}"
2,Mysuru,2020-01-01,15122.134380257772,MODIS/061/MOD11A2,GAUL_L2_polygon_mean (Mysore),6325,2020_01_01,"{""type"":""MultiPoint"",""coordinates"":[]}"
2,Mysuru,2020-01-09,15176.914954190599,MODIS/061/MOD11A2,GAUL_L2_polygon_mean (Mysore),6325,2020_01_09,"{""type"":""MultiPoint"",""coordinates"":[]}"
2,Mysuru,2020-01-17,15261.119362539494,MODIS/061/MOD11A2,GAUL_L2_polygon_mean (Mysore),6325,2020_01_17,"{""type"":""MultiPoint"",""coordinates"":[]}"
2,Mysuru,2020-01-25,15307.714079568412,MODIS/061/MOD11A2,GAUL_L2_polygon_mean (Mysore),6325,2020_01_25,"{""type"":""MultiPoint"",""coordinates"":[]}"
2,Mysuru,2020-02-02,15272.821168363213,MODIS/061/MOD11A2,GAUL_L2_polygon_mean (Mysore),6325,2020_02_02,"{""type"":""MultiPoint"",""coordinates"":[]}"
2,Mysuru,2020-02-10,15354.923451016684,MODIS/061/MOD11A2,GAUL_L2_polygon_mean (Mysore),6325,2020_02_10,"{""type"":""MultiPoint"",""coordinates"":[]}"
2,Mysuru,2020-02-18,15512.047186046742,MODIS/061/MOD11A2,GAUL_L2_polygon_mean (Mysore),6325,2020_02_18,"{""type"":""MultiPoint"",""coordinates"":[]}"
2,Mysuru,2020-02-26,15342.574747105586,MODIS/061/MOD11A2,GAUL_L2_polygon_mean (Mysore),6324,2020_02_26,"{""type"":""MultiPoint"",""coordinates"":[]}"
2,Mysuru,2020-03-05,15397.534347129074,MODIS/061/MOD11A2,GAUL_L2_polygon_mean (Mysore),6325,2020_03_05,"{""type"":""MultiPoint"",""coordinates"":[]}"
2,Mysuru,2020-03-13,15563.468809402111,MODIS/061/MOD11A2,GAUL_L2_polygon_mean (Mysore),6325,2020_03_13,"{""type"":""MultiPoint"",""coordinates"":[]}"
2,Mysuru,2020-03-21,15519.788943579471,MODIS/061/MOD11A2,GAUL_L2_polygon_mean (Mysore),6325,2020_03_21,"{""type"":""MultiPoint"",""coordinates"":[]}"
2,Mysuru,2020-03-29,15692.657184458552,MODIS/061/MOD11A2,GAUL_L2_polygon_mean (Mysore),6325,2020_03_29,"{""type"":""MultiPoint"",""coordinates"":[]}"
2,Mysuru,2020-04-06,15529.406144068838,MODIS/061/MOD11A2,GAUL_L2_polygon_mean (Mysore),6325,2020_04_06,"{""type"":""MultiPoint"",""coordinates"":[]}"
2,Mysuru,2020-04-14,15588.941751825156,MODIS/061/MOD11A2,GAUL_L2_polygon_mean (Mysore),6325,2020_04_14,"{""type"":""MultiPoint"",""coordinates"":[]}"
2,Mysuru,2020-04-22,15505.266083731716,MODIS/061/MOD11A2,GAUL_L2_polygon_mean (Mysore),5617,2020_04_22,"{""type"":""MultiPoint"",""coordinates"":[]}"
2,Mysuru,2020-04-30,15391.122811893574,MODIS/061/MOD11A2,GAUL_L2_polygon_mean (Mysore),6325,2020_04_30,"{""type"":""MultiPoint"",""coordinates"":[]}"
2,Mysuru,2020-05-08,15408.975998875461,MODIS/061/MOD11A2,GAUL_L2_polygon_mean (Mysore),5617,2020_05_08,"{""type"":""MultiPoint"",""coordinates"":[]}"
2,Mysuru,2020-05-16,15347.488126414582,MODIS/061/MOD11A2,GAUL_L2_polygon_mean (Mysore),5474,2020_05_16,"{""type"":""MultiPoint"",""coordinates"":[]}"
2,Mysuru,2020-05-24,15283.907096983909,MODIS/061/MOD11A2,GAUL_L2_polygon_mean (Mysore),6325,2020_05_24,"{""type"":""MultiPoint"",""coordinates"":[]}"
2,Mysuru,2020-06-01,15201.383430357917,MODIS/061/MOD11A2,GAUL_L2_polygon_mean (Mysore),364,2020_06_01,"{""type"":""MultiPoint"",""coordinates"":[]}"
2,Mysuru,2020-06-09,15246.66485606999,MODIS/061/MOD11A2,GAUL_L2_polygon_mean (Mysore),4100,2020_06_09,"{""type"":""MultiPoint"",""coordinates"":[]}"
2,Mysuru,2020-06-17,14947.166356373575,MODIS/061/MOD11A2,GAUL_L2_polygon_mean (Mysore),166,2020_06_17,"{""type"":""MultiPoint"",""coordinates"":[]}"
2,Mysuru,2020-06-25,15179.822579988466,MODIS/061/MOD11A2,GAUL_L2_polygon_mean (Mysore),3666,2020_06_25,"{""type"":""MultiPoint"",""coordinates"":[]}"
2,Mysuru,2020-07-03,14838.428486602828,MODIS/061/MOD11A2,GAUL_L2_polygon_mean (Mysore),105,2020_07_03,"{""type"":""MultiPoint"",""coordinates"":[]}"
2,Mysuru,2020-07-11,15136.638125357471,MODIS/061/MOD11A2,GAUL_L2_polygon_mean (Mysore),116,2020_07_11,"{""type"":""MultiPoint"",""coordinates"":[]}"
2,Mysuru,2020-07-19,15075.994375232569,MODIS/061/MOD11A2,GAUL_L2_polygon_mean (Mysore),1276,2020_07_19,"{""type"":""MultiPoint"",""coordinates"":[]}"
2,Mysuru,2020-07-27,15137.018417024634,MODIS/061/MOD11A2,GAUL_L2_polygon_mean (Mysore),556,2020_07_27,"{""type"":""MultiPoint"",""coordinates"":[]}"
2,Mysuru,2020-08-12,14732.681204894885,MODIS/061/MOD11A2,GAUL_L2_polygon_mean (Mysore),62,2020_08_12,"{""type"":""MultiPoint"",""coordinates"":[]}"
2,Mysuru,2020-08-20,15281.67492748715,MODIS/061/MOD11A2,GAUL_L2_polygon_mean (Mysore),5712,2020_08_20,"{""type"":""MultiPoint"",""coordinates"":[]}"
2,Mysuru,2020-08-28,15210.363812587484,MODIS/061/MOD11A2,GAUL_L2_polygon_mean (Mysore),5834,2020_08_28,"{""type"":""MultiPoint"",""coordinates"":[]}"
2,Mysuru,2020-09-05,15126.782807216947,MODIS/061/MOD11A2,GAUL_L2_polygon_mean (Mysore),1637,2020_09_05,"{""type"":""MultiPoint"",""coordinates"":[]}"
2,Mysuru,2020-09-13,15107.806918124314,MODIS/061/MOD11A2,GAUL_L2_polygon_mean (Mysore),840,2020_09_13,"{""type"":""MultiPoint"",""coordinates"":[]}"
2,Mysuru,2020-09-21,14934.182909681254,MODIS/061/MOD11A2,GAUL_L2_polygon_mean (Mysore),1229,2020_09_21,"{""type"":""MultiPoint"",""coordinates"":[]}"
2,Mysuru,2020-09-29,15148.150491094026,MODIS/061/MOD11A2,GAUL_L2_polygon_mean (Mysore),6230,2020_09_29,"{""type"":""MultiPoint"",""coordinates"":[]}"
2,Mysuru,2020-10-07,15022.521289353535,MODIS/061/MOD11A2,GAUL_L2_polygon_mean (Mysore),1973,2020_10_07,"{""type"":""MultiPoint"",""coordinates"":[]}"
2,Mysuru,2020-10-15,15046.845398038788,MODIS/061/MOD11A2,GAUL_L2_polygon_mean (Mysore),4655,2020_10_15,"{""type"":""MultiPoint"",""coordinates"":[]}"
2,Mysuru,2020-10-23,15125.578647133569,MODIS/061/MOD11A2,GAUL_L2_polygon_mean (Mysore),6325,2020_10_23,"{""type"":""MultiPoint"",""coordinates"":[]}"
2,Mysuru,2020-10-31,15063.368989743994,MODIS/061/MOD11A2,GAUL_L2_polygon_mean (Mysore),6324,2020_10_31,"{""type"":""MultiPoint"",""coordinates"":[]}"
2,Mysuru,2020-11-08,14980.752003970194,MODIS/061/MOD11A2,GAUL_L2_polygon_mean (Mysore),6294,2020_11_08,"{""type"":""MultiPoint"",""coordinates"":[]}"
2,Mysuru,2020-11-16,14989.43352858993,MODIS/061/MOD11A2,GAUL_L2_polygon_mean (Mysore),6325,2020_11_16,"{""type"":""MultiPoint"",""coordinates"":[]}"
2,Mysuru,2020-11-24,15006.104520206838,MODIS/061/MOD11A2,GAUL_L2_polygon_mean (Mysore),6300,2020_11_24,"{""type"":""MultiPoint"",""coordinates"":[]}"
2,Mysuru,2020-12-02,15068.463455163945,MODIS/061/MOD11A2,GAUL_L2_polygon_mean (Mysore),6316,2020_12_02,"{""type"":""MultiPoint"",""coordinates"":[]}"
2,Mysuru,2020-12-10,15091.17763925215,MODIS/061/MOD11A2,GAUL_L2_polygon_mean (Mysore),6325,2020_12_10,"{""type"":""MultiPoint"",""coordinates"":[]}"
2,Mysuru,2020-12-18,15062.966610128708,MODIS/061/MOD11A2,GAUL_L2_polygon_mean (Mysore),6325,2020_12_18,"{""type"":""MultiPoint"",""coordinates"":[]}"
2,Mysuru,2020-12-26,15173.620180830525,MODIS/061/MOD11A2,GAUL_L2_polygon_mean (Mysore),6325,2020_12_26,"{""type"":""MultiPoint"",""coordinates"":[]}"
2,Mysuru,2021-01-01,15052.652309293167,MODIS/061/MOD11A2,GAUL_L2_polygon_mean (Mysore),5438,2021_01_01,"{""type"":""MultiPoint"",""coordinates"":[]}"
2,Mysuru,2021-01-09,14955.603644002631,MODIS/061/MOD11A2,GAUL_L2_polygon_mean (Mysore),1236,2021_01_09,"{""type"":""MultiPoint"",""coordinates"":[]}"
2,Mysuru,2021-01-17,15141.05669038202,MODIS/061/MOD11A2,GAUL_L2_polygon_mean (Mysore),6325,2021_01_17,"{""type"":""MultiPoint"",""coordinates"":[]}"
2,Mysuru,2021-01-25,15216.685935072708,MODIS/061/MOD11A2,GAUL_L2_polygon_mean (Mysore),6325,2021_01_25,"{""type"":""MultiPoint"",""coordinates"":[]}"
2,Mysuru,2021-02-02,15307.033722398968,MODIS/061/MOD11A2,GAUL_L2_polygon_mean (Mysore),6325,2021_02_02,"{""type"":""MultiPoint"",""coordinates"":[]}"
2,Mysuru,2021-02-10,15337.182059512515,MODIS/061/MOD11A2,GAUL_L2_polygon_mean (Mysore),6325,2021_02_10,"{""type"":""MultiPoint"",""coordinates"":[]}"
2,Mysuru,2021-02-18,15249.127837031674,MODIS/061/MOD11A2,GAUL_L2_polygon_mean (Mysore),6325,2021_02_18,"{""type"":""MultiPoint"",""coordinates"":[]}"
2,Mysuru,2021-02-26,15482.349109371818,MODIS/061/MOD11A2,GAUL_L2_polygon_mean (Mysore),6325,2021_02_26,"{""type"":""MultiPoint"",""coordinates"":[]}"
2,Mysuru,2021-03-06,15602.841314203904,MODIS/061/MOD11A2,GAUL_L2_polygon_mean (Mysore),6325,2021_03_06,"{""type"":""MultiPoint"",""coordinates"":[]}"
2,Mysuru,2021-03-14,15531.920268429203,MODIS/061/MOD11A2,GAUL_L2_polygon_mean (Mysore),6325,2021_03_14,"{""type"":""MultiPoint"",""coordinates"":[]}"
2,Mysuru,2021-03-22,15617.68348330165,MODIS/061/MOD11A2,GAUL_L2_polygon_mean (Mysore),6325,2021_03_22,"{""type"":""MultiPoint"",""coordinates"":[]}"
2,Mysuru,2021-03-30,15537.666275615771,MODIS/061/MOD11A2,GAUL_L2_polygon_mean (Mysore),6325,2021_03_30,"{""type"":""MultiPoint"",""coordinates"":[]}"
2,Mysuru,2021-04-07,15633.783832207528,MODIS/061/MOD11A2,GAUL_L2_polygon_mean (Mysore),6325,2021_04_07,"{""type"":""MultiPoint"",""coordinates"":[]}"
2,Mysuru,2021-04-15,15345.581483544855,MODIS/061/MOD11A2,GAUL_L2_polygon_mean (Mysore),6325,2021_04_15,"{""type"":""MultiPoint"",""coordinates"":[]}"
2,Mysuru,2021-04-23,15408.040956891016,MODIS/061/MOD11A2,GAUL_L2_polygon_mean (Mysore),6177,2021_04_23,"{""type"":""MultiPoint"",""coordinates"":[]}"
2,Mysuru,2021-05-01,15328.213765574446,MODIS/061/MOD11A2,GAUL_L2_polygon_mean (Mysore),4900,2021_05_01,"{""type"":""MultiPoint"",""coordinates"":[]}"
2,Mysuru,2021-05-09,15430.81157739207,MODIS/061/MOD11A2,GAUL_L2_polygon_mean (Mysore),3768,2021_05_09,"{""type"":""MultiPoint"",""coordinates"":[]}"
2,Mysuru,2021-05-17,15377.519527725315,MODIS/061/MOD11A2,GAUL_L2_polygon_mean (Mysore),5985,2021_05_17,"{""type"":""MultiPoint"",""coordinates"":[]}"
2,Mysuru,2021-05-25,15259.554840876144,MODIS/061/MOD11A2,GAUL_L2_polygon_mean (Mysore),5292,2021_05_25,"{""type"":""MultiPoint"",""coordinates"":[]}"
2,Mysuru,2021-06-02,15294.020646201465,MODIS/061/MOD11A2,GAUL_L2_polygon_mean (Mysore),6323,2021_06_02,"{""type"":""MultiPoint"",""coordinates"":[]}"
2,Mysuru,2021-06-10,15144.095188526966,MODIS/061/MOD11A2,GAUL_L2_polygon_mean (Mysore),1863,2021_06_10,"{""type"":""MultiPoint"",""coordinates"":[]}"
2,Mysuru,2021-06-18,15177.040258388779,MODIS/061/MOD11A2,GAUL_L2_polygon_mean (Mysore),4669,2021_06_18,"{""type"":""MultiPoint"",""coordinates"":[]}"
2,Mysuru,2021-06-26,15360.805000071381,MODIS/061/MOD11A2,GAUL_L2_polygon_mean (Mysore),6046,2021_06_26,"{""type"":""MultiPoint"",""coordinates"":[]}"
2,Mysuru,2021-07-04,15033.554332191787,MODIS/061/MOD11A2,GAUL_L2_polygon_mean (Mysore),233,2021_07_04,"{""type"":""MultiPoint"",""coordinates"":[]}"
2,Mysuru,2021-07-12,14874.837020499292,MODIS/061/MOD11A2,GAUL_L2_polygon_mean (Mysore),20,2021_07_12,"{""type"":""MultiPoint"",""coordinates"":[]}"
2,Mysuru,2021-07-20,14897.656764256759,MODIS/061/MOD11A2,GAUL_L2_polygon_mean (Mysore),1016,2021_07_20,"{""type"":""MultiPoint"",""coordinates"":[]}"
2,Mysuru,2021-07-28,15009.872942441787,MODIS/061/MOD11A2,GAUL_L2_polygon_mean (Mysore),2207,2021_07_28,"{""type"":""MultiPoint"",""coordinates"":[]}"
2,Mysuru,2021-08-05,15059.845637147719,MODIS/061/MOD11A2,GAUL_L2_polygon_mean (Mysore),1870,2021_08_05,"{""type"":""MultiPoint"",""coordinates"":[]}"
2,Mysuru,2021-08-13,14781.758620689656,MODIS/061/MOD11A2,GAUL_L2_polygon_mean (Mysore),29,2021_08_13,"{""type"":""MultiPoint"",""coordinates"":[]}"
2,Mysuru,2021-08-21,15107.119202755917,MODIS/061/MOD11A2,GAUL_L2_polygon_mean (Mysore),3188,2021_08_21,"{""type"":""MultiPoint"",""coordinates"":[]}"
2,Mysuru,2021-08-29,14946.347899417355,MODIS/061/MOD11A2,GAUL_L2_polygon_mean (Mysore),203,2021_08_29,"{""type"":""MultiPoint"",""coordinates"":[]}"
2,Mysuru,2021-09-06,15084.46327053049,MODIS/061/MOD11A2,GAUL_L2_polygon_mean (Mysore),3986,2021_09_06,"{""type"":""MultiPoint"",""coordinates"":[]}"
2,Mysuru,2021-09-14,15195.21205544486,MODIS/061/MOD11A2,GAUL_L2_polygon_mean (Mysore),3382,2021_09_14,"{""type"":""MultiPoint"",""coordinates"":[]}"
2,Mysuru,2021-09-22,15217.607082566617,MODIS/061/MOD11A2,GAUL_L2_polygon_mean (Mysore),2371,2021_09_22,"{""type"":""MultiPoint"",""coordinates"":[]}"
2,Mysuru,2021-09-30,15114.04321091286,MODIS/061/MOD11A2,GAUL_L2_polygon_mean (Mysore),4630,2021_09_30,"{""type"":""MultiPoint"",""coordinates"":[]}"
2,Mysuru,2021-10-08,15020.354526266077,MODIS/061/MOD11A2,GAUL_L2_polygon_mean (Mysore),3387,2021_10_08,"{""type"":""MultiPoint"",""coordinates"":[]}"
2,Mysuru,2021-10-16,15051.326240549593,MODIS/061/MOD11A2,GAUL_L2_polygon_mean (Mysore),4188,2021_10_16,"{""type"":""MultiPoint"",""coordinates"":[]}"
2,Mysuru,2021-10-24,14958.265357826383,MODIS/061/MOD11A2,GAUL_L2_polygon_mean (Mysore),4996,2021_10_24,"{""type"":""MultiPoint"",""coordinates"":[]}"
2,Mysuru,2021-11-01,14825.578385542854,MODIS/061/MOD11A2,GAUL_L2_polygon_mean (Mysore),555,2021_11_01,"{""type"":""MultiPoint"",""coordinates"":[]}"
2,Mysuru,2021-11-09,14766.205296155344,MODIS/061/MOD11A2,GAUL_L2_polygon_mean (Mysore),645,2021_11_09,"{""type"":""MultiPoint"",""coordinates"":[]}"
2,Mysuru,2021-11-17,14926.049263505492,MODIS/061/MOD11A2,GAUL_L2_polygon_mean (Mysore),5744,2021_11_17,"{""type"":""MultiPoint"",""coordinates"":[]}"
2,Mysuru,2021-11-25,14932.655907182127,MODIS/061/MOD11A2,GAUL_L2_polygon_mean (Mysore),3793,2021_11_25,"{""type"":""MultiPoint"",""coordinates"":[]}"
2,Mysuru,2021-12-03,14964.507537544961,MODIS/061/MOD11A2,GAUL_L2_polygon_mean (Mysore),6321,2021_12_03,"{""type"":""MultiPoint"",""coordinates"":[]}"
2,Mysuru,2021-12-11,14999.905361760333,MODIS/061/MOD11A2,GAUL_L2_polygon_mean (Mysore),6325,2021_12_11,"{""type"":""MultiPoint"",""coordinates"":[]}"
2,Mysuru,2021-12-19,15034.652323102724,MODIS/061/MOD11A2,GAUL_L2_polygon_mean (Mysore),6325,2021_12_19,"{""type"":""MultiPoint"",""coordinates"":[]}"
2,Mysuru,2021-12-27,15089.05732007525,MODIS/061/MOD11A2,GAUL_L2_polygon_mean (Mysore),6325,2021_12_27,"{""type"":""MultiPoint"",""coordinates"":[]}"
2,Mysuru,2022-01-01,15061.603416101294,MODIS/061/MOD11A2,GAUL_L2_polygon_mean (Mysore),6325,2022_01_01,"{""type"":""MultiPoint"",""coordinates"":[]}"
2,Mysuru,2022-01-09,15120.097143364072,MODIS/061/MOD11A2,GAUL_L2_polygon_mean (Mysore),6325,2022_01_09,"{""type"":""MultiPoint"",""coordinates"":[]}"
2,Mysuru,2022-01-17,15163.27869105698,MODIS/061/MOD11A2,GAUL_L2_polygon_mean (Mysore),6325,2022_01_17,"{""type"":""MultiPoint"",""coordinates"":[]}"
2,Mysuru,2022-01-25,15134.803047534386,MODIS/061/MOD11A2,GAUL_L2_polygon_mean (Mysore),6321,2022_01_25,"{""type"":""MultiPoint"",""coordinates"":[]}"
2,Mysuru,2022-02-02,15259.385268032182,MODIS/061/MOD11A2,GAUL_L2_polygon_mean (Mysore),6325,2022_02_02,"{""type"":""MultiPoint"",""coordinates"":[]}"
2,Mysuru,2022-02-10,15170.81843413019,MODIS/061/MOD11A2,GAUL_L2_polygon_mean (Mysore),6324,2022_02_10,"{""type"":""MultiPoint"",""coordinates"":[]}"
2,Mysuru,2022-02-18,15374.14097311488,MODIS/061/MOD11A2,GAUL_L2_polygon_mean (Mysore),6325,2022_02_18,"{""type"":""MultiPoint"",""coordinates"":[]}"
2,Mysuru,2022-02-26,15411.30582618232,MODIS/061/MOD11A2,GAUL_L2_polygon_mean (Mysore),6325,2022_02_26,"{""type"":""MultiPoint"",""coordinates"":[]}"
2,Mysuru,2022-03-06,15477.813762798563,MODIS/061/MOD11A2,GAUL_L2_polygon_mean (Mysore),6325,2022_03_06,"{""type"":""MultiPoint"",""coordinates"":[]}"
2,Mysuru,2022-03-14,15343.81179927243,MODIS/061/MOD11A2,GAUL_L2_polygon_mean (Mysore),6325,2022_03_14,"{""type"":""MultiPoint"",""coordinates"":[]}"
2,Mysuru,2022-03-22,15362.980983884827,MODIS/061/MOD11A2,GAUL_L2_polygon_mean (Mysore),6325,2022_03_22,"{""type"":""MultiPoint"",""coordinates"":[]}"
2,Mysuru,2022-03-30,15289.026256036357,MODIS/061/MOD11A2,GAUL_L2_polygon_mean (Mysore),6325,2022_03_30,"{""type"":""MultiPoint"",""coordinates"":[]}"
2,Mysuru,2022-04-07,15356.387874887052,MODIS/061/MOD11A2,GAUL_L2_polygon_mean (Mysore),5012,2022_04_07,"{""type"":""MultiPoint"",""coordinates"":[]}"
2,Mysuru,2022-04-15,15320.021240204069,MODIS/061/MOD11A2,GAUL_L2_polygon_mean (Mysore),6325,2022_04_15,"{""type"":""MultiPoint"",""coordinates"":[]}"
2,Mysuru,2022-04-23,15463.112389384933,MODIS/061/MOD11A2,GAUL_L2_polygon_mean (Mysore),6325,2022_04_23,"{""type"":""MultiPoint"",""coordinates"":[]}"
2,Mysuru,2022-05-01,15192.100865208331,MODIS/061/MOD11A2,GAUL_L2_polygon_mean (Mysore),5540,2022_05_01,"{""type"":""MultiPoint"",""coordinates"":[]}"
2,Mysuru,2022-05-09,15056.702989077117,MODIS/061/MOD11A2,GAUL_L2_polygon_mean (Mysore),363,2022_05_09,"{""type"":""MultiPoint"",""coordinates"":[]}"
2,Mysuru,2022-05-17,15028.976772268197,MODIS/061/MOD11A2,GAUL_L2_polygon_mean (Mysore),5737,2022_05_17,"{""type"":""MultiPoint"",""coordinates"":[]}"
2,Mysuru,2022-05-25,15149.29182240981,MODIS/061/MOD11A2,GAUL_L2_polygon_mean (Mysore),6206,2022_05_25,"{""type"":""MultiPoint"",""coordinates"":[]}"
2,Mysuru,2022-06-02,15131.56255118195,MODIS/061/MOD11A2,GAUL_L2_polygon_mean (Mysore),6325,2022_06_02,"{""type"":""MultiPoint"",""coordinates"":[]}"
2,Mysuru,2022-06-10,15252.559498315384,MODIS/061/MOD11A2,GAUL_L2_polygon_mean (Mysore),2799,2022_06_10,"{""type"":""MultiPoint"",""coordinates"":[]}"
2,Mysuru,2022-06-18,15037.23671555252,MODIS/061/MOD11A2,GAUL_L2_polygon_mean (Mysore),229,2022_06_18,"{""type"":""MultiPoint"",""coordinates"":[]}"
2,Mysuru,2022-06-26,14843.787603221528,MODIS/061/MOD11A2,GAUL_L2_polygon_mean (Mysore),387,2022_06_26,"{""type"":""MultiPoint"",""coordinates"":[]}"
2,Mysuru,2022-07-12,14821.535285961028,MODIS/061/MOD11A2,GAUL_L2_polygon_mean (Mysore),1131,2022_07_12,"{""type"":""MultiPoint"",""coordinates"":[]}"
2,Mysuru,2022-07-28,14965.41704370827,MODIS/061/MOD11A2,GAUL_L2_polygon_mean (Mysore),826,2022_07_28,"{""type"":""MultiPoint"",""coordinates"":[]}"
2,Mysuru,2022-08-05,14445.471439261662,MODIS/061/MOD11A2,GAUL_L2_polygon_mean (Mysore),94,2022_08_05,"{""type"":""MultiPoint"",""coordinates"":[]}"
2,Mysuru,2022-08-13,15081.367996446399,MODIS/061/MOD11A2,GAUL_L2_polygon_mean (Mysore),6325,2022_08_13,"{""type"":""MultiPoint"",""coordinates"":[]}"
2,Mysuru,2022-08-21,15042.373781653685,MODIS/061/MOD11A2,GAUL_L2_polygon_mean (Mysore),86,2022_08_21,"{""type"":""MultiPoint"",""coordinates"":[]}"
2,Mysuru,2022-08-29,15024.217457432815,MODIS/061/MOD11A2,GAUL_L2_polygon_mean (Mysore),3111,2022_08_29,"{""type"":""MultiPoint"",""coordinates"":[]}"
2,Mysuru,2022-09-06,14807.386488340193,MODIS/061/MOD11A2,GAUL_L2_polygon_mean (Mysore),13,2022_09_06,"{""type"":""MultiPoint"",""coordinates"":[]}"
2,Mysuru,2022-09-14,15003.93443931241,MODIS/061/MOD11A2,GAUL_L2_polygon_mean (Mysore),4352,2022_09_14,"{""type"":""MultiPoint"",""coordinates"":[]}"
2,Mysuru,2022-09-22,15087.832046511698,MODIS/061/MOD11A2,GAUL_L2_polygon_mean (Mysore),5481,2022_09_22,"{""type"":""MultiPoint"",""coordinates"":[]}"
2,Mysuru,2022-09-30,15131.82220935533,MODIS/061/MOD11A2,GAUL_L2_polygon_mean (Mysore),4779,2022_09_30,"{""type"":""MultiPoint"",""coordinates"":[]}"
2,Mysuru,2022-10-24,15025.157356926245,MODIS/061/MOD11A2,GAUL_L2_polygon_mean (Mysore),6325,2022_10_24,"{""type"":""MultiPoint"",""coordinates"":[]}"
2,Mysuru,2022-11-01,14995.817283516635,MODIS/061/MOD11A2,GAUL_L2_polygon_mean (Mysore),4819,2022_11_01,"{""type"":""MultiPoint"",""coordinates"":[]}"
2,Mysuru,2022-11-09,14979.15181023463,MODIS/061/MOD11A2,GAUL_L2_polygon_mean (Mysore),6082,2022_11_09,"{""type"":""MultiPoint"",""coordinates"":[]}"
2,Mysuru,2022-11-17,15003.084431625859,MODIS/061/MOD11A2,GAUL_L2_polygon_mean (Mysore),6325,2022_11_17,"{""type"":""MultiPoint"",""coordinates"":[]}"
2,Mysuru,2022-11-25,15023.917694569593,MODIS/061/MOD11A2,GAUL_L2_polygon_mean (Mysore),6308,2022_11_25,"{""type"":""MultiPoint"",""coordinates"":[]}"
2,Mysuru,2022-12-03,15038.381984740487,MODIS/061/MOD11A2,GAUL_L2_polygon_mean (Mysore),5153,2022_12_03,"{""type"":""MultiPoint"",""coordinates"":[]}"
2,Mysuru,2022-12-11,15037.123338602467,MODIS/061/MOD11A2,GAUL_L2_polygon_mean (Mysore),6325,2022_12_11,"{""type"":""MultiPoint"",""coordinates"":[]}"
2,Mysuru,2022-12-19,15047.877103113366,MODIS/061/MOD11A2,GAUL_L2_polygon_mean (Mysore),6325,2022_12_19,"{""type"":""MultiPoint"",""coordinates"":[]}"
2,Mysuru,2022-12-27,15102.539089990903,MODIS/061/MOD11A2,GAUL_L2_polygon_mean (Mysore),6325,2022_12_27,"{""type"":""MultiPoint"",""coordinates"":[]}"
2,Mysuru,2023-01-01,15052.123700908738,MODIS/061/MOD11A2,GAUL_L2_polygon_mean (Mysore),6325,2023_01_01,"{""type"":""MultiPoint"",""coordinates"":[]}"
2,Mysuru,2023-01-09,15083.895611751634,MODIS/061/MOD11A2,GAUL_L2_polygon_mean (Mysore),6325,2023_01_09,"{""type"":""MultiPoint"",""coordinates"":[]}"
2,Mysuru,2023-01-17,15115.169829194941,MODIS/061/MOD11A2,GAUL_L2_polygon_mean (Mysore),6325,2023_01_17,"{""type"":""MultiPoint"",""coordinates"":[]}"
2,Mysuru,2023-01-25,15127.144548407598,MODIS/061/MOD11A2,GAUL_L2_polygon_mean (Mysore),6325,2023_01_25,"{""type"":""MultiPoint"",""coordinates"":[]}"
2,Mysuru,2023-02-02,15205.917941976424,MODIS/061/MOD11A2,GAUL_L2_polygon_mean (Mysore),6325,2023_02_02,"{""type"":""MultiPoint"",""coordinates"":[]}"
2,Mysuru,2023-02-10,15332.01311995313,MODIS/061/MOD11A2,GAUL_L2_polygon_mean (Mysore),6325,2023_02_10,"{""type"":""MultiPoint"",""coordinates"":[]}"
2,Mysuru,2023-02-18,15348.284580394744,MODIS/061/MOD11A2,GAUL_L2_polygon_mean (Mysore),6325,2023_02_18,"{""type"":""MultiPoint"",""coordinates"":[]}"
2,Mysuru,2023-02-26,15392.658253386075,MODIS/061/MOD11A2,GAUL_L2_polygon_mean (Mysore),6325,2023_02_26,"{""type"":""MultiPoint"",""coordinates"":[]}"
2,Mysuru,2023-03-06,15484.028102309345,MODIS/061/MOD11A2,GAUL_L2_polygon_mean (Mysore),6325,2023_03_06,"{""type"":""MultiPoint"",""coordinates"":[]}"
2,Mysuru,2023-03-14,15384.55669720627,MODIS/061/MOD11A2,GAUL_L2_polygon_mean (Mysore),6325,2023_03_14,"{""type"":""MultiPoint"",""coordinates"":[]}"
2,Mysuru,2023-03-22,15493.361303706939,MODIS/061/MOD11A2,GAUL_L2_polygon_mean (Mysore),6325,2023_03_22,"{""type"":""MultiPoint"",""coordinates"":[]}"
2,Mysuru,2023-03-30,15479.49713443049,MODIS/061/MOD11A2,GAUL_L2_polygon_mean (Mysore),6325,2023_03_30,"{""type"":""MultiPoint"",""coordinates"":[]}"
2,Mysuru,2023-04-07,15592.320662127087,MODIS/061/MOD11A2,GAUL_L2_polygon_mean (Mysore),6325,2023_04_07,"{""type"":""MultiPoint"",""coordinates"":[]}"
2,Mysuru,2023-04-15,15538.229456490963,MODIS/061/MOD11A2,GAUL_L2_polygon_mean (Mysore),6325,2023_04_15,"{""type"":""MultiPoint"",""coordinates"":[]}"
2,Mysuru,2023-04-23,15387.638882553163,MODIS/061/MOD11A2,GAUL_L2_polygon_mean (Mysore),6297,2023_04_23,"{""type"":""MultiPoint"",""coordinates"":[]}"
2,Mysuru,2023-05-01,15327.313742273951,MODIS/061/MOD11A2,GAUL_L2_polygon_mean (Mysore),4717,2023_05_01,"{""type"":""MultiPoint"",""coordinates"":[]}"
2,Mysuru,2023-05-09,15179.283184523056,MODIS/061/MOD11A2,GAUL_L2_polygon_mean (Mysore),6325,2023_05_09,"{""type"":""MultiPoint"",""coordinates"":[]}"
2,Mysuru,2023-05-17,15299.930990585004,MODIS/061/MOD11A2,GAUL_L2_polygon_mean (Mysore),6325,2023_05_17,"{""type"":""MultiPoint"",""coordinates"":[]}"
2,Mysuru,2023-05-25,15271.467801892939,MODIS/061/MOD11A2,GAUL_L2_polygon_mean (Mysore),6325,2023_05_25,"{""type"":""MultiPoint"",""coordinates"":[]}"
2,Mysuru,2023-06-02,15152.535272959565,MODIS/061/MOD11A2,GAUL_L2_polygon_mean (Mysore),6057,2023_06_02,"{""type"":""MultiPoint"",""coordinates"":[]}"
2,Mysuru,2023-06-10,15176.38055006005,MODIS/061/MOD11A2,GAUL_L2_polygon_mean (Mysore),4947,2023_06_10,"{""type"":""MultiPoint"",""coordinates"":[]}"
2,Mysuru,2023-06-18,15023.798412990865,MODIS/061/MOD11A2,GAUL_L2_polygon_mean (Mysore),1596,2023_06_18,"{""type"":""MultiPoint"",""coordinates"":[]}"
2,Mysuru,2023-06-26,15091.244916779628,MODIS/061/MOD11A2,GAUL_L2_polygon_mean (Mysore),1059,2023_06_26,"{""type"":""MultiPoint"",""coordinates"":[]}"
2,Mysuru,2023-07-12,14891.675967991736,MODIS/061/MOD11A2,GAUL_L2_polygon_mean (Mysore),301,2023_07_12,"{""type"":""MultiPoint"",""coordinates"":[]}"
2,Mysuru,2023-07-20,14783.901421800947,MODIS/061/MOD11A2,GAUL_L2_polygon_mean (Mysore),244,2023_07_20,"{""type"":""MultiPoint"",""coordinates"":[]}"
2,Mysuru,2023-07-28,15018.368935104712,MODIS/061/MOD11A2,GAUL_L2_polygon_mean (Mysore),3506,2023_07_28,"{""type"":""MultiPoint"",""coordinates"":[]}"
2,Mysuru,2023-08-05,15061.777422504236,MODIS/061/MOD11A2,GAUL_L2_polygon_mean (Mysore),2531,2023_08_05,"{""type"":""MultiPoint"",""coordinates"":[]}"
2,Mysuru,2023-08-13,15144.32576489636,MODIS/061/MOD11A2,GAUL_L2_polygon_mean (Mysore),6108,2023_08_13,"{""type"":""MultiPoint"",""coordinates"":[]}"
2,Mysuru,2023-08-21,15208.742929480175,MODIS/061/MOD11A2,GAUL_L2_polygon_mean (Mysore),6128,2023_08_21,"{""type"":""MultiPoint"",""coordinates"":[]}"
2,Mysuru,2023-08-29,15247.233951426506,MODIS/061/MOD11A2,GAUL_L2_polygon_mean (Mysore),4157,2023_08_29,"{""type"":""MultiPoint"",""coordinates"":[]}"
2,Mysuru,2023-09-06,15131.307347384405,MODIS/061/MOD11A2,GAUL_L2_polygon_mean (Mysore),2155,2023_09_06,"{""type"":""MultiPoint"",""coordinates"":[]}"
2,Mysuru,2023-09-14,15109.743874232534,MODIS/061/MOD11A2,GAUL_L2_polygon_mean (Mysore),560,2023_09_14,"{""type"":""MultiPoint"",""coordinates"":[]}"
2,Mysuru,2023-09-22,15167.567078344824,MODIS/061/MOD11A2,GAUL_L2_polygon_mean (Mysore),1098,2023_09_22,"{""type"":""MultiPoint"",""coordinates"":[]}"
2,Mysuru,2023-09-30,15273.471018601706,MODIS/061/MOD11A2,GAUL_L2_polygon_mean (Mysore),6325,2023_09_30,"{""type"":""MultiPoint"",""coordinates"":[]}"
2,Mysuru,2023-10-08,15013.488589891918,MODIS/061/MOD11A2,GAUL_L2_polygon_mean (Mysore),4671,2023_10_08,"{""type"":""MultiPoint"",""coordinates"":[]}"
2,Mysuru,2023-10-16,15087.409046970844,MODIS/061/MOD11A2,GAUL_L2_polygon_mean (Mysore),6324,2023_10_16,"{""type"":""MultiPoint"",""coordinates"":[]}"
2,Mysuru,2023-10-24,15162.637561300742,MODIS/061/MOD11A2,GAUL_L2_polygon_mean (Mysore),6323,2023_10_24,"{""type"":""MultiPoint"",""coordinates"":[]}"
2,Mysuru,2023-11-01,15145.064725154984,MODIS/061/MOD11A2,GAUL_L2_polygon_mean (Mysore),4306,2023_11_01,"{""type"":""MultiPoint"",""coordinates"":[]}"
2,Mysuru,2023-11-09,14983.977049225114,MODIS/061/MOD11A2,GAUL_L2_polygon_mean (Mysore),6320,2023_11_09,"{""type"":""MultiPoint"",""coordinates"":[]}"
2,Mysuru,2023-11-17,15068.104624849286,MODIS/061/MOD11A2,GAUL_L2_polygon_mean (Mysore),6212,2023_11_17,"{""type"":""MultiPoint"",""coordinates"":[]}"
2,Mysuru,2023-11-25,14968.403072676092,MODIS/061/MOD11A2,GAUL_L2_polygon_mean (Mysore),5916,2023_11_25,"{""type"":""MultiPoint"",""coordinates"":[]}"
2,Mysuru,2023-12-03,14968.668809349154,MODIS/061/MOD11A2,GAUL_L2_polygon_mean (Mysore),3927,2023_12_03,"{""type"":""MultiPoint"",""coordinates"":[]}"
2,Mysuru,2023-12-11,14980.425675824228,MODIS/061/MOD11A2,GAUL_L2_polygon_mean (Mysore),5889,2023_12_11,"{""type"":""MultiPoint"",""coordinates"":[]}"
2,Mysuru,2023-12-19,15060.562729853547,MODIS/061/MOD11A2,GAUL_L2_polygon_mean (Mysore),6325,2023_12_19,"{""type"":""MultiPoint"",""coordinates"":[]}"
2,Mysuru,2023-12-27,15103.7161708944,MODIS/061/MOD11A2,GAUL_L2_polygon_mean (Mysore),6325,2023_12_27,"{""type"":""MultiPoint"",""coordinates"":[]}"
2,Mysuru,2024-01-01,15028.906382730454,MODIS/061/MOD11A2,GAUL_L2_polygon_mean (Mysore),1346,2024_01_01,"{""type"":""MultiPoint"",""coordinates"":[]}"
2,Mysuru,2024-01-09,15118.425710467669,MODIS/061/MOD11A2,GAUL_L2_polygon_mean (Mysore),6325,2024_01_09,"{""type"":""MultiPoint"",""coordinates"":[]}"
2,Mysuru,2024-01-17,15104.897579000142,MODIS/061/MOD11A2,GAUL_L2_polygon_mean (Mysore),6325,2024_01_17,"{""type"":""MultiPoint"",""coordinates"":[]}"
2,Mysuru,2024-01-25,15183.725608848194,MODIS/061/MOD11A2,GAUL_L2_polygon_mean (Mysore),6325,2024_01_25,"{""type"":""MultiPoint"",""coordinates"":[]}"
2,Mysuru,2024-02-02,15265.437914108608,MODIS/061/MOD11A2,GAUL_L2_polygon_mean (Mysore),6325,2024_02_02,"{""type"":""MultiPoint"",""coordinates"":[]}"
2,Mysuru,2024-02-10,15296.32318089998,MODIS/061/MOD11A2,GAUL_L2_polygon_mean (Mysore),6325,2024_02_10,"{""type"":""MultiPoint"",""coordinates"":[]}"
2,Mysuru,2024-02-18,15342.816174864898,MODIS/061/MOD11A2,GAUL_L2_polygon_mean (Mysore),6325,2024_02_18,"{""type"":""MultiPoint"",""coordinates"":[]}"
2,Mysuru,2024-02-26,15424.623141939659,MODIS/061/MOD11A2,GAUL_L2_polygon_mean (Mysore),6325,2024_02_26,"{""type"":""MultiPoint"",""coordinates"":[]}"
2,Mysuru,2024-03-05,15455.684621092176,MODIS/061/MOD11A2,GAUL_L2_polygon_mean (Mysore),6325,2024_03_05,"{""type"":""MultiPoint"",""coordinates"":[]}"
2,Mysuru,2024-03-13,15482.7018256761,MODIS/061/MOD11A2,GAUL_L2_polygon_mean (Mysore),6325,2024_03_13,"{""type"":""MultiPoint"",""coordinates"":[]}"
2,Mysuru,2024-03-21,15495.541688173405,MODIS/061/MOD11A2,GAUL_L2_polygon_mean (Mysore),6325,2024_03_21,"{""type"":""MultiPoint"",""coordinates"":[]}"
2,Mysuru,2024-03-29,15570.534087186757,MODIS/061/MOD11A2,GAUL_L2_polygon_mean (Mysore),6325,2024_03_29,"{""type"":""MultiPoint"",""coordinates"":[]}"
2,Mysuru,2024-04-06,15592.222926293021,MODIS/061/MOD11A2,GAUL_L2_polygon_mean (Mysore),6325,2024_04_06,"{""type"":""MultiPoint"",""coordinates"":[]}"
2,Mysuru,2024-04-14,15549.766291373631,MODIS/061/MOD11A2,GAUL_L2_polygon_mean (Mysore),6325,2024_04_14,"{""type"":""MultiPoint"",""coordinates"":[]}"
2,Mysuru,2024-04-22,15582.41314017778,MODIS/061/MOD11A2,GAUL_L2_polygon_mean (Mysore),6325,2024_04_22,"{""type"":""MultiPoint"",""coordinates"":[]}"
2,Mysuru,2024-04-30,15460.135765024796,MODIS/061/MOD11A2,GAUL_L2_polygon_mean (Mysore),6320,2024_04_30,"{""type"":""MultiPoint"",""coordinates"":[]}"
2,Mysuru,2024-05-08,15239.172904473462,MODIS/061/MOD11A2,GAUL_L2_polygon_mean (Mysore),4217,2024_05_08,"{""type"":""MultiPoint"",""coordinates"":[]}"
2,Mysuru,2024-05-16,15256.813887860277,MODIS/061/MOD11A2,GAUL_L2_polygon_mean (Mysore),2541,2024_05_16,"{""type"":""MultiPoint"",""coordinates"":[]}"
2,Mysuru,2024-05-24,15184.159484015305,MODIS/061/MOD11A2,GAUL_L2_polygon_mean (Mysore),657,2024_05_24,"{""type"":""MultiPoint"",""coordinates"":[]}"
2,Mysuru,2024-06-01,15118.784849552048,MODIS/061/MOD11A2,GAUL_L2_polygon_mean (Mysore),4208,2024_06_01,"{""type"":""MultiPoint"",""coordinates"":[]}"
2,Mysuru,2024-06-09,15151.16085395679,MODIS/061/MOD11A2,GAUL_L2_polygon_mean (Mysore),6196,2024_06_09,"{""type"":""MultiPoint"",""coordinates"":[]}"
2,Mysuru,2024-06-17,15084.589010602971,MODIS/061/MOD11A2,GAUL_L2_polygon_mean (Mysore),1229,2024_06_17,"{""type"":""MultiPoint"",""coordinates"":[]}"
2,Mysuru,2024-06-25,14847.881257876774,MODIS/061/MOD11A2,GAUL_L2_polygon_mean (Mysore),1237,2024_06_25,"{""type"":""MultiPoint"",""coordinates"":[]}"
2,Mysuru,2024-07-03,15027.268556432897,MODIS/061/MOD11A2,GAUL_L2_polygon_mean (Mysore),3702,2024_07_03,"{""type"":""MultiPoint"",""coordinates"":[]}"
2,Mysuru,2024-07-11,15192.837924237288,MODIS/061/MOD11A2,GAUL_L2_polygon_mean (Mysore),1996,2024_07_11,"{""type"":""MultiPoint"",""coordinates"":[]}"
2,Mysuru,2024-08-04,14894.323005329943,MODIS/061/MOD11A2,GAUL_L2_polygon_mean (Mysore),728,2024_08_04,"{""type"":""MultiPoint"",""coordinates"":[]}"
2,Mysuru,2024-08-12,14916.946366381075,MODIS/061/MOD11A2,GAUL_L2_polygon_mean (Mysore),1182,2024_08_12,"{""type"":""MultiPoint"",""coordinates"":[]}"
2,Mysuru,2024-08-20,14970.043947708135,MODIS/061/MOD11A2,GAUL_L2_polygon_mean (Mysore),2650,2024_08_20,"{""type"":""MultiPoint"",""coordinates"":[]}"
2,Mysuru,2024-08-28,15006.983947377943,MODIS/061/MOD11A2,GAUL_L2_polygon_mean (Mysore),5101,2024_08_28,"{""type"":""MultiPoint"",""coordinates"":[]}"
2,Mysuru,2024-09-05,14926.243344888524,MODIS/061/MOD11A2,GAUL_L2_polygon_mean (Mysore),2945,2024_09_05,"{""type"":""MultiPoint"",""coordinates"":[]}"
2,Mysuru,2024-09-13,15112.152592350863,MODIS/061/MOD11A2,GAUL_L2_polygon_mean (Mysore),6325,2024_09_13,"{""type"":""MultiPoint"",""coordinates"":[]}"
2,Mysuru,2024-09-21,15171.856254780614,MODIS/061/MOD11A2,GAUL_L2_polygon_mean (Mysore),6248,2024_09_21,"{""type"":""MultiPoint"",""coordinates"":[]}"
2,Mysuru,2024-09-29,15144.19819456412,MODIS/061/MOD11A2,GAUL_L2_polygon_mean (Mysore),6012,2024_09_29,"{""type"":""MultiPoint"",""coordinates"":[]}"
2,Mysuru,2024-10-07,14897.599672695465,MODIS/061/MOD11A2,GAUL_L2_polygon_mean (Mysore),138,2024_10_07,"{""type"":""MultiPoint"",""coordinates"":[]}"
2,Mysuru,2024-10-15,14790.923911387787,MODIS/061/MOD11A2,GAUL_L2_polygon_mean (Mysore),595,2024_10_15,"{""type"":""MultiPoint"",""coordinates"":[]}"
2,Mysuru,2024-10-23,15018.46849792663,MODIS/061/MOD11A2,GAUL_L2_polygon_mean (Mysore),6323,2024_10_23,"{""type"":""MultiPoint"",""coordinates"":[]}"
2,Mysuru,2024-10-31,14943.205323420361,MODIS/061/MOD11A2,GAUL_L2_polygon_mean (Mysore),6325,2024_10_31,"{""type"":""MultiPoint"",""coordinates"":[]}"
2,Mysuru,2024-11-08,14941.148249305044,MODIS/061/MOD11A2,GAUL_L2_polygon_mean (Mysore),6299,2024_11_08,"{""type"":""MultiPoint"",""coordinates"":[]}"
2,Mysuru,2024-11-16,14948.57049691668,MODIS/061/MOD11A2,GAUL_L2_polygon_mean (Mysore),6290,2024_11_16,"{""type"":""MultiPoint"",""coordinates"":[]}"
2,Mysuru,2024-11-24,14839.097184398286,MODIS/061/MOD11A2,GAUL_L2_polygon_mean (Mysore),4706,2024_11_24,"{""type"":""MultiPoint"",""coordinates"":[]}"
2,Mysuru,2024-12-02,14942.024062861356,MODIS/061/MOD11A2,GAUL_L2_polygon_mean (Mysore),6216,2024_12_02,"{""type"":""MultiPoint"",""coordinates"":[]}"
2,Mysuru,2024-12-10,14917.101826668706,MODIS/061/MOD11A2,GAUL_L2_polygon_mean (Mysore),6325,2024_12_10,"{""type"":""MultiPoint"",""coordinates"":[]}"
2,Mysuru,2024-12-18,14940.315334860308,MODIS/061/MOD11A2,GAUL_L2_polygon_mean (Mysore),6325,2024_12_18,"{""type"":""MultiPoint"",""coordinates"":[]}"
2,Mysuru,2024-12-26,14991.157213616762,MODIS/061/MOD11A2,GAUL_L2_polygon_mean (Mysore),6325,2024_12_26,"{""type"":""MultiPoint"",""coordinates"":[]}"
2,Mysuru,2025-01-01,14937.435793004,MODIS/061/MOD11A2,GAUL_L2_polygon_mean (Mysore),6325,2025_01_01,"{""type"":""MultiPoint"",""coordinates"":[]}"
2,Mysuru,2025-01-09,14931.548040114487,MODIS/061/MOD11A2,GAUL_L2_polygon_mean (Mysore),6169,2025_01_09,"{""type"":""MultiPoint"",""coordinates"":[]}"
2,Mysuru,2025-01-17,15013.240583139353,MODIS/061/MOD11A2,GAUL_L2_polygon_mean (Mysore),6325,2025_01_17,"{""type"":""MultiPoint"",""coordinates"":[]}"
2,Mysuru,2025-01-25,15041.844996823618,MODIS/061/MOD11A2,GAUL_L2_polygon_mean (Mysore),6325,2025_01_25,"{""type"":""MultiPoint"",""coordinates"":[]}"
2,Mysuru,2025-02-02,15167.529086864144,MODIS/061/MOD11A2,GAUL_L2_polygon_mean (Mysore),6325,2025_02_02,"{""type"":""MultiPoint"",""coordinates"":[]}"
2,Mysuru,2025-02-10,15190.490414393995,MODIS/061/MOD11A2,GAUL_L2_polygon_mean (Mysore),6325,2025_02_10,"{""type"":""MultiPoint"",""coordinates"":[]}"
2,Mysuru,2025-02-18,15235.045363348498,MODIS/061/MOD11A2,GAUL_L2_polygon_mean (Mysore),6325,2025_02_18,"{""type"":""MultiPoint"",""coordinates"":[]}"
2,Mysuru,2025-02-26,15227.018952215281,MODIS/061/MOD11A2,GAUL_L2_polygon_mean (Mysore),6325,2025_02_26,"{""type"":""MultiPoint"",""coordinates"":[]}"
2,Mysuru,2025-03-06,15346.327493833347,MODIS/061/MOD11A2,GAUL_L2_polygon_mean (Mysore),6325,2025_03_06,"{""type"":""MultiPoint"",""coordinates"":[]}"
2,Mysuru,2025-03-14,15330.10609555453,MODIS/061/MOD11A2,GAUL_L2_polygon_mean (Mysore),6325,2025_03_14,"{""type"":""MultiPoint"",""coordinates"":[]}"
2,Mysuru,2025-03-22,15247.97143115933,MODIS/061/MOD11A2,GAUL_L2_polygon_mean (Mysore),6325,2025_03_22,"{""type"":""MultiPoint"",""coordinates"":[]}"
2,Mysuru,2025-03-30,15205.367526192753,MODIS/061/MOD11A2,GAUL_L2_polygon_mean (Mysore),6325,2025_03_30,"{""type"":""MultiPoint"",""coordinates"":[]}"
2,Mysuru,2025-04-07,15265.272727893122,MODIS/061/MOD11A2,GAUL_L2_polygon_mean (Mysore),6325,2025_04_07,"{""type"":""MultiPoint"",""coordinates"":[]}"
2,Mysuru,2025-04-15,15204.173506231155,MODIS/061/MOD11A2,GAUL_L2_polygon_mean (Mysore),6325,2025_04_15,"{""type"":""MultiPoint"",""coordinates"":[]}"
2,Mysuru,2025-04-23,15289.06713956729,MODIS/061/MOD11A2,GAUL_L2_polygon_mean (Mysore),6325,2025_04_23,"{""type"":""MultiPoint"",""coordinates"":[]}"
2,Mysuru,2025-05-01,15165.02974757378,MODIS/061/MOD11A2,GAUL_L2_polygon_mean (Mysore),6324,2025_05_01,"{""type"":""MultiPoint"",""coordinates"":[]}"
2,Mysuru,2025-05-09,15314.604546447155,MODIS/061/MOD11A2,GAUL_L2_polygon_mean (Mysore),6325,2025_05_09,"{""type"":""MultiPoint"",""coordinates"":[]}"
2,Mysuru,2025-05-17,14924.210266062797,MODIS/061/MOD11A2,GAUL_L2_polygon_mean (Mysore),878,2025_05_17,"{""type"":""MultiPoint"",""coordinates"":[]}"
2,Mysuru,2025-05-25,14657.923076923076,MODIS/061/MOD11A2,GAUL_L2_polygon_mean (Mysore),26,2025_05_25,"{""type"":""MultiPoint"",""coordinates"":[]}"
2,Mysuru,2025-06-02,15027.87877113254,MODIS/061/MOD11A2,GAUL_L2_polygon_mean (Mysore),6319,2025_06_02,"{""type"":""MultiPoint"",""coordinates"":[]}"
2,Mysuru,2025-06-10,14985.054127115773,MODIS/061/MOD11A2,GAUL_L2_polygon_mean (Mysore),896,2025_06_10,"{""type"":""MultiPoint"",""coordinates"":[]}"
2,Mysuru,2025-06-18,14883.914866941022,MODIS/061/MOD11A2,GAUL_L2_polygon_mean (Mysore),3182,2025_06_18,"{""type"":""MultiPoint"",""coordinates"":[]}"
2,Mysuru,2025-06-26,14754.85276081745,MODIS/061/MOD11A2,GAUL_L2_polygon_mean (Mysore),297,2025_06_26,"{""type"":""MultiPoint"",""coordinates"":[]}"
2,Mysuru,2025-07-04,14900.656709099894,MODIS/061/MOD11A2,GAUL_L2_polygon_mean (Mysore),1966,2025_07_04,"{""type"":""MultiPoint"",""coordinates"":[]}"
2,Mysuru,2025-07-12,14779.644415578938,MODIS/061/MOD11A2,GAUL_L2_polygon_mean (Mysore),741,2025_07_12,"{""type"":""MultiPoint"",""coordinates"":[]}"
2,Mysuru,2025-07-28,14827.652248308124,MODIS/061/MOD11A2,GAUL_L2_polygon_mean (Mysore),1428,2025_07_28,"{""type"":""MultiPoint"",""coordinates"":[]}"
2,Mysuru,2025-08-05,14826.5086281459,MODIS/061/MOD11A2,GAUL_L2_polygon_mean (Mysore),1861,2025_08_05,"{""type"":""MultiPoint"",""coordinates"":[]}"
2,Mysuru,2025-08-13,14971.206791412946,MODIS/061/MOD11A2,GAUL_L2_polygon_mean (Mysore),443,2025_08_13,"{""type"":""MultiPoint"",""coordinates"":[]}"
2,Mysuru,2025-08-21,14912.083228325591,MODIS/061/MOD11A2,GAUL_L2_polygon_mean (Mysore),3153,2025_08_21,"{""type"":""MultiPoint"",""coordinates"":[]}"
2,Mysuru,2025-08-29,14822.838057342884,MODIS/061/MOD11A2,GAUL_L2_polygon_mean (Mysore),1247,2025_08_29,"{""type"":""MultiPoint"",""coordinates"":[]}"
2,Mysuru,2025-09-06,15001.28999313262,MODIS/061/MOD11A2,GAUL_L2_polygon_mean (Mysore),5789,2025_09_06,"{""type"":""MultiPoint"",""coordinates"":[]}"
2,Mysuru,2025-09-14,14743.550791589154,MODIS/061/MOD11A2,GAUL_L2_polygon_mean (Mysore),561,2025_09_14,"{""type"":""MultiPoint"",""coordinates"":[]}"
2,Mysuru,2025-09-22,14914.450950236429,MODIS/061/MOD11A2,GAUL_L2_polygon_mean (Mysore),1772,2025_09_22,"{""type"":""MultiPoint"",""coordinates"":[]}"
2,Mysuru,2025-09-30,15055.074505422996,MODIS/061/MOD11A2,GAUL_L2_polygon_mean (Mysore),6319,2025_09_30,"{""type"":""MultiPoint"",""coordinates"":[]}"
2,Mysuru,2025-10-08,15006.099308902914,MODIS/061/MOD11A2,GAUL_L2_polygon_mean (Mysore),6310,2025_10_08,"{""type"":""MultiPoint"",""coordinates"":[]}"
2,Mysuru,2025-10-16,14881.096953216602,MODIS/061/MOD11A2,GAUL_L2_polygon_mean (Mysore),386,2025_10_16,"{""type"":""MultiPoint"",""coordinates"":[]}"
2,Mysuru,2025-10-24,14885.133335514258,MODIS/061/MOD11A2,GAUL_L2_polygon_mean (Mysore),6238,2025_10_24,"{""type"":""MultiPoint"",""coordinates"":[]}"
2,Mysuru,2025-11-01,14972.809640324187,MODIS/061/MOD11A2,GAUL_L2_polygon_mean (Mysore),6325,2025_11_01,"{""type"":""MultiPoint"",""coordinates"":[]}"
2,Mysuru,2025-11-09,14962.839458625123,MODIS/061/MOD11A2,GAUL_L2_polygon_mean (Mysore),6325,2025_11_09,"{""type"":""MultiPoint"",""coordinates"":[]}"
2,Mysuru,2025-11-17,14987.854069647272,MODIS/061/MOD11A2,GAUL_L2_polygon_mean (Mysore),6246,2025_11_17,"{""type"":""MultiPoint"",""coordinates"":[]}"
2,Mysuru,2025-11-25,14821.553517668388,MODIS/061/MOD11A2,GAUL_L2_polygon_mean (Mysore),4985,2025_11_25,"{""type"":""MultiPoint"",""coordinates"":[]}"
2,Mysuru,2025-12-03,14885.313654925838,MODIS/061/MOD11A2,GAUL_L2_polygon_mean (Mysore),6200,2025_12_03,"{""type"":""MultiPoint"",""coordinates"":[]}"
2,Mysuru,2025-12-11,14862.728872706439,MODIS/061/MOD11A2,GAUL_L2_polygon_mean (Mysore),6325,2025_12_11,"{""type"":""MultiPoint"",""coordinates"":[]}"
2,Mysuru,2025-12-19,14826.811151587943,MODIS/061/MOD11A2,GAUL_L2_polygon_mean (Mysore),6325,2025_12_19,"{""type"":""MultiPoint"",""coordinates"":[]}"
2,Mysuru,2025-12-27,14835.420290008627,MODIS/061/MOD11A2,GAUL_L2_polygon_mean (Mysore),6297,2025_12_27,"{""type"":""MultiPoint"",""coordinates"":[]}"
2,Mysuru,2026-01-01,14849.518382079217,MODIS/061/MOD11A2,GAUL_L2_polygon_mean (Mysore),6325,2026_01_01,"{""type"":""MultiPoint"",""coordinates"":[]}"
2,Mysuru,2026-01-09,14915.666766342261,MODIS/061/MOD11A2,GAUL_L2_polygon_mean (Mysore),6325,2026_01_09,"{""type"":""MultiPoint"",""coordinates"":[]}"
2,Mysuru,2026-01-17,14919.46958860868,MODIS/061/MOD11A2,GAUL_L2_polygon_mean (Mysore),6325,2026_01_17,"{""type"":""MultiPoint"",""coordinates"":[]}"
2,Mysuru,2026-01-25,14937.603131963855,MODIS/061/MOD11A2,GAUL_L2_polygon_mean (Mysore),6325,2026_01_25,"{""type"":""MultiPoint"",""coordinates"":[]}"
2,Mysuru,2026-02-02,14986.795459508554,MODIS/061/MOD11A2,GAUL_L2_polygon_mean (Mysore),6325,2026_02_02,"{""type"":""MultiPoint"",""coordinates"":[]}"
2,Mysuru,2026-02-10,15014.105934874206,MODIS/061/MOD11A2,GAUL_L2_polygon_mean (Mysore),6325,2026_02_10,"{""type"":""MultiPoint"",""coordinates"":[]}"
2,Mysuru,2026-02-18,15056.091770188637,MODIS/061/MOD11A2,GAUL_L2_polygon_mean (Mysore),6325,2026_02_18,"{""type"":""MultiPoint"",""coordinates"":[]}"
2,Mysuru,2026-02-26,15088.688391806912,MODIS/061/MOD11A2,GAUL_L2_polygon_mean (Mysore),6325,2026_02_26,"{""type"":""MultiPoint"",""coordinates"":[]}"
2,Mysuru,2026-03-06,15166.15486048726,MODIS/061/MOD11A2,GAUL_L2_polygon_mean (Mysore),6325,2026_03_06,"{""type"":""MultiPoint"",""coordinates"":[]}"
2,Mysuru,2026-03-14,15143.717738613394,MODIS/061/MOD11A2,GAUL_L2_polygon_mean (Mysore),6325,2026_03_14,"{""type"":""MultiPoint"",""coordinates"":[]}"
2,Mysuru,2026-03-22,15211.801738449625,MODIS/061/MOD11A2,GAUL_L2_polygon_mean (Mysore),6325,2026_03_22,"{""type"":""MultiPoint"",""coordinates"":[]}"
2,Mysuru,2026-03-30,15170.502251385931,MODIS/061/MOD11A2,GAUL_L2_polygon_mean (Mysore),6325,2026_03_30,"{""type"":""MultiPoint"",""coordinates"":[]}"
2,Mysuru,2026-04-07,15246.157450604756,MODIS/061/MOD11A2,GAUL_L2_polygon_mean (Mysore),6325,2026_04_07,"{""type"":""MultiPoint"",""coordinates"":[]}"
2,Mysuru,2026-04-15,15294.468908664063,MODIS/061/MOD11A2,GAUL_L2_polygon_mean (Mysore),6325,2026_04_15,"{""type"":""MultiPoint"",""coordinates"":[]}"
2,Mysuru,2026-04-23,15279.042970514201,MODIS/061/MOD11A2,GAUL_L2_polygon_mean (Mysore),6325,2026_04_23,"{""type"":""MultiPoint"",""coordinates"":[]}"
2,Mysuru,2026-05-01,15130.521567147092,MODIS/061/MOD11A2,GAUL_L2_polygon_mean (Mysore),6320,2026_05_01,"{""type"":""MultiPoint"",""coordinates"":[]}"
2,Mysuru,2026-05-09,15104.15930999686,MODIS/061/MOD11A2,GAUL_L2_polygon_mean (Mysore),6166,2026_05_09,"{""type"":""MultiPoint"",""coordinates"":[]}"
2,Mysuru,2026-05-17,15067.695741372983,MODIS/061/MOD11A2,GAUL_L2_polygon_mean (Mysore),2510,2026_05_17,"{""type"":""MultiPoint"",""coordinates"":[]}"
2,Mysuru,2026-05-25,15021.084784542376,MODIS/061/MOD11A2,GAUL_L2_polygon_mean (Mysore),6045,2026_05_25,"{""type"":""MultiPoint"",""coordinates"":[]}"
2,Mysuru,2026-06-02,15048.272606766162,MODIS/061/MOD11A2,GAUL_L2_polygon_mean (Mysore),3676,2026_06_02,"{""type"":""MultiPoint"",""coordinates"":[]}"
2,Mysuru,2026-06-10,15022.122285776686,MODIS/061/MOD11A2,GAUL_L2_polygon_mean (Mysore),6037,2026_06_10,"{""type"":""MultiPoint"",""coordinates"":[]}"
2,Mysuru,2026-06-18,14894.526859776606,MODIS/061/MOD11A2,GAUL_L2_polygon_mean (Mysore),1752,2026_06_18,"{""type"":""MultiPoint"",""coordinates"":[]}"
2,Mysuru,2026-06-26,14996.733502486244,MODIS/061/MOD11A2,GAUL_L2_polygon_mean (Mysore),2690,2026_06_26,"{""type"":""MultiPoint"",""coordinates"":[]}"
2,Mysuru,2026-07-04,14828.098920963152,MODIS/061/MOD11A2,GAUL_L2_polygon_mean (Mysore),1131,2026_07_04,"{""type"":""MultiPoint"",""coordinates"":[]}"
2,Mysuru,2026-07-12,14827.247382945901,MODIS/061/MOD11A2,GAUL_L2_polygon_mean (Mysore),4606,2026_07_12,"{""type"":""MultiPoint"",""coordinates"":[]}"
2,Mysuru,2026-07-20,14859.010565189277,MODIS/061/MOD11A2,GAUL_L2_polygon_mean (Mysore),2194,2026_07_20,"{""type"":""MultiPoint"",""coordinates"":[]}"
2,Mysuru,2026-08-05,14788.728230261346,MODIS/061/MOD11A2,GAUL_L2_polygon_mean (Mysore),654,2026_08_05,"{""type"":""MultiPoint"",""coordinates"":[]}"
2,Mysuru,2026-08-13,14918.3004914914,MODIS/061/MOD11A2,GAUL_L2_polygon_mean (Mysore),5113,2026_08_13,"{""type"":""MultiPoint"",""coordinates"":[]}"
2,Mysuru,2026-08-21,14874.603367350948,MODIS/061/MOD11A2,GAUL_L2_polygon_mean (Mysore),1796,2026_08_21,"{""type"":""MultiPoint"",""coordinates"":[]}"
2,Mysuru,2026-08-29,15004.224008079327,MODIS/061/MOD11A2,GAUL_L2_polygon_mean (Mysore),6210,2026_08_29,"{""type"":""MultiPoint"",""coordinates"":[]}"
2,Mysuru,2026-09-06,15023.84359047704,MODIS/061/MOD11A2,GAUL_L2_polygon_mean (Mysore),6324,2026_09_06,"{""type"":""MultiPoint"",""coordinates"":[]}"
2,Mysuru,2026-09-14,15063.048419992252,MODIS/061/MOD11A2,GAUL_L2_polygon_mean (Mysore),4113,2026_09_14,"{""type"":""MultiPoint"",""coordinates"":[]}"
