district_id,district_name,date,LST,dataset_source,extraction_method,valid_pixel_count,system:index,.geo
1,Bengaluru Urban,2010-01-01,15102.681792343372,MODIS/061/MOD11A2,GAUL_L2_polygon_mean (Bangalore Urban),2188,2010_01_01,"{""type"":""MultiPoint"",""coordinates"":[]}"
1,Bengaluru Urban,2010-01-09,15151.369369937906,MODIS/061/MOD11A2,GAUL_L2_polygon_mean (Bangalore Urban),2176,2010_01_09,"{""type"":""MultiPoint"",""coordinates"":[]}"
1,Bengaluru Urban,2010-01-17,15133.406517579682,MODIS/061/MOD11A2,GAUL_L2_polygon_mean (Bangalore Urban),2188,2010_01_17,"{""type"":""MultiPoint"",""coordinates"":[]}"
1,Bengaluru Urban,2010-01-25,15181.95308978035,MODIS/061/MOD11A2,GAUL_L2_polygon_mean (Bangalore Urban),2188,2010_01_25,"{""type"":""MultiPoint"",""coordinates"":[]}"
1,Bengaluru Urban,2010-02-02,15262.01249145986,MODIS/061/MOD11A2,GAUL_L2_polygon_mean (Bangalore Urban),2188,2010_02_02,"{""type"":""MultiPoint"",""coordinates"":[]}"
1,Bengaluru Urban,2010-02-10,15457.235384938158,MODIS/061/MOD11A2,GAUL_L2_polygon_mean (Bangalore Urban),2188,2010_02_10,"{""type"":""MultiPoint"",""coordinates"":[]}"
1,Bengaluru Urban,2010-02-18,15493.293421989354,MODIS/061/MOD11A2,GAUL_L2_polygon_mean (Bangalore Urban),2188,2010_02_18,"{""type"":""MultiPoint"",""coordinates"":[]}"
1,Bengaluru Urban,2010-02-26,15572.62557180796,MODIS/061/MOD11A2,GAUL_L2_polygon_mean (Bangalore Urban),2188,2010_02_26,"{""type"":""MultiPoint"",""coordinates"":[]}"
1,Bengaluru Urban,2010-03-06,15593.18745438537,MODIS/061/MOD11A2,GAUL_L2_polygon_mean (Bangalore Urban),2188,2010_03_06,"{""type"":""MultiPoint"",""coordinates"":[]}"
1,Bengaluru Urban,2010-03-14,15586.174068116637,MODIS/061/MOD11A2,GAUL_L2_polygon_mean (Bangalore Urban),2188,2010_03_14,"{""type"":""MultiPoint"",""coordinates"":[]}"
1,Bengaluru Urban,2010-03-22,15616.15149884966,MODIS/061/MOD11A2,GAUL_L2_polygon_mean (Bangalore Urban),2188,2010_03_22,"{""type"":""MultiPoint"",""coordinates"":[]}"
1,Bengaluru Urban,2010-03-30,15531.972648257644,MODIS/061/MOD11A2,GAUL_L2_polygon_mean (Bangalore Urban),2188,2010_03_30,"{""type"":""MultiPoint"",""coordinates"":[]}"
1,Bengaluru Urban,2010-04-07,15690.04802738581,MODIS/061/MOD11A2,GAUL_L2_polygon_mean (Bangalore Urban),2188,2010_04_07,"{""type"":""MultiPoint"",""coordinates"":[]}"
1,Bengaluru Urban,2010-04-15,15460.908822226558,MODIS/061/MOD11A2,GAUL_L2_polygon_mean (Bangalore Urban),2188,2010_04_15,"{""type"":""MultiPoint"",""coordinates"":[]}"
1,Bengaluru Urban,2010-04-23,15350.216210206552,MODIS/061/MOD11A2,GAUL_L2_polygon_mean (Bangalore Urban),2188,2010_04_23,"{""type"":""MultiPoint"",""coordinates"":[]}"
1,Bengaluru Urban,2010-05-01,15282.628907167606,MODIS/061/MOD11A2,GAUL_L2_polygon_mean (Bangalore Urban),2188,2010_05_01,"{""type"":""MultiPoint"",""coordinates"":[]}"
1,Bengaluru Urban,2010-05-09,15454.087829344351,MODIS/061/MOD11A2,GAUL_L2_polygon_mean (Bangalore Urban),2188,2010_05_09,"{""type"":""MultiPoint"",""coordinates"":[]}"
1,Bengaluru Urban,2010-05-17,15249.97943732841,MODIS/061/MOD11A2,GAUL_L2_polygon_mean (Bangalore Urban),2188,2010_05_17,"{""type"":""MultiPoint"",""coordinates"":[]}"
1,Bengaluru Urban,2010-05-25,15291.340802028475,MODIS/061/MOD11A2,GAUL_L2_polygon_mean (Bangalore Urban),2188,2010_05_25,"{""type"":""MultiPoint"",""coordinates"":[]}"
1,Bengaluru Urban,2010-06-02,15292.160631498462,MODIS/061/MOD11A2,GAUL_L2_polygon_mean (Bangalore Urban),2186,2010_06_02,"{""type"":""MultiPoint"",""coordinates"":[]}"
1,Bengaluru Urban,2010-06-10,15218.061371400683,MODIS/061/MOD11A2,GAUL_L2_polygon_mean (Bangalore Urban),904,2010_06_10,"{""type"":""MultiPoint"",""coordinates"":[]}"
1,Bengaluru Urban,2010-06-18,15229.183644247802,MODIS/061/MOD11A2,GAUL_L2_polygon_mean (Bangalore Urban),579,2010_06_18,"{""type"":""MultiPoint"",""coordinates"":[]}"
1,Bengaluru Urban,2010-06-26,15359.337572099394,MODIS/061/MOD11A2,GAUL_L2_polygon_mean (Bangalore Urban),764,2010_06_26,"{""type"":""MultiPoint"",""coordinates"":[]}"
1,Bengaluru Urban,2010-07-04,15228.144298877956,MODIS/061/MOD11A2,GAUL_L2_polygon_mean (Bangalore Urban),61,2010_07_04,"{""type"":""MultiPoint"",""coordinates"":[]}"
1,Bengaluru Urban,2010-07-12,15038.223692543581,MODIS/061/MOD11A2,GAUL_L2_polygon_mean (Bangalore Urban),118,2010_07_12,"{""type"":""MultiPoint"",""coordinates"":[]}"
1,Bengaluru Urban,2010-08-05,15175.02887824303,MODIS/061/MOD11A2,GAUL_L2_polygon_mean (Bangalore Urban),2160,2010_08_05,"{""type"":""MultiPoint"",""coordinates"":[]}"
1,Bengaluru Urban,2010-08-13,15065.026417525773,MODIS/061/MOD11A2,GAUL_L2_polygon_mean (Bangalore Urban),109,2010_08_13,"{""type"":""MultiPoint"",""coordinates"":[]}"
1,Bengaluru Urban,2010-08-21,15023.18137637549,MODIS/061/MOD11A2,GAUL_L2_polygon_mean (Bangalore Urban),155,2010_08_21,"{""type"":""MultiPoint"",""coordinates"":[]}"
1,Bengaluru Urban,2010-08-29,15061.48457897095,MODIS/061/MOD11A2,GAUL_L2_polygon_mean (Bangalore Urban),1192,2010_08_29,"{""type"":""MultiPoint"",""coordinates"":[]}"
1,Bengaluru Urban,2010-09-06,14849.123779397605,MODIS/061/MOD11A2,GAUL_L2_polygon_mean (Bangalore Urban),29,2010_09_06,"{""type"":""MultiPoint"",""coordinates"":[]}"
1,Bengaluru Urban,2010-09-14,14993.6127252556,MODIS/061/MOD11A2,GAUL_L2_polygon_mean (Bangalore Urban),521,2010_09_14,"{""type"":""MultiPoint"",""coordinates"":[]}"
1,Bengaluru Urban,2010-09-22,15200.74047494803,MODIS/061/MOD11A2,GAUL_L2_polygon_mean (Bangalore Urban),2188,2010_09_22,"{""type"":""MultiPoint"",""coordinates"":[]}"
1,Bengaluru Urban,2010-09-30,15034.16837429379,MODIS/061/MOD11A2,GAUL_L2_polygon_mean (Bangalore Urban),638,2010_09_30,"{""type"":""MultiPoint"",""coordinates"":[]}"
1,Bengaluru Urban,2010-10-08,15060.667324615057,MODIS/061/MOD11A2,GAUL_L2_polygon_mean (Bangalore Urban),2117,2010_10_08,"{""type"":""MultiPoint"",""coordinates"":[]}"
1,Bengaluru Urban,2010-10-16,15026.28737594909,MODIS/061/MOD11A2,GAUL_L2_polygon_mean (Bangalore Urban),1440,2010_10_16,"{""type"":""MultiPoint"",""coordinates"":[]}"
1,Bengaluru Urban,2010-10-24,14953.017940792051,MODIS/061/MOD11A2,GAUL_L2_polygon_mean (Bangalore Urban),823,2010_10_24,"{""type"":""MultiPoint"",""coordinates"":[]}"
1,Bengaluru Urban,2010-11-01,14937.196436820854,MODIS/061/MOD11A2,GAUL_L2_polygon_mean (Bangalore Urban),390,2010_11_01,"{""type"":""MultiPoint"",""coordinates"":[]}"
1,Bengaluru Urban,2010-11-09,15017.406087691515,MODIS/061/MOD11A2,GAUL_L2_polygon_mean (Bangalore Urban),2083,2010_11_09,"{""type"":""MultiPoint"",""coordinates"":[]}"
1,Bengaluru Urban,2010-11-17,14886.297077651905,MODIS/061/MOD11A2,GAUL_L2_polygon_mean (Bangalore Urban),1415,2010_11_17,"{""type"":""MultiPoint"",""coordinates"":[]}"
1,Bengaluru Urban,2010-11-25,14960.634991430656,MODIS/061/MOD11A2,GAUL_L2_polygon_mean (Bangalore Urban),1731,2010_11_25,"{""type"":""MultiPoint"",""coordinates"":[]}"
1,Bengaluru Urban,2010-12-03,15001.14321769287,MODIS/061/MOD11A2,GAUL_L2_polygon_mean (Bangalore Urban),1813,2010_12_03,"{""type"":""MultiPoint"",""coordinates"":[]}"
1,Bengaluru Urban,2010-12-11,14960.094091998644,MODIS/061/MOD11A2,GAUL_L2_polygon_mean (Bangalore Urban),2171,2010_12_11,"{""type"":""MultiPoint"",""coordinates"":[]}"
1,Bengaluru Urban,2010-12-19,15059.304848285963,MODIS/061/MOD11A2,GAUL_L2_polygon_mean (Bangalore Urban),2188,2010_12_19,"{""type"":""MultiPoint"",""coordinates"":[]}"
1,Bengaluru Urban,2010-12-27,15026.799804899392,MODIS/061/MOD11A2,GAUL_L2_polygon_mean (Bangalore Urban),2188,2010_12_27,"{""type"":""MultiPoint"",""coordinates"":[]}"
1,Bengaluru Urban,2011-01-01,15058.464595874559,MODIS/061/MOD11A2,GAUL_L2_polygon_mean (Bangalore Urban),2188,2011_01_01,"{""type"":""MultiPoint"",""coordinates"":[]}"
1,Bengaluru Urban,2011-01-09,15168.451944819517,MODIS/061/MOD11A2,GAUL_L2_polygon_mean (Bangalore Urban),2188,2011_01_09,"{""type"":""MultiPoint"",""coordinates"":[]}"
1,Bengaluru Urban,2011-01-17,15223.828854806048,MODIS/061/MOD11A2,GAUL_L2_polygon_mean (Bangalore Urban),2188,2011_01_17,"{""type"":""MultiPoint"",""coordinates"":[]}"
1,Bengaluru Urban,2011-01-25,15236.926742232281,MODIS/061/MOD11A2,GAUL_L2_polygon_mean (Bangalore Urban),2188,2011_01_25,"{""type"":""MultiPoint"",""coordinates"":[]}"
1,Bengaluru Urban,2011-02-02,15326.97788620686,MODIS/061/MOD11A2,GAUL_L2_polygon_mean (Bangalore Urban),2188,2011_02_02,"{""type"":""MultiPoint"",""coordinates"":[]}"
1,Bengaluru Urban,2011-02-10,15315.313215376362,MODIS/061/MOD11A2,GAUL_L2_polygon_mean (Bangalore Urban),2188,2011_02_10,"{""type"":""MultiPoint"",""coordinates"":[]}"
1,Bengaluru Urban,2011-02-18,15203.37767747788,MODIS/061/MOD11A2,GAUL_L2_polygon_mean (Bangalore Urban),2188,2011_02_18,"{""type"":""MultiPoint"",""coordinates"":[]}"
1,Bengaluru Urban,2011-02-26,15478.876652661742,MODIS/061/MOD11A2,GAUL_L2_polygon_mean (Bangalore Urban),2188,2011_02_26,"{""type"":""MultiPoint"",""coordinates"":[]}"
1,Bengaluru Urban,2011-03-06,15605.53518356133,MODIS/061/MOD11A2,GAUL_L2_polygon_mean (Bangalore Urban),2188,2011_03_06,"{""type"":""MultiPoint"",""coordinates"":[]}"
1,Bengaluru Urban,2011-03-14,15593.419376646383,MODIS/061/MOD11A2,GAUL_L2_polygon_mean (Bangalore Urban),2188,2011_03_14,"{""type"":""MultiPoint"",""coordinates"":[]}"
1,Bengaluru Urban,2011-03-22,15573.842016924254,MODIS/061/MOD11A2,GAUL_L2_polygon_mean (Bangalore Urban),2188,2011_03_22,"{""type"":""MultiPoint"",""coordinates"":[]}"
1,Bengaluru Urban,2011-03-30,15487.730321826348,MODIS/061/MOD11A2,GAUL_L2_polygon_mean (Bangalore Urban),2188,2011_03_30,"{""type"":""MultiPoint"",""coordinates"":[]}"
1,Bengaluru Urban,2011-04-07,15622.313964935698,MODIS/061/MOD11A2,GAUL_L2_polygon_mean (Bangalore Urban),2188,2011_04_07,"{""type"":""MultiPoint"",""coordinates"":[]}"
1,Bengaluru Urban,2011-04-15,15517.625502775376,MODIS/061/MOD11A2,GAUL_L2_polygon_mean (Bangalore Urban),2187,2011_04_15,"{""type"":""MultiPoint"",""coordinates"":[]}"
1,Bengaluru Urban,2011-04-23,15293.733874411115,MODIS/061/MOD11A2,GAUL_L2_polygon_mean (Bangalore Urban),2187,2011_04_23,"{""type"":""MultiPoint"",""coordinates"":[]}"
1,Bengaluru Urban,2011-05-01,15319.192272724838,MODIS/061/MOD11A2,GAUL_L2_polygon_mean (Bangalore Urban),2188,2011_05_01,"{""type"":""MultiPoint"",""coordinates"":[]}"
1,Bengaluru Urban,2011-05-09,15408.663444278882,MODIS/061/MOD11A2,GAUL_L2_polygon_mean (Bangalore Urban),2188,2011_05_09,"{""type"":""MultiPoint"",""coordinates"":[]}"
1,Bengaluru Urban,2011-05-17,15243.79312460303,MODIS/061/MOD11A2,GAUL_L2_polygon_mean (Bangalore Urban),2176,2011_05_17,"{""type"":""MultiPoint"",""coordinates"":[]}"
1,Bengaluru Urban,2011-05-25,15118.040176741972,MODIS/061/MOD11A2,GAUL_L2_polygon_mean (Bangalore Urban),2155,2011_05_25,"{""type"":""MultiPoint"",""coordinates"":[]}"
1,Bengaluru Urban,2011-06-02,15013.770863612028,MODIS/061/MOD11A2,GAUL_L2_polygon_mean (Bangalore Urban),206,2011_06_02,"{""type"":""MultiPoint"",""coordinates"":[]}"
1,Bengaluru Urban,2011-06-10,15129.477266932643,MODIS/061/MOD11A2,GAUL_L2_polygon_mean (Bangalore Urban),1138,2011_06_10,"{""type"":""MultiPoint"",""coordinates"":[]}"
1,Bengaluru Urban,2011-06-18,15065.356721508819,MODIS/061/MOD11A2,GAUL_L2_polygon_mean (Bangalore Urban),1563,2011_06_18,"{""type"":""MultiPoint"",""coordinates"":[]}"
1,Bengaluru Urban,2011-06-26,15136.214592644581,MODIS/061/MOD11A2,GAUL_L2_polygon_mean (Bangalore Urban),957,2011_06_26,"{""type"":""MultiPoint"",""coordinates"":[]}"
1,Bengaluru Urban,2011-07-04,15049.963714689924,MODIS/061/MOD11A2,GAUL_L2_polygon_mean (Bangalore Urban),1418,2011_07_04,"{""type"":""MultiPoint"",""coordinates"":[]}"
1,Bengaluru Urban,2011-07-20,15000.214585079628,MODIS/061/MOD11A2,GAUL_L2_polygon_mean (Bangalore Urban),5,2011_07_20,"{""type"":""MultiPoint"",""coordinates"":[]}"
1,Bengaluru Urban,2011-07-28,15131.20715556434,MODIS/061/MOD11A2,GAUL_L2_polygon_mean (Bangalore Urban),19,2011_07_28,"{""type"":""MultiPoint"",""coordinates"":[]}"
1,Bengaluru Urban,2011-08-13,15219.655363033755,MODIS/061/MOD11A2,GAUL_L2_polygon_mean (Bangalore Urban),1405,2011_08_13,"{""type"":""MultiPoint"",""coordinates"":[]}"
1,Bengaluru Urban,2011-08-29,15021.786287952984,MODIS/061/MOD11A2,GAUL_L2_polygon_mean (Bangalore Urban),40,2011_08_29,"{""type"":""MultiPoint"",""coordinates"":[]}"
1,Bengaluru Urban,2011-09-06,14974.56591671601,MODIS/061/MOD11A2,GAUL_L2_polygon_mean (Bangalore Urban),200,2011_09_06,"{""type"":""MultiPoint"",""coordinates"":[]}"
1,Bengaluru Urban,2011-09-14,14897.968161949926,MODIS/061/MOD11A2,GAUL_L2_polygon_mean (Bangalore Urban),211,2011_09_14,"{""type"":""MultiPoint"",""coordinates"":[]}"
1,Bengaluru Urban,2011-09-22,15191.59294087268,MODIS/061/MOD11A2,GAUL_L2_polygon_mean (Bangalore Urban),2188,2011_09_22,"{""type"":""MultiPoint"",""coordinates"":[]}"
1,Bengaluru Urban,2011-09-30,15137.29454274192,MODIS/061/MOD11A2,GAUL_L2_polygon_mean (Bangalore Urban),2188,2011_09_30,"{""type"":""MultiPoint"",""coordinates"":[]}"
1,Bengaluru Urban,2011-10-08,15064.398621086457,MODIS/061/MOD11A2,GAUL_L2_polygon_mean (Bangalore Urban),1664,2011_10_08,"{""type"":""MultiPoint"",""coordinates"":[]}"
1,Bengaluru Urban,2011-10-16,15121.538957222121,MODIS/061/MOD11A2,GAUL_L2_polygon_mean (Bangalore Urban),2158,2011_10_16,"{""type"":""MultiPoint"",""coordinates"":[]}"
1,Bengaluru Urban,2011-10-24,14990.453607561234,MODIS/061/MOD11A2,GAUL_L2_polygon_mean (Bangalore Urban),59,2011_10_24,"{""type"":""MultiPoint"",""coordinates"":[]}"
1,Bengaluru Urban,2011-11-01,15080.143262663154,MODIS/061/MOD11A2,GAUL_L2_polygon_mean (Bangalore Urban),2188,2011_11_01,"{""type"":""MultiPoint"",""coordinates"":[]}"
1,Bengaluru Urban,2011-11-09,15095.351794369697,MODIS/061/MOD11A2,GAUL_L2_polygon_mean (Bangalore Urban),2188,2011_11_09,"{""type"":""MultiPoint"",""coordinates"":[]}"
1,Bengaluru Urban,2011-11-17,15056.225447000963,MODIS/061/MOD11A2,GAUL_L2_polygon_mean (Bangalore Urban),2188,2011_11_17,"{""type"":""MultiPoint"",""coordinates"":[]}"
1,Bengaluru Urban,2011-11-25,14963.285781807781,MODIS/061/MOD11A2,GAUL_L2_polygon_mean (Bangalore Urban),318,2011_11_25,"{""type"":""MultiPoint"",""coordinates"":[]}"
1,Bengaluru Urban,2011-12-03,15058.431303246944,MODIS/061/MOD11A2,GAUL_L2_polygon_mean (Bangalore Urban),2188,2011_12_03,"{""type"":""MultiPoint"",""coordinates"":[]}"
1,Bengaluru Urban,2011-12-11,15056.967865782255,MODIS/061/MOD11A2,GAUL_L2_polygon_mean (Bangalore Urban),2188,2011_12_11,"{""type"":""MultiPoint"",""coordinates"":[]}"
1,Bengaluru Urban,2011-12-19,15137.21221494779,MODIS/061/MOD11A2,GAUL_L2_polygon_mean (Bangalore Urban),2188,2011_12_19,"{""type"":""MultiPoint"",""coordinates"":[]}"
1,Bengaluru Urban,2011-12-27,15004.647666381543,MODIS/061/MOD11A2,GAUL_L2_polygon_mean (Bangalore Urban),798,2011_12_27,"{""type"":""MultiPoint"",""coordinates"":[]}"
1,Bengaluru Urban,2012-01-01,15185.402117056778,MODIS/061/MOD11A2,GAUL_L2_polygon_mean (Bangalore Urban),2188,2012_01_01,"{""type"":""MultiPoint"",""coordinates"":[]}"
1,Bengaluru Urban,2012-01-09,15143.332879652695,MODIS/061/MOD11A2,GAUL_L2_polygon_mean (Bangalore Urban),2188,2012_01_09,"{""type"":""MultiPoint"",""coordinates"":[]}"
1,Bengaluru Urban,2012-01-17,15167.081689413453,MODIS/061/MOD11A2,GAUL_L2_polygon_mean (Bangalore Urban),2188,2012_01_17,"{""type"":""MultiPoint"",""coordinates"":[]}"
1,Bengaluru Urban,2012-01-25,15206.772137553111,MODIS/061/MOD11A2,GAUL_L2_polygon_mean (Bangalore Urban),2188,2012_01_25,"{""type"":""MultiPoint"",""coordinates"":[]}"
1,Bengaluru Urban,2012-02-02,15290.36249621185,MODIS/061/MOD11A2,GAUL_L2_polygon_mean (Bangalore Urban),2188,2012_02_02,"{""type"":""MultiPoint"",""coordinates"":[]}"
1,Bengaluru Urban,2012-02-10,15404.811858817455,MODIS/061/MOD11A2,GAUL_L2_polygon_mean (Bangalore Urban),2188,2012_02_10,"{""type"":""MultiPoint"",""coordinates"":[]}"
1,Bengaluru Urban,2012-02-18,15421.404808656154,MODIS/061/MOD11A2,GAUL_L2_polygon_mean (Bangalore Urban),2188,2012_02_18,"{""type"":""MultiPoint"",""coordinates"":[]}"
1,Bengaluru Urban,2012-02-26,15547.88420563748,MODIS/061/MOD11A2,GAUL_L2_polygon_mean (Bangalore Urban),2188,2012_02_26,"{""type"":""MultiPoint"",""coordinates"":[]}"
1,Bengaluru Urban,2012-03-05,15485.27531600741,MODIS/061/MOD11A2,GAUL_L2_polygon_mean (Bangalore Urban),2188,2012_03_05,"{""type"":""MultiPoint"",""coordinates"":[]}"
1,Bengaluru Urban,2012-03-13,15576.424494450934,MODIS/061/MOD11A2,GAUL_L2_polygon_mean (Bangalore Urban),2188,2012_03_13,"{""type"":""MultiPoint"",""coordinates"":[]}"
1,Bengaluru Urban,2012-03-21,15638.662700099158,MODIS/061/MOD11A2,GAUL_L2_polygon_mean (Bangalore Urban),2188,2012_03_21,"{""type"":""MultiPoint"",""coordinates"":[]}"
1,Bengaluru Urban,2012-03-29,15639.856696093142,MODIS/061/MOD11A2,GAUL_L2_polygon_mean (Bangalore Urban),2188,2012_03_29,"{""type"":""MultiPoint"",""coordinates"":[]}"
1,Bengaluru Urban,2012-04-06,15680.476511715893,MODIS/061/MOD11A2,GAUL_L2_polygon_mean (Bangalore Urban),2188,2012_04_06,"{""type"":""MultiPoint"",""coordinates"":[]}"
1,Bengaluru Urban,2012-04-14,15704.052687923302,MODIS/061/MOD11A2,GAUL_L2_polygon_mean (Bangalore Urban),2188,2012_04_14,"{""type"":""MultiPoint"",""coordinates"":[]}"
1,Bengaluru Urban,2012-04-22,15637.59537783706,MODIS/061/MOD11A2,GAUL_L2_polygon_mean (Bangalore Urban),2188,2012_04_22,"{""type"":""MultiPoint"",""coordinates"":[]}"
1,Bengaluru Urban,2012-04-30,15329.996628776265,MODIS/061/MOD11A2,GAUL_L2_polygon_mean (Bangalore Urban),2188,2012_04_30,"{""type"":""MultiPoint"",""coordinates"":[]}"
1,Bengaluru Urban,2012-05-08,15352.493857379297,MODIS/061/MOD11A2,GAUL_L2_polygon_mean (Bangalore Urban),2188,2012_05_08,"{""type"":""MultiPoint"",""coordinates"":[]}"
1,Bengaluru Urban,2012-05-16,15331.02088006871,MODIS/061/MOD11A2,GAUL_L2_polygon_mean (Bangalore Urban),2188,2012_05_16,"{""type"":""MultiPoint"",""coordinates"":[]}"
1,Bengaluru Urban,2012-05-24,15412.193775782236,MODIS/061/MOD11A2,GAUL_L2_polygon_mean (Bangalore Urban),2172,2012_05_24,"{""type"":""MultiPoint"",""coordinates"":[]}"
1,Bengaluru Urban,2012-06-01,15356.5448231121,MODIS/061/MOD11A2,GAUL_L2_polygon_mean (Bangalore Urban),1771,2012_06_01,"{""type"":""MultiPoint"",""coordinates"":[]}"
1,Bengaluru Urban,2012-06-09,15218.518641902756,MODIS/061/MOD11A2,GAUL_L2_polygon_mean (Bangalore Urban),2076,2012_06_09,"{""type"":""MultiPoint"",""coordinates"":[]}"
1,Bengaluru Urban,2012-06-17,15269.78443549333,MODIS/061/MOD11A2,GAUL_L2_polygon_mean (Bangalore Urban),1000,2012_06_17,"{""type"":""MultiPoint"",""coordinates"":[]}"
1,Bengaluru Urban,2012-06-25,15484.630922389431,MODIS/061/MOD11A2,GAUL_L2_polygon_mean (Bangalore Urban),1996,2012_06_25,"{""type"":""MultiPoint"",""coordinates"":[]}"
1,Bengaluru Urban,2012-07-03,15305.482487409326,MODIS/061/MOD11A2,GAUL_L2_polygon_mean (Bangalore Urban),788,2012_07_03,"{""type"":""MultiPoint"",""coordinates"":[]}"
1,Bengaluru Urban,2012-07-11,15339.043680297398,MODIS/061/MOD11A2,GAUL_L2_polygon_mean (Bangalore Urban),112,2012_07_11,"{""type"":""MultiPoint"",""coordinates"":[]}"
1,Bengaluru Urban,2012-07-27,15190.454248366013,MODIS/061/MOD11A2,GAUL_L2_polygon_mean (Bangalore Urban),14,2012_07_27,"{""type"":""MultiPoint"",""coordinates"":[]}"
1,Bengaluru Urban,2012-08-04,15068.069250871078,MODIS/061/MOD11A2,GAUL_L2_polygon_mean (Bangalore Urban),27,2012_08_04,"{""type"":""MultiPoint"",""coordinates"":[]}"
1,Bengaluru Urban,2012-08-12,15180.328560596909,MODIS/061/MOD11A2,GAUL_L2_polygon_mean (Bangalore Urban),358,2012_08_12,"{""type"":""MultiPoint"",""coordinates"":[]}"
1,Bengaluru Urban,2012-08-20,15266.035381710391,MODIS/061/MOD11A2,GAUL_L2_polygon_mean (Bangalore Urban),2188,2012_08_20,"{""type"":""MultiPoint"",""coordinates"":[]}"
1,Bengaluru Urban,2012-08-28,15129.778607858632,MODIS/061/MOD11A2,GAUL_L2_polygon_mean (Bangalore Urban),54,2012_08_28,"{""type"":""MultiPoint"",""coordinates"":[]}"
1,Bengaluru Urban,2012-09-13,15304.175697141332,MODIS/061/MOD11A2,GAUL_L2_polygon_mean (Bangalore Urban),2171,2012_09_13,"{""type"":""MultiPoint"",""coordinates"":[]}"
1,Bengaluru Urban,2012-09-21,15401.034187436459,MODIS/061/MOD11A2,GAUL_L2_polygon_mean (Bangalore Urban),2188,2012_09_21,"{""type"":""MultiPoint"",""coordinates"":[]}"
1,Bengaluru Urban,2012-09-29,15351.186889526072,MODIS/061/MOD11A2,GAUL_L2_polygon_mean (Bangalore Urban),2188,2012_09_29,"{""type"":""MultiPoint"",""coordinates"":[]}"
1,Bengaluru Urban,2012-10-07,15282.550048599596,MODIS/061/MOD11A2,GAUL_L2_polygon_mean (Bangalore Urban),2188,2012_10_07,"{""type"":""MultiPoint"",""coordinates"":[]}"
1,Bengaluru Urban,2012-10-15,15140.574343164826,MODIS/061/MOD11A2,GAUL_L2_polygon_mean (Bangalore Urban),2185,2012_10_15,"{""type"":""MultiPoint"",""coordinates"":[]}"
1,Bengaluru Urban,2012-10-23,15111.228215708099,MODIS/061/MOD11A2,GAUL_L2_polygon_mean (Bangalore Urban),2188,2012_10_23,"{""type"":""MultiPoint"",""coordinates"":[]}"
1,Bengaluru Urban,2012-10-31,15108.456195878094,MODIS/061/MOD11A2,GAUL_L2_polygon_mean (Bangalore Urban),2188,2012_10_31,"{""type"":""MultiPoint"",""coordinates"":[]}"
1,Bengaluru Urban,2012-11-08,15143.266904086882,MODIS/061/MOD11A2,GAUL_L2_polygon_mean (Bangalore Urban),2188,2012_11_08,"{""type"":""MultiPoint"",""coordinates"":[]}"
1,Bengaluru Urban,2012-11-16,15164.040954988785,MODIS/061/MOD11A2,GAUL_L2_polygon_mean (Bangalore Urban),2188,2012_11_16,"{""type"":""MultiPoint"",""coordinates"":[]}"
1,Bengaluru Urban,2012-11-24,15129.000270773815,MODIS/061/MOD11A2,GAUL_L2_polygon_mean (Bangalore Urban),2188,2012_11_24,"{""type"":""MultiPoint"",""coordinates"":[]}"
1,Bengaluru Urban,2012-12-02,15102.901180107645,MODIS/061/MOD11A2,GAUL_L2_polygon_mean (Bangalore Urban),2188,2012_12_02,"{""type"":""MultiPoint"",""coordinates"":[]}"
1,Bengaluru Urban,2012-12-10,15122.80291431532,MODIS/061/MOD11A2,GAUL_L2_polygon_mean (Bangalore Urban),2188,2012_12_10,"{""type"":""MultiPoint"",""coordinates"":[]}"
1,Bengaluru Urban,2012-12-18,15098.881203813784,MODIS/061/MOD11A2,GAUL_L2_polygon_mean (Bangalore Urban),2188,2012_12_18,"{""type"":""MultiPoint"",""coordinates"":[]}"
1,Bengaluru Urban,2012-12-26,15096.240154861116,MODIS/061/MOD11A2,GAUL_L2_polygon_mean (Bangalore Urban),2188,2012_12_26,"{""type"":""MultiPoint"",""coordinates"":[]}"
1,Bengaluru Urban,2013-01-01,15279.141666711505,MODIS/061/MOD11A2,GAUL_L2_polygon_mean (Bangalore Urban),2188,2013_01_01,"{""type"":""MultiPoint"",""coordinates"":[]}"
1,Bengaluru Urban,2013-01-09,15258.364879380128,MODIS/061/MOD11A2,GAUL_L2_polygon_mean (Bangalore Urban),2188,2013_01_09,"{""type"":""MultiPoint"",""coordinates"":[]}"
1,Bengaluru Urban,2013-01-17,15256.94952847698,MODIS/061/MOD11A2,GAUL_L2_polygon_mean (Bangalore Urban),2188,2013_01_17,"{""type"":""MultiPoint"",""coordinates"":[]}"
1,Bengaluru Urban,2013-01-25,15312.400644836194,MODIS/061/MOD11A2,GAUL_L2_polygon_mean (Bangalore Urban),2188,2013_01_25,"{""type"":""MultiPoint"",""coordinates"":[]}"
1,Bengaluru Urban,2013-02-02,15345.806680043976,MODIS/061/MOD11A2,GAUL_L2_polygon_mean (Bangalore Urban),2188,2013_02_02,"{""type"":""MultiPoint"",""coordinates"":[]}"
1,Bengaluru Urban,2013-02-10,15321.297354485969,MODIS/061/MOD11A2,GAUL_L2_polygon_mean (Bangalore Urban),2188,2013_02_10,"{""type"":""MultiPoint"",""coordinates"":[]}"
1,Bengaluru Urban,2013-02-18,15441.552961386935,MODIS/061/MOD11A2,GAUL_L2_polygon_mean (Bangalore Urban),2188,2013_02_18,"{""type"":""MultiPoint"",""coordinates"":[]}"
1,Bengaluru Urban,2013-02-26,15512.728308058127,MODIS/061/MOD11A2,GAUL_L2_polygon_mean (Bangalore Urban),2188,2013_02_26,"{""type"":""MultiPoint"",""coordinates"":[]}"
1,Bengaluru Urban,2013-03-06,15616.866981911939,MODIS/061/MOD11A2,GAUL_L2_polygon_mean (Bangalore Urban),2188,2013_03_06,"{""type"":""MultiPoint"",""coordinates"":[]}"
1,Bengaluru Urban,2013-03-14,15518.91413959376,MODIS/061/MOD11A2,GAUL_L2_polygon_mean (Bangalore Urban),2188,2013_03_14,"{""type"":""MultiPoint"",""coordinates"":[]}"
1,Bengaluru Urban,2013-03-22,15700.512026123391,MODIS/061/MOD11A2,GAUL_L2_polygon_mean (Bangalore Urban),2188,2013_03_22,"{""type"":""MultiPoint"",""coordinates"":[]}"
1,Bengaluru Urban,2013-03-30,15488.104776916456,MODIS/061/MOD11A2,GAUL_L2_polygon_mean (Bangalore Urban),2188,2013_03_30,"{""type"":""MultiPoint"",""coordinates"":[]}"
1,Bengaluru Urban,2013-04-07,15667.941157800171,MODIS/061/MOD11A2,GAUL_L2_polygon_mean (Bangalore Urban),2188,2013_04_07,"{""type"":""MultiPoint"",""coordinates"":[]}"
1,Bengaluru Urban,2013-04-15,15603.487089826975,MODIS/061/MOD11A2,GAUL_L2_polygon_mean (Bangalore Urban),2188,2013_04_15,"{""type"":""MultiPoint"",""coordinates"":[]}"
1,Bengaluru Urban,2013-04-23,15591.281782040367,MODIS/061/MOD11A2,GAUL_L2_polygon_mean (Bangalore Urban),2187,2013_04_23,"{""type"":""MultiPoint"",""coordinates"":[]}"
1,Bengaluru Urban,2013-05-01,15537.928887979097,MODIS/061/MOD11A2,GAUL_L2_polygon_mean (Bangalore Urban),2185,2013_05_01,"{""type"":""MultiPoint"",""coordinates"":[]}"
1,Bengaluru Urban,2013-05-09,15262.796218422174,MODIS/061/MOD11A2,GAUL_L2_polygon_mean (Bangalore Urban),2149,2013_05_09,"{""type"":""MultiPoint"",""coordinates"":[]}"
1,Bengaluru Urban,2013-05-17,15309.480835131022,MODIS/061/MOD11A2,GAUL_L2_polygon_mean (Bangalore Urban),2188,2013_05_17,"{""type"":""MultiPoint"",""coordinates"":[]}"
1,Bengaluru Urban,2013-05-25,15279.381776817536,MODIS/061/MOD11A2,GAUL_L2_polygon_mean (Bangalore Urban),272,2013_05_25,"{""type"":""MultiPoint"",""coordinates"":[]}"
1,Bengaluru Urban,2013-06-18,15074.805598159508,MODIS/061/MOD11A2,GAUL_L2_polygon_mean (Bangalore Urban),92,2013_06_18,"{""type"":""MultiPoint"",""coordinates"":[]}"
1,Bengaluru Urban,2013-06-26,15244.597252662956,MODIS/061/MOD11A2,GAUL_L2_polygon_mean (Bangalore Urban),1154,2013_06_26,"{""type"":""MultiPoint"",""coordinates"":[]}"
1,Bengaluru Urban,2013-07-28,15062.510063634703,MODIS/061/MOD11A2,GAUL_L2_polygon_mean (Bangalore Urban),387,2013_07_28,"{""type"":""MultiPoint"",""coordinates"":[]}"
1,Bengaluru Urban,2013-08-05,15233.717185368065,MODIS/061/MOD11A2,GAUL_L2_polygon_mean (Bangalore Urban),303,2013_08_05,"{""type"":""MultiPoint"",""coordinates"":[]}"
1,Bengaluru Urban,2013-08-21,15012.023755479022,MODIS/061/MOD11A2,GAUL_L2_polygon_mean (Bangalore Urban),201,2013_08_21,"{""type"":""MultiPoint"",""coordinates"":[]}"
1,Bengaluru Urban,2013-08-29,15240.697848343914,MODIS/061/MOD11A2,GAUL_L2_polygon_mean (Bangalore Urban),2184,2013_08_29,"{""type"":""MultiPoint"",""coordinates"":[]}"
1,Bengaluru Urban,2013-09-22,15079.403637303907,MODIS/061/MOD11A2,GAUL_L2_polygon_mean (Bangalore Urban),2185,2013_09_22,"{""type"":""MultiPoint"",""coordinates"":[]}"
1,Bengaluru Urban,2013-09-30,15198.878682568784,MODIS/061/MOD11A2,GAUL_L2_polygon_mean (Bangalore Urban),2188,2013_09_30,"{""type"":""MultiPoint"",""coordinates"":[]}"
1,Bengaluru Urban,2013-10-08,15063.230812958871,MODIS/061/MOD11A2,GAUL_L2_polygon_mean (Bangalore Urban),1476,2013_10_08,"{""type"":""MultiPoint"",""coordinates"":[]}"
1,Bengaluru Urban,2013-10-16,15141.163270875204,MODIS/061/MOD11A2,GAUL_L2_polygon_mean (Bangalore Urban),2060,2013_10_16,"{""type"":""MultiPoint"",""coordinates"":[]}"
1,Bengaluru Urban,2013-10-24,14930.787614934521,MODIS/061/MOD11A2,GAUL_L2_polygon_mean (Bangalore Urban),620,2013_10_24,"{""type"":""MultiPoint"",""coordinates"":[]}"
1,Bengaluru Urban,2013-11-01,15096.01842517229,MODIS/061/MOD11A2,GAUL_L2_polygon_mean (Bangalore Urban),2188,2013_11_01,"{""type"":""MultiPoint"",""coordinates"":[]}"
1,Bengaluru Urban,2013-11-09,15098.894701261157,MODIS/061/MOD11A2,GAUL_L2_polygon_mean (Bangalore Urban),2188,2013_11_09,"{""type"":""MultiPoint"",""coordinates"":[]}"
1,Bengaluru Urban,2013-11-17,15118.921889821955,MODIS/061/MOD11A2,GAUL_L2_polygon_mean (Bangalore Urban),2188,2013_11_17,"{""type"":""MultiPoint"",""coordinates"":[]}"
1,Bengaluru Urban,2013-11-25,15061.45059453682,MODIS/061/MOD11A2,GAUL_L2_polygon_mean (Bangalore Urban),2188,2013_11_25,"{""type"":""MultiPoint"",""coordinates"":[]}"
1,Bengaluru Urban,2013-12-03,15081.284226438647,MODIS/061/MOD11A2,GAUL_L2_polygon_mean (Bangalore Urban),2188,2013_12_03,"{""type"":""MultiPoint"",""coordinates"":[]}"
1,Bengaluru Urban,2013-12-11,15042.919560449804,MODIS/061/MOD11A2,GAUL_L2_polygon_mean (Bangalore Urban),2188,2013_12_11,"{""type"":""MultiPoint"",""coordinates"":[]}"
1,Bengaluru Urban,2013-12-19,15138.718515370456,MODIS/061/MOD11A2,GAUL_L2_polygon_mean (Bangalore Urban),2188,2013_12_19,"{""type"":""MultiPoint"",""coordinates"":[]}"
1,Bengaluru Urban,2013-12-27,15082.790991301154,MODIS/061/MOD11A2,GAUL_L2_polygon_mean (Bangalore Urban),2188,2013_12_27,"{""type"":""MultiPoint"",""coordinates"":[]}"
1,Bengaluru Urban,2014-01-01,15189.45067702421,MODIS/061/MOD11A2,GAUL_L2_polygon_mean (Bangalore Urban),2188,2014_01_01,"{""type"":""MultiPoint"",""coordinates"":[]}"
1,Bengaluru Urban,2014-01-09,15196.713293560068,MODIS/061/MOD11A2,GAUL_L2_polygon_mean (Bangalore Urban),2188,2014_01_09,"{""type"":""MultiPoint"",""coordinates"":[]}"
1,Bengaluru Urban,2014-01-17,15112.562214320169,MODIS/061/MOD11A2,GAUL_L2_polygon_mean (Bangalore Urban),2188,2014_01_17,"{""type"":""MultiPoint"",""coordinates"":[]}"
1,Bengaluru Urban,2014-01-25,15192.12590982693,MODIS/061/MOD11A2,GAUL_L2_polygon_mean (Bangalore Urban),2188,2014_01_25,"{""type"":""MultiPoint"",""coordinates"":[]}"
1,Bengaluru Urban,2014-02-02,15361.827307270907,MODIS/061/MOD11A2,GAUL_L2_polygon_mean (Bangalore Urban),2188,2014_02_02,"{""type"":""MultiPoint"",""coordinates"":[]}"
1,Bengaluru Urban,2014-02-10,15329.11880335903,MODIS/061/MOD11A2,GAUL_L2_polygon_mean (Bangalore Urban),2188,2014_02_10,"{""type"":""MultiPoint"",""coordinates"":[]}"
1,Bengaluru Urban,2014-02-18,15364.940912131204,MODIS/061/MOD11A2,GAUL_L2_polygon_mean (Bangalore Urban),2188,2014_02_18,"{""type"":""MultiPoint"",""coordinates"":[]}"
1,Bengaluru Urban,2014-02-26,15322.606296656917,MODIS/061/MOD11A2,GAUL_L2_polygon_mean (Bangalore Urban),2188,2014_02_26,"{""type"":""MultiPoint"",""coordinates"":[]}"
1,Bengaluru Urban,2014-03-06,15383.22030947117,MODIS/061/MOD11A2,GAUL_L2_polygon_mean (Bangalore Urban),2188,2014_03_06,"{""type"":""MultiPoint"",""coordinates"":[]}"
1,Bengaluru Urban,2014-03-14,15634.547996004738,MODIS/061/MOD11A2,GAUL_L2_polygon_mean (Bangalore Urban),2188,2014_03_14,"{""type"":""MultiPoint"",""coordinates"":[]}"
1,Bengaluru Urban,2014-03-22,15641.267241209252,MODIS/061/MOD11A2,GAUL_L2_polygon_mean (Bangalore Urban),2188,2014_03_22,"{""type"":""MultiPoint"",""coordinates"":[]}"
1,Bengaluru Urban,2014-03-30,15704.797593878726,MODIS/061/MOD11A2,GAUL_L2_polygon_mean (Bangalore Urban),2188,2014_03_30,"{""type"":""MultiPoint"",""coordinates"":[]}"
1,Bengaluru Urban,2014-04-07,15562.709974339255,MODIS/061/MOD11A2,GAUL_L2_polygon_mean (Bangalore Urban),2188,2014_04_07,"{""type"":""MultiPoint"",""coordinates"":[]}"
1,Bengaluru Urban,2014-04-15,15670.856179650369,MODIS/061/MOD11A2,GAUL_L2_polygon_mean (Bangalore Urban),2188,2014_04_15,"{""type"":""MultiPoint"",""coordinates"":[]}"
1,Bengaluru Urban,2014-04-23,15640.755686698543,MODIS/061/MOD11A2,GAUL_L2_polygon_mean (Bangalore Urban),2188,2014_04_23,"{""type"":""MultiPoint"",""coordinates"":[]}"
1,Bengaluru Urban,2014-05-01,15635.071574385154,MODIS/061/MOD11A2,GAUL_L2_polygon_mean (Bangalore Urban),2030,2014_05_01,"{""type"":""MultiPoint"",""coordinates"":[]}"
1,Bengaluru Urban,2014-05-09,15554.2611568677,MODIS/061/MOD11A2,GAUL_L2_polygon_mean (Bangalore Urban),2188,2014_05_09,"{""type"":""MultiPoint"",""coordinates"":[]}"
1,Bengaluru Urban,2014-05-17,15462.141105438615,MODIS/061/MOD11A2,GAUL_L2_polygon_mean (Bangalore Urban),2188,2014_05_17,"{""type"":""MultiPoint"",""coordinates"":[]}"
1,Bengaluru Urban,2014-05-25,15274.691454702674,MODIS/061/MOD11A2,GAUL_L2_polygon_mean (Bangalore Urban),2187,2014_05_25,"{""type"":""MultiPoint"",""coordinates"":[]}"
1,Bengaluru Urban,2014-06-02,15194.01563612573,MODIS/061/MOD11A2,GAUL_L2_polygon_mean (Bangalore Urban),2171,2014_06_02,"{""type"":""MultiPoint"",""coordinates"":[]}"
1,Bengaluru Urban,2014-06-10,15232.204784359954,MODIS/061/MOD11A2,GAUL_L2_polygon_mean (Bangalore Urban),1839,2014_06_10,"{""type"":""MultiPoint"",""coordinates"":[]}"
1,Bengaluru Urban,2014-06-18,14979.42219104288,MODIS/061/MOD11A2,GAUL_L2_polygon_mean (Bangalore Urban),385,2014_06_18,"{""type"":""MultiPoint"",""coordinates"":[]}"
1,Bengaluru Urban,2014-06-26,15467.481633106852,MODIS/061/MOD11A2,GAUL_L2_polygon_mean (Bangalore Urban),2188,2014_06_26,"{""type"":""MultiPoint"",""coordinates"":[]}"
1,Bengaluru Urban,2014-07-04,15184.70653592981,MODIS/061/MOD11A2,GAUL_L2_polygon_mean (Bangalore Urban),433,2014_07_04,"{""type"":""MultiPoint"",""coordinates"":[]}"
1,Bengaluru Urban,2014-07-12,15074.17336257818,MODIS/061/MOD11A2,GAUL_L2_polygon_mean (Bangalore Urban),179,2014_07_12,"{""type"":""MultiPoint"",""coordinates"":[]}"
1,Bengaluru Urban,2014-07-20,15070.645589630098,MODIS/061/MOD11A2,GAUL_L2_polygon_mean (Bangalore Urban),13,2014_07_20,"{""type"":""MultiPoint"",""coordinates"":[]}"
1,Bengaluru Urban,2014-07-28,15147.077488021367,MODIS/061/MOD11A2,GAUL_L2_polygon_mean (Bangalore Urban),498,2014_07_28,"{""type"":""MultiPoint"",""coordinates"":[]}"
1,Bengaluru Urban,2014-08-13,15086.958858334106,MODIS/061/MOD11A2,GAUL_L2_polygon_mean (Bangalore Urban),254,2014_08_13,"{""type"":""MultiPoint"",""coordinates"":[]}"
1,Bengaluru Urban,2014-08-21,15155.591754929968,MODIS/061/MOD11A2,GAUL_L2_polygon_mean (Bangalore Urban),1194,2014_08_21,"{""type"":""MultiPoint"",""coordinates"":[]}"
1,Bengaluru Urban,2014-09-06,15260.339329807894,MODIS/061/MOD11A2,GAUL_L2_polygon_mean (Bangalore Urban),2188,2014_09_06,"{""type"":""MultiPoint"",""coordinates"":[]}"
1,Bengaluru Urban,2014-09-14,15253.230874779174,MODIS/061/MOD11A2,GAUL_L2_polygon_mean (Bangalore Urban),1679,2014_09_14,"{""type"":""MultiPoint"",""coordinates"":[]}"
1,Bengaluru Urban,2014-09-22,15064.57343410988,MODIS/061/MOD11A2,GAUL_L2_polygon_mean (Bangalore Urban),1925,2014_09_22,"{""type"":""MultiPoint"",""coordinates"":[]}"
1,Bengaluru Urban,2014-09-30,15169.175950980974,MODIS/061/MOD11A2,GAUL_L2_polygon_mean (Bangalore Urban),2188,2014_09_30,"{""type"":""MultiPoint"",""coordinates"":[]}"
1,Bengaluru Urban,2014-10-08,15126.184977738443,MODIS/061/MOD11A2,GAUL_L2_polygon_mean (Bangalore Urban),2172,2014_10_08,"{""type"":""MultiPoint"",""coordinates"":[]}"
1,Bengaluru Urban,2014-10-16,15054.509330757606,MODIS/061/MOD11A2,GAUL_L2_polygon_mean (Bangalore Urban),1473,2014_10_16,"{""type"":""MultiPoint"",""coordinates"":[]}"
1,Bengaluru Urban,2014-10-24,14970.198447322255,MODIS/061/MOD11A2,GAUL_L2_polygon_mean (Bangalore Urban),2109,2014_10_24,"{""type"":""MultiPoint"",""coordinates"":[]}"
1,Bengaluru Urban,2014-11-01,15071.401286943372,MODIS/061/MOD11A2,GAUL_L2_polygon_mean (Bangalore Urban),2180,2014_11_01,"{""type"":""MultiPoint"",""coordinates"":[]}"
1,Bengaluru Urban,2014-11-09,15118.462861411275,MODIS/061/MOD11A2,GAUL_L2_polygon_mean (Bangalore Urban),2185,2014_11_09,"{""type"":""MultiPoint"",""coordinates"":[]}"
1,Bengaluru Urban,2014-11-17,15053.907915382291,MODIS/061/MOD11A2,GAUL_L2_polygon_mean (Bangalore Urban),2188,2014_11_17,"{""type"":""MultiPoint"",""coordinates"":[]}"
1,Bengaluru Urban,2014-11-25,15100.166246160295,MODIS/061/MOD11A2,GAUL_L2_polygon_mean (Bangalore Urban),2188,2014_11_25,"{""type"":""MultiPoint"",""coordinates"":[]}"
1,Bengaluru Urban,2014-12-03,15067.43811204298,MODIS/061/MOD11A2,GAUL_L2_polygon_mean (Bangalore Urban),2188,2014_12_03,"{""type"":""MultiPoint"",""coordinates"":[]}"
1,Bengaluru Urban,2014-12-11,15015.821095490897,MODIS/061/MOD11A2,GAUL_L2_polygon_mean (Bangalore Urban),2109,2014_12_11,"{""type"":""MultiPoint"",""coordinates"":[]}"
1,Bengaluru Urban,2014-12-19,14990.086637638427,MODIS/061/MOD11A2,GAUL_L2_polygon_mean (Bangalore Urban),2149,2014_12_19,"{""type"":""MultiPoint"",""coordinates"":[]}"
1,Bengaluru Urban,2014-12-27,15092.615456343548,MODIS/061/MOD11A2,GAUL_L2_polygon_mean (Bangalore Urban),2188,2014_12_27,"{""type"":""MultiPoint"",""coordinates"":[]}"
1,Bengaluru Urban,2015-01-01,15019.947281592216,MODIS/061/MOD11A2,GAUL_L2_polygon_mean (Bangalore Urban),2188,2015_01_01,"{""type"":""MultiPoint"",""coordinates"":[]}"
1,Bengaluru Urban,2015-01-09,15117.30446095388,MODIS/061/MOD11A2,GAUL_L2_polygon_mean (Bangalore Urban),2188,2015_01_09,"{""type"":""MultiPoint"",""coordinates"":[]}"
1,Bengaluru Urban,2015-01-17,15122.630286141582,MODIS/061/MOD11A2,GAUL_L2_polygon_mean (Bangalore Urban),2188,2015_01_17,"{""type"":""MultiPoint"",""coordinates"":[]}"
1,Bengaluru Urban,2015-01-25,15169.156388917276,MODIS/061/MOD11A2,GAUL_L2_polygon_mean (Bangalore Urban),2188,2015_01_25,"{""type"":""MultiPoint"",""coordinates"":[]}"
1,Bengaluru Urban,2015-02-02,15248.69529337715,MODIS/061/MOD11A2,GAUL_L2_polygon_mean (Bangalore Urban),2188,2015_02_02,"{""type"":""MultiPoint"",""coordinates"":[]}"
1,Bengaluru Urban,2015-02-10,15389.242609757539,MODIS/061/MOD11A2,GAUL_L2_polygon_mean (Bangalore Urban),2188,2015_02_10,"{""type"":""MultiPoint"",""coordinates"":[]}"
1,Bengaluru Urban,2015-02-18,15435.772433431783,MODIS/061/MOD11A2,GAUL_L2_polygon_mean (Bangalore Urban),2188,2015_02_18,"{""type"":""MultiPoint"",""coordinates"":[]}"
1,Bengaluru Urban,2015-02-26,15405.134872261106,MODIS/061/MOD11A2,GAUL_L2_polygon_mean (Bangalore Urban),2188,2015_02_26,"{""type"":""MultiPoint"",""coordinates"":[]}"
1,Bengaluru Urban,2015-03-06,15418.227862446885,MODIS/061/MOD11A2,GAUL_L2_polygon_mean (Bangalore Urban),2188,2015_03_06,"{""type"":""MultiPoint"",""coordinates"":[]}"
1,Bengaluru Urban,2015-03-14,15592.06129350985,MODIS/061/MOD11A2,GAUL_L2_polygon_mean (Bangalore Urban),2188,2015_03_14,"{""type"":""MultiPoint"",""coordinates"":[]}"
1,Bengaluru Urban,2015-03-22,15612.378520283826,MODIS/061/MOD11A2,GAUL_L2_polygon_mean (Bangalore Urban),2188,2015_03_22,"{""type"":""MultiPoint"",""coordinates"":[]}"
1,Bengaluru Urban,2015-03-30,15570.168075228512,MODIS/061/MOD11A2,GAUL_L2_polygon_mean (Bangalore Urban),2188,2015_03_30,"{""type"":""MultiPoint"",""coordinates"":[]}"
1,Bengaluru Urban,2015-04-07,15542.57863003738,MODIS/061/MOD11A2,GAUL_L2_polygon_mean (Bangalore Urban),2180,2015_04_07,"{""type"":""MultiPoint"",""coordinates"":[]}"
1,Bengaluru Urban,2015-04-15,15189.491326408815,MODIS/061/MOD11A2,GAUL_L2_polygon_mean (Bangalore Urban),2186,2015_04_15,"{""type"":""MultiPoint"",""coordinates"":[]}"
1,Bengaluru Urban,2015-04-23,15302.588913336238,MODIS/061/MOD11A2,GAUL_L2_polygon_mean (Bangalore Urban),2188,2015_04_23,"{""type"":""MultiPoint"",""coordinates"":[]}"
1,Bengaluru Urban,2015-05-01,15252.267714615155,MODIS/061/MOD11A2,GAUL_L2_polygon_mean (Bangalore Urban),2188,2015_05_01,"{""type"":""MultiPoint"",""coordinates"":[]}"
1,Bengaluru Urban,2015-05-09,15153.653516054812,MODIS/061/MOD11A2,GAUL_L2_polygon_mean (Bangalore Urban),782,2015_05_09,"{""type"":""MultiPoint"",""coordinates"":[]}"
1,Bengaluru Urban,2015-05-17,15156.245475297712,MODIS/061/MOD11A2,GAUL_L2_polygon_mean (Bangalore Urban),2188,2015_05_17,"{""type"":""MultiPoint"",""coordinates"":[]}"
1,Bengaluru Urban,2015-05-25,15250.787542969649,MODIS/061/MOD11A2,GAUL_L2_polygon_mean (Bangalore Urban),2188,2015_05_25,"{""type"":""MultiPoint"",""coordinates"":[]}"
1,Bengaluru Urban,2015-06-02,15311.98892311036,MODIS/061/MOD11A2,GAUL_L2_polygon_mean (Bangalore Urban),2166,2015_06_02,"{""type"":""MultiPoint"",""coordinates"":[]}"
1,Bengaluru Urban,2015-06-10,15118.056295008704,MODIS/061/MOD11A2,GAUL_L2_polygon_mean (Bangalore Urban),475,2015_06_10,"{""type"":""MultiPoint"",""coordinates"":[]}"
1,Bengaluru Urban,2015-06-18,15097.088004937641,MODIS/061/MOD11A2,GAUL_L2_polygon_mean (Bangalore Urban),184,2015_06_18,"{""type"":""MultiPoint"",""coordinates"":[]}"
1,Bengaluru Urban,2015-06-26,15143.70384712663,MODIS/061/MOD11A2,GAUL_L2_polygon_mean (Bangalore Urban),2051,2015_06_26,"{""type"":""MultiPoint"",""coordinates"":[]}"
1,Bengaluru Urban,2015-07-04,15127.371667455436,MODIS/061/MOD11A2,GAUL_L2_polygon_mean (Bangalore Urban),2065,2015_07_04,"{""type"":""MultiPoint"",""coordinates"":[]}"
1,Bengaluru Urban,2015-07-12,15236.305522572093,MODIS/061/MOD11A2,GAUL_L2_polygon_mean (Bangalore Urban),688,2015_07_12,"{""type"":""MultiPoint"",""coordinates"":[]}"
1,Bengaluru Urban,2015-07-20,15072.935281996488,MODIS/061/MOD11A2,GAUL_L2_polygon_mean (Bangalore Urban),207,2015_07_20,"{""type"":""MultiPoint"",""coordinates"":[]}"
1,Bengaluru Urban,2015-07-28,15251.191377291512,MODIS/061/MOD11A2,GAUL_L2_polygon_mean (Bangalore Urban),2122,2015_07_28,"{""type"":""MultiPoint"",""coordinates"":[]}"
1,Bengaluru Urban,2015-08-05,15056.181818181818,MODIS/061/MOD11A2,GAUL_L2_polygon_mean (Bangalore Urban),22,2015_08_05,"{""type"":""MultiPoint"",""coordinates"":[]}"
1,Bengaluru Urban,2015-08-13,15190.815048172755,MODIS/061/MOD11A2,GAUL_L2_polygon_mean (Bangalore Urban),1836,2015_08_13,"{""type"":""MultiPoint"",""coordinates"":[]}"
1,Bengaluru Urban,2015-08-21,15120.046199544493,MODIS/061/MOD11A2,GAUL_L2_polygon_mean (Bangalore Urban),1262,2015_08_21,"{""type"":""MultiPoint"",""coordinates"":[]}"
1,Bengaluru Urban,2015-08-29,15223.985078457355,MODIS/061/MOD11A2,GAUL_L2_polygon_mean (Bangalore Urban),1513,2015_08_29,"{""type"":""MultiPoint"",""coordinates"":[]}"
1,Bengaluru Urban,2015-09-06,15187.984440487495,MODIS/061/MOD11A2,GAUL_L2_polygon_mean (Bangalore Urban),2155,2015_09_06,"{""type"":""MultiPoint"",""coordinates"":[]}"
1,Bengaluru Urban,2015-09-14,14986.189510523029,MODIS/061/MOD11A2,GAUL_L2_polygon_mean (Bangalore Urban),82,2015_09_14,"{""type"":""MultiPoint"",""coordinates"":[]}"
1,Bengaluru Urban,2015-09-22,15192.700922244883,MODIS/061/MOD11A2,GAUL_L2_polygon_mean (Bangalore Urban),2188,2015_09_22,"{""type"":""MultiPoint"",""coordinates"":[]}"
1,Bengaluru Urban,2015-09-30,15018.111525009239,MODIS/061/MOD11A2,GAUL_L2_polygon_mean (Bangalore Urban),1103,2015_09_30,"{""type"":""MultiPoint"",""coordinates"":[]}"
1,Bengaluru Urban,2015-10-08,15220.16687557494,MODIS/061/MOD11A2,GAUL_L2_polygon_mean (Bangalore Urban),2188,2015_10_08,"{""type"":""MultiPoint"",""coordinates"":[]}"
1,Bengaluru Urban,2015-10-16,15223.046218042857,MODIS/061/MOD11A2,GAUL_L2_polygon_mean (Bangalore Urban),2188,2015_10_16,"{""type"":""MultiPoint"",""coordinates"":[]}"
1,Bengaluru Urban,2015-10-24,15219.661172289254,MODIS/061/MOD11A2,GAUL_L2_polygon_mean (Bangalore Urban),2188,2015_10_24,"{""type"":""MultiPoint"",""coordinates"":[]}"
1,Bengaluru Urban,2015-11-01,14965.159212599618,MODIS/061/MOD11A2,GAUL_L2_polygon_mean (Bangalore Urban),1553,2015_11_01,"{""type"":""MultiPoint"",""coordinates"":[]}"
1,Bengaluru Urban,2015-11-09,14796.345008756567,MODIS/061/MOD11A2,GAUL_L2_polygon_mean (Bangalore Urban),14,2015_11_09,"{""type"":""MultiPoint"",""coordinates"":[]}"
1,Bengaluru Urban,2015-11-17,14871.1875,MODIS/061/MOD11A2,GAUL_L2_polygon_mean (Bangalore Urban),32,2015_11_17,"{""type"":""MultiPoint"",""coordinates"":[]}"
1,Bengaluru Urban,2015-11-25,15054.115973682925,MODIS/061/MOD11A2,GAUL_L2_polygon_mean (Bangalore Urban),2188,2015_11_25,"{""type"":""MultiPoint"",""coordinates"":[]}"
1,Bengaluru Urban,2015-12-03,15002.685382338015,MODIS/061/MOD11A2,GAUL_L2_polygon_mean (Bangalore Urban),2188,2015_12_03,"{""type"":""MultiPoint"",""coordinates"":[]}"
1,Bengaluru Urban,2015-12-11,15060.200320624885,MODIS/061/MOD11A2,GAUL_L2_polygon_mean (Bangalore Urban),2188,2015_12_11,"{""type"":""MultiPoint"",""coordinates"":[]}"
1,Bengaluru Urban,2015-12-19,15082.210882597132,MODIS/061/MOD11A2,GAUL_L2_polygon_mean (Bangalore Urban),2188,2015_12_19,"{""type"":""MultiPoint"",""coordinates"":[]}"
1,Bengaluru Urban,2015-12-27,15105.447899351044,MODIS/061/MOD11A2,GAUL_L2_polygon_mean (Bangalore Urban),2188,2015_12_27,"{""type"":""MultiPoint"",""coordinates"":[]}"
1,Bengaluru Urban,2016-01-01,15072.796094760082,MODIS/061/MOD11A2,GAUL_L2_polygon_mean (Bangalore Urban),2188,2016_01_01,"{""type"":""MultiPoint"",""coordinates"":[]}"
1,Bengaluru Urban,2016-01-09,15073.786241103458,MODIS/061/MOD11A2,GAUL_L2_polygon_mean (Bangalore Urban),2188,2016_01_09,"{""type"":""MultiPoint"",""coordinates"":[]}"
1,Bengaluru Urban,2016-01-17,14984.169301796574,MODIS/061/MOD11A2,GAUL_L2_polygon_mean (Bangalore Urban),2098,2016_01_17,"{""type"":""MultiPoint"",""coordinates"":[]}"
1,Bengaluru Urban,2016-01-25,15237.385910077986,MODIS/061/MOD11A2,GAUL_L2_polygon_mean (Bangalore Urban),2188,2016_01_25,"{""type"":""MultiPoint"",""coordinates"":[]}"
1,Bengaluru Urban,2016-02-02,15172.209467759087,MODIS/061/MOD11A2,GAUL_L2_polygon_mean (Bangalore Urban),2188,2016_02_02,"{""type"":""MultiPoint"",""coordinates"":[]}"
1,Bengaluru Urban,2016-02-10,15302.70695996313,MODIS/061/MOD11A2,GAUL_L2_polygon_mean (Bangalore Urban),2188,2016_02_10,"{""type"":""MultiPoint"",""coordinates"":[]}"
1,Bengaluru Urban,2016-02-18,15323.270112120024,MODIS/061/MOD11A2,GAUL_L2_polygon_mean (Bangalore Urban),1781,2016_02_18,"{""type"":""MultiPoint"",""coordinates"":[]}"
1,Bengaluru Urban,2016-02-26,15489.40855465954,MODIS/061/MOD11A2,GAUL_L2_polygon_mean (Bangalore Urban),2188,2016_02_26,"{""type"":""MultiPoint"",""coordinates"":[]}"
1,Bengaluru Urban,2016-03-05,15568.262743853347,MODIS/061/MOD11A2,GAUL_L2_polygon_mean (Bangalore Urban),2188,2016_03_05,"{""type"":""MultiPoint"",""coordinates"":[]}"
1,Bengaluru Urban,2016-03-13,15512.833445408587,MODIS/061/MOD11A2,GAUL_L2_polygon_mean (Bangalore Urban),2188,2016_03_13,"{""type"":""MultiPoint"",""coordinates"":[]}"
1,Bengaluru Urban,2016-03-21,15605.191594893673,MODIS/061/MOD11A2,GAUL_L2_polygon_mean (Bangalore Urban),2188,2016_03_21,"{""type"":""MultiPoint"",""coordinates"":[]}"
1,Bengaluru Urban,2016-03-29,15644.643487710267,MODIS/061/MOD11A2,GAUL_L2_polygon_mean (Bangalore Urban),2188,2016_03_29,"{""type"":""MultiPoint"",""coordinates"":[]}"
1,Bengaluru Urban,2016-04-06,15631.377750999267,MODIS/061/MOD11A2,GAUL_L2_polygon_mean (Bangalore Urban),2188,2016_04_06,"{""type"":""MultiPoint"",""coordinates"":[]}"
1,Bengaluru Urban,2016-04-14,15711.507062534418,MODIS/061/MOD11A2,GAUL_L2_polygon_mean (Bangalore Urban),2188,2016_04_14,"{""type"":""MultiPoint"",""coordinates"":[]}"
1,Bengaluru Urban,2016-04-22,15738.073499850274,MODIS/061/MOD11A2,GAUL_L2_polygon_mean (Bangalore Urban),2188,2016_04_22,"{""type"":""MultiPoint"",""coordinates"":[]}"
1,Bengaluru Urban,2016-04-30,15684.538787901603,MODIS/061/MOD11A2,GAUL_L2_polygon_mean (Bangalore Urban),2188,2016_04_30,"{""type"":""MultiPoint"",""coordinates"":[]}"
1,Bengaluru Urban,2016-05-08,15465.22958930245,MODIS/061/MOD11A2,GAUL_L2_polygon_mean (Bangalore Urban),2188,2016_05_08,"{""type"":""MultiPoint"",""coordinates"":[]}"
1,Bengaluru Urban,2016-05-16,15299.248722910079,MODIS/061/MOD11A2,GAUL_L2_polygon_mean (Bangalore Urban),2186,2016_05_16,"{""type"":""MultiPoint"",""coordinates"":[]}"
1,Bengaluru Urban,2016-05-24,15364.729785658303,MODIS/061/MOD11A2,GAUL_L2_polygon_mean (Bangalore Urban),2188,2016_05_24,"{""type"":""MultiPoint"",""coordinates"":[]}"
1,Bengaluru Urban,2016-06-09,14977.31464450741,MODIS/061/MOD11A2,GAUL_L2_polygon_mean (Bangalore Urban),609,2016_06_09,"{""type"":""MultiPoint"",""coordinates"":[]}"
1,Bengaluru Urban,2016-06-25,14972.87155963303,MODIS/061/MOD11A2,GAUL_L2_polygon_mean (Bangalore Urban),85,2016_06_25,"{""type"":""MultiPoint"",""coordinates"":[]}"
1,Bengaluru Urban,2016-07-11,15050.062930770011,MODIS/061/MOD11A2,GAUL_L2_polygon_mean (Bangalore Urban),385,2016_07_11,"{""type"":""MultiPoint"",""coordinates"":[]}"
1,Bengaluru Urban,2016-07-19,15195.624875547788,MODIS/061/MOD11A2,GAUL_L2_polygon_mean (Bangalore Urban),998,2016_07_19,"{""type"":""MultiPoint"",""coordinates"":[]}"
1,Bengaluru Urban,2016-07-27,15111.102245941736,MODIS/061/MOD11A2,GAUL_L2_polygon_mean (Bangalore Urban),88,2016_07_27,"{""type"":""MultiPoint"",""coordinates"":[]}"
1,Bengaluru Urban,2016-08-04,15023.784427465731,MODIS/061/MOD11A2,GAUL_L2_polygon_mean (Bangalore Urban),238,2016_08_04,"{""type"":""MultiPoint"",""coordinates"":[]}"
1,Bengaluru Urban,2016-08-12,15120.524662980002,MODIS/061/MOD11A2,GAUL_L2_polygon_mean (Bangalore Urban),352,2016_08_12,"{""type"":""MultiPoint"",""coordinates"":[]}"
1,Bengaluru Urban,2016-08-20,15058.664514597676,MODIS/061/MOD11A2,GAUL_L2_polygon_mean (Bangalore Urban),83,2016_08_20,"{""type"":""MultiPoint"",""coordinates"":[]}"
1,Bengaluru Urban,2016-09-05,15068.207949270409,MODIS/061/MOD11A2,GAUL_L2_polygon_mean (Bangalore Urban),1121,2016_09_05,"{""type"":""MultiPoint"",""coordinates"":[]}"
1,Bengaluru Urban,2016-09-13,15126.344048487981,MODIS/061/MOD11A2,GAUL_L2_polygon_mean (Bangalore Urban),1874,2016_09_13,"{""type"":""MultiPoint"",""coordinates"":[]}"
1,Bengaluru Urban,2016-09-29,15302.813879758494,MODIS/061/MOD11A2,GAUL_L2_polygon_mean (Bangalore Urban),2188,2016_09_29,"{""type"":""MultiPoint"",""coordinates"":[]}"
1,Bengaluru Urban,2016-10-07,15292.200026698076,MODIS/061/MOD11A2,GAUL_L2_polygon_mean (Bangalore Urban),1351,2016_10_07,"{""type"":""MultiPoint"",""coordinates"":[]}"
1,Bengaluru Urban,2016-10-15,15274.624840180686,MODIS/061/MOD11A2,GAUL_L2_polygon_mean (Bangalore Urban),2188,2016_10_15,"{""type"":""MultiPoint"",""coordinates"":[]}"
1,Bengaluru Urban,2016-10-23,15203.62500156904,MODIS/061/MOD11A2,GAUL_L2_polygon_mean (Bangalore Urban),2188,2016_10_23,"{""type"":""MultiPoint"",""coordinates"":[]}"
1,Bengaluru Urban,2016-10-31,15255.89171019669,MODIS/061/MOD11A2,GAUL_L2_polygon_mean (Bangalore Urban),2188,2016_10_31,"{""type"":""MultiPoint"",""coordinates"":[]}"
1,Bengaluru Urban,2016-11-08,15258.295616871188,MODIS/061/MOD11A2,GAUL_L2_polygon_mean (Bangalore Urban),2188,2016_11_08,"{""type"":""MultiPoint"",""coordinates"":[]}"
1,Bengaluru Urban,2016-11-16,15247.597743073302,MODIS/061/MOD11A2,GAUL_L2_polygon_mean (Bangalore Urban),2188,2016_11_16,"{""type"":""MultiPoint"",""coordinates"":[]}"
1,Bengaluru Urban,2016-11-24,15292.984472645569,MODIS/061/MOD11A2,GAUL_L2_polygon_mean (Bangalore Urban),2188,2016_11_24,"{""type"":""MultiPoint"",""coordinates"":[]}"
1,Bengaluru Urban,2016-12-02,15125.715007863193,MODIS/061/MOD11A2,GAUL_L2_polygon_mean (Bangalore Urban),2188,2016_12_02,"{""type"":""MultiPoint"",""coordinates"":[]}"
1,Bengaluru Urban,2016-12-10,14870.081324936838,MODIS/061/MOD11A2,GAUL_L2_polygon_mean (Bangalore Urban),553,2016_12_10,"{""type"":""MultiPoint"",""coordinates"":[]}"
1,Bengaluru Urban,2016-12-18,15144.590968348153,MODIS/061/MOD11A2,GAUL_L2_polygon_mean (Bangalore Urban),2188,2016_12_18,"{""type"":""MultiPoint"",""coordinates"":[]}"
1,Bengaluru Urban,2016-12-26,15136.292514628061,MODIS/061/MOD11A2,GAUL_L2_polygon_mean (Bangalore Urban),2188,2016_12_26,"{""type"":""MultiPoint"",""coordinates"":[]}"
1,Bengaluru Urban,2017-01-01,15184.902480180603,MODIS/061/MOD11A2,GAUL_L2_polygon_mean (Bangalore Urban),2188,2017_01_01,"{""type"":""MultiPoint"",""coordinates"":[]}"
1,Bengaluru Urban,2017-01-09,15104.806990268282,MODIS/061/MOD11A2,GAUL_L2_polygon_mean (Bangalore Urban),2188,2017_01_09,"{""type"":""MultiPoint"",""coordinates"":[]}"
1,Bengaluru Urban,2017-01-17,15190.520586879846,MODIS/061/MOD11A2,GAUL_L2_polygon_mean (Bangalore Urban),2188,2017_01_17,"{""type"":""MultiPoint"",""coordinates"":[]}"
1,Bengaluru Urban,2017-01-25,15281.629407471572,MODIS/061/MOD11A2,GAUL_L2_polygon_mean (Bangalore Urban),2188,2017_01_25,"{""type"":""MultiPoint"",""coordinates"":[]}"
1,Bengaluru Urban,2017-02-02,15368.878860096016,MODIS/061/MOD11A2,GAUL_L2_polygon_mean (Bangalore Urban),2188,2017_02_02,"{""type"":""MultiPoint"",""coordinates"":[]}"
1,Bengaluru Urban,2017-02-10,15313.402206716994,MODIS/061/MOD11A2,GAUL_L2_polygon_mean (Bangalore Urban),2188,2017_02_10,"{""type"":""MultiPoint"",""coordinates"":[]}"
1,Bengaluru Urban,2017-02-18,15496.209512589206,MODIS/061/MOD11A2,GAUL_L2_polygon_mean (Bangalore Urban),2188,2017_02_18,"{""type"":""MultiPoint"",""coordinates"":[]}"
1,Bengaluru Urban,2017-02-26,15357.800398449956,MODIS/061/MOD11A2,GAUL_L2_polygon_mean (Bangalore Urban),2188,2017_02_26,"{""type"":""MultiPoint"",""coordinates"":[]}"
1,Bengaluru Urban,2017-03-06,15416.822535554764,MODIS/061/MOD11A2,GAUL_L2_polygon_mean (Bangalore Urban),2188,2017_03_06,"{""type"":""MultiPoint"",""coordinates"":[]}"
1,Bengaluru Urban,2017-03-14,15511.092393048812,MODIS/061/MOD11A2,GAUL_L2_polygon_mean (Bangalore Urban),2188,2017_03_14,"{""type"":""MultiPoint"",""coordinates"":[]}"
1,Bengaluru Urban,2017-03-22,15655.961575222213,MODIS/061/MOD11A2,GAUL_L2_polygon_mean (Bangalore Urban),2188,2017_03_22,"{""type"":""MultiPoint"",""coordinates"":[]}"
1,Bengaluru Urban,2017-03-30,15596.920847970356,MODIS/061/MOD11A2,GAUL_L2_polygon_mean (Bangalore Urban),2188,2017_03_30,"{""type"":""MultiPoint"",""coordinates"":[]}"
1,Bengaluru Urban,2017-04-07,15580.223060246275,MODIS/061/MOD11A2,GAUL_L2_polygon_mean (Bangalore Urban),2188,2017_04_07,"{""type"":""MultiPoint"",""coordinates"":[]}"
1,Bengaluru Urban,2017-04-15,15436.530800970475,MODIS/061/MOD11A2,GAUL_L2_polygon_mean (Bangalore Urban),2188,2017_04_15,"{""type"":""MultiPoint"",""coordinates"":[]}"
1,Bengaluru Urban,2017-04-23,15616.592809968775,MODIS/061/MOD11A2,GAUL_L2_polygon_mean (Bangalore Urban),2188,2017_04_23,"{""type"":""MultiPoint"",""coordinates"":[]}"
1,Bengaluru Urban,2017-05-01,15650.354023322405,MODIS/061/MOD11A2,GAUL_L2_polygon_mean (Bangalore Urban),2188,2017_05_01,"{""type"":""MultiPoint"",""coordinates"":[]}"
1,Bengaluru Urban,2017-05-09,15378.189216008208,MODIS/061/MOD11A2,GAUL_L2_polygon_mean (Bangalore Urban),2175,2017_05_09,"{""type"":""MultiPoint"",""coordinates"":[]}"
1,Bengaluru Urban,2017-05-17,15290.372521297279,MODIS/061/MOD11A2,GAUL_L2_polygon_mean (Bangalore Urban),2187,2017_05_17,"{""type"":""MultiPoint"",""coordinates"":[]}"
1,Bengaluru Urban,2017-05-25,15183.450757616534,MODIS/061/MOD11A2,GAUL_L2_polygon_mean (Bangalore Urban),2187,2017_05_25,"{""type"":""MultiPoint"",""coordinates"":[]}"
1,Bengaluru Urban,2017-06-02,15282.837965109042,MODIS/061/MOD11A2,GAUL_L2_polygon_mean (Bangalore Urban),1920,2017_06_02,"{""type"":""MultiPoint"",""coordinates"":[]}"
1,Bengaluru Urban,2017-06-10,15177.073809280631,MODIS/061/MOD11A2,GAUL_L2_polygon_mean (Bangalore Urban),463,2017_06_10,"{""type"":""MultiPoint"",""coordinates"":[]}"
1,Bengaluru Urban,2017-06-18,14990.800622990759,MODIS/061/MOD11A2,GAUL_L2_polygon_mean (Bangalore Urban),396,2017_06_18,"{""type"":""MultiPoint"",""coordinates"":[]}"
1,Bengaluru Urban,2017-06-26,15050.869398387726,MODIS/061/MOD11A2,GAUL_L2_polygon_mean (Bangalore Urban),110,2017_06_26,"{""type"":""MultiPoint"",""coordinates"":[]}"
1,Bengaluru Urban,2017-07-04,15146.354242743084,MODIS/061/MOD11A2,GAUL_L2_polygon_mean (Bangalore Urban),255,2017_07_04,"{""type"":""MultiPoint"",""coordinates"":[]}"
1,Bengaluru Urban,2017-07-12,15152.471922858762,MODIS/061/MOD11A2,GAUL_L2_polygon_mean (Bangalore Urban),8,2017_07_12,"{""type"":""MultiPoint"",""coordinates"":[]}"
1,Bengaluru Urban,2017-07-20,15131.847856472828,MODIS/061/MOD11A2,GAUL_L2_polygon_mean (Bangalore Urban),1693,2017_07_20,"{""type"":""MultiPoint"",""coordinates"":[]}"
1,Bengaluru Urban,2017-07-28,15231.47392868701,MODIS/061/MOD11A2,GAUL_L2_polygon_mean (Bangalore Urban),1442,2017_07_28,"{""type"":""MultiPoint"",""coordinates"":[]}"
1,Bengaluru Urban,2017-08-05,15149.43059245073,MODIS/061/MOD11A2,GAUL_L2_polygon_mean (Bangalore Urban),127,2017_08_05,"{""type"":""MultiPoint"",""coordinates"":[]}"
1,Bengaluru Urban,2017-08-13,14952.15804806992,MODIS/061/MOD11A2,GAUL_L2_polygon_mean (Bangalore Urban),27,2017_08_13,"{""type"":""MultiPoint"",""coordinates"":[]}"
1,Bengaluru Urban,2017-08-21,15021.49212084714,MODIS/061/MOD11A2,GAUL_L2_polygon_mean (Bangalore Urban),38,2017_08_21,"{""type"":""MultiPoint"",""coordinates"":[]}"
1,Bengaluru Urban,2017-08-29,15104.950451384108,MODIS/061/MOD11A2,GAUL_L2_polygon_mean (Bangalore Urban),1571,2017_08_29,"{""type"":""MultiPoint"",""coordinates"":[]}"
1,Bengaluru Urban,2017-09-06,15129.232143877261,MODIS/061/MOD11A2,GAUL_L2_polygon_mean (Bangalore Urban),1509,2017_09_06,"{""type"":""MultiPoint"",""coordinates"":[]}"
1,Bengaluru Urban,2017-09-14,15178.738410917269,MODIS/061/MOD11A2,GAUL_L2_polygon_mean (Bangalore Urban),1416,2017_09_14,"{""type"":""MultiPoint"",""coordinates"":[]}"
1,Bengaluru Urban,2017-09-22,15224.999552779687,MODIS/061/MOD11A2,GAUL_L2_polygon_mean (Bangalore Urban),2045,2017_09_22,"{""type"":""MultiPoint"",""coordinates"":[]}"
1,Bengaluru Urban,2017-09-30,14993.17195892575,MODIS/061/MOD11A2,GAUL_L2_polygon_mean (Bangalore Urban),50,2017_09_30,"{""type"":""MultiPoint"",""coordinates"":[]}"
1,Bengaluru Urban,2017-10-08,15049.486916656084,MODIS/061/MOD11A2,GAUL_L2_polygon_mean (Bangalore Urban),709,2017_10_08,"{""type"":""MultiPoint"",""coordinates"":[]}"
1,Bengaluru Urban,2017-10-16,15116.561581319114,MODIS/061/MOD11A2,GAUL_L2_polygon_mean (Bangalore Urban),2188,2017_10_16,"{""type"":""MultiPoint"",""coordinates"":[]}"
1,Bengaluru Urban,2017-10-24,15099.585274925088,MODIS/061/MOD11A2,GAUL_L2_polygon_mean (Bangalore Urban),2188,2017_10_24,"{""type"":""MultiPoint"",""coordinates"":[]}"
1,Bengaluru Urban,2017-11-01,15007.17022670718,MODIS/061/MOD11A2,GAUL_L2_polygon_mean (Bangalore Urban),1537,2017_11_01,"{""type"":""MultiPoint"",""coordinates"":[]}"
1,Bengaluru Urban,2017-11-09,15056.588664080864,MODIS/061/MOD11A2,GAUL_L2_polygon_mean (Bangalore Urban),2188,2017_11_09,"{""type"":""MultiPoint"",""coordinates"":[]}"
1,Bengaluru Urban,2017-11-17,15065.464195990031,MODIS/061/MOD11A2,GAUL_L2_polygon_mean (Bangalore Urban),2188,2017_11_17,"{""type"":""MultiPoint"",""coordinates"":[]}"
1,Bengaluru Urban,2017-11-25,15115.35344058557,MODIS/061/MOD11A2,GAUL_L2_polygon_mean (Bangalore Urban),2186,2017_11_25,"{""type"":""MultiPoint"",""coordinates"":[]}"
1,Bengaluru Urban,2017-12-03,15127.135614647608,MODIS/061/MOD11A2,GAUL_L2_polygon_mean (Bangalore Urban),2188,2017_12_03,"{""type"":""MultiPoint"",""coordinates"":[]}"
1,Bengaluru Urban,2017-12-11,15041.338232366983,MODIS/061/MOD11A2,GAUL_L2_polygon_mean (Bangalore Urban),2188,2017_12_11,"{""type"":""MultiPoint"",""coordinates"":[]}"
1,Bengaluru Urban,2017-12-19,15093.909570509684,MODIS/061/MOD11A2,GAUL_L2_polygon_mean (Bangalore Urban),2188,2017_12_19,"{""type"":""MultiPoint"",""coordinates"":[]}"
1,Bengaluru Urban,2017-12-27,15065.029695460153,MODIS/061/MOD11A2,GAUL_L2_polygon_mean (Bangalore Urban),2188,2017_12_27,"{""type"":""MultiPoint"",""coordinates"":[]}"
1,Bengaluru Urban,2018-01-01,15068.25534688637,MODIS/061/MOD11A2,GAUL_L2_polygon_mean (Bangalore Urban),2188,2018_01_01,"{""type"":""MultiPoint"",""coordinates"":[]}"
1,Bengaluru Urban,2018-01-09,15166.823459054873,MODIS/061/MOD11A2,GAUL_L2_polygon_mean (Bangalore Urban),2188,2018_01_09,"{""type"":""MultiPoint"",""coordinates"":[]}"
1,Bengaluru Urban,2018-01-17,15122.599875192991,MODIS/061/MOD11A2,GAUL_L2_polygon_mean (Bangalore Urban),2188,2018_01_17,"{""type"":""MultiPoint"",""coordinates"":[]}"
1,Bengaluru Urban,2018-01-25,15150.83833188981,MODIS/061/MOD11A2,GAUL_L2_polygon_mean (Bangalore Urban),2188,2018_01_25,"{""type"":""MultiPoint"",""coordinates"":[]}"
1,Bengaluru Urban,2018-02-02,15251.81532328781,MODIS/061/MOD11A2,GAUL_L2_polygon_mean (Bangalore Urban),2188,2018_02_02,"{""type"":""MultiPoint"",""coordinates"":[]}"
1,Bengaluru Urban,2018-02-10,15255.449011137589,MODIS/061/MOD11A2,GAUL_L2_polygon_mean (Bangalore Urban),2188,2018_02_10,"{""type"":""MultiPoint"",""coordinates"":[]}"
1,Bengaluru Urban,2018-02-18,15418.127724549517,MODIS/061/MOD11A2,GAUL_L2_polygon_mean (Bangalore Urban),2188,2018_02_18,"{""type"":""MultiPoint"",""coordinates"":[]}"
1,Bengaluru Urban,2018-02-26,15515.92361847073,MODIS/061/MOD11A2,GAUL_L2_polygon_mean (Bangalore Urban),2188,2018_02_26,"{""type"":""MultiPoint"",""coordinates"":[]}"
1,Bengaluru Urban,2018-03-06,15462.147263301542,MODIS/061/MOD11A2,GAUL_L2_polygon_mean (Bangalore Urban),2188,2018_03_06,"{""type"":""MultiPoint"",""coordinates"":[]}"
1,Bengaluru Urban,2018-03-14,15399.98264537057,MODIS/061/MOD11A2,GAUL_L2_polygon_mean (Bangalore Urban),2188,2018_03_14,"{""type"":""MultiPoint"",""coordinates"":[]}"
1,Bengaluru Urban,2018-03-22,15416.750461301754,MODIS/061/MOD11A2,GAUL_L2_polygon_mean (Bangalore Urban),2188,2018_03_22,"{""type"":""MultiPoint"",""coordinates"":[]}"
1,Bengaluru Urban,2018-03-30,15343.281559944126,MODIS/061/MOD11A2,GAUL_L2_polygon_mean (Bangalore Urban),2188,2018_03_30,"{""type"":""MultiPoint"",""coordinates"":[]}"
1,Bengaluru Urban,2018-04-07,15481.878099777445,MODIS/061/MOD11A2,GAUL_L2_polygon_mean (Bangalore Urban),2188,2018_04_07,"{""type"":""MultiPoint"",""coordinates"":[]}"
1,Bengaluru Urban,2018-04-15,15416.22284685498,MODIS/061/MOD11A2,GAUL_L2_polygon_mean (Bangalore Urban),2188,2018_04_15,"{""type"":""MultiPoint"",""coordinates"":[]}"
1,Bengaluru Urban,2018-04-23,15389.74020776062,MODIS/061/MOD11A2,GAUL_L2_polygon_mean (Bangalore Urban),2188,2018_04_23,"{""type"":""MultiPoint"",""coordinates"":[]}"
1,Bengaluru Urban,2018-05-01,15244.114624735366,MODIS/061/MOD11A2,GAUL_L2_polygon_mean (Bangalore Urban),2162,2018_05_01,"{""type"":""MultiPoint"",""coordinates"":[]}"
1,Bengaluru Urban,2018-05-09,15336.610164598209,MODIS/061/MOD11A2,GAUL_L2_polygon_mean (Bangalore Urban),2188,2018_05_09,"{""type"":""MultiPoint"",""coordinates"":[]}"
1,Bengaluru Urban,2018-05-17,15170.629355497618,MODIS/061/MOD11A2,GAUL_L2_polygon_mean (Bangalore Urban),2168,2018_05_17,"{""type"":""MultiPoint"",""coordinates"":[]}"
1,Bengaluru Urban,2018-05-25,15227.25143493006,MODIS/061/MOD11A2,GAUL_L2_polygon_mean (Bangalore Urban),1986,2018_05_25,"{""type"":""MultiPoint"",""coordinates"":[]}"
1,Bengaluru Urban,2018-06-02,15180.902359375197,MODIS/061/MOD11A2,GAUL_L2_polygon_mean (Bangalore Urban),598,2018_06_02,"{""type"":""MultiPoint"",""coordinates"":[]}"
1,Bengaluru Urban,2018-06-10,15210.30430637546,MODIS/061/MOD11A2,GAUL_L2_polygon_mean (Bangalore Urban),941,2018_06_10,"{""type"":""MultiPoint"",""coordinates"":[]}"
1,Bengaluru Urban,2018-06-18,15053.855455858495,MODIS/061/MOD11A2,GAUL_L2_polygon_mean (Bangalore Urban),972,2018_06_18,"{""type"":""MultiPoint"",""coordinates"":[]}"
1,Bengaluru Urban,2018-07-04,15032.079516048881,MODIS/061/MOD11A2,GAUL_L2_polygon_mean (Bangalore Urban),689,2018_07_04,"{""type"":""MultiPoint"",""coordinates"":[]}"
1,Bengaluru Urban,2018-07-12,14848.166666666666,MODIS/061/MOD11A2,GAUL_L2_polygon_mean (Bangalore Urban),24,2018_07_12,"{""type"":""MultiPoint"",""coordinates"":[]}"
1,Bengaluru Urban,2018-07-20,15060.078895463508,MODIS/061/MOD11A2,GAUL_L2_polygon_mean (Bangalore Urban),87,2018_07_20,"{""type"":""MultiPoint"",""coordinates"":[]}"
1,Bengaluru Urban,2018-07-28,14932.480620027878,MODIS/061/MOD11A2,GAUL_L2_polygon_mean (Bangalore Urban),242,2018_07_28,"{""type"":""MultiPoint"",""coordinates"":[]}"
1,Bengaluru Urban,2018-08-05,15022.94449494532,MODIS/061/MOD11A2,GAUL_L2_polygon_mean (Bangalore Urban),142,2018_08_05,"{""type"":""MultiPoint"",""coordinates"":[]}"
1,Bengaluru Urban,2018-08-21,15129.458042973289,MODIS/061/MOD11A2,GAUL_L2_polygon_mean (Bangalore Urban),54,2018_08_21,"{""type"":""MultiPoint"",""coordinates"":[]}"
1,Bengaluru Urban,2018-08-29,15246.880902555507,MODIS/061/MOD11A2,GAUL_L2_polygon_mean (Bangalore Urban),2188,2018_08_29,"{""type"":""MultiPoint"",""coordinates"":[]}"
1,Bengaluru Urban,2018-09-06,15195.2646795966,MODIS/061/MOD11A2,GAUL_L2_polygon_mean (Bangalore Urban),1513,2018_09_06,"{""type"":""MultiPoint"",""coordinates"":[]}"
1,Bengaluru Urban,2018-09-14,15252.70999421884,MODIS/061/MOD11A2,GAUL_L2_polygon_mean (Bangalore Urban),2185,2018_09_14,"{""type"":""MultiPoint"",""coordinates"":[]}"
1,Bengaluru Urban,2018-09-22,15169.624928047682,MODIS/061/MOD11A2,GAUL_L2_polygon_mean (Bangalore Urban),2188,2018_09_22,"{""type"":""MultiPoint"",""coordinates"":[]}"
1,Bengaluru Urban,2018-09-30,15159.841823258213,MODIS/061/MOD11A2,GAUL_L2_polygon_mean (Bangalore Urban),2188,2018_09_30,"{""type"":""MultiPoint"",""coordinates"":[]}"
1,Bengaluru Urban,2018-10-08,15081.439670772063,MODIS/061/MOD11A2,GAUL_L2_polygon_mean (Bangalore Urban),2104,2018_10_08,"{""type"":""MultiPoint"",""coordinates"":[]}"
1,Bengaluru Urban,2018-10-16,15105.562312946395,MODIS/061/MOD11A2,GAUL_L2_polygon_mean (Bangalore Urban),2188,2018_10_16,"{""type"":""MultiPoint"",""coordinates"":[]}"
1,Bengaluru Urban,2018-10-24,15183.696842705518,MODIS/061/MOD11A2,GAUL_L2_polygon_mean (Bangalore Urban),2188,2018_10_24,"{""type"":""MultiPoint"",""coordinates"":[]}"
1,Bengaluru Urban,2018-11-01,15118.355121321003,MODIS/061/MOD11A2,GAUL_L2_polygon_mean (Bangalore Urban),2139,2018_11_01,"{""type"":""MultiPoint"",""coordinates"":[]}"
1,Bengaluru Urban,2018-11-09,15233.237160210236,MODIS/061/MOD11A2,GAUL_L2_polygon_mean (Bangalore Urban),2188,2018_11_09,"{""type"":""MultiPoint"",""coordinates"":[]}"
1,Bengaluru Urban,2018-11-17,15189.422692280808,MODIS/061/MOD11A2,GAUL_L2_polygon_mean (Bangalore Urban),2188,2018_11_17,"{""type"":""MultiPoint"",""coordinates"":[]}"
1,Bengaluru Urban,2018-11-25,15053.288748899415,MODIS/061/MOD11A2,GAUL_L2_polygon_mean (Bangalore Urban),2188,2018_11_25,"{""type"":""MultiPoint"",""coordinates"":[]}"
1,Bengaluru Urban,2018-12-03,15080.110477512326,MODIS/061/MOD11A2,GAUL_L2_polygon_mean (Bangalore Urban),2188,2018_12_03,"{""type"":""MultiPoint"",""coordinates"":[]}"
1,Bengaluru Urban,2018-12-11,15099.063145889711,MODIS/061/MOD11A2,GAUL_L2_polygon_mean (Bangalore Urban),2188,2018_12_11,"{""type"":""MultiPoint"",""coordinates"":[]}"
1,Bengaluru Urban,2018-12-19,15188.252605077278,MODIS/061/MOD11A2,GAUL_L2_polygon_mean (Bangalore Urban),2188,2018_12_19,"{""type"":""MultiPoint"",""coordinates"":[]}"
1,Bengaluru Urban,2018-12-27,15085.611457498368,MODIS/061/MOD11A2,GAUL_L2_polygon_mean (Bangalore Urban),2188,2018_12_27,"{""type"":""MultiPoint"",""coordinates"":[]}"
1,Bengaluru Urban,2019-01-01,15167.550205232208,MODIS/061/MOD11A2,GAUL_L2_polygon_mean (Bangalore Urban),2188,2019_01_01,"{""type"":""MultiPoint"",""coordinates"":[]}"
1,Bengaluru Urban,2019-01-09,15222.612936891777,MODIS/061/MOD11A2,GAUL_L2_polygon_mean (Bangalore Urban),2188,2019_01_09,"{""type"":""MultiPoint"",""coordinates"":[]}"
1,Bengaluru Urban,2019-01-17,15208.283640060894,MODIS/061/MOD11A2,GAUL_L2_polygon_mean (Bangalore Urban),2188,2019_01_17,"{""type"":""MultiPoint"",""coordinates"":[]}"
1,Bengaluru Urban,2019-01-25,15139.31173060336,MODIS/061/MOD11A2,GAUL_L2_polygon_mean (Bangalore Urban),2188,2019_01_25,"{""type"":""MultiPoint"",""coordinates"":[]}"
1,Bengaluru Urban,2019-02-02,15314.75662275109,MODIS/061/MOD11A2,GAUL_L2_polygon_mean (Bangalore Urban),2188,2019_02_02,"{""type"":""MultiPoint"",""coordinates"":[]}"
1,Bengaluru Urban,2019-02-10,15316.935032214913,MODIS/061/MOD11A2,GAUL_L2_polygon_mean (Bangalore Urban),2188,2019_02_10,"{""type"":""MultiPoint"",""coordinates"":[]}"
1,Bengaluru Urban,2019-02-18,15498.622184445394,MODIS/061/MOD11A2,GAUL_L2_polygon_mean (Bangalore Urban),2188,2019_02_18,"{""type"":""MultiPoint"",""coordinates"":[]}"
1,Bengaluru Urban,2019-02-26,15436.218128934968,MODIS/061/MOD11A2,GAUL_L2_polygon_mean (Bangalore Urban),2188,2019_02_26,"{""type"":""MultiPoint"",""coordinates"":[]}"
1,Bengaluru Urban,2019-03-06,15596.28467294647,MODIS/061/MOD11A2,GAUL_L2_polygon_mean (Bangalore Urban),2188,2019_03_06,"{""type"":""MultiPoint"",""coordinates"":[]}"
1,Bengaluru Urban,2019-03-14,15637.731114422546,MODIS/061/MOD11A2,GAUL_L2_polygon_mean (Bangalore Urban),2188,2019_03_14,"{""type"":""MultiPoint"",""coordinates"":[]}"
1,Bengaluru Urban,2019-03-22,15688.970166463138,MODIS/061/MOD11A2,GAUL_L2_polygon_mean (Bangalore Urban),2188,2019_03_22,"{""type"":""MultiPoint"",""coordinates"":[]}"
1,Bengaluru Urban,2019-03-30,15696.854259128766,MODIS/061/MOD11A2,GAUL_L2_polygon_mean (Bangalore Urban),2188,2019_03_30,"{""type"":""MultiPoint"",""coordinates"":[]}"
1,Bengaluru Urban,2019-04-07,15694.438958435321,MODIS/061/MOD11A2,GAUL_L2_polygon_mean (Bangalore Urban),2188,2019_04_07,"{""type"":""MultiPoint"",""coordinates"":[]}"
1,Bengaluru Urban,2019-04-15,15605.05893365324,MODIS/061/MOD11A2,GAUL_L2_polygon_mean (Bangalore Urban),2188,2019_04_15,"{""type"":""MultiPoint"",""coordinates"":[]}"
1,Bengaluru Urban,2019-04-23,15537.463516365695,MODIS/061/MOD11A2,GAUL_L2_polygon_mean (Bangalore Urban),2188,2019_04_23,"{""type"":""MultiPoint"",""coordinates"":[]}"
1,Bengaluru Urban,2019-05-01,15511.922813322064,MODIS/061/MOD11A2,GAUL_L2_polygon_mean (Bangalore Urban),2188,2019_05_01,"{""type"":""MultiPoint"",""coordinates"":[]}"
1,Bengaluru Urban,2019-05-09,15443.253551889042,MODIS/061/MOD11A2,GAUL_L2_polygon_mean (Bangalore Urban),2188,2019_05_09,"{""type"":""MultiPoint"",""coordinates"":[]}"
1,Bengaluru Urban,2019-05-17,15363.740969872377,MODIS/061/MOD11A2,GAUL_L2_polygon_mean (Bangalore Urban),2188,2019_05_17,"{""type"":""MultiPoint"",""coordinates"":[]}"
1,Bengaluru Urban,2019-05-25,15200.58471222344,MODIS/061/MOD11A2,GAUL_L2_polygon_mean (Bangalore Urban),2186,2019_05_25,"{""type"":""MultiPoint"",""coordinates"":[]}"
1,Bengaluru Urban,2019-06-02,15273.305398799639,MODIS/061/MOD11A2,GAUL_L2_polygon_mean (Bangalore Urban),2188,2019_06_02,"{""type"":""MultiPoint"",""coordinates"":[]}"
1,Bengaluru Urban,2019-06-10,15181.083605320791,MODIS/061/MOD11A2,GAUL_L2_polygon_mean (Bangalore Urban),1081,2019_06_10,"{""type"":""MultiPoint"",""coordinates"":[]}"
1,Bengaluru Urban,2019-06-18,15314.071309767955,MODIS/061/MOD11A2,GAUL_L2_polygon_mean (Bangalore Urban),489,2019_06_18,"{""type"":""MultiPoint"",""coordinates"":[]}"
1,Bengaluru Urban,2019-06-26,15274.737130323534,MODIS/061/MOD11A2,GAUL_L2_polygon_mean (Bangalore Urban),538,2019_06_26,"{""type"":""MultiPoint"",""coordinates"":[]}"
1,Bengaluru Urban,2019-07-04,15313.11959374023,MODIS/061/MOD11A2,GAUL_L2_polygon_mean (Bangalore Urban),579,2019_07_04,"{""type"":""MultiPoint"",""coordinates"":[]}"
1,Bengaluru Urban,2019-07-12,15267.810933324314,MODIS/061/MOD11A2,GAUL_L2_polygon_mean (Bangalore Urban),116,2019_07_12,"{""type"":""MultiPoint"",""coordinates"":[]}"
1,Bengaluru Urban,2019-07-20,15331.484164851649,MODIS/061/MOD11A2,GAUL_L2_polygon_mean (Bangalore Urban),464,2019_07_20,"{""type"":""MultiPoint"",""coordinates"":[]}"
1,Bengaluru Urban,2019-07-28,15178.946602350177,MODIS/061/MOD11A2,GAUL_L2_polygon_mean (Bangalore Urban),421,2019_07_28,"{""type"":""MultiPoint"",""coordinates"":[]}"
1,Bengaluru Urban,2019-08-13,15063.637131808384,MODIS/061/MOD11A2,GAUL_L2_polygon_mean (Bangalore Urban),394,2019_08_13,"{""type"":""MultiPoint"",""coordinates"":[]}"
1,Bengaluru Urban,2019-08-21,15192.126405181994,MODIS/061/MOD11A2,GAUL_L2_polygon_mean (Bangalore Urban),208,2019_08_21,"{""type"":""MultiPoint"",""coordinates"":[]}"
1,Bengaluru Urban,2019-08-29,15074.07471165433,MODIS/061/MOD11A2,GAUL_L2_polygon_mean (Bangalore Urban),46,2019_08_29,"{""type"":""MultiPoint"",""coordinates"":[]}"
1,Bengaluru Urban,2019-09-06,15085.187398915417,MODIS/061/MOD11A2,GAUL_L2_polygon_mean (Bangalore Urban),163,2019_09_06,"{""type"":""MultiPoint"",""coordinates"":[]}"
1,Bengaluru Urban,2019-09-22,15210.246508060838,MODIS/061/MOD11A2,GAUL_L2_polygon_mean (Bangalore Urban),2164,2019_09_22,"{""type"":""MultiPoint"",""coordinates"":[]}"
1,Bengaluru Urban,2019-09-30,15079.327360087289,MODIS/061/MOD11A2,GAUL_L2_polygon_mean (Bangalore Urban),2186,2019_09_30,"{""type"":""MultiPoint"",""coordinates"":[]}"
1,Bengaluru Urban,2019-10-08,15099.632601979676,MODIS/061/MOD11A2,GAUL_L2_polygon_mean (Bangalore Urban),2141,2019_10_08,"{""type"":""MultiPoint"",""coordinates"":[]}"
1,Bengaluru Urban,2019-10-16,15048.300846869359,MODIS/061/MOD11A2,GAUL_L2_polygon_mean (Bangalore Urban),29,2019_10_16,"{""type"":""MultiPoint"",""coordinates"":[]}"
1,Bengaluru Urban,2019-10-24,14941.960974159434,MODIS/061/MOD11A2,GAUL_L2_polygon_mean (Bangalore Urban),607,2019_10_24,"{""type"":""MultiPoint"",""coordinates"":[]}"
1,Bengaluru Urban,2019-11-01,15092.31736485069,MODIS/061/MOD11A2,GAUL_L2_polygon_mean (Bangalore Urban),2188,2019_11_01,"{""type"":""MultiPoint"",""coordinates"":[]}"
1,Bengaluru Urban,2019-11-09,15044.013739529933,MODIS/061/MOD11A2,GAUL_L2_polygon_mean (Bangalore Urban),2188,2019_11_09,"{""type"":""MultiPoint"",""coordinates"":[]}"
1,Bengaluru Urban,2019-11-17,15141.465214529988,MODIS/061/MOD11A2,GAUL_L2_polygon_mean (Bangalore Urban),2188,2019_11_17,"{""type"":""MultiPoint"",""coordinates"":[]}"
1,Bengaluru Urban,2019-11-25,15091.797798303985,MODIS/061/MOD11A2,GAUL_L2_polygon_mean (Bangalore Urban),2188,2019_11_25,"{""type"":""MultiPoint"",""coordinates"":[]}"
1,Bengaluru Urban,2019-12-03,15014.322767756084,MODIS/061/MOD11A2,GAUL_L2_polygon_mean (Bangalore Urban),2184,2019_12_03,"{""type"":""MultiPoint"",""coordinates"":[]}"
1,Bengaluru Urban,2019-12-11,15068.124808799612,MODIS/061/MOD11A2,GAUL_L2_polygon_mean (Bangalore Urban),2188,2019_12_11,"{""type"":""MultiPoint"",""coordinates"":[]}"
1,Bengaluru Urban,2019-12-19,15031.837546137203,MODIS/061/MOD11A2,GAUL_L2_polygon_mean (Bangalore Urban),1543,2019_12_19,"{""type"":""MultiPoint"",""coordinates"":[]}"
1,Bengaluru Urban,2019-12-27,15088.95414777078,MODIS/061/MOD11A2,GAUL_L2_polygon_mean (Bangalore Urban),2188,2019_12_27,"{""type"":""MultiPoint"",""coordinates"":[]}"
1,Bengaluru Urban,2020-01-01,15156.521479895493,MODIS/061/MOD11A2,GAUL_L2_polygon_mean (Bangalore Urban),2188,2020_01_01,"{""type"":""MultiPoint"",""coordinates"":[]}"
1,Bengaluru Urban,2020-01-09,15128.631229366938,MODIS/061/MOD11A2,GAUL_L2_polygon_mean (Bangalore Urban),2188,2020_01_09,"{""type"":""MultiPoint"",""coordinates"":[]}"
1,Bengaluru Urban,2020-01-17,15248.08322439619,MODIS/061/MOD11A2,GAUL_L2_polygon_mean (Bangalore Urban),2188,2020_01_17,"{""type"":""MultiPoint"",""coordinates"":[]}"
1,Bengaluru Urban,2020-01-25,15291.960406053142,MODIS/061/MOD11A2,GAUL_L2_polygon_mean (Bangalore Urban),2188,2020_01_25,"{""type"":""MultiPoint"",""coordinates"":[]}"
1,Bengaluru Urban,2020-02-02,15247.856303381432,MODIS/061/MOD11A2,GAUL_L2_polygon_mean (Bangalore Urban),2188,2020_02_02,"{""type"":""MultiPoint"",""coordinates"":[]}"
1,Bengaluru Urban,2020-02-10,15364.071920037448,MODIS/061/MOD11A2,GAUL_L2_polygon_mean (Bangalore Urban),2188,2020_02_10,"{""type"":""MultiPoint"",""coordinates"":[]}"
1,Bengaluru Urban,2020-02-18,15462.468675413913,MODIS/061/MOD11A2,GAUL_L2_polygon_mean (Bangalore Urban),2188,2020_02_18,"{""type"":""MultiPoint"",""coordinates"":[]}"
1,Bengaluru Urban,2020-02-26,15366.394782851947,MODIS/061/MOD11A2,GAUL_L2_polygon_mean (Bangalore Urban),2188,2020_02_26,"{""type"":""MultiPoint"",""coordinates"":[]}"
1,Bengaluru Urban,2020-03-05,15419.746256238113,MODIS/061/MOD11A2,GAUL_L2_polygon_mean (Bangalore Urban),2188,2020_03_05,"{""type"":""MultiPoint"",""coordinates"":[]}"
1,Bengaluru Urban,2020-03-13,15628.324444420541,MODIS/061/MOD11A2,GAUL_L2_polygon_mean (Bangalore Urban),2188,2020_03_13,"{""type"":""MultiPoint"",""coordinates"":[]}"
1,Bengaluru Urban,2020-03-21,15500.50478157877,MODIS/061/MOD11A2,GAUL_L2_polygon_mean (Bangalore Urban),2188,2020_03_21,"{""type"":""MultiPoint"",""coordinates"":[]}"
1,Bengaluru Urban,2020-03-29,15707.561818022068,MODIS/061/MOD11A2,GAUL_L2_polygon_mean (Bangalore Urban),2188,2020_03_29,"{""type"":""MultiPoint"",""coordinates"":[]}"
1,Bengaluru Urban,2020-04-06,15541.991415931905,MODIS/061/MOD11A2,GAUL_L2_polygon_mean (Bangalore Urban),2188,2020_04_06,"{""type"":""MultiPoint"",""coordinates"":[]}"
1,Bengaluru Urban,2020-04-14,15628.000943225376,MODIS/061/MOD11A2,GAUL_L2_polygon_mean (Bangalore Urban),2188,2020_04_14,"{""type"":""MultiPoint"",""coordinates"":[]}"
1,Bengaluru Urban,2020-04-22,15401.018165903448,MODIS/061/MOD11A2,GAUL_L2_polygon_mean (Bangalore Urban),2131,2020_04_22,"{""type"":""MultiPoint"",""coordinates"":[]}"
1,Bengaluru Urban,2020-04-30,15339.87790790462,MODIS/061/MOD11A2,GAUL_L2_polygon_mean (Bangalore Urban),2188,2020_04_30,"{""type"":""MultiPoint"",""coordinates"":[]}"
1,Bengaluru Urban,2020-05-08,15375.348214077543,MODIS/061/MOD11A2,GAUL_L2_polygon_mean (Bangalore Urban),2188,2020_05_08,"{""type"":""MultiPoint"",""coordinates"":[]}"
1,Bengaluru Urban,2020-05-16,15340.376576057613,MODIS/061/MOD11A2,GAUL_L2_polygon_mean (Bangalore Urban),1951,2020_05_16,"{""type"":""MultiPoint"",""coordinates"":[]}"
1,Bengaluru Urban,2020-05-24,15334.224749444558,MODIS/061/MOD11A2,GAUL_L2_polygon_mean (Bangalore Urban),2188,2020_05_24,"{""type"":""MultiPoint"",""coordinates"":[]}"
1,Bengaluru Urban,2020-06-01,15278.401887382397,MODIS/061/MOD11A2,GAUL_L2_polygon_mean (Bangalore Urban),1382,2020_06_01,"{""type"":""MultiPoint"",""coordinates"":[]}"
1,Bengaluru Urban,2020-06-17,15059.313527452457,MODIS/061/MOD11A2,GAUL_L2_polygon_mean (Bangalore Urban),37,2020_06_17,"{""type"":""MultiPoint"",""coordinates"":[]}"
1,Bengaluru Urban,2020-06-25,15234.176270415359,MODIS/061/MOD11A2,GAUL_L2_polygon_mean (Bangalore Urban),2156,2020_06_25,"{""type"":""MultiPoint"",""coordinates"":[]}"
1,Bengaluru Urban,2020-07-03,14963.338433194489,MODIS/061/MOD11A2,GAUL_L2_polygon_mean (Bangalore Urban),49,2020_07_03,"{""type"":""MultiPoint"",""coordinates"":[]}"
1,Bengaluru Urban,2020-07-11,15152.11044377711,MODIS/061/MOD11A2,GAUL_L2_polygon_mean (Bangalore Urban),35,2020_07_11,"{""type"":""MultiPoint"",""coordinates"":[]}"
1,Bengaluru Urban,2020-07-19,15086.942758563355,MODIS/061/MOD11A2,GAUL_L2_polygon_mean (Bangalore Urban),1036,2020_07_19,"{""type"":""MultiPoint"",""coordinates"":[]}"
1,Bengaluru Urban,2020-07-27,15092.077828390811,MODIS/061/MOD11A2,GAUL_L2_polygon_mean (Bangalore Urban),211,2020_07_27,"{""type"":""MultiPoint"",""coordinates"":[]}"
1,Bengaluru Urban,2020-08-20,15272.338856350034,MODIS/061/MOD11A2,GAUL_L2_polygon_mean (Bangalore Urban),2005,2020_08_20,"{""type"":""MultiPoint"",""coordinates"":[]}"
1,Bengaluru Urban,2020-08-28,15224.321898568387,MODIS/061/MOD11A2,GAUL_L2_polygon_mean (Bangalore Urban),2172,2020_08_28,"{""type"":""MultiPoint"",""coordinates"":[]}"
1,Bengaluru Urban,2020-09-05,15114.505020804441,MODIS/061/MOD11A2,GAUL_L2_polygon_mean (Bangalore Urban),779,2020_09_05,"{""type"":""MultiPoint"",""coordinates"":[]}"
1,Bengaluru Urban,2020-09-21,15156.315975944144,MODIS/061/MOD11A2,GAUL_L2_polygon_mean (Bangalore Urban),1607,2020_09_21,"{""type"":""MultiPoint"",""coordinates"":[]}"
1,Bengaluru Urban,2020-09-29,15122.331709332024,MODIS/061/MOD11A2,GAUL_L2_polygon_mean (Bangalore Urban),2176,2020_09_29,"{""type"":""MultiPoint"",""coordinates"":[]}"
1,Bengaluru Urban,2020-10-07,15251.35573172876,MODIS/061/MOD11A2,GAUL_L2_polygon_mean (Bangalore Urban),2187,2020_10_07,"{""type"":""MultiPoint"",""coordinates"":[]}"
1,Bengaluru Urban,2020-10-15,14957.507350118547,MODIS/061/MOD11A2,GAUL_L2_polygon_mean (Bangalore Urban),867,2020_10_15,"{""type"":""MultiPoint"",""coordinates"":[]}"
1,Bengaluru Urban,2020-10-23,15114.795529900777,MODIS/061/MOD11A2,GAUL_L2_polygon_mean (Bangalore Urban),2188,2020_10_23,"{""type"":""MultiPoint"",""coordinates"":[]}"
1,Bengaluru Urban,2020-10-31,15069.461622742121,MODIS/061/MOD11A2,GAUL_L2_polygon_mean (Bangalore Urban),2188,2020_10_31,"{""type"":""MultiPoint"",""coordinates"":[]}"
1,Bengaluru Urban,2020-11-08,14988.517144719675,MODIS/061/MOD11A2,GAUL_L2_polygon_mean (Bangalore Urban),2166,2020_11_08,"{""type"":""MultiPoint"",""coordinates"":[]}"
1,Bengaluru Urban,2020-11-16,15039.589592960603,MODIS/061/MOD11A2,GAUL_L2_polygon_mean (Bangalore Urban),2188,2020_11_16,"{""type"":""MultiPoint"",""coordinates"":[]}"
1,Bengaluru Urban,2020-11-24,14947.510585892987,MODIS/061/MOD11A2,GAUL_L2_polygon_mean (Bangalore Urban),1530,2020_11_24,"{""type"":""MultiPoint"",""coordinates"":[]}"
1,Bengaluru Urban,2020-12-02,14682.729358251765,MODIS/061/MOD11A2,GAUL_L2_polygon_mean (Bangalore Urban),358,2020_12_02,"{""type"":""MultiPoint"",""coordinates"":[]}"
1,Bengaluru Urban,2020-12-10,15031.02145568723,MODIS/061/MOD11A2,GAUL_L2_polygon_mean (Bangalore Urban),2188,2020_12_10,"{""type"":""MultiPoint"",""coordinates"":[]}"
1,Bengaluru Urban,2020-12-18,15032.664105971193,MODIS/061/MOD11A2,GAUL_L2_polygon_mean (Bangalore Urban),2188,2020_12_18,"{""type"":""MultiPoint"",""coordinates"":[]}"
1,Bengaluru Urban,2020-12-26,15100.123533831476,MODIS/061/MOD11A2,GAUL_L2_polygon_mean (Bangalore Urban),2188,2020_12_26,"{""type"":""MultiPoint"",""coordinates"":[]}"
1,Bengaluru Urban,2021-01-01,14922.001029129493,MODIS/061/MOD11A2,GAUL_L2_polygon_mean (Bangalore Urban),1526,2021_01_01,"{""type"":""MultiPoint"",""coordinates"":[]}"
1,Bengaluru Urban,2021-01-09,14967.699752618819,MODIS/061/MOD11A2,GAUL_L2_polygon_mean (Bangalore Urban),1915,2021_01_09,"{""type"":""MultiPoint"",""coordinates"":[]}"
1,Bengaluru Urban,2021-01-17,15108.073641513387,MODIS/061/MOD11A2,GAUL_L2_polygon_mean (Bangalore Urban),2188,2021_01_17,"{""type"":""MultiPoint"",""coordinates"":[]}"
1,Bengaluru Urban,2021-01-25,15174.89870010635,MODIS/061/MOD11A2,GAUL_L2_polygon_mean (Bangalore Urban),2188,2021_01_25,"{""type"":""MultiPoint"",""coordinates"":[]}"
1,Bengaluru Urban,2021-02-02,15188.526881026291,MODIS/061/MOD11A2,GAUL_L2_polygon_mean (Bangalore Urban),2188,2021_02_02,"{""type"":""MultiPoint"",""coordinates"":[]}"
1,Bengaluru Urban,2021-02-10,15272.148488059944,MODIS/061/MOD11A2,GAUL_L2_polygon_mean (Bangalore Urban),2188,2021_02_10,"{""type"":""MultiPoint"",""coordinates"":[]}"
1,Bengaluru Urban,2021-02-18,15238.017625403249,MODIS/061/MOD11A2,GAUL_L2_polygon_mean (Bangalore Urban),2188,2021_02_18,"{""type"":""MultiPoint"",""coordinates"":[]}"
1,Bengaluru Urban,2021-02-26,15436.800454039285,MODIS/061/MOD11A2,GAUL_L2_polygon_mean (Bangalore Urban),2188,2021_02_26,"{""type"":""MultiPoint"",""coordinates"":[]}"
1,Bengaluru Urban,2021-03-06,15539.672564514995,MODIS/061/MOD11A2,GAUL_L2_polygon_mean (Bangalore Urban),2188,2021_03_06,"{""type"":""MultiPoint"",""coordinates"":[]}"
1,Bengaluru Urban,2021-03-14,15558.382119244487,MODIS/061/MOD11A2,GAUL_L2_polygon_mean (Bangalore Urban),2188,2021_03_14,"{""type"":""MultiPoint"",""coordinates"":[]}"
1,Bengaluru Urban,2021-03-22,15580.02215145042,MODIS/061/MOD11A2,GAUL_L2_polygon_mean (Bangalore Urban),2188,2021_03_22,"{""type"":""MultiPoint"",""coordinates"":[]}"
1,Bengaluru Urban,2021-03-30,15564.523244408329,MODIS/061/MOD11A2,GAUL_L2_polygon_mean (Bangalore Urban),2188,2021_03_30,"{""type"":""MultiPoint"",""coordinates"":[]}"
1,Bengaluru Urban,2021-04-07,15493.211113920463,MODIS/061/MOD11A2,GAUL_L2_polygon_mean (Bangalore Urban),2188,2021_04_07,"{""type"":""MultiPoint"",""coordinates"":[]}"
1,Bengaluru Urban,2021-04-15,15392.739266328463,MODIS/061/MOD11A2,GAUL_L2_polygon_mean (Bangalore Urban),2188,2021_04_15,"{""type"":""MultiPoint"",""coordinates"":[]}"
1,Bengaluru Urban,2021-04-23,15328.875800889788,MODIS/061/MOD11A2,GAUL_L2_polygon_mean (Bangalore Urban),2188,2021_04_23,"{""type"":""MultiPoint"",""coordinates"":[]}"
1,Bengaluru Urban,2021-05-01,15266.666045566491,MODIS/061/MOD11A2,GAUL_L2_polygon_mean (Bangalore Urban),2186,2021_05_01,"{""type"":""MultiPoint"",""coordinates"":[]}"
1,Bengaluru Urban,2021-05-09,15384.178367745439,MODIS/061/MOD11A2,GAUL_L2_polygon_mean (Bangalore Urban),1090,2021_05_09,"{""type"":""MultiPoint"",""coordinates"":[]}"
1,Bengaluru Urban,2021-05-17,15337.853896901535,MODIS/061/MOD11A2,GAUL_L2_polygon_mean (Bangalore Urban),2188,2021_05_17,"{""type"":""MultiPoint"",""coordinates"":[]}"
1,Bengaluru Urban,2021-05-25,15308.21324962657,MODIS/061/MOD11A2,GAUL_L2_polygon_mean (Bangalore Urban),2188,2021_05_25,"{""type"":""MultiPoint"",""coordinates"":[]}"
1,Bengaluru Urban,2021-06-02,15334.865488172927,MODIS/061/MOD11A2,GAUL_L2_polygon_mean (Bangalore Urban),2188,2021_06_02,"{""type"":""MultiPoint"",""coordinates"":[]}"
1,Bengaluru Urban,2021-06-10,15156.183372183375,MODIS/061/MOD11A2,GAUL_L2_polygon_mean (Bangalore Urban),71,2021_06_10,"{""type"":""MultiPoint"",""coordinates"":[]}"
1,Bengaluru Urban,2021-06-18,15194.6227086563,MODIS/061/MOD11A2,GAUL_L2_polygon_mean (Bangalore Urban),1497,2021_06_18,"{""type"":""MultiPoint"",""coordinates"":[]}"
1,Bengaluru Urban,2021-06-26,15321.230750333214,MODIS/061/MOD11A2,GAUL_L2_polygon_mean (Bangalore Urban),2140,2021_06_26,"{""type"":""MultiPoint"",""coordinates"":[]}"
1,Bengaluru Urban,2021-07-04,14980.009754325163,MODIS/061/MOD11A2,GAUL_L2_polygon_mean (Bangalore Urban),279,2021_07_04,"{""type"":""MultiPoint"",""coordinates"":[]}"
1,Bengaluru Urban,2021-07-12,14791.212640977448,MODIS/061/MOD11A2,GAUL_L2_polygon_mean (Bangalore Urban),33,2021_07_12,"{""type"":""MultiPoint"",""coordinates"":[]}"
1,Bengaluru Urban,2021-07-20,14950.717565931847,MODIS/061/MOD11A2,GAUL_L2_polygon_mean (Bangalore Urban),107,2021_07_20,"{""type"":""MultiPoint"",""coordinates"":[]}"
1,Bengaluru Urban,2021-07-28,15032.918735496813,MODIS/061/MOD11A2,GAUL_L2_polygon_mean (Bangalore Urban),340,2021_07_28,"{""type"":""MultiPoint"",""coordinates"":[]}"
1,Bengaluru Urban,2021-08-05,14976.6111601953,MODIS/061/MOD11A2,GAUL_L2_polygon_mean (Bangalore Urban),169,2021_08_05,"{""type"":""MultiPoint"",""coordinates"":[]}"
1,Bengaluru Urban,2021-08-13,15149.71714076808,MODIS/061/MOD11A2,GAUL_L2_polygon_mean (Bangalore Urban),226,2021_08_13,"{""type"":""MultiPoint"",""coordinates"":[]}"
1,Bengaluru Urban,2021-08-21,15212.18921985174,MODIS/061/MOD11A2,GAUL_L2_polygon_mean (Bangalore Urban),866,2021_08_21,"{""type"":""MultiPoint"",""coordinates"":[]}"
1,Bengaluru Urban,2021-08-29,14940.782264577614,MODIS/061/MOD11A2,GAUL_L2_polygon_mean (Bangalore Urban),24,2021_08_29,"{""type"":""MultiPoint"",""coordinates"":[]}"
1,Bengaluru Urban,2021-09-06,15148.863778583773,MODIS/061/MOD11A2,GAUL_L2_polygon_mean (Bangalore Urban),499,2021_09_06,"{""type"":""MultiPoint"",""coordinates"":[]}"
1,Bengaluru Urban,2021-09-14,15238.855639571968,MODIS/061/MOD11A2,GAUL_L2_polygon_mean (Bangalore Urban),2165,2021_09_14,"{""type"":""MultiPoint"",""coordinates"":[]}"
1,Bengaluru Urban,2021-09-22,15117.72173330355,MODIS/061/MOD11A2,GAUL_L2_polygon_mean (Bangalore Urban),792,2021_09_22,"{""type"":""MultiPoint"",""coordinates"":[]}"
1,Bengaluru Urban,2021-09-30,15067.325702866094,MODIS/061/MOD11A2,GAUL_L2_polygon_mean (Bangalore Urban),1232,2021_09_30,"{""type"":""MultiPoint"",""coordinates"":[]}"
1,Bengaluru Urban,2021-10-08,14992.235928143711,MODIS/061/MOD11A2,GAUL_L2_polygon_mean (Bangalore Urban),40,2021_10_08,"{""type"":""MultiPoint"",""coordinates"":[]}"
1,Bengaluru Urban,2021-10-16,15017.170175045396,MODIS/061/MOD11A2,GAUL_L2_polygon_mean (Bangalore Urban),1366,2021_10_16,"{""type"":""MultiPoint"",""coordinates"":[]}"
1,Bengaluru Urban,2021-10-24,14983.059280129019,MODIS/061/MOD11A2,GAUL_L2_polygon_mean (Bangalore Urban),962,2021_10_24,"{""type"":""MultiPoint"",""coordinates"":[]}"
1,Bengaluru Urban,2021-11-17,15035.97484193571,MODIS/061/MOD11A2,GAUL_L2_polygon_mean (Bangalore Urban),2106,2021_11_17,"{""type"":""MultiPoint"",""coordinates"":[]}"
1,Bengaluru Urban,2021-11-25,14782.731173884169,MODIS/061/MOD11A2,GAUL_L2_polygon_mean (Bangalore Urban),619,2021_11_25,"{""type"":""MultiPoint"",""coordinates"":[]}"
1,Bengaluru Urban,2021-12-03,15029.476823733416,MODIS/061/MOD11A2,GAUL_L2_polygon_mean (Bangalore Urban),2188,2021_12_03,"{""type"":""MultiPoint"",""coordinates"":[]}"
1,Bengaluru Urban,2021-12-11,15004.134716252336,MODIS/061/MOD11A2,GAUL_L2_polygon_mean (Bangalore Urban),2188,2021_12_11,"{""type"":""MultiPoint"",""coordinates"":[]}"
1,Bengaluru Urban,2021-12-19,15043.54859672811,MODIS/061/MOD11A2,GAUL_L2_polygon_mean (Bangalore Urban),2188,2021_12_19,"{""type"":""MultiPoint"",""coordinates"":[]}"
1,Bengaluru Urban,2021-12-27,15045.434046849245,MODIS/061/MOD11A2,GAUL_L2_polygon_mean (Bangalore Urban),2188,2021_12_27,"{""type"":""MultiPoint"",""coordinates"":[]}"
1,Bengaluru Urban,2022-01-01,15015.736938749527,MODIS/061/MOD11A2,GAUL_L2_polygon_mean (Bangalore Urban),2188,2022_01_01,"{""type"":""MultiPoint"",""coordinates"":[]}"
1,Bengaluru Urban,2022-01-09,15036.573524058535,MODIS/061/MOD11A2,GAUL_L2_polygon_mean (Bangalore Urban),2188,2022_01_09,"{""type"":""MultiPoint"",""coordinates"":[]}"
1,Bengaluru Urban,2022-01-17,15156.008281016606,MODIS/061/MOD11A2,GAUL_L2_polygon_mean (Bangalore Urban),2188,2022_01_17,"{""type"":""MultiPoint"",""coordinates"":[]}"
1,Bengaluru Urban,2022-01-25,15072.575069800469,MODIS/061/MOD11A2,GAUL_L2_polygon_mean (Bangalore Urban),2188,2022_01_25,"{""type"":""MultiPoint"",""coordinates"":[]}"
1,Bengaluru Urban,2022-02-02,15188.68410916309,MODIS/061/MOD11A2,GAUL_L2_polygon_mean (Bangalore Urban),2188,2022_02_02,"{""type"":""MultiPoint"",""coordinates"":[]}"
1,Bengaluru Urban,2022-02-10,15175.10901246457,MODIS/061/MOD11A2,GAUL_L2_polygon_mean (Bangalore Urban),2188,2022_02_10,"{""type"":""MultiPoint"",""coordinates"":[]}"
1,Bengaluru Urban,2022-02-18,15320.405389654294,MODIS/061/MOD11A2,GAUL_L2_polygon_mean (Bangalore Urban),2188,2022_02_18,"{""type"":""MultiPoint"",""coordinates"":[]}"
1,Bengaluru Urban,2022-02-26,15374.17030238801,MODIS/061/MOD11A2,GAUL_L2_polygon_mean (Bangalore Urban),2188,2022_02_26,"{""type"":""MultiPoint"",""coordinates"":[]}"
1,Bengaluru Urban,2022-03-06,15439.575091318928,MODIS/061/MOD11A2,GAUL_L2_polygon_mean (Bangalore Urban),2188,2022_03_06,"{""type"":""MultiPoint"",""coordinates"":[]}"
1,Bengaluru Urban,2022-03-14,15318.238655742458,MODIS/061/MOD11A2,GAUL_L2_polygon_mean (Bangalore Urban),2188,2022_03_14,"{""type"":""MultiPoint"",""coordinates"":[]}"
1,Bengaluru Urban,2022-03-22,15301.083773116647,MODIS/061/MOD11A2,GAUL_L2_polygon_mean (Bangalore Urban),2188,2022_03_22,"{""type"":""MultiPoint"",""coordinates"":[]}"
1,Bengaluru Urban,2022-03-30,15344.248581127255,MODIS/061/MOD11A2,GAUL_L2_polygon_mean (Bangalore Urban),2188,2022_03_30,"{""type"":""MultiPoint"",""coordinates"":[]}"
1,Bengaluru Urban,2022-04-07,15497.016411404067,MODIS/061/MOD11A2,GAUL_L2_polygon_mean (Bangalore Urban),2188,2022_04_07,"{""type"":""MultiPoint"",""coordinates"":[]}"
1,Bengaluru Urban,2022-04-15,15319.48340120611,MODIS/061/MOD11A2,GAUL_L2_polygon_mean (Bangalore Urban),2188,2022_04_15,"{""type"":""MultiPoint"",""coordinates"":[]}"
1,Bengaluru Urban,2022-04-23,15474.948013219491,MODIS/061/MOD11A2,GAUL_L2_polygon_mean (Bangalore Urban),2188,2022_04_23,"{""type"":""MultiPoint"",""coordinates"":[]}"
1,Bengaluru Urban,2022-05-01,15189.610141595365,MODIS/061/MOD11A2,GAUL_L2_polygon_mean (Bangalore Urban),2186,2022_05_01,"{""type"":""MultiPoint"",""coordinates"":[]}"
1,Bengaluru Urban,2022-05-09,15095.897244180635,MODIS/061/MOD11A2,GAUL_L2_polygon_mean (Bangalore Urban),412,2022_05_09,"{""type"":""MultiPoint"",""coordinates"":[]}"
1,Bengaluru Urban,2022-05-17,14969.720170077066,MODIS/061/MOD11A2,GAUL_L2_polygon_mean (Bangalore Urban),1936,2022_05_17,"{""type"":""MultiPoint"",""coordinates"":[]}"
1,Bengaluru Urban,2022-05-25,15157.188241601973,MODIS/061/MOD11A2,GAUL_L2_polygon_mean (Bangalore Urban),2188,2022_05_25,"{""type"":""MultiPoint"",""coordinates"":[]}"
1,Bengaluru Urban,2022-06-02,15098.998753723139,MODIS/061/MOD11A2,GAUL_L2_polygon_mean (Bangalore Urban),2188,2022_06_02,"{""type"":""MultiPoint"",""coordinates"":[]}"
1,Bengaluru Urban,2022-06-10,15182.077557070837,MODIS/061/MOD11A2,GAUL_L2_polygon_mean (Bangalore Urban),1721,2022_06_10,"{""type"":""MultiPoint"",""coordinates"":[]}"
1,Bengaluru Urban,2022-06-18,14927.203665312218,MODIS/061/MOD11A2,GAUL_L2_polygon_mean (Bangalore Urban),45,2022_06_18,"{""type"":""MultiPoint"",""coordinates"":[]}"
1,Bengaluru Urban,2022-06-26,14973.433230398428,MODIS/061/MOD11A2,GAUL_L2_polygon_mean (Bangalore Urban),105,2022_06_26,"{""type"":""MultiPoint"",""coordinates"":[]}"
1,Bengaluru Urban,2022-07-12,14768.310597799147,MODIS/061/MOD11A2,GAUL_L2_polygon_mean (Bangalore Urban),40,2022_07_12,"{""type"":""MultiPoint"",""coordinates"":[]}"
1,Bengaluru Urban,2022-07-20,14970.09877003355,MODIS/061/MOD11A2,GAUL_L2_polygon_mean (Bangalore Urban),53,2022_07_20,"{""type"":""MultiPoint"",""coordinates"":[]}"
1,Bengaluru Urban,2022-07-28,15075.933549922534,MODIS/061/MOD11A2,GAUL_L2_polygon_mean (Bangalore Urban),1348,2022_07_28,"{""type"":""MultiPoint"",""coordinates"":[]}"
1,Bengaluru Urban,2022-08-05,14921.839195979905,MODIS/061/MOD11A2,GAUL_L2_polygon_mean (Bangalore Urban),10,2022_08_05,"{""type"":""MultiPoint"",""coordinates"":[]}"
1,Bengaluru Urban,2022-08-13,15070.825257205846,MODIS/061/MOD11A2,GAUL_L2_polygon_mean (Bangalore Urban),1925,2022_08_13,"{""type"":""MultiPoint"",""coordinates"":[]}"
1,Bengaluru Urban,2022-08-21,14982.749554078157,MODIS/061/MOD11A2,GAUL_L2_polygon_mean (Bangalore Urban),49,2022_08_21,"{""type"":""MultiPoint"",""coordinates"":[]}"
1,Bengaluru Urban,2022-08-29,15172.021360647412,MODIS/061/MOD11A2,GAUL_L2_polygon_mean (Bangalore Urban),2188,2022_08_29,"{""type"":""MultiPoint"",""coordinates"":[]}"
1,Bengaluru Urban,2022-09-14,15070.707663475741,MODIS/061/MOD11A2,GAUL_L2_polygon_mean (Bangalore Urban),1411,2022_09_14,"{""type"":""MultiPoint"",""coordinates"":[]}"
1,Bengaluru Urban,2022-09-22,15161.969253332772,MODIS/061/MOD11A2,GAUL_L2_polygon_mean (Bangalore Urban),2089,2022_09_22,"{""type"":""MultiPoint"",""coordinates"":[]}"
1,Bengaluru Urban,2022-09-30,14585.0,MODIS/061/MOD11A2,GAUL_L2_polygon_mean (Bangalore Urban),13,2022_09_30,"{""type"":""MultiPoint"",""coordinates"":[]}"
1,Bengaluru Urban,2022-10-24,15079.228511586787,MODIS/061/MOD11A2,GAUL_L2_polygon_mean (Bangalore Urban),2188,2022_10_24,"{""type"":""MultiPoint"",""coordinates"":[]}"
1,Bengaluru Urban,2022-11-01,15040.162371046214,MODIS/061/MOD11A2,GAUL_L2_polygon_mean (Bangalore Urban),2188,2022_11_01,"{""type"":""MultiPoint"",""coordinates"":[]}"
1,Bengaluru Urban,2022-11-09,14965.702995373586,MODIS/061/MOD11A2,GAUL_L2_polygon_mean (Bangalore Urban),2047,2022_11_09,"{""type"":""MultiPoint"",""coordinates"":[]}"
1,Bengaluru Urban,2022-11-17,14956.131963684024,MODIS/061/MOD11A2,GAUL_L2_polygon_mean (Bangalore Urban),2188,2022_11_17,"{""type"":""MultiPoint"",""coordinates"":[]}"
1,Bengaluru Urban,2022-11-25,14990.836346812852,MODIS/061/MOD11A2,GAUL_L2_polygon_mean (Bangalore Urban),2188,2022_11_25,"{""type"":""MultiPoint"",""coordinates"":[]}"
1,Bengaluru Urban,2022-12-03,14949.007141904885,MODIS/061/MOD11A2,GAUL_L2_polygon_mean (Bangalore Urban),2061,2022_12_03,"{""type"":""MultiPoint"",""coordinates"":[]}"
1,Bengaluru Urban,2022-12-11,15010.726391122915,MODIS/061/MOD11A2,GAUL_L2_polygon_mean (Bangalore Urban),2188,2022_12_11,"{""type"":""MultiPoint"",""coordinates"":[]}"
1,Bengaluru Urban,2022-12-19,15031.157115164962,MODIS/061/MOD11A2,GAUL_L2_polygon_mean (Bangalore Urban),2188,2022_12_19,"{""type"":""MultiPoint"",""coordinates"":[]}"
1,Bengaluru Urban,2022-12-27,15106.744918507837,MODIS/061/MOD11A2,GAUL_L2_polygon_mean (Bangalore Urban),2188,2022_12_27,"{""type"":""MultiPoint"",""coordinates"":[]}"
1,Bengaluru Urban,2023-01-01,14982.476820147016,MODIS/061/MOD11A2,GAUL_L2_polygon_mean (Bangalore Urban),2188,2023_01_01,"{""type"":""MultiPoint"",""coordinates"":[]}"
1,Bengaluru Urban,2023-01-09,15025.930052487081,MODIS/061/MOD11A2,GAUL_L2_polygon_mean (Bangalore Urban),2188,2023_01_09,"{""type"":""MultiPoint"",""coordinates"":[]}"
1,Bengaluru Urban,2023-01-17,15052.852259706175,MODIS/061/MOD11A2,GAUL_L2_polygon_mean (Bangalore Urban),2188,2023_01_17,"{""type"":""MultiPoint"",""coordinates"":[]}"
1,Bengaluru Urban,2023-01-25,15105.984176766882,MODIS/061/MOD11A2,GAUL_L2_polygon_mean (Bangalore Urban),2188,2023_01_25,"{""type"":""MultiPoint"",""coordinates"":[]}"
1,Bengaluru Urban,2023-02-02,15154.126359921174,MODIS/061/MOD11A2,GAUL_L2_polygon_mean (Bangalore Urban),2188,2023_02_02,"{""type"":""MultiPoint"",""coordinates"":[]}"
1,Bengaluru Urban,2023-02-10,15307.790216636977,MODIS/061/MOD11A2,GAUL_L2_polygon_mean (Bangalore Urban),2188,2023_02_10,"{""type"":""MultiPoint"",""coordinates"":[]}"
1,Bengaluru Urban,2023-02-18,15329.921744572413,MODIS/061/MOD11A2,GAUL_L2_polygon_mean (Bangalore Urban),2188,2023_02_18,"{""type"":""MultiPoint"",""coordinates"":[]}"
1,Bengaluru Urban,2023-02-26,15317.311918889793,MODIS/061/MOD11A2,GAUL_L2_polygon_mean (Bangalore Urban),2188,2023_02_26,"{""type"":""MultiPoint"",""coordinates"":[]}"
1,Bengaluru Urban,2023-03-06,15411.375617086362,MODIS/061/MOD11A2,GAUL_L2_polygon_mean (Bangalore Urban),2188,2023_03_06,"{""type"":""MultiPoint"",""coordinates"":[]}"
1,Bengaluru Urban,2023-03-14,15337.417947462704,MODIS/061/MOD11A2,GAUL_L2_polygon_mean (Bangalore Urban),2188,2023_03_14,"{""type"":""MultiPoint"",""coordinates"":[]}"
1,Bengaluru Urban,2023-03-22,15330.746426592495,MODIS/061/MOD11A2,GAUL_L2_polygon_mean (Bangalore Urban),2188,2023_03_22,"{""type"":""MultiPoint"",""coordinates"":[]}"
1,Bengaluru Urban,2023-03-30,15407.794629712313,MODIS/061/MOD11A2,GAUL_L2_polygon_mean (Bangalore Urban),2188,2023_03_30,"{""type"":""MultiPoint"",""coordinates"":[]}"
1,Bengaluru Urban,2023-04-07,15568.159709931304,MODIS/061/MOD11A2,GAUL_L2_polygon_mean (Bangalore Urban),2188,2023_04_07,"{""type"":""MultiPoint"",""coordinates"":[]}"
1,Bengaluru Urban,2023-04-15,15532.665406044167,MODIS/061/MOD11A2,GAUL_L2_polygon_mean (Bangalore Urban),2188,2023_04_15,"{""type"":""MultiPoint"",""coordinates"":[]}"
1,Bengaluru Urban,2023-04-23,15398.507971688892,MODIS/061/MOD11A2,GAUL_L2_polygon_mean (Bangalore Urban),2188,2023_04_23,"{""type"":""MultiPoint"",""coordinates"":[]}"
1,Bengaluru Urban,2023-05-09,15250.28591743013,MODIS/061/MOD11A2,GAUL_L2_polygon_mean (Bangalore Urban),2188,2023_05_09,"{""type"":""MultiPoint"",""coordinates"":[]}"
1,Bengaluru Urban,2023-05-17,15285.241089120453,MODIS/061/MOD11A2,GAUL_L2_polygon_mean (Bangalore Urban),2188,2023_05_17,"{""type"":""MultiPoint"",""coordinates"":[]}"
1,Bengaluru Urban,2023-05-25,15236.781542908677,MODIS/061/MOD11A2,GAUL_L2_polygon_mean (Bangalore Urban),2188,2023_05_25,"{""type"":""MultiPoint"",""coordinates"":[]}"
1,Bengaluru Urban,2023-06-02,15162.610007700952,MODIS/061/MOD11A2,GAUL_L2_polygon_mean (Bangalore Urban),1996,2023_06_02,"{""type"":""MultiPoint"",""coordinates"":[]}"
1,Bengaluru Urban,2023-06-10,15105.307092396593,MODIS/061/MOD11A2,GAUL_L2_polygon_mean (Bangalore Urban),2054,2023_06_10,"{""type"":""MultiPoint"",""coordinates"":[]}"
1,Bengaluru Urban,2023-06-18,14914.415337586388,MODIS/061/MOD11A2,GAUL_L2_polygon_mean (Bangalore Urban),30,2023_06_18,"{""type"":""MultiPoint"",""coordinates"":[]}"
1,Bengaluru Urban,2023-06-26,15143.365771590685,MODIS/061/MOD11A2,GAUL_L2_polygon_mean (Bangalore Urban),120,2023_06_26,"{""type"":""MultiPoint"",""coordinates"":[]}"
1,Bengaluru Urban,2023-07-12,15040.167378309141,MODIS/061/MOD11A2,GAUL_L2_polygon_mean (Bangalore Urban),213,2023_07_12,"{""type"":""MultiPoint"",""coordinates"":[]}"
1,Bengaluru Urban,2023-07-28,15032.447377464227,MODIS/061/MOD11A2,GAUL_L2_polygon_mean (Bangalore Urban),1117,2023_07_28,"{""type"":""MultiPoint"",""coordinates"":[]}"
1,Bengaluru Urban,2023-08-05,15148.10135348275,MODIS/061/MOD11A2,GAUL_L2_polygon_mean (Bangalore Urban),1865,2023_08_05,"{""type"":""MultiPoint"",""coordinates"":[]}"
1,Bengaluru Urban,2023-08-13,15215.27003416108,MODIS/061/MOD11A2,GAUL_L2_polygon_mean (Bangalore Urban),2185,2023_08_13,"{""type"":""MultiPoint"",""coordinates"":[]}"
1,Bengaluru Urban,2023-08-21,15144.528399999988,MODIS/061/MOD11A2,GAUL_L2_polygon_mean (Bangalore Urban),1661,2023_08_21,"{""type"":""MultiPoint"",""coordinates"":[]}"
1,Bengaluru Urban,2023-08-29,15346.197447369463,MODIS/061/MOD11A2,GAUL_L2_polygon_mean (Bangalore Urban),984,2023_08_29,"{""type"":""MultiPoint"",""coordinates"":[]}"
1,Bengaluru Urban,2023-09-06,15093.333888608755,MODIS/061/MOD11A2,GAUL_L2_polygon_mean (Bangalore Urban),1666,2023_09_06,"{""type"":""MultiPoint"",""coordinates"":[]}"
1,Bengaluru Urban,2023-09-14,15022.782887434767,MODIS/061/MOD11A2,GAUL_L2_polygon_mean (Bangalore Urban),477,2023_09_14,"{""type"":""MultiPoint"",""coordinates"":[]}"
1,Bengaluru Urban,2023-09-22,15016.28935860058,MODIS/061/MOD11A2,GAUL_L2_polygon_mean (Bangalore Urban),195,2023_09_22,"{""type"":""MultiPoint"",""coordinates"":[]}"
1,Bengaluru Urban,2023-09-30,15114.28016972515,MODIS/061/MOD11A2,GAUL_L2_polygon_mean (Bangalore Urban),2039,2023_09_30,"{""type"":""MultiPoint"",""coordinates"":[]}"
1,Bengaluru Urban,2023-10-08,15162.622453425995,MODIS/061/MOD11A2,GAUL_L2_polygon_mean (Bangalore Urban),2188,2023_10_08,"{""type"":""MultiPoint"",""coordinates"":[]}"
1,Bengaluru Urban,2023-10-16,15165.91549704929,MODIS/061/MOD11A2,GAUL_L2_polygon_mean (Bangalore Urban),2188,2023_10_16,"{""type"":""MultiPoint"",""coordinates"":[]}"
1,Bengaluru Urban,2023-10-24,15202.87700950936,MODIS/061/MOD11A2,GAUL_L2_polygon_mean (Bangalore Urban),2188,2023_10_24,"{""type"":""MultiPoint"",""coordinates"":[]}"
1,Bengaluru Urban,2023-11-01,15147.197873915928,MODIS/061/MOD11A2,GAUL_L2_polygon_mean (Bangalore Urban),1875,2023_11_01,"{""type"":""MultiPoint"",""coordinates"":[]}"
1,Bengaluru Urban,2023-11-09,15030.607037250238,MODIS/061/MOD11A2,GAUL_L2_polygon_mean (Bangalore Urban),2188,2023_11_09,"{""type"":""MultiPoint"",""coordinates"":[]}"
1,Bengaluru Urban,2023-11-17,15093.631862368013,MODIS/061/MOD11A2,GAUL_L2_polygon_mean (Bangalore Urban),2188,2023_11_17,"{""type"":""MultiPoint"",""coordinates"":[]}"
1,Bengaluru Urban,2023-11-25,14855.144845873385,MODIS/061/MOD11A2,GAUL_L2_polygon_mean (Bangalore Urban),11,2023_11_25,"{""type"":""MultiPoint"",""coordinates"":[]}"
1,Bengaluru Urban,2023-12-03,15008.617159475038,MODIS/061/MOD11A2,GAUL_L2_polygon_mean (Bangalore Urban),2085,2023_12_03,"{""type"":""MultiPoint"",""coordinates"":[]}"
1,Bengaluru Urban,2023-12-11,14993.034243517033,MODIS/061/MOD11A2,GAUL_L2_polygon_mean (Bangalore Urban),2188,2023_12_11,"{""type"":""MultiPoint"",""coordinates"":[]}"
1,Bengaluru Urban,2023-12-19,15036.540019832833,MODIS/061/MOD11A2,GAUL_L2_polygon_mean (Bangalore Urban),2188,2023_12_19,"{""type"":""MultiPoint"",""coordinates"":[]}"
1,Bengaluru Urban,2023-12-27,15067.496765956374,MODIS/061/MOD11A2,GAUL_L2_polygon_mean (Bangalore Urban),2188,2023_12_27,"{""type"":""MultiPoint"",""coordinates"":[]}"
1,Bengaluru Urban,2024-01-01,15066.810504948358,MODIS/061/MOD11A2,GAUL_L2_polygon_mean (Bangalore Urban),2188,2024_01_01,"{""type"":""MultiPoint"",""coordinates"":[]}"
1,Bengaluru Urban,2024-01-09,15119.324523321504,MODIS/061/MOD11A2,GAUL_L2_polygon_mean (Bangalore Urban),2188,2024_01_09,"{""type"":""MultiPoint"",""coordinates"":[]}"
1,Bengaluru Urban,2024-01-17,15119.373599731734,MODIS/061/MOD11A2,GAUL_L2_polygon_mean (Bangalore Urban),2188,2024_01_17,"{""type"":""MultiPoint"",""coordinates"":[]}"
1,Bengaluru Urban,2024-01-25,15102.360129182423,MODIS/061/MOD11A2,GAUL_L2_polygon_mean (Bangalore Urban),2188,2024_01_25,"{""type"":""MultiPoint"",""coordinates"":[]}"
1,Bengaluru Urban,2024-02-02,15247.608871698047,MODIS/061/MOD11A2,GAUL_L2_polygon_mean (Bangalore Urban),2188,2024_02_02,"{""type"":""MultiPoint"",""coordinates"":[]}"
1,Bengaluru Urban,2024-02-10,15269.90026915994,MODIS/061/MOD11A2,GAUL_L2_polygon_mean (Bangalore Urban),2188,2024_02_10,"{""type"":""MultiPoint"",""coordinates"":[]}"
1,Bengaluru Urban,2024-02-18,15326.600009683307,MODIS/061/MOD11A2,GAUL_L2_polygon_mean (Bangalore Urban),2188,2024_02_18,"{""type"":""MultiPoint"",""coordinates"":[]}"
1,Bengaluru Urban,2024-02-26,15395.229126655791,MODIS/061/MOD11A2,GAUL_L2_polygon_mean (Bangalore Urban),2188,2024_02_26,"{""type"":""MultiPoint"",""coordinates"":[]}"
1,Bengaluru Urban,2024-03-05,15446.387287258747,MODIS/061/MOD11A2,GAUL_L2_polygon_mean (Bangalore Urban),2188,2024_03_05,"{""type"":""MultiPoint"",""coordinates"":[]}"
1,Bengaluru Urban,2024-03-13,15454.204880742966,MODIS/061/MOD11A2,GAUL_L2_polygon_mean (Bangalore Urban),2188,2024_03_13,"{""type"":""MultiPoint"",""coordinates"":[]}"
1,Bengaluru Urban,2024-03-21,15530.566345862457,MODIS/061/MOD11A2,GAUL_L2_polygon_mean (Bangalore Urban),2188,2024_03_21,"{""type"":""MultiPoint"",""coordinates"":[]}"
1,Bengaluru Urban,2024-03-29,15584.185336611297,MODIS/061/MOD11A2,GAUL_L2_polygon_mean (Bangalore Urban),2188,2024_03_29,"{""type"":""MultiPoint"",""coordinates"":[]}"
1,Bengaluru Urban,2024-04-06,15667.096759500844,MODIS/061/MOD11A2,GAUL_L2_polygon_mean (Bangalore Urban),2188,2024_04_06,"{""type"":""MultiPoint"",""coordinates"":[]}"
1,Bengaluru Urban,2024-04-14,15604.531837442479,MODIS/061/MOD11A2,GAUL_L2_polygon_mean (Bangalore Urban),2188,2024_04_14,"{""type"":""MultiPoint"",""coordinates"":[]}"
1,Bengaluru Urban,2024-04-22,15706.057237282163,MODIS/061/MOD11A2,GAUL_L2_polygon_mean (Bangalore Urban),2188,2024_04_22,"{""type"":""MultiPoint"",""coordinates"":[]}"
1,Bengaluru Urban,2024-04-30,15507.950457356694,MODIS/061/MOD11A2,GAUL_L2_polygon_mean (Bangalore Urban),2188,2024_04_30,"{""type"":""MultiPoint"",""coordinates"":[]}"
1,Bengaluru Urban,2024-05-08,15275.38122867945,MODIS/061/MOD11A2,GAUL_L2_polygon_mean (Bangalore Urban),1402,2024_05_08,"{""type"":""MultiPoint"",""coordinates"":[]}"
1,Bengaluru Urban,2024-05-16,15194.029598387846,MODIS/061/MOD11A2,GAUL_L2_polygon_mean (Bangalore Urban),1050,2024_05_16,"{""type"":""MultiPoint"",""coordinates"":[]}"
1,Bengaluru Urban,2024-05-24,15222.725541143045,MODIS/061/MOD11A2,GAUL_L2_polygon_mean (Bangalore Urban),1552,2024_05_24,"{""type"":""MultiPoint"",""coordinates"":[]}"
1,Bengaluru Urban,2024-06-01,15283.265191728042,MODIS/061/MOD11A2,GAUL_L2_polygon_mean (Bangalore Urban),2153,2024_06_01,"{""type"":""MultiPoint"",""coordinates"":[]}"
1,Bengaluru Urban,2024-06-09,15073.634439673335,MODIS/061/MOD11A2,GAUL_L2_polygon_mean (Bangalore Urban),926,2024_06_09,"{""type"":""MultiPoint"",""coordinates"":[]}"
1,Bengaluru Urban,2024-06-17,14990.84323866558,MODIS/061/MOD11A2,GAUL_L2_polygon_mean (Bangalore Urban),128,2024_06_17,"{""type"":""MultiPoint"",""coordinates"":[]}"
1,Bengaluru Urban,2024-06-25,15057.411738072327,MODIS/061/MOD11A2,GAUL_L2_polygon_mean (Bangalore Urban),139,2024_06_25,"{""type"":""MultiPoint"",""coordinates"":[]}"
1,Bengaluru Urban,2024-07-03,15126.541151377804,MODIS/061/MOD11A2,GAUL_L2_polygon_mean (Bangalore Urban),2061,2024_07_03,"{""type"":""MultiPoint"",""coordinates"":[]}"
1,Bengaluru Urban,2024-07-11,15127.107304579948,MODIS/061/MOD11A2,GAUL_L2_polygon_mean (Bangalore Urban),1121,2024_07_11,"{""type"":""MultiPoint"",""coordinates"":[]}"
1,Bengaluru Urban,2024-08-04,15030.819166742061,MODIS/061/MOD11A2,GAUL_L2_polygon_mean (Bangalore Urban),174,2024_08_04,"{""type"":""MultiPoint"",""coordinates"":[]}"
1,Bengaluru Urban,2024-08-12,15133.427125138274,MODIS/061/MOD11A2,GAUL_L2_polygon_mean (Bangalore Urban),1946,2024_08_12,"{""type"":""MultiPoint"",""coordinates"":[]}"
1,Bengaluru Urban,2024-08-20,15084.489703700987,MODIS/061/MOD11A2,GAUL_L2_polygon_mean (Bangalore Urban),1714,2024_08_20,"{""type"":""MultiPoint"",""coordinates"":[]}"
1,Bengaluru Urban,2024-08-28,14872.00225473494,MODIS/061/MOD11A2,GAUL_L2_polygon_mean (Bangalore Urban),79,2024_08_28,"{""type"":""MultiPoint"",""coordinates"":[]}"
1,Bengaluru Urban,2024-09-13,15177.399710576865,MODIS/061/MOD11A2,GAUL_L2_polygon_mean (Bangalore Urban),2188,2024_09_13,"{""type"":""MultiPoint"",""coordinates"":[]}"
1,Bengaluru Urban,2024-09-21,15149.419383915018,MODIS/061/MOD11A2,GAUL_L2_polygon_mean (Bangalore Urban),1292,2024_09_21,"{""type"":""MultiPoint"",""coordinates"":[]}"
1,Bengaluru Urban,2024-09-29,15119.04823338126,MODIS/061/MOD11A2,GAUL_L2_polygon_mean (Bangalore Urban),1585,2024_09_29,"{""type"":""MultiPoint"",""coordinates"":[]}"
1,Bengaluru Urban,2024-10-07,15105.678620063552,MODIS/061/MOD11A2,GAUL_L2_polygon_mean (Bangalore Urban),53,2024_10_07,"{""type"":""MultiPoint"",""coordinates"":[]}"
1,Bengaluru Urban,2024-10-15,15016.404801699564,MODIS/061/MOD11A2,GAUL_L2_polygon_mean (Bangalore Urban),1028,2024_10_15,"{""type"":""MultiPoint"",""coordinates"":[]}"
1,Bengaluru Urban,2024-10-23,15018.502636906642,MODIS/061/MOD11A2,GAUL_L2_polygon_mean (Bangalore Urban),2188,2024_10_23,"{""type"":""MultiPoint"",""coordinates"":[]}"
1,Bengaluru Urban,2024-10-31,15001.447287868421,MODIS/061/MOD11A2,GAUL_L2_polygon_mean (Bangalore Urban),2188,2024_10_31,"{""type"":""MultiPoint"",""coordinates"":[]}"
1,Bengaluru Urban,2024-11-08,14951.25377962597,MODIS/061/MOD11A2,GAUL_L2_polygon_mean (Bangalore Urban),2188,2024_11_08,"{""type"":""MultiPoint"",""coordinates"":[]}"
1,Bengaluru Urban,2024-11-16,14953.345475118398,MODIS/061/MOD11A2,GAUL_L2_polygon_mean (Bangalore Urban),2188,2024_11_16,"{""type"":""MultiPoint"",""coordinates"":[]}"
1,Bengaluru Urban,2024-11-24,14945.036178192966,MODIS/061/MOD11A2,GAUL_L2_polygon_mean (Bangalore Urban),2133,2024_11_24,"{""type"":""MultiPoint"",""coordinates"":[]}"
1,Bengaluru Urban,2024-12-02,14957.394741608245,MODIS/061/MOD11A2,GAUL_L2_polygon_mean (Bangalore Urban),2188,2024_12_02,"{""type"":""MultiPoint"",""coordinates"":[]}"
1,Bengaluru Urban,2024-12-10,14850.757560596843,MODIS/061/MOD11A2,GAUL_L2_polygon_mean (Bangalore Urban),2188,2024_12_10,"{""type"":""MultiPoint"",""coordinates"":[]}"
1,Bengaluru Urban,2024-12-18,14913.667064940098,MODIS/061/MOD11A2,GAUL_L2_polygon_mean (Bangalore Urban),2187,2024_12_18,"{""type"":""MultiPoint"",""coordinates"":[]}"
1,Bengaluru Urban,2024-12-26,14901.265213095403,MODIS/061/MOD11A2,GAUL_L2_polygon_mean (Bangalore Urban),2188,2024_12_26,"{""type"":""MultiPoint"",""coordinates"":[]}"
1,Bengaluru Urban,2025-01-01,14872.362551801189,MODIS/061/MOD11A2,GAUL_L2_polygon_mean (Bangalore Urban),2188,2025_01_01,"{""type"":""MultiPoint"",""coordinates"":[]}"
1,Bengaluru Urban,2025-01-09,14926.790284778745,MODIS/061/MOD11A2,GAUL_L2_polygon_mean (Bangalore Urban),2188,2025_01_09,"{""type"":""MultiPoint"",""coordinates"":[]}"
1,Bengaluru Urban,2025-01-17,14938.500117454869,MODIS/061/MOD11A2,GAUL_L2_polygon_mean (Bangalore Urban),2188,2025_01_17,"{""type"":""MultiPoint"",""coordinates"":[]}"
1,Bengaluru Urban,2025-01-25,15005.833020419219,MODIS/061/MOD11A2,GAUL_L2_polygon_mean (Bangalore Urban),2188,2025_01_25,"{""type"":""MultiPoint"",""coordinates"":[]}"
1,Bengaluru Urban,2025-02-02,15117.094041003402,MODIS/061/MOD11A2,GAUL_L2_polygon_mean (Bangalore Urban),2188,2025_02_02,"{""type"":""MultiPoint"",""coordinates"":[]}"
1,Bengaluru Urban,2025-02-10,15164.541368322334,MODIS/061/MOD11A2,GAUL_L2_polygon_mean (Bangalore Urban),2188,2025_02_10,"{""type"":""MultiPoint"",""coordinates"":[]}"
1,Bengaluru Urban,2025-02-18,15223.421688086482,MODIS/061/MOD11A2,GAUL_L2_polygon_mean (Bangalore Urban),2188,2025_02_18,"{""type"":""MultiPoint"",""coordinates"":[]}"
1,Bengaluru Urban,2025-02-26,15130.878824231922,MODIS/061/MOD11A2,GAUL_L2_polygon_mean (Bangalore Urban),2188,2025_02_26,"{""type"":""MultiPoint"",""coordinates"":[]}"
1,Bengaluru Urban,2025-03-06,15325.37144967999,MODIS/061/MOD11A2,GAUL_L2_polygon_mean (Bangalore Urban),2188,2025_03_06,"{""type"":""MultiPoint"",""coordinates"":[]}"
1,Bengaluru Urban,2025-03-14,15403.537270850922,MODIS/061/MOD11A2,GAUL_L2_polygon_mean (Bangalore Urban),2188,2025_03_14,"{""type"":""MultiPoint"",""coordinates"":[]}"
1,Bengaluru Urban,2025-03-22,15259.689341732703,MODIS/061/MOD11A2,GAUL_L2_polygon_mean (Bangalore Urban),2188,2025_03_22,"{""type"":""MultiPoint"",""coordinates"":[]}"
1,Bengaluru Urban,2025-03-30,15260.586058555273,MODIS/061/MOD11A2,GAUL_L2_polygon_mean (Bangalore Urban),2188,2025_03_30,"{""type"":""MultiPoint"",""coordinates"":[]}"
1,Bengaluru Urban,2025-04-07,15311.91126688077,MODIS/061/MOD11A2,GAUL_L2_polygon_mean (Bangalore Urban),2188,2025_04_07,"{""type"":""MultiPoint"",""coordinates"":[]}"
1,Bengaluru Urban,2025-04-15,15200.905279372237,MODIS/061/MOD11A2,GAUL_L2_polygon_mean (Bangalore Urban),2188,2025_04_15,"{""type"":""MultiPoint"",""coordinates"":[]}"
1,Bengaluru Urban,2025-04-23,15224.367874031008,MODIS/061/MOD11A2,GAUL_L2_polygon_mean (Bangalore Urban),2188,2025_04_23,"{""type"":""MultiPoint"",""coordinates"":[]}"
1,Bengaluru Urban,2025-05-01,15150.439157480983,MODIS/061/MOD11A2,GAUL_L2_polygon_mean (Bangalore Urban),2188,2025_05_01,"{""type"":""MultiPoint"",""coordinates"":[]}"
1,Bengaluru Urban,2025-05-09,15198.613103659753,MODIS/061/MOD11A2,GAUL_L2_polygon_mean (Bangalore Urban),2188,2025_05_09,"{""type"":""MultiPoint"",""coordinates"":[]}"
1,Bengaluru Urban,2025-05-17,14893.05716646014,MODIS/061/MOD11A2,GAUL_L2_polygon_mean (Bangalore Urban),48,2025_05_17,"{""type"":""MultiPoint"",""coordinates"":[]}"
1,Bengaluru Urban,2025-06-02,15071.025840071292,MODIS/061/MOD11A2,GAUL_L2_polygon_mean (Bangalore Urban),2188,2025_06_02,"{""type"":""MultiPoint"",""coordinates"":[]}"
1,Bengaluru Urban,2025-06-10,14918.481294329882,MODIS/061/MOD11A2,GAUL_L2_polygon_mean (Bangalore Urban),384,2025_06_10,"{""type"":""MultiPoint"",""coordinates"":[]}"
1,Bengaluru Urban,2025-06-18,14890.63679557134,MODIS/061/MOD11A2,GAUL_L2_polygon_mean (Bangalore Urban),442,2025_06_18,"{""type"":""MultiPoint"",""coordinates"":[]}"
1,Bengaluru Urban,2025-06-26,14998.928093645487,MODIS/061/MOD11A2,GAUL_L2_polygon_mean (Bangalore Urban),122,2025_06_26,"{""type"":""MultiPoint"",""coordinates"":[]}"
1,Bengaluru Urban,2025-07-04,14989.139618356954,MODIS/061/MOD11A2,GAUL_L2_polygon_mean (Bangalore Urban),322,2025_07_04,"{""type"":""MultiPoint"",""coordinates"":[]}"
1,Bengaluru Urban,2025-07-20,14756.304347826086,MODIS/061/MOD11A2,GAUL_L2_polygon_mean (Bangalore Urban),23,2025_07_20,"{""type"":""MultiPoint"",""coordinates"":[]}"
1,Bengaluru Urban,2025-07-28,15116.475212002611,MODIS/061/MOD11A2,GAUL_L2_polygon_mean (Bangalore Urban),61,2025_07_28,"{""type"":""MultiPoint"",""coordinates"":[]}"
1,Bengaluru Urban,2025-08-13,14860.227180047865,MODIS/061/MOD11A2,GAUL_L2_polygon_mean (Bangalore Urban),131,2025_08_13,"{""type"":""MultiPoint"",""coordinates"":[]}"
1,Bengaluru Urban,2025-08-21,14716.657076782718,MODIS/061/MOD11A2,GAUL_L2_polygon_mean (Bangalore Urban),186,2025_08_21,"{""type"":""MultiPoint"",""coordinates"":[]}"
1,Bengaluru Urban,2025-08-29,14873.629479606196,MODIS/061/MOD11A2,GAUL_L2_polygon_mean (Bangalore Urban),70,2025_08_29,"{""type"":""MultiPoint"",""coordinates"":[]}"
1,Bengaluru Urban,2025-09-06,15078.317739043558,MODIS/061/MOD11A2,GAUL_L2_polygon_mean (Bangalore Urban),2184,2025_09_06,"{""type"":""MultiPoint"",""coordinates"":[]}"
1,Bengaluru Urban,2025-09-22,14777.534176029962,MODIS/061/MOD11A2,GAUL_L2_polygon_mean (Bangalore Urban),382,2025_09_22,"{""type"":""MultiPoint"",""coordinates"":[]}"
1,Bengaluru Urban,2025-09-30,14948.288146888974,MODIS/061/MOD11A2,GAUL_L2_polygon_mean (Bangalore Urban),2149,2025_09_30,"{""type"":""MultiPoint"",""coordinates"":[]}"
1,Bengaluru Urban,2025-10-08,14976.46272600836,MODIS/061/MOD11A2,GAUL_L2_polygon_mean (Bangalore Urban),2116,2025_10_08,"{""type"":""MultiPoint"",""coordinates"":[]}"
1,Bengaluru Urban,2025-10-16,14880.470253445974,MODIS/061/MOD11A2,GAUL_L2_polygon_mean (Bangalore Urban),89,2025_10_16,"{""type"":""MultiPoint"",""coordinates"":[]}"
1,Bengaluru Urban,2025-10-24,14997.262831720347,MODIS/061/MOD11A2,GAUL_L2_polygon_mean (Bangalore Urban),2188,2025_10_24,"{""type"":""MultiPoint"",""coordinates"":[]}"
1,Bengaluru Urban,2025-11-01,14991.384556208877,MODIS/061/MOD11A2,GAUL_L2_polygon_mean (Bangalore Urban),2188,2025_11_01,"{""type"":""MultiPoint"",""coordinates"":[]}"
1,Bengaluru Urban,2025-11-09,14947.632550958373,MODIS/061/MOD11A2,GAUL_L2_polygon_mean (Bangalore Urban),2188,2025_11_09,"{""type"":""MultiPoint"",""coordinates"":[]}"
1,Bengaluru Urban,2025-11-17,14820.460440205334,MODIS/061/MOD11A2,GAUL_L2_polygon_mean (Bangalore Urban),1323,2025_11_17,"{""type"":""MultiPoint"",""coordinates"":[]}"
1,Bengaluru Urban,2025-11-25,14811.203543292175,MODIS/061/MOD11A2,GAUL_L2_polygon_mean (Bangalore Urban),1451,2025_11_25,"{""type"":""MultiPoint"",""coordinates"":[]}"
1,Bengaluru Urban,2025-12-03,14865.969058262994,MODIS/061/MOD11A2,GAUL_L2_polygon_mean (Bangalore Urban),2188,2025_12_03,"{""type"":""MultiPoint"",""coordinates"":[]}"
1,Bengaluru Urban,2025-12-11,14841.529341302336,MODIS/061/MOD11A2,GAUL_L2_polygon_mean (Bangalore Urban),2188,2025_12_11,"{""type"":""MultiPoint"",""coordinates"":[]}"
1,Bengaluru Urban,2025-12-19,14805.247150150333,MODIS/061/MOD11A2,GAUL_L2_polygon_mean (Bangalore Urban),2188,2025_12_19,"{""type"":""MultiPoint"",""coordinates"":[]}"
1,Bengaluru Urban,2025-12-27,14841.494135474193,MODIS/061/MOD11A2,GAUL_L2_polygon_mean (Bangalore Urban),2155,2025_12_27,"{""type"":""MultiPoint"",""coordinates"":[]}"
1,Bengaluru Urban,2026-01-01,14842.701992787708,MODIS/061/MOD11A2,GAUL_L2_polygon_mean (Bangalore Urban),2188,2026_01_01,"{""type"":""MultiPoint"",""coordinates"":[]}"
1,Bengaluru Urban,2026-01-09,14901.172029243568,MODIS/061/MOD11A2,GAUL_L2_polygon_mean (Bangalore Urban),2188,2026_01_09,"{""type"":""MultiPoint"",""coordinates"":[]}"
1,Bengaluru Urban,2026-01-17,14902.012534496762,MODIS/061/MOD11A2,GAUL_L2_polygon_mean (Bangalore Urban),2188,2026_01_17,"{""type"":""MultiPoint"",""coordinates"":[]}"
1,Bengaluru Urban,2026-01-25,14905.662138826267,MODIS/061/MOD11A2,GAUL_L2_polygon_mean (Bangalore Urban),2188,2026_01_25,"{""type"":""MultiPoint"",""coordinates"":[]}"
1,Bengaluru Urban,2026-02-02,14949.896013886575,MODIS/061/MOD11A2,GAUL_L2_polygon_mean (Bangalore Urban),2188,2026_02_02,"{""type"":""MultiPoint"",""coordinates"":[]}"
1,Bengaluru Urban,2026-02-10,14986.722347447647,MODIS/061/MOD11A2,GAUL_L2_polygon_mean (Bangalore Urban),2188,2026_02_10,"{""type"":""MultiPoint"",""coordinates"":[]}"
1,Bengaluru Urban,2026-02-18,15063.68597409537,MODIS/061/MOD11A2,GAUL_L2_polygon_mean (Bangalore Urban),2188,2026_02_18,"{""type"":""MultiPoint"",""coordinates"":[]}"
1,Bengaluru Urban,2026-02-26,15130.01149802478,MODIS/061/MOD11A2,GAUL_L2_polygon_mean (Bangalore Urban),2188,2026_02_26,"{""type"":""MultiPoint"",""coordinates"":[]}"
1,Bengaluru Urban,2026-03-06,15196.449873668776,MODIS/061/MOD11A2,GAUL_L2_polygon_mean (Bangalore Urban),2188,2026_03_06,"{""type"":""MultiPoint"",""coordinates"":[]}"
1,Bengaluru Urban,2026-03-14,15116.53517280211,MODIS/061/MOD11A2,GAUL_L2_polygon_mean (Bangalore Urban),2188,2026_03_14,"{""type"":""MultiPoint"",""coordinates"":[]}"
1,Bengaluru Urban,2026-03-22,15230.876749494775,MODIS/061/MOD11A2,GAUL_L2_polygon_mean (Bangalore Urban),2188,2026_03_22,"{""type"":""MultiPoint"",""coordinates"":[]}"
1,Bengaluru Urban,2026-03-30,15199.760555247723,MODIS/061/MOD11A2,GAUL_L2_polygon_mean (Bangalore Urban),2188,2026_03_30,"{""type"":""MultiPoint"",""coordinates"":[]}"
1,Bengaluru Urban,2026-04-07,15284.398860598096,MODIS/061/MOD11A2,GAUL_L2_polygon_mean (Bangalore Urban),2188,2026_04_07,"{""type"":""MultiPoint"",""coordinates"":[]}"
1,Bengaluru Urban,2026-04-15,15337.185560761805,MODIS/061/MOD11A2,GAUL_L2_polygon_mean (Bangalore Urban),2188,2026_04_15,"{""type"":""MultiPoint"",""coordinates"":[]}"
1,Bengaluru Urban,2026-04-23,15290.433189697691,MODIS/061/MOD11A2,GAUL_L2_polygon_mean (Bangalore Urban),2188,2026_04_23,"{""type"":""MultiPoint"",""coordinates"":[]}"
1,Bengaluru Urban,2026-05-01,15110.345435667894,MODIS/061/MOD11A2,GAUL_L2_polygon_mean (Bangalore Urban),2188,2026_05_01,"{""type"":""MultiPoint"",""coordinates"":[]}"
1,Bengaluru Urban,2026-05-09,15255.26435773705,MODIS/061/MOD11A2,GAUL_L2_polygon_mean (Bangalore Urban),2188,2026_05_09,"{""type"":""MultiPoint"",""coordinates"":[]}"
1,Bengaluru Urban,2026-05-17,15212.79210919585,MODIS/061/MOD11A2,GAUL_L2_polygon_mean (Bangalore Urban),2064,2026_05_17,"{""type"":""MultiPoint"",""coordinates"":[]}"
1,Bengaluru Urban,2026-05-25,15018.372132890767,MODIS/061/MOD11A2,GAUL_L2_polygon_mean (Bangalore Urban),2188,2026_05_25,"{""type"":""MultiPoint"",""coordinates"":[]}"
1,Bengaluru Urban,2026-06-02,15051.819681147554,MODIS/061/MOD11A2,GAUL_L2_polygon_mean (Bangalore Urban),2127,2026_06_02,"{""type"":""MultiPoint"",""coordinates"":[]}"
1,Bengaluru Urban,2026-06-10,14967.520381275339,MODIS/061/MOD11A2,GAUL_L2_polygon_mean (Bangalore Urban),1541,2026_06_10,"{""type"":""MultiPoint"",""coordinates"":[]}"
1,Bengaluru Urban,2026-06-18,15019.797342221442,MODIS/061/MOD11A2,GAUL_L2_polygon_mean (Bangalore Urban),1360,2026_06_18,"{""type"":""MultiPoint"",""coordinates"":[]}"
1,Bengaluru Urban,2026-06-26,14975.514771909466,MODIS/061/MOD11A2,GAUL_L2_polygon_mean (Bangalore Urban),1691,2026_06_26,"{""type"":""MultiPoint"",""coordinates"":[]}"
1,Bengaluru Urban,2026-07-04,14941.70027930271,MODIS/061/MOD11A2,GAUL_L2_polygon_mean (Bangalore Urban),325,2026_07_04,"{""type"":""MultiPoint"",""coordinates"":[]}"
1,Bengaluru Urban,2026-07-12,14944.456622288957,MODIS/061/MOD11A2,GAUL_L2_polygon_mean (Bangalore Urban),1857,2026_07_12,"{""type"":""MultiPoint"",""coordinates"":[]}"
1,Bengaluru Urban,2026-07-20,14773.982914345928,MODIS/061/MOD11A2,GAUL_L2_polygon_mean (Bangalore Urban),52,2026_07_20,"{""type"":""MultiPoint"",""coordinates"":[]}"
1,Bengaluru Urban,2026-08-13,14926.116742976783,MODIS/061/MOD11A2,GAUL_L2_polygon_mean (Bangalore Urban),168,2026_08_13,"{""type"":""MultiPoint"",""coordinates"":[]}"
1,Bengaluru Urban,2026-08-21,14863.238521314857,MODIS/061/MOD11A2,GAUL_L2_polygon_mean (Bangalore Urban),1459,2026_08_21,"{""type"":""MultiPoint"",""coordinates"":[]}"
1,Bengaluru Urban,2026-08-29,15047.42054222906,MODIS/061/MOD11A2,GAUL_L2_polygon_mean (Bangalore Urban),2188,2026_08_29,"{""type"":""MultiPoint"",""coordinates"":[]}"
1,Bengaluru Urban,2026-09-06,15020.71022827745,MODIS/061/MOD11A2,GAUL_L2_polygon_mean (Bangalore Urban),1909,2026_09_06,"{""type"":""MultiPoint"",""coordinates"":[]}"
1,Bengaluru Urban,2026-09-14,15088.675489252853,MODIS/061/MOD11A2,GAUL_L2_polygon_mean (Bangalore Urban),1687,2026_09_14,"{""type"":""MultiPoint"",""coordinates"":[]}"
