ds,yhat,yhat_lower,yhat_upper
2026-09-15,31.38842499666975,27.728873498609108,34.9423923529432
2026-09-16,31.459757025104715,28.139661909736397,34.8705369437266
2026-09-17,31.371550791452886,27.767243993833528,34.919030772057
2026-09-18,31.550476770692985,27.83767702610952,34.73126378080904
2026-09-19,31.552499189644706,27.95472845261491,35.09155963428847
2026-09-20,31.527738893412714,28.408579455948338,35.01873261962831
2026-09-21,31.907662315885467,28.4163358407021,35.140261970938575
2026-09-22,31.89681833831648,28.137993142446934,35.37357426912063
2026-09-23,32.02020017801808,28.67960939449291,35.547607903685616
2026-09-24,31.97467932172582,28.500844140783634,35.40575155367673
2026-09-25,32.186653354783346,28.28798447310299,35.53284468016885
2026-09-26,32.21199767553739,28.65678913222119,35.85442019082785
2026-09-27,32.200921998979375,28.48849983223748,35.620955103446036
2026-09-28,32.58514938663075,29.133060818755176,36.25413277450659
2026-09-29,32.56963995238524,29.183214485052094,36.170577803604104
2026-09-30,32.67993681861029,29.249370147092012,36.274243024957194
2026-10-01,32.613581822996125,28.993433714350065,36.23151040391927
2026-10-02,32.797743352701275,29.36322927952785,36.36585810810345
2026-10-03,32.78914684527563,29.484089279120358,36.14820048136956
2026-10-04,32.73890942007454,29.201367479107557,36.2741259928345
2026-10-05,33.07969693146264,29.630053064514655,36.89263108649302
2026-10-06,33.01742612799315,29.496969588334323,36.43066876412186
2026-10-07,33.07858999314258,29.475392889175538,36.40262592279123
2026-10-08,32.96165422385603,29.298584563943997,36.66429970084231
2026-10-09,33.09466762325349,29.63201491673713,36.38435750513643
2026-10-10,33.035177282015056,29.437652217205112,36.37896863755889
2026-10-11,32.93505027584746,29.689468526526376,36.4042228453559
2026-10-12,33.22762035815198,29.65352168860559,36.71443063780718
2026-10-13,33.11938244196187,29.758578753537833,36.62271646385222
2026-10-14,33.13731297865386,29.71760233354209,36.7280737114555
2026-10-15,32.980264146091145,29.572345619394746,36.362933913646
2026-10-16,33.07657450776214,29.494889238446238,36.72108987341625
2026-10-17,32.98398683782456,29.707319946056153,36.54222039502839
2026-10-18,32.854474602971095,29.210025129340945,36.15637644253811
2026-10-19,33.12139529634634,29.57696646731155,36.54899187470136
2026-10-20,32.99119309660166,29.742044917768897,36.48228710195282
2026-10-21,32.99072861286567,29.634186374672133,36.74015792816407
2026-10-22,32.81868326727201,29.196676215622304,36.20714910352433
2026-10-23,32.90318061295751,29.281627461676862,36.673036192666096
2026-10-24,32.80171492736179,29.26589854728968,36.279669586344184
2026-10-25,32.66598823587499,28.951233524383102,36.02634717467739
2026-10-26,32.92907365394215,29.560391788132648,36.37376737027158
2026-10-27,32.79712725077589,29.43983868996274,36.183595120040685
2026-10-28,32.79672596953725,29.38816575557123,36.16757778435655
2026-10-29,32.62627897897025,29.23642277010174,36.20576737999204
2026-10-30,32.71365463049501,29.18318020450198,35.96770866442932
2026-10-31,32.61611329104461,29.195464722945868,36.18999802323471
2026-11-01,32.485147191277164,28.94925316487266,36.197628552728915
2026-11-02,32.75364521402181,29.45269002183089,36.26683166303925
2026-11-03,32.62760491134082,29.137868433999845,36.20930521600125
2026-11-04,32.633469413545036,29.18626477972204,36.043332809986445
2026-11-05,32.46953677044152,28.968850462330707,36.0205711456801
2026-11-06,32.56358409330571,29.063499597829658,36.079674896351165
2026-11-07,32.47279698319495,28.975921204297183,35.73879107219728
2026-11-08,32.34860561259295,28.83843327404289,35.772153502834946
2026-11-09,32.62384561555481,28.90709183442785,35.8915135916683
2026-11-10,32.504466299096194,28.73626806824242,35.71061870838227
2026-11-11,32.51686404912595,28.969108453944298,36.06879834838692
2026-11-12,32.359288658923994,28.775152522616615,35.56407747197431
2026-11-13,32.45946510736622,28.83898322532817,36.08801866787352
2026-11-14,32.37452139656632,29.09951708008602,35.96096141572341
2026-11-15,32.255823901056715,28.71065274637481,35.99500820278712
2026-11-16,32.53613842708123,28.90250803221552,35.88086185006117
2026-11-17,32.42133949528125,28.989181414876633,35.88668028374081
2026-11-18,32.43774567805882,28.577033374483914,35.954151112466086
2026-11-19,32.283528637117875,28.615898664818598,35.81642621914543
2026-11-20,32.3863382687782,28.70448695972195,35.722654566505774
2026-11-21,32.30323441494117,28.96067408151299,35.99443837797979
2026-11-22,32.18552641376572,28.798379601449774,35.6893570991044
2026-11-23,32.46593849142472,28.957178873532442,35.88384703523077
2026-11-24,32.350323299474745,28.913941907648397,36.00743211200606
2026-11-25,32.365001217083524,29.105936926732706,36.05201470006256
2026-11-26,32.20817285663133,28.826638429487602,35.778754736097554
2026-11-27,32.30754698653498,28.577326427865607,35.89988832571669
2026-11-28,32.2202741565179,28.71750281296771,35.67510821465393
2026-11-29,32.09778715493724,28.670860245609337,35.52515627391881
2026-11-30,32.37296618946324,28.738402496413485,35.9816030075523
2026-12-01,32.251851024989676,29.14312032604549,35.64847680406235
2026-12-02,32.260977670463575,28.776181695606123,35.634760348481294
2026-12-03,32.09878707082177,28.23215242037681,35.608941804555755
2026-12-04,32.19324808150296,28.811639778048878,35.688251389270725
2026-12-05,32.10178511918749,28.50332504440865,35.66372725874294
2026-12-06,31.976111769121633,28.478898958705713,35.69659369387238
2026-12-07,32.24938842914408,28.803892090153834,35.625916692107616
2026-12-08,32.12792644572435,28.4807139275208,35.64975258875
2026-12-09,32.13851658083354,28.660563389041766,35.649848546137655
2026-12-10,31.979829530960757,28.483719021357384,35.4319849324431
2026-12-11,32.08003105010103,28.60122569277926,35.626997824720306
2026-12-12,31.99670234492868,28.232997068237825,35.39333102873866
2026-12-13,31.881667287870563,28.371708080112054,35.63784148050875
2026-12-14,32.16814477514204,28.90029576636609,35.919305529108684
2026-12-15,32.06244890465322,28.655043212316038,35.34108457734589
2026-12-16,32.0913149968297,28.376886524438582,35.58154212461586
2026-12-17,31.953299321193747,28.271010411747216,35.18392450481681
2026-12-18,32.07639517355571,28.681893449275574,35.570997336703556
2026-12-19,32.01795601196811,28.67789533115211,35.40980796492413
2026-12-20,31.929527181202175,28.439226840921815,35.58421233662309
2026-12-21,32.24400447976983,28.778006317957274,35.546040900552406
2026-12-22,32.16734211504454,28.695257395183592,35.458536129918926
2026-12-23,32.225887886294075,28.38880239544138,35.73980212513159
2026-12-24,32.11779322571617,28.80316148605265,35.6798429239239
2026-12-25,32.270640465989636,28.60471869081874,35.44380125684117
2026-12-26,32.24137773010369,28.776399599144113,35.69887200480548
2026-12-27,32.18116263354125,28.73224899543855,35.576122183226026
2026-12-28,32.522532695802795,29.20463042740341,36.23285774510146
2026-12-29,32.47112464303064,28.864521096775235,35.89847151462604
2026-12-30,32.553020082091805,29.163698746847302,35.69218748684722
2026-12-31,32.466164832368094,28.905931837661313,36.063017388613204
2027-01-01,32.63800396643879,29.007468039570593,36.004723820699
2027-01-02,32.62542267509687,29.276205913045004,35.89378490624497
2027-01-03,32.57959391292447,28.88006128626433,36.151242080447524
2027-01-04,32.93315054232741,29.046859719199823,36.30484347648046
2027-01-05,32.89190404025835,29.367526052626737,36.539429097913796
2027-01-06,32.98218719713938,29.40408066090296,36.73012705266143
2027-01-07,32.90226811309308,29.326420006150993,36.222267110092425
2027-01-08,33.079977632488955,29.671102563065027,36.66772576163539
2027-01-09,33.0726404918859,29.52496896502863,36.40235881250559
2027-01-10,33.031911364003626,29.20717007477028,36.36835305032136
2027-01-11,33.3909338035077,29.645348626512753,36.957433025062045
2027-01-12,33.35604450111984,29.647494831675864,36.860308405115056
2027-01-13,33.45410066323785,30.086380034713052,36.81228590234621
2027-01-14,33.38387824481346,29.87962547854774,36.5686974032817
2027-01-15,33.5736836223889,30.026071735376274,37.2541626855605
2027-01-16,33.58126943888999,30.099964283353625,36.815992979336876
2027-01-17,33.5586562567249,30.051259021564768,36.909582726635925
2027-01-18,33.93927846302331,30.375162089351164,37.63942937671734
2027-01-19,33.929677242425214,30.53904319776722,37.38817297968799
2027-01-20,34.05681880195868,30.590732852240578,37.49090655359366
2027-01-21,34.0194858899242,30.50997350526784,37.26488139512323
2027-01-22,34.24588544652265,30.639987778426875,37.60397423570156
2027-01-23,34.29356329677426,30.796994932842395,37.8862285831594
2027-01-24,34.31422762280205,30.44901511700206,37.81715009429351
2027-01-25,34.740899676915106,31.20783390781768,38.14291578186737
2027-01-26,34.77961448364639,31.330717582983834,38.038799886678426
2027-01-27,34.956749563317906,31.122152406539612,38.51601329520465
2027-01-28,34.97042948540108,31.43503736616188,38.73195466559239
2027-01-29,35.248148779096184,31.67604153730482,38.70131151576295
2027-01-30,35.34670373234825,31.881203580257427,38.872111635636685
2027-01-31,35.41703437756393,31.901932319009926,38.752609484366964
2027-02-01,35.89139463870189,32.60126513856284,39.496642080570425
2027-02-02,35.97507286618858,32.47561007352164,39.43538682860353
2027-02-03,36.1937402498502,32.62798885647385,39.680396107970715
2027-02-04,36.244874370096845,32.55866624723146,39.694118246877885
2027-02-05,36.55539987655564,32.93495771704788,39.92183117964895
2027-02-06,36.68163631232205,33.05647081073547,40.23359951632335
2027-02-07,36.77415390909084,33.11033277194535,40.26117457817061
2027-02-08,37.264954908922526,33.63040130946011,40.7312785562715
2027-02-09,37.35920228674415,33.89383131807243,41.10112110358281
2027-02-10,37.58257308908321,33.98722160608501,41.40007889242868
2027-02-11,37.632683460903955,34.25588053103005,41.36246757182221
2027-02-12,37.93672725438925,34.49622074057543,41.4934460867568
2027-02-13,38.05141823935906,34.22165975685906,41.644537561850605
2027-02-14,38.12783684041161,35.014013167927565,41.66837623052362
2027-02-15,38.59859915308272,35.20656371727729,42.039976168278564
2027-02-16,38.6695704023658,35.285725631580775,42.11723672059896
2027-02-17,38.867200433944035,35.51148080631716,42.2056449093164
2027-02-18,38.88992876144079,35.36036552269721,42.333537853817354
2027-02-19,39.16580157963537,35.61078300864604,42.71533211207441
2027-02-20,39.25239133083801,35.89496881405558,42.96507012903723
2027-02-21,39.30162035309528,36.19027941372809,42.694842603133765
2027-02-22,39.746906985981774,35.982638388642286,43.25827653618883
2027-02-23,39.79485692351626,36.331893803917616,43.31158585689351
2027-02-24,39.9725780163736,36.546662092500384,43.47835366489118
2027-02-25,39.979066626737946,36.839049786281414,43.39429220056748
2027-02-26,40.24280847799322,36.82386283929162,43.84470536735816
2027-02-27,40.321685055431566,36.56914049911835,43.83835214854634
2027-02-28,40.36778747886567,36.95024610803159,43.65963037348146
2027-03-01,40.814556526785424,37.31873311758338,44.40958823748231
2027-03-02,40.868471807837295,37.60659760500046,44.58534135661631
2027-03-03,41.056368383721775,37.41877399633628,44.3745636738897
2027-03-04,41.07682894080215,37.46044615671221,44.78130294139183
2027-03-05,41.35779433753987,37.973605544028814,44.74552578630805
2027-03-06,41.45648336211351,37.98337743144878,44.87720339630732
2027-03-07,41.52422329763545,38.253130044203,44.94799279437901
2027-03-08,41.993609557352514,38.45914906692836,45.43524971557566
2027-03-09,42.07021688530378,38.66693307173686,45.52902217796908
2027-03-10,42.27993985607246,38.80353571728237,45.732370182009824
2027-03-11,42.32041014526292,38.79338335198145,45.868373540822695
2027-03-12,42.61863273370506,39.41639746227136,46.05152529061217
2027-03-13,42.73093119485019,39.25254889384746,46.30116480741117
2027-03-14,42.807802975585126,39.48016178841229,46.27125020437686
2027-03-15,43.28110226217308,39.92632910529605,46.949518683117375
2027-03-16,43.35577229071467,39.68042267920789,47.035543758419436
2027-03-17,43.55720425199507,40.04523192307342,47.023972032688185
2027-03-18,43.58266974695182,40.071776550986236,47.04288882235803
2027-03-19,43.8589685231201,40.33450022309133,47.53208239909012
2027-03-20,43.942381303838225,40.36082898978049,47.60856582359516
2027-03-21,43.9835283874776,40.772408249558026,47.49551352484502
2027-03-22,44.41455148688495,41.05124711487055,47.94088996732587
2027-03-23,44.440840662379465,41.06439994258013,47.88033612251397
2027-03-24,44.58838360826843,41.187481030076455,48.18611919406081
2027-03-25,44.55518447291242,41.23355854602051,48.352351231118945
2027-03-26,44.76889427480933,41.19533406183447,48.15901640795512
2027-03-27,44.78674315837898,41.355890261275455,48.39624859727495
2027-03-28,44.76037568722424,41.35050356853585,48.18048588014998
2027-03-29,45.12300724058096,41.706825146859785,48.76852171781074
2027-03-30,45.081124021193574,41.61738811611262,48.55422246243927
2027-03-31,45.161804631375674,41.735940958076945,48.646446477486954
2027-04-01,45.06411111774721,41.398807874387174,48.446261707248915
2027-04-02,45.21669227179978,41.43388196659489,48.731988523283356
2027-04-03,45.17769013978747,41.65056399460441,48.50361586098705
2027-04-04,45.09955161560366,41.257441524870835,48.64974811527194
2027-04-05,45.41616380639441,41.80225301330258,48.888300064917885
2027-04-06,45.33453623452233,42.010505364161965,48.88934726072769
2027-04-07,45.38210830480429,41.87327755489013,48.64763623989101
2027-04-08,45.25813031358287,41.73370071992602,48.45036738680323
2027-04-09,45.391261057078594,42.042665582457,48.86549505070542
2027-04-10,45.339473149660684,42.041727000683764,49.11098204051565
2027-04-11,45.25486796577458,41.745520676190104,48.535108230725896
2027-04-12,45.570818817158994,42.16223304389052,48.87399045639982
2027-04-13,45.49366523507637,41.99541367729306,49.18630187138654
2027-04-14,45.55003648188122,42.36472274376375,48.91888521214066
2027-04-15,45.438252161701236,41.90388317809018,49.11058378631797
2027-04-16,45.5859424894151,42.29540415407736,49.02699558605313
2027-04-17,45.54997875242981,42.13998652735258,48.96695561789263
2027-04-18,45.48131524017154,41.891609821722305,49.1061015448669
2027-04-19,45.81216056865387,42.317917184227156,49.263176548175714
2027-04-20,45.747700558070946,42.38775885338619,49.29254084382382
2027-04-21,45.813450067403565,42.44728836088643,49.39209684023238
2027-04-22,45.70668094574694,42.09383159557076,49.239205135669074
2027-04-23,45.854067978364,42.42291748316461,49.369977874810445
2027-04-24,45.811642727189536,42.41372083446418,49.342593500922625
2027-04-25,45.7296559688134,42.43919554574845,49.14119302367106
2027-04-26,46.039766162573876,42.76637154694746,49.69319067746793
2027-04-27,45.94677570164107,42.359800384059675,49.59236816984458
2027-04-28,45.97599204540729,42.53836506362303,49.42371060192412
2027-04-29,45.82466069371799,42.417213968805314,49.43847294398981
2027-04-30,45.919611792452116,42.23402892626464,49.3859873466079
2027-05-01,45.81721029357921,42.36661938463909,49.21273330599736
2027-05-02,45.66821050611082,42.01074871992148,49.24391206487483
2027-05-03,45.90493270928606,42.36785980756053,49.19760530755751
2027-05-04,45.73298391738473,42.36651505200166,49.309204993633124
2027-05-05,45.67860031866012,42.353111240091735,49.55083442573656
2027-05-06,45.4400588486518,41.70491927618312,48.72739229328644
2027-05-07,45.44530024837061,41.63519299783957,49.13540238876865
2027-05-08,45.25185413723616,42.053618037004554,48.93473910153304
2027-05-09,45.011667573013455,41.373354479577046,48.20837323215116
2027-05-10,45.15825541796742,41.68831742017739,48.72124365209393
2027-05-11,44.89839524314188,41.39654350353927,48.177604322952526
2027-05-12,44.75944491386657,41.05161497115989,48.56760977255015
2027-05-13,44.44073089928193,41.01204199598522,48.07556385043578
2027-05-14,44.37115018638577,40.717227784386814,47.94050184341704
2027-05-15,44.109076792911516,40.62484622245465,47.57745712431595
2027-05-16,43.80717473935063,40.343878991631584,47.38210841436577
2027-05-17,43.89953610219532,40.5126781809028,47.435265803061306
2027-05-18,43.59336709215818,39.91208288070638,47.08799012787656
2027-05-19,43.41630041747547,39.784625082028796,46.817379466532564
2027-05-20,43.067781996692794,39.650240467018094,46.68430252830245
2027-05-21,42.97667482934367,39.49158738511143,46.30874931976769
2027-05-22,42.701170857535246,39.18573220247055,46.22282920534177
2027-05-23,42.39361243490417,38.79613327494238,45.68415561493912
2027-05-24,42.487641707793685,38.84365708220505,45.602109403577145
2027-05-25,42.18990047227939,38.80180167082873,45.705362421657554
2027-05-26,42.02735833672274,38.66250282229878,45.53089719390805
2027-05-27,41.69871678670966,38.309762316568545,45.278668851402244
2027-05-28,41.632031470363906,37.802406518558804,45.01453067980182
2027-05-29,41.38464303813538,38.031672898961276,44.89924775908653
2027-05-30,41.108017660416344,37.636561690107065,44.49485511150091
2027-05-31,41.23491505412199,37.8237603756092,44.79982752577886
2027-06-01,40.971106140499685,37.548372568164496,44.40994346738981
2027-06-02,40.84271776606549,37.15714220673045,44.178805643635755
2027-06-03,40.54765173930735,37.07573250663497,43.9762142170112
2027-06-04,40.51322021837357,36.89203417830465,43.800950308047675
2027-06-05,40.296087568357535,36.63357497691387,43.90779152628526
2027-06-06,40.04711966700019,36.6513765700626,43.5903086468375
2027-06-07,40.198558417756054,36.765798113571684,43.67097208811451
2027-06-08,39.95574359165964,36.43881160914848,43.55521845791675
2027-06-09,39.84445949742508,36.56461391104307,43.463805309401955
2027-06-10,39.562353863065205,35.95556564363665,43.113730486524894
2027-06-11,39.53657115109028,36.163919018917966,43.030712556154086
2027-06-12,39.323690660270216,35.707600789278395,42.82085600098891
2027-06-13,39.074570664887176,35.565029323853764,42.25735736352022
2027-06-14,39.22151664940792,35.515772818610785,42.83795147674945
2027-06-15,38.969996074439024,35.55603981649205,42.282218742012745
2027-06-16,38.84597749176762,35.529387264953314,42.45492392820705
2027-06-17,38.5473417026066,34.90457283287516,42.18156507229098
2027-06-18,38.50150747356161,35.09931550502193,41.942871410469664
2027-06-19,38.26536242743707,34.775579170355364,41.7915935458443
2027-06-20,37.990100586896965,34.187659841085505,41.59565634278634
2027-06-21,38.10838481167403,34.56258386874759,41.70317520600547
2027-06-22,37.82605669820245,34.40404579567771,41.3352983721805
2027-06-23,37.6694718389976,34.25023842159336,41.31976015827025
2027-06-24,37.33690816038595,34.06504258522479,40.81463961560093
2027-06-25,37.256189822889276,33.551421227373936,40.826318268769484
2027-06-26,36.98461721890705,33.65723090743853,40.721287286554485
2027-06-27,36.673804415264335,33.14607262317839,40.076279001944556
2027-06-28,36.75684210898646,33.253737138004325,40.100462592351896
2027-06-29,36.44000845853294,32.92626656421417,39.865182390284104
2027-06-30,36.250105455820204,33.16490831398173,39.989848959646174
2027-07-01,35.88586831013623,32.353909508667925,39.546615488746035
2027-07-02,35.77559007570416,32.36758852485885,39.4078845604253
2027-07-03,35.477051810901145,31.8191094176192,38.78752369928707
2027-07-04,35.14235938646106,31.618422882007607,38.99946558652531
2027-07-05,35.2051048076567,31.712363341201133,38.75467158067605
2027-07-06,34.87207424549167,31.333854493835645,38.60612098973383
2027-07-07,34.67058031956493,31.086124422708853,38.19516221779113
2027-07-08,34.299866032383456,30.70648758922084,38.00247502715834
2027-07-09,34.188722572175706,30.71592647421207,37.97236067936966
2027-07-10,33.895411317172176,30.257616569088093,37.368749564684364
2027-07-11,33.572491264884235,29.916008715771984,37.016707825181086
2027-07-12,33.653969917558584,30.116864465476098,37.32222853922196
2027-07-13,33.34700004234619,29.826348841674687,37.083602163076556
2027-07-14,33.1792001244022,29.597010529243516,36.35220702340772
2027-07-15,32.85004623340768,29.361531600700694,36.3491297326204
2027-07-16,32.78847787759682,28.95477096258566,36.25454621452064
2027-07-17,32.552808561526724,29.096116357923343,36.10873543485542
2027-07-18,32.29554266883391,28.876870802330913,35.76524775768691
2027-07-19,32.45051710138512,28.740669368929748,36.032562905268804
2027-07-20,32.22459048288211,28.76074823172656,35.993082903851
2027-07-21,32.144958111234644,28.362781940848873,35.75720461250864
2027-07-22,31.910540710094157,28.38234549466999,35.3916506848971
2027-07-23,31.949589835432544,28.30148344159347,35.380913108717785
2027-07-24,31.819600876065003,28.28659657489061,35.1028808142394
2027-07-25,31.67213542367697,28.326829178022553,35.13911618873948
2027-07-26,31.939971521700237,28.17010394120449,35.26268531669215
2027-07-27,31.82880459725876,28.073889880279253,35.3114730523616
2027-07-28,31.86457717126389,28.43042637438122,35.61982621978874
2027-07-29,31.74488522145292,28.209895415209974,35.305120886889696
2027-07-30,31.896603793718405,28.591004514806126,35.52033387182359
2027-07-31,31.875822459114293,28.611472204280016,35.60218408486303
2027-08-01,31.832691975888753,28.55373014561145,35.508257206479236
2027-08-02,32.19860018379239,28.43220666932161,35.53593886095746
2027-08-03,32.1778993975497,28.990894681738467,35.55645901437113
2027-08-04,32.29526281464618,28.815371065322616,35.91684325261606
2027-08-05,32.24711720387388,28.72833956605678,35.626574322310404
2027-08-06,32.459293848368176,29.028102680585345,36.07068784383678
2027-08-07,32.486987721714826,28.99873146659136,36.01760385657467
2027-08-08,32.479625656715896,29.081916119194986,35.88540750533165
2027-08-09,32.86806096951598,29.24259893447196,36.253833249132406
2027-08-10,32.8563162921239,29.369287000474028,36.546514288721454
2027-08-11,32.9689516798846,29.433955477317184,36.272713664537385
2027-08-12,32.90250488994993,29.32064012130991,36.38345359941546
2027-08-13,33.08314552355807,29.51991547237242,36.520611934039806
2027-08-14,33.066632828189505,29.565279791198137,36.67953429162215
2027-08-15,33.00317784178446,29.516128382157316,36.65324487191078
2027-08-16,33.324627373180256,29.81261484373955,37.09248318379895
2027-08-17,33.23619171344793,29.96806287069098,36.99797571717066
2027-08-18,33.26379339461574,29.998031329423036,36.72787610566036
2027-08-19,33.10548424558242,29.30664657960722,36.559563248876515
2027-08-20,33.189072888264135,29.697556982855687,36.42843851221608
2027-08-21,33.07205300687085,29.52079169669361,36.778532597878545
2027-08-22,32.90643368364327,29.201002275872078,36.27237200334999
2027-08-23,33.12588996653521,29.626337411115152,36.785486033571225
2027-08-24,32.93745627895627,29.577212600958077,36.414694431995336
2027-08-25,32.86884073055074,29.50131575331309,36.33714215100119
2027-08-26,32.61980833034086,29.263705028690154,35.97424539392513
2027-08-27,32.619775987468195,29.105244874411007,36.04219138782561
2027-08-28,32.42771034721485,28.575677895905272,36.05488868673253
2027-08-29,32.19693042539415,29.215077474379193,35.62714208393549
2027-08-30,32.36223381486148,28.950195088420273,36.24091454046301
2027-08-31,32.131569606175226,28.734608139017634,35.604031638716485
2027-09-01,32.03333652384608,28.529431770007214,35.51621517714152
2027-09-02,31.76775462176511,28.262316026273663,35.36652322359607
2027-09-03,31.764453656956025,28.340563613767266,35.22011400418399
2027-09-04,31.582369309317947,27.936413270077832,35.0795128331981
2027-09-05,31.374549214029983,27.848173534693807,34.929556994580295
2027-09-06,31.575287467874062,28.049172100112667,35.000951274035245
2027-09-07,31.391810526279095,27.821881737770788,34.931287046000314
2027-09-08,31.35159266070747,27.744978429286544,34.88789377307149
2027-09-09,31.153748890403747,27.806532368169602,34.597648774971596
2027-09-10,31.226647991540823,27.878671817394757,34.95772873895255
2027-09-11,31.12783616218846,27.677886283846878,34.73909229771898
2027-09-12,31.008872662423755,27.36679668429532,34.69969601407149
2027-09-13,31.30249540192173,27.68328037618824,34.797611067529715
2027-09-14,31.21433867858615,27.725126482184177,34.804238160216
2027-09-15,31.27028051812053,27.85826133922377,34.68027123824589
2027-09-16,31.167866820074828,27.773965126751385,34.59589598589299
2027-09-17,31.333954233399684,27.68373882414581,35.19609038543843
2027-09-18,31.32466170465256,27.645061218755536,34.77318570384554
2027-09-19,31.290231442644302,27.829261115794218,34.728960694926485
2027-09-20,31.662216769083667,27.98370286368319,35.01713513017431
2027-09-21,31.64521863999085,28.451346029927354,35.27425019124507
2027-09-22,31.764247961659542,27.98844890625078,35.1638793725265
2027-09-23,31.71616067943005,28.092354648492023,35.34173372026636
2027-09-24,31.927307437466812,28.45490654107307,35.532694257662094
2027-09-25,31.953487731093205,28.714170253661326,35.38278337011216
2027-09-26,31.944809375144974,28.568223843962585,35.52043647618479
2027-09-27,32.332870934485584,28.654725903007318,36.00494764944122
2027-09-28,32.322489167850335,28.77927468031997,35.66611238079857
2027-09-29,32.439048955953126,28.940930530083342,35.85763204243764
2027-09-30,32.37992310894125,28.74998102587114,35.703411509749536
2027-10-01,32.572104325176554,29.15942035146163,36.02209559233245
2027-10-02,32.57213973979191,28.93540737875955,35.9740201324531
2027-10-03,32.53096943183403,29.250177333162323,35.99149783329309
2027-10-04,32.8810870948158,29.36912993870495,36.72002276150119
2027-10-05,32.828245478854,29.243822820278393,36.42525080640749
2027-10-06,32.89878461611822,29.381686145611038,36.338063771957174
2027-10-07,32.79103073538453,29.14691093976705,36.34643037591059
2027-10-08,32.93290860591938,29.175283774507758,36.44335900355923
2027-10-09,32.881858163807664,29.2713250530413,36.31675101142729
2027-10-10,32.78965714148593,29.27154610350639,36.355094736994495
2027-10-11,33.08956818731145,29.532650126464326,36.64782326852402
2027-10-12,32.98803329047104,29.642033907624363,36.68296489914669
2027-10-13,33.011993652326716,29.506035205773546,36.57478209985604
2027-10-14,32.860282961352816,29.33096537864453,36.52158356390777
2027-10-15,32.961236786779715,29.452945239619137,36.31852149017567
2027-10-16,32.872608846581855,29.44028474681607,36.26925370046821
2027-10-17,32.74639570645718,29.223440250022918,35.99702182291363
2027-10-18,33.01598817355215,29.304709783719108,36.582760772253415
2027-10-19,32.88787192722649,29.401588749976334,36.29515727162257
2027-10-20,32.8889552152572,29.341558881900117,36.44659225335547
2027-10-21,32.71797123122552,29.152585924492538,36.40855275320392
2027-10-22,32.8030975297061,29.432211244691953,36.559923547610275
2027-10-23,32.701882870804404,29.192365999064577,36.16794241030278
2027-10-24,32.56608269244862,29.019067411825272,36.13587213467985
2027-10-25,32.828821132594314,29.41288890875652,36.146675070847415
2027-10-26,32.6963018284545,29.07969908256159,36.09969393569129
2027-10-27,32.6951450412506,29.156834991851902,36.2730702485101
2027-10-28,32.52379848473035,29.028280422315003,36.19282359565835
2027-10-29,32.610164024704765,29.187165632210856,36.38696229659958
2027-10-30,32.51153050384255,29.0617459920785,35.90730293349787
2027-10-31,32.379413806928596,28.80872683951853,35.80598157825412
2027-11-01,32.64672205990492,29.068513964528183,36.0251107368653
2027-11-02,32.519468213842856,29.25420426516264,36.16817342395214
2027-11-03,32.52410763582272,28.768762927444925,35.69579666528102
2027-11-04,32.35894820323391,28.689828738267114,35.6861293129755
2027-11-05,32.4517752255072,28.937539241145622,35.905699425064
2027-11-06,32.359781635444385,28.83268091570745,35.80178278733083
2027-11-07,32.234404776301076,28.85841933053423,35.424649545279244
2027-11-08,32.5084879031558,28.820360346121873,35.97461714114235
2027-11-09,32.387988880081686,28.815402699806615,35.85338055336342
2027-11-10,32.399313921818596,28.621209302764743,35.95558390910788
2027-11-11,32.240724090751776,28.49065191089036,35.69430736875816
2027-11-12,32.3399570671735,28.978744400228166,36.04071249382138
2027-11-13,32.254154801541304,28.704600035469856,35.80260880970784
2027-11-14,32.13469850806999,28.697225053099114,35.68756911053344
2027-11-15,32.41436921333732,28.901272226068038,36.07158295390397
2027-11-16,32.299056395482246,28.933618649294424,35.83459958721851
2027-11-17,32.315092573928936,28.449641366364954,35.856668760687
2027-11-18,32.16066152896745,28.739408962314947,36.02224538505739
2027-11-19,32.26342259650434,28.678615557924555,35.686662967262116
2027-11-20,32.180441535974246,28.65146869049492,35.87338133542927
2027-11-21,32.063029286472826,28.514686509041592,35.66975594989112
2027-11-22,32.34390665268211,28.78053190537852,35.532165590534355
2027-11-23,32.22891726305585,28.515631872889934,35.605261714113986
2027-11-24,32.2443664535523,28.82263065214311,35.68068168863203
2027-11-25,32.08843354428653,28.529773278338382,35.505499083550355
2027-11-26,32.18879974535773,28.514179202307137,36.007895847661565
2027-11-27,32.10258199204963,28.44654811834029,35.32603740653952
2027-11-28,31.98117384582108,28.45887415617499,35.59116828983791
2027-11-29,32.2574113505641,28.71881885125982,35.771776034685814
2027-11-30,32.137286067364954,28.674807045648645,35.817843722914276
2027-12-01,32.147282860208826,28.684309379785397,35.75692850282557
2027-12-02,31.985789861335633,28.43484429107893,35.29310942337763
2027-12-03,32.08072285880534,28.75164688738691,35.54261999543714
2027-12-04,31.989454458593947,28.425573746343854,35.27756617208807
2027-12-05,31.86364925507803,28.337791049949015,35.55019476741502
2027-12-06,32.136423039845276,28.787568097159397,35.54648588156688
2027-12-07,32.01404845189056,28.47183708244097,35.613147510762296
2027-12-08,32.023284855442256,28.514271787917377,35.50933510539433
2027-12-09,31.862780115603318,28.044593886815065,35.14521438749683
2027-12-10,31.960686775710965,28.74137425034435,35.53209836356501
2027-12-11,31.874583261676264,28.374130547732708,35.26189458697901
2027-12-12,31.756301622507586,28.199019605611266,35.33382345539824
2027-12-13,32.039080105525386,28.651928229837363,35.63227614314239
2027-12-14,31.929263221691144,28.65322172585387,35.36985535427174
2027-12-15,31.95362731456475,28.358294883216484,35.27211321466334
2027-12-16,31.810779496812515,28.30531271433752,35.410712157776196
2027-12-17,31.92877261103936,28.22941382447942,35.72689350428709
2027-12-18,31.865026945776556,28.408737313060744,35.330806830170786
2027-12-19,31.77116026943273,28.14426644843507,35.494459580760584
2027-12-20,32.08014447887042,28.749254110478837,35.523802431612864
2027-12-21,31.998011459272107,28.47053896266155,35.49832505964511
2027-12-22,32.051186053398126,28.519863672019856,35.57124868061379
2027-12-23,31.937893834032465,28.439430956498978,35.41022947662396
2027-12-24,32.0857861155229,28.54083977670426,35.61998788924834
2027-12-25,32.05187266918004,28.692156439382174,35.35449906700322
2027-12-26,31.98736340116397,28.601859286286746,35.42552895885135
2027-12-27,32.32483695576817,28.90434062306812,35.69643596279612
2027-12-28,32.26995848714386,28.715183732881457,35.53350045331925
2027-12-29,32.348824134344014,28.67869401172526,35.64848762180916
2027-12-30,32.2593795319862,28.81962621173232,35.58003048913106
2027-12-31,32.4290544435816,28.964307156757975,35.666368383981705
2028-01-01,32.41470365737212,29.05867073861581,36.177738321158095
2028-01-02,32.36745511277312,28.794025165576535,35.88105540104836
2028-01-03,32.71988297407425,29.400163227295415,36.23148536691669
2028-01-04,32.67772770088627,29.077155160317282,36.06332667394273
2028-01-05,32.76724051686349,29.354754038819614,36.18210112531163
2028-01-06,32.68659954098371,29.30204655671416,36.23309574393804
2028-01-07,32.86353966978596,29.282573959818354,36.42895109996647
2028-01-08,32.85528642242375,29.448279249999246,36.62055648027911
2028-01-09,32.81339485909394,29.203808444364782,36.24916777332686
2028-01-10,33.170911499552034,29.655000422619654,36.65856808986538
2028-01-11,33.13408156438801,29.50794449624153,36.74746514674976
2028-01-12,33.229679269968074,29.731945067967164,37.0262956668513
2028-01-13,33.15640881865074,29.566176144839222,36.64604051643924
2028-01-14,33.34251858756464,30.047301718065718,36.86529122140489
2028-01-15,33.34571916910328,29.84802348431969,37.089178326276475
2028-01-16,33.31800682871563,29.81629400064552,36.929452890437474
2028-01-17,33.69281076257511,30.260370434391962,37.32908735430405
2028-01-18,33.676686921021975,30.164533856625035,37.16198611159256
2028-01-19,33.79663654612147,30.275823826192987,37.16910094149913
2028-01-20,33.75149744376723,30.056373412303063,37.39504042270379
2028-01-21,33.96955082213982,30.616073720080465,37.45579335495387
2028-01-22,34.00843461717112,30.6556651024813,37.66457510073083
2028-01-23,34.01996506825369,30.486178523218882,37.68827992581831
2028-01-24,34.43728504738219,30.991014951109424,37.71882004835967
2028-01-25,34.466561946263994,30.948763800098416,37.895830437163546
2028-01-26,34.63431322372632,31.17183943172469,38.05726682112852
2028-01-27,34.63880750294443,31.179983067960052,37.97439124294045
2028-01-28,34.90768383662844,31.329144665598346,38.47621284977179
2028-01-29,34.99787976908802,31.601592538453936,38.40619567997383
2028-01-30,35.06046959551083,31.628636372669348,38.60922335636879
2028-01-31,35.527830896661136,32.11463428259008,39.094626688696586
2028-02-01,35.60536167763828,31.974554196252615,38.92853824898681
2028-02-02,35.818825698743396,32.579103193276126,39.22087063873105
2028-02-03,35.86577334936492,32.64004895994818,39.56596023871981
2028-02-04,36.17318013498121,32.75267133224314,39.77029611555313
2028-02-05,36.29739286407874,32.65523143231483,39.87412342647621
2028-02-06,36.38898441449611,32.910385335776446,39.84960423065968
2028-02-07,36.87993467313238,33.2005527169272,40.67292597759954
2028-02-08,36.975359543892814,33.53241587371762,40.44029410672522
2028-02-09,37.2008652418587,33.76759472186884,40.832946448270334
2028-02-10,37.25397492959188,33.67169186613025,41.044875896942784
2028-02-11,37.56176955499082,34.14475641145156,41.126533954891826
2028-02-12,37.680832858403846,33.947332431847975,41.1341628161437
2028-02-13,37.762101405626936,34.34554633379382,41.062859917604506
2028-02-14,38.23803731596023,34.82266800839847,41.746262841143604
2028-02-15,38.31434575285172,34.5889110326921,41.634933982275534
2028-02-16,38.517314661751115,34.994383819851244,41.837199122541364
2028-02-17,38.54522416527518,35.15840809131369,42.101606050077805
2028-02-18,38.82596790841639,35.56901600688784,42.59635174544569
2028-02-19,38.91697682265225,35.62868636768664,42.56680296482441
2028-02-20,38.97004672156815,35.34370352687784,42.1925432000922
2028-02-21,39.41848799323456,35.97332297400628,43.01494258068337
2028-02-22,39.46882007695531,35.97949220727606,42.76848949596211
2028-02-23,39.648088836107405,36.1970992846609,42.95899703647065
2028-02-24,39.655254854229895,36.12948297048985,43.194718353596215
2028-02-25,39.91879553665099,36.41968407544265,43.28210503907331
2028-02-26,39.99661203216745,36.46176868206881,43.74326035479561
2028-02-27,40.04084287354511,36.48812276054328,43.430142965004286
2028-02-28,40.48500301467825,37.129554855639206,43.92670295025924
2028-02-29,40.535671278923616,36.78228992332933,43.89849869886326
2028-03-01,40.71980456173151,37.02759233992022,44.23013699830631
2028-03-02,40.736126943215226,37.2732489087583,44.15944436414593
2028-03-03,41.01273661405002,37.55895132969945,44.622249793890525
2028-03-04,41.10702154133527,37.69069594629212,44.54088804453332
2028-03-05,41.170485577705364,37.387259861121784,44.470763916727
2028-03-06,41.6359033927569,38.048883726679904,45.17374124187634
2028-03-07,41.70902684670214,38.27218830631712,45.065108277456346
2028-03-08,41.91592066862745,38.4227948353626,45.51391618947371
2028-03-09,41.95437504075319,38.607756773483096,45.53672560383865
2028-03-10,42.25153737876408,38.83785002450043,45.64938921641771
2028-03-11,42.36385357868571,38.57502630422737,45.789938864334076
2028-03-12,42.44191975214205,38.995909800245045,45.834525604930874
2028-03-13,42.917662140804815,39.24442238668975,46.48273783781176
2028-03-14,42.99606715325974,39.64825993006237,46.324252846324434
2028-03-15,43.202538740369356,39.80388294014036,46.72239094249816
2028-03-16,43.23433011206642,39.65095324012754,46.77956093286521
2028-03-17,43.518191551720115,39.96302917648612,46.770121262183544
2028-03-18,43.61032414397275,39.97436762364986,47.07495842623847
2028-03-19,43.66124007551735,40.03979389519871,47.017016597558865
2028-03-20,44.10294693962043,40.649290531025144,47.44816429020826
2028-03-21,44.14067783783867,40.7958621572692,47.73035743631003
2028-03-22,44.30024445987752,40.91794595318954,47.72537939403046
2028-03-23,44.27946022563442,40.833934668879714,47.79098429602872
2028-03-24,44.50577544141187,40.93654141881243,47.88181120242925
2028-03-25,44.53621459187751,41.27040236190044,48.07098141200781
2028-03-26,44.522216835122286,40.545933709676525,47.887817917011276
2028-03-27,44.89679763119774,41.574798880014484,48.083420496356204
2028-03-28,44.86625387575621,41.53136138545581,48.78939150274915
2028-03-29,44.95749036128633,41.43954539017254,48.75431278045438
2028-03-30,44.86941533812265,41.469545872165135,48.40662077622819
2028-03-31,45.030547843429325,41.54112130881261,48.72438009752846
2028-04-01,44.998927645241224,41.44694910115109,48.40037840121006
2028-04-02,44.92692958420669,41.38612113960717,48.28519607594613
2028-04-03,45.24840092955902,41.75122013531411,49.0455396022441
2028-04-04,45.17034475948032,41.706232239653886,48.74730085280987
2028-04-05,45.2202277624809,41.640101507023516,48.64221539433827
2028-04-06,45.09736072609036,41.57914476104918,48.83673951431788
2028-04-07,45.230494782279585,41.686015628695735,48.56166399464036
2028-04-08,45.17772455416756,41.46403736730614,48.74502726915243
2028-04-09,45.09130017264699,41.41550578342073,48.25775933267978
2028-04-10,45.40476684892855,41.6714713323344,48.98345038861829
2028-04-11,45.32465496462514,41.748263295565465,49.05164274610116
2028-04-12,45.377798910557416,41.87421399959303,48.93534523651156
2028-04-13,45.26273266308347,41.87999087335126,48.7298754685704
2028-04-14,45.40730478515549,42.0515430655279,48.73777415398858
2028-04-15,45.36860352012883,41.64472693982694,48.7981651650852
2028-04-16,45.29779338887528,41.85569135032364,48.72979731197588
2028-04-17,45.62728135157657,42.139697313033174,48.95144905582566
2028-04-18,45.56243482116915,41.937623106673776,49.21652927818728
2028-04-19,45.62892905303843,42.095020349526294,49.611182012787665
2028-04-20,45.52417117975635,41.90196133101244,49.02602282437892
2028-04-21,45.67494286368677,42.15661588126459,49.264294995078174
2028-04-22,45.637351545365725,42.20811375111185,49.20401117300472
2028-04-23,45.56169105027079,41.97355407405632,49.01806489112241
2028-04-24,45.8796290262904,42.265160129382394,49.39106884018236
2028-04-25,45.79594298359485,42.39927079099999,49.131059125635446
2028-04-26,45.835882033015665,42.33281362469706,49.57467666967355
2028-04-27,45.6966012604213,41.83367079043253,49.04915311794678
2028-04-28,45.80481048360497,41.882258683930935,49.23088638502772
2028-04-29,45.716727253207665,42.356848330643196,49.25902748011175
2028-04-30,45.58293485577637,42.285610037663254,49.096163643655835
2028-05-01,45.83556289744904,42.39349895576877,49.277837422651494
2028-05-02,45.680012453033015,42.04907392646585,49.11450409064737
2028-05-03,45.64230318940426,42.14564346206602,49.07632409363213
2028-05-04,45.42048980409754,42.20414160488994,49.04704108489286
2028-05-05,45.442290007689394,41.59471431180629,48.94318827197297
2028-05-06,45.2650144585732,41.83506307559502,48.70774874174241
2028-05-07,45.04040000504376,41.426019369705166,48.60905971481031
2028-05-08,45.20176444341754,41.91990735176226,48.82975215601138
2028-05-09,44.9557054233117,41.60251906784033,48.69561713482002
2028-05-10,44.829421554580655,41.425000414780925,48.24845613804907
2028-05-11,44.522103684346696,41.07482285924305,47.97725276820056
2028-05-12,44.46253916620025,41.28427811126697,48.07745246209468
2028-05-13,44.2090200746177,40.88745895336081,47.6842438329818
2028-05-14,43.914157201462864,40.39195259365665,47.437289413486646
2028-05-15,44.012018451267416,40.43411582008032,47.44537577051346
2028-05-16,43.70981459138845,40.33166286192254,47.26798502312324
2028-05-17,43.53521064644744,40.03385860676427,46.9072887995896
2028-05-18,43.18771104645285,39.612905196006935,46.76855594944735
2028-05-19,43.096261396053606,39.53002239577011,46.63548731240481
2028-05-20,42.81915776898738,39.374909700694786,46.12354764992393
2028-05-21,42.508865225019534,38.870774218572656,46.02966478046301
2028-05-22,42.5991639421797,39.0847285949841,46.04285505595902
2028-05-23,42.296845620455564,38.756859899702874,45.563717461193484
2028-05-24,42.12903808094255,38.43980177339689,45.91982758376021
2028-05-25,41.7946057507286,38.1755062026411,45.491931739942274
2028-05-26,41.72176844139026,38.10611842213003,45.224427983390186
2028-05-27,41.46802883915232,38.006924704702385,44.87657059902501
2028-05-28,41.185009905838655,37.760410479146564,44.99757981419263
2028-05-29,41.30562008753411,37.832161867344034,44.791621109556786
2028-05-30,41.035768507358824,37.53492087260811,44.40142216760806
2028-05-31,40.90170761572617,37.484488533698475,44.56231661091653
2028-06-01,40.601450578719316,37.00625645473942,44.26279475414406
2028-06-02,40.56240545404592,36.976667654469296,44.05701964684587
2028-06-03,40.34131627381895,36.90363394985744,43.71140874055174
2028-06-04,40.08911200059029,36.73852997281692,43.52601595283162
2028-06-05,40.23808109104808,36.209297773920916,43.567973209332386
2028-06-06,39.99359375350245,36.48420203190154,43.45938849449171
2028-06-07,39.88144935407751,36.381578828115735,43.36085180337072
2028-06-08,39.5992963030823,36.08366824589839,43.10616269697972
2028-06-09,39.574266586487184,36.07346309604013,43.17236114440993
2028-06-10,39.36291523529312,35.712222373695425,42.730930469589026
2028-06-11,39.116065922580376,35.49150860944791,42.730654495422606
2028-06-12,39.265980686324234,35.744590185407475,42.42275229704821
2028-06-13,39.01807615739308,35.37023712875644,42.446340261601335
2028-06-14,38.898264059322585,35.40757883346344,42.572453762791646
2028-06-15,38.60436362978689,35.047687832594164,41.86193082752104
2028-06-16,38.56372844246737,35.01515515913047,42.185879751443615
2028-06-17,38.333178220125085,34.97420967638792,41.87185862468718
2028-06-18,38.06383710074925,34.590792693408574,41.45794963466905
2028-06-19,38.188296591973,34.81847396669843,41.85802179355341
2028-06-20,37.91232578757816,34.530887923992445,41.20038100535919
2028-06-21,37.7622067585788,34.476630100364645,41.21158829101201
2028-06-22,37.43614286191073,34.0475235649998,41.026496631312305
2028-06-23,37.36188248371953,33.537207978418444,40.75646791678838
2028-06-24,37.09664879136133,33.567568282181995,40.699495964362804
2028-06-25,36.79197688627861,33.27516674542051,40.31087727930891
2028-06-26,36.88087647391073,33.24976190974797,40.29833265606823
2028-06-27,36.569542462047835,33.15479507290849,39.93807630520998
2028-06-28,36.38469120115685,33.10129854992908,39.91236964422765
2028-06-29,36.024969883243244,32.53001876162679,39.491947831004104
2028-06-30,35.91858137158575,32.48080522713272,39.811611229911726
2028-07-01,35.62321478322891,32.087824209995226,38.94532560542464
2028-07-02,35.29088296717606,31.91243122778262,38.75468714481171
2028-07-03,35.35508475925069,32.190873799418995,38.691458223061055
2028-07-04,35.02251421387355,31.45347647468111,38.43275028146535
2028-07-05,34.82039434935319,31.306495258954424,38.358910346837725
2028-07-06,34.44788278864645,30.87096791836274,38.01870603298448
2028-07-07,34.333691483279075,31.024516551251043,38.01133088444663
2028-07-08,34.036010813000196,30.50311020917584,37.55509973122576
2028-07-09,33.707339234065486,30.32814762983924,37.21754250365235
2028-07-10,33.7816364478535,30.246964345986772,37.34185479461513
2028-07-11,33.46602244161146,30.19883534346361,36.78021359007367
2028-07-12,33.288100147378195,29.732701350219326,36.79310685062635
2028-07-13,32.94734936423029,29.31095578006914,36.2514572829424
2028-07-14,32.872734441688635,29.09568448305259,36.43321710956083
2028-07-15,32.62261636577185,28.914092997189552,36.34273252193719
2028-07-16,32.34957079823043,28.936137866428336,35.8239622773565
2028-07-17,32.487530436037176,28.93201493096808,36.03712302705918
2028-07-18,32.24347444360069,28.826895325333314,35.884550209219086
2028-07-19,32.14474309723763,28.489357131798545,35.744665002611825
2028-07-20,31.89042566017298,28.46502656275927,35.16877163861014
2028-07-21,31.90896432604945,28.34433309195935,35.48378529813704
2028-07-22,31.758065167254998,28.199482564419295,35.138260311634774
2028-07-23,31.589517877110676,28.013363539195186,35.0509734338404
2028-07-24,31.83634284507761,28.47583134974497,35.444884138664996
2028-07-25,31.704488415178915,28.272164999271226,35.320242502267824
2028-07-26,31.720156484150863,28.20929179204214,35.01985037823432
2028-07-27,31.581204389914756,28.207984137299448,35.29620692615914
2028-07-28,31.7147657742948,28.128888672569595,35.35364778633472
2028-07-29,31.677181116741867,27.829069562227218,34.87606026261979
2028-07-30,31.61883940629259,28.468509360862797,35.30504622717383
2028-07-31,31.971349092698528,28.45588674206845,35.43399287026509
2028-08-01,31.939260700344366,28.475382612444186,35.35085703749473
2028-08-02,32.047418736830785,28.66354369564644,35.598635697038524
2028-08-03,31.992390276279256,28.399772255830012,35.69960145511577
2028-08-04,32.2001122986251,28.791870768562248,36.11308320285461
2028-08-05,32.22584786190742,28.703114312835602,35.491433452506115
2028-08-06,32.219051953715486,28.90613252743343,35.70696245217894
2028-08-07,32.610564556732974,28.991016257647896,36.185745367224015
2028-08-08,32.604352737105614,29.15197773580755,36.211580376748
2028-08-09,32.72487885960754,29.004593938016985,36.20582288899358
2028-08-10,32.66854184345534,29.45520425187983,36.448475486195356
2028-08-11,32.861333148981835,29.53699344357833,36.45297264494464
2028-08-12,32.858797267902794,29.549785448675184,36.40012539509897
2028-08-13,32.81089735559065,29.190462148453175,36.31353703086402
2028-08-14,33.1492034360401,29.691159669114732,36.51720728887032
2028-08-15,33.07862499235712,29.787558845419635,36.383060966904054
2028-08-16,33.124765160862175,29.87061028520962,36.56306589506528
2028-08-17,32.98534366582844,29.3786174769366,36.581944793145574
2028-08-18,33.08783051345565,29.604152001448252,36.6950215889726
2028-08-19,32.98938064477425,29.59851725170455,36.49331659385565
2028-08-20,32.84167070208562,29.42691713795362,36.397307703134395
2028-08-21,33.07805593351834,29.760982564640226,36.56670554799397
2028-08-22,32.90526970619324,29.61323346666395,36.33514973308586
2028-08-23,32.85074355207426,29.659692850025802,36.290505693788155
2028-08-24,32.61399562095462,29.296899987153093,36.126341727015316
2028-08-25,32.6242303100937,29.291996272062885,35.96570899845438
2028-08-26,32.440240016494464,29.03400436716139,35.485302397522524
2028-08-27,32.21521088971211,28.828779906474217,35.68420247067592
2028-08-28,32.38385129238364,28.911670055175676,36.158525409414395
2028-08-29,32.15406606409145,28.43095494961765,35.60464107488252
2028-08-30,32.05425506494528,28.726069042384644,35.63885083411358
2028-08-31,31.784684339216234,28.281056474638895,35.44027111665948
2028-09-01,31.77507303680319,28.145112250410545,35.42116484771534
2028-09-02,31.58448730005045,28.078482887470862,35.03228063355966
2028-09-03,31.366143142718286,27.779063340261125,34.994551724891025
2028-09-04,31.55453706099083,27.953975700572723,35.25690311053793
2028-09-05,31.357127388503425,27.669532705866782,34.734231693688066
2028-09-06,31.301644674232598,27.554753659335177,34.5832944382361
2028-09-07,31.08747911771968,27.61199556401947,34.4514427632796
2028-09-08,31.143287793257244,27.53399346762897,34.541754168159436
2028-09-09,31.026912374994694,27.272319107572407,34.368611031387026
2028-09-10,30.890208817340046,27.376583633067295,34.24315079717927
2028-09-11,31.166207096321656,27.74790281342802,34.750489243781736
2028-09-12,31.060823343707884,27.42666626086575,34.6379037753878
2028-09-13,31.100201943929125,27.540155099595054,34.33047246360174
2028-09-14,30.982134908494274,27.66937235766793,34.401507785709384
2028-09-15,31.1337005466084,27.702105624467514,34.6937898264595
2028-09-16,31.111211455208043,27.580479644043493,34.5755494757957
2028-09-17,31.065072634945142,27.541061344828744,34.73084335634997
2028-09-18,31.426967245932495,27.863152314268646,34.73492297133518
2028-09-19,31.401591812997626,27.697107732002667,34.86566041726685
2028-09-20,31.514018009785058,28.076568470628835,34.79730443744429
2028-09-21,31.461127986402094,27.816199728234704,34.80527278875518
2028-09-22,31.669265006917048,28.24562819969548,35.276843351539135
2028-09-23,31.694189269300807,28.190126091115616,35.25900067657486
2028-09-24,31.685939666978214,28.188577649844895,35.22136382401146
2028-09-25,32.076019060525695,28.612011517494757,35.750592786164724
2028-09-26,32.06912502214858,28.60277739002012,35.482160062492966
2028-09-27,32.19050342699495,28.818677157818264,35.554070643357925
2028-09-28,32.13737218397068,28.70126167202138,35.53849192544224
2028-09-29,32.336557272857824,28.627252239115315,35.84163105989096
2028-09-30,32.34443142115708,28.968864476628898,35.971477554931134
2028-10-01,32.311756687287996,28.66958184137622,35.767993028502296
2028-10-02,32.670849058317536,29.2206532291564,36.2197560648875
2028-10-03,32.627287581621886,29.097512864956034,36.28076340904451
2028-10-04,32.70724596336203,29.188544205446444,35.92117770422909
2028-10-05,32.60889447259064,29.216546267581403,36.09773284558922
2028-10-06,32.760014837280096,29.590288794031064,36.078685547024655
2028-10-07,32.7179189456173,29.24721134070323,36.139335584191365
2028-10-08,32.634273048238136,29.111456894699824,36.24260785832019
2028-10-09,32.94224593790628,29.415951224914842,36.42716619722336
2028-10-10,32.848203926134005,29.557397251422337,36.216159936187566
2028-10-11,32.879030775794206,29.29418891340502,36.7504522678705
2028-10-12,32.73352057750135,29.15906189097187,36.2425084566407
2028-10-13,32.839986326807846,29.64141814492118,36.48390111147832
2028-10-14,32.75617500932672,29.110046255313623,36.22056084360557
2028-10-15,32.63409080953396,29.02240882272154,36.29869468627385
2028-10-16,32.9071447717181,29.554885310767553,36.650014021784784
2028-10-17,32.781853523377194,29.31922347983648,36.2277511165143
2028-10-18,32.78516495872214,29.478373658677878,36.42293741492311
2028-10-19,32.61585856623421,28.989015729562972,36.012187699412685
2028-10-20,32.70216282206378,29.17598248519745,36.256909179839546
2028-10-21,32.60168010102902,28.928502181744783,36.17917944316323
2028-10-22,32.46622035722741,29.07467767309123,36.07558608615372
2028-10-23,32.72896154195256,29.27594777936993,36.176074318179474
2028-10-24,32.59615902252188,29.31389154143869,36.258402386317464
2028-10-25,32.594481576999634,29.304709999301757,35.989067991863365
2028-10-26,32.4224213593186,28.928199612207766,35.89468603316722
2028-10-27,32.50792000787199,28.921107718639757,35.92299762039896
2028-10-28,32.40830114751449,29.061053515716512,35.84956254003512
2028-10-29,32.27511038638725,28.78564818425231,35.845824679843396
2028-10-30,32.54128067843013,29.212583067689238,36.27274416254742
2028-10-31,32.412845272858256,28.75145288191485,36.04156878529123
2028-11-01,32.416275836617,29.185294424887843,35.96782004557972
2028-11-02,32.24989320584733,28.3277299074521,35.87841305043396
2028-11-03,32.34149304704171,28.944381162521374,35.70824843554212
2028-11-04,32.248276825603824,28.482693881419447,35.75252342185971
2028-11-05,32.12168936409095,28.610540300044683,35.710801817024034
2028-11-06,32.39458106703346,29.155001906106197,36.06100929981078
2028-11-07,32.27291725604925,28.758671261151342,35.929558710744324
2028-11-08,32.28311243123573,28.813534560291323,35.746905445130274
2028-11-09,32.12343714331485,28.6713186225436,35.62341953809902
2028-11-10,32.221639975390325,29.01523494600089,35.874757792893455
2028-11-11,32.13487523176866,28.406065070106703,35.46422062112705
2028-11-12,32.01453779016426,28.46842791859507,35.489447205667936
2028-11-13,32.29342333614906,28.73284599621126,35.91181634533717
2028-11-14,32.17743652861487,28.579635423682667,35.72094509043043
2028-11-15,32.19292497675993,28.928514531756328,35.851812014556366
2028-11-16,32.038086735071744,28.582749617994743,35.499836978290965
2028-11-17,32.140593794291334,28.561612446845338,35.65927688154972
2028-11-18,32.057522103218986,28.389081642579068,35.50435224923721
2028-11-19,31.940189476077702,28.458323915942074,35.506181046884606
2028-11-20,32.221319467945484,28.802052066911045,35.67279131334796
2028-11-21,32.106753601254084,28.67170805935529,35.70396648182788
2028-11-22,32.122789635310966,28.48957045110507,35.77976785688839
2028-11-23,31.96759338135196,28.56230151812847,35.3474138278147
2028-11-24,32.068826329664184,28.602438332315856,35.588130389888114
2028-11-25,31.983579413091825,28.49008065035692,35.53297396779638
2028-11-26,31.863214060256652,28.093969990385805,35.20563290142448
2028-11-27,32.14052843687854,28.93025244661596,35.586257107561075
2028-11-28,32.02147109878346,28.470217867070197,35.780306491452635
2028-11-29,32.032479620620045,28.51042398510846,35.642279854312214
2028-11-30,31.871891611847403,28.396248918468824,35.55185142424655
2028-12-01,31.967570337084698,28.67654676243729,35.32194128120898
2028-12-02,31.87683525998729,28.405542990421004,35.588438072533236
2028-12-03,31.751298704701647,28.220052531615707,35.16133766783392
2028-12-04,32.02402661946978,28.458068522609206,35.391634281462224
2028-12-05,31.901245796048155,28.603780610959355,35.33013244377166
2028-12-06,31.909675279297492,28.169982610208937,35.55731322430136
2028-12-07,31.74792958445812,28.25569729962048,35.44131134498651
2028-12-08,31.84413617436535,28.071783856061554,35.2573234485178
2028-12-09,31.755857772973815,28.245105974561838,35.2647129606108
2028-12-10,31.634920980048854,28.11713771548607,35.37650616349682
2028-12-11,31.914569447269034,28.44361711535167,35.41554060228552
2028-12-12,31.801164240501542,28.176100795901434,35.082455525172726
2028-12-13,31.82150937991478,28.399662997030084,35.473683359581514
2028-12-14,31.67425040976657,28.29920454155155,35.32611960781808
2028-12-15,31.787488653023114,27.97728169304784,35.44174943782869
2028-12-16,31.718701890846674,28.229677196024358,35.063470152897544
2028-12-17,31.61957304977899,27.958540999215206,35.22426487313519
2028-12-18,31.92314522379442,28.277506727801253,35.10091924791704
2028-12-19,31.83552566821841,28.208335717603592,35.36157652558076
2028-12-20,31.88321671272058,28.404397863841357,35.65095050570173
2028-12-21,31.764521343825997,28.046446897778978,35.12971974551011
2028-12-22,31.907165955360373,28.24934594572117,35.46473347940502
2028-12-23,31.86823079825669,28.386029922626257,35.51766699088236
2028-12-24,31.79898945712888,28.114628545065525,35.49962799523257
2028-12-25,32.13207538541172,28.311220462468253,35.601381623910555
2028-12-26,32.07319780886554,28.45437321517665,35.444583799757226
2028-12-27,32.14848459498123,28.732074485536895,35.84460959025899
2028-12-28,32.0558994769555,28.435990607331156,35.434045095072065
2028-12-29,32.222875767636154,28.7098881325413,35.90577128993427
2028-12-30,32.206256741802186,28.87262957912219,35.6497018377079
2028-12-31,32.15714368226674,28.620406374798048,35.75344526706007
2029-01-01,32.50806932153285,28.943466811801457,35.98277941977896
2029-01-02,32.46471873056431,28.96531578660275,35.84032151823347
2029-01-03,32.55327504482033,29.186938966330302,36.10125536488081
2029-01-04,32.47183726716194,28.799491499802002,35.79558748068731
2029-01-05,32.64805219831383,29.311215477811523,36.21286745084497
2029-01-06,32.63905065699088,28.91368005637504,36.46034487864307
2029-01-07,32.59628903951949,29.207412943142945,36.05451554360269
2029-01-08,32.95271407565389,29.33404330787882,36.46648714850433
2029-01-09,32.914473025724725,29.069366190818705,36.362080448994995
2029-01-10,33.008246967168894,29.5370775197091,36.49743638765463
2029-01-11,32.93265472616029,29.406178079478895,36.54368663201441
2029-01-12,33.11586987119729,29.564931695535034,36.499851023453004
2029-01-13,33.115541337340275,29.942551843365347,36.914348630334196
2029-01-14,33.08361916669251,29.461865782397528,36.73285110175499
2029-01-15,33.453503674670806,30.02623769192115,37.05535395338435
2029-01-16,33.43174074408634,29.97895763979333,36.64366406171299
2029-01-17,33.545341342727596,29.968240800678668,36.84335588773207
2029-01-18,33.49317324524994,29.998053753438207,37.04696531619666
2029-01-19,33.703567765891115,30.252933240507154,36.9547958896508
2029-01-20,33.73423241279966,30.478532469286268,37.590515832906675
2029-01-21,33.73707123327601,30.32889474639211,37.472170995388545
2029-01-22,34.14533137531021,30.6434789516115,37.35740163315226
2029-01-23,34.165298707848045,30.30595356997308,37.44260696649798
2029-01-24,34.32362065497959,30.735511619610296,37.803276534683576
2029-01-25,34.31870420011492,30.78907159600642,37.79135493517584
2029-01-26,34.57833175685477,31.096289904765655,37.94707620511559
2029-01-27,34.65958562405323,31.015552604843766,38.22890383864193
2029-01-28,34.713682521579855,31.04446212668057,38.30571788331127
2029-01-29,35.17313638626044,31.749880744617503,38.66583377802094
2029-01-30,35.24347186004333,31.76548773561897,38.93867589462291
2029-01-31,35.450566161265684,31.572252656992173,39.13635019761699
2029-02-01,35.4920667891125,32.366905656037424,39.10343894854023
2029-02-02,35.7950272241294,32.354006609026634,39.30252188801288
2029-02-03,35.915850795132776,32.64273871237835,39.4081290519405
2029-02-04,36.00514366396765,32.34710054858949,39.392341999994116
2029-02-05,36.494894580061114,33.054643438324796,39.85992216914065
2029-02-06,36.590203341984775,33.05314798615262,40.07908161819644
2029-02-07,36.81663520922874,33.22085155960395,40.26681811022988
2029-02-08,36.87164832723009,33.40004048732018,40.14298030420193
2029-02-09,37.18223601369443,33.585202307341305,40.694278025110414
2029-02-10,37.30487384408877,33.56587101048823,40.94000872537311
2029-02-11,37.390372345230446,34.01016683350618,40.98839331242569
2029-02-12,37.871052901668214,34.27225933096857,41.449819446222776
2029-02-13,37.95246886272368,34.429115119006404,41.44280048574273
2029-02-14,38.16074924200417,34.65227972030268,41.529282684512964
2029-02-15,38.194012315918165,34.6203572611045,41.42681711444483
2029-02-16,38.47999130237351,34.908516822526515,41.978741169070105
2029-02-17,38.575962471961894,34.91038976236862,42.22470644890975
2029-02-18,38.633576985908526,34.89355316982502,42.06371194040867
2029-02-19,39.08601460906921,35.695727327657615,42.691879230153155
2029-02-20,39.13968187343228,35.710691027667764,42.39125809762646
2029-02-21,39.321532699428644,35.898425447740074,42.834517123452066
2029-02-22,39.33045940871528,35.558551296375136,42.83694849352785
2029-02-23,39.5948969306625,36.13398552749674,43.04333138467272
2029-02-24,39.6727311529348,35.92802648443536,43.311194769284256
2029-02-25,39.716113268564946,36.133807528364606,43.13907580818915
2029-02-26,40.15859877024953,36.59104484981297,43.95811422374813
2029-02-27,40.20683409943229,36.70091964548445,43.78860495276385
2029-02-28,40.387869306973776,36.67787964037681,43.67854621960192
2029-03-01,40.40054491498063,36.945114501935144,43.81304503349521
2029-03-02,40.67309593688613,36.90729991547799,44.06726469184695
2029-03-03,40.763064054335985,37.30260876628122,44.31951259204588
2029-03-04,40.822119742654806,37.203032921804436,44.26125815747735
2029-03-05,41.28321282669596,38.01007391489108,44.554151472109766
2029-03-06,41.35227420121522,37.73595187825491,44.86059044984169
2029-03-07,41.55554670096191,37.84825835736091,45.00289846157365
2029-03-08,41.59099284990194,37.94628938656609,45.00516219034038
2029-03-09,41.885921909422734,38.23707243746745,45.41891289056643
2029-03-10,41.996926624105335,38.29960613684524,45.50026473650624
2029-03-11,42.074730809752424,38.608373143119714,45.57653441055784
2029-03-12,42.55136558869782,39.19251216690316,46.22738344622626
2029-03-13,42.63189631816835,39.144114177095425,46.152143935781815
2029-03-14,42.84177751565726,39.312770696327824,46.493128938110935
2029-03-15,42.878282855024146,39.42255943532326,46.46644550233485
2029-03-16,43.168152041234265,39.70843345981899,46.717741589085804
2029-03-17,43.26754441073008,40.02848659371447,46.83546553157314
2029-03-18,43.3268999264758,39.540200684572646,46.623229817767594
2029-03-19,43.77812498615615,40.32187709788748,47.27208328569592
2029-03-20,43.82632480293737,40.29187402314316,47.50525695811243
2029-03-21,43.99715948481038,40.66501043225365,47.49281264815358
2029-03-22,43.98827082220933,40.46017194268176,47.43352560953855
2029-03-23,44.226921643876935,40.673166985304825,47.65971317462246
2029-03-24,44.269937755466444,40.35941560606205,47.707917016332935
2029-03-25,44.2685534087154,40.82951123504066,47.82520402515037
2029-03-26,44.65557810294494,41.39418358954361,48.23726405448314
2029-03-27,44.63710695601837,41.06776262668865,47.9285388967133
2029-03-28,44.73985233067735,41.28967465244558,48.26050869281118
2029-03-29,44.66254435318618,41.48341125777644,48.05606100855993
2029-03-30,44.83354286239296,41.41446344954903,48.22557077624006
2029-03-31,44.81075151466702,41.12770763582267,48.518588016584204
2029-04-01,44.74643571754079,41.108012039148676,48.03594032416251
2029-04-02,45.07436291345756,41.66512913140009,48.59835684441351
2029-04-03,45.00148814594783,41.70089065324515,48.48937478100094
2029-04-04,45.055263246255166,41.465223758467225,48.267380282023396
2029-04-05,44.93501786907391,41.28073460392402,48.250680901810796
2029-04-06,45.06955543096412,41.532131040348766,48.75773987619721
2029-04-07,45.01705510243359,41.41745802117049,48.7001894021255
2029-04-08,44.929881850805,41.40353617735463,48.548412184083176
2029-04-09,45.24172326965652,41.55702591837993,48.90757030966621
2029-04-10,45.159276226103,41.67971154984336,49.02929447135981
2029-04-11,45.209561644844726,41.6438399082504,48.549160899218045
2029-04-12,45.09131552115248,41.627730278707716,48.61341711233708
2029-04-13,45.23259896626561,41.8899875932492,48.68393153627417
2029-04-14,45.19071807930288,41.299201459492984,48.64295213103662
2029-04-15,45.1170551887337,41.69688668425681,48.68019976117017
2029-04-16,45.44422966019967,42.087408366645725,48.86923936881727
2029-04-17,45.37781069244304,42.010753829981695,48.8000699902542
2029-04-18,45.443659756496935,41.955364185661395,48.951736507916834
2029-04-19,45.339350069981094,41.481216916850016,49.07943344133284
2029-04-20,45.491805191539044,41.97475781366238,48.976692871495814
2029-04-21,45.45724681197802,41.886478611566325,48.983473801840454
2029-04-22,45.386052587236726,42.056551272565585,48.88850797132389
2029-04-23,45.70994154989785,42.29114005104529,49.38340204905553
2029-04-24,45.63370891569749,42.45452251667812,49.46498941433488
2029-04-25,45.682587405230834,41.842101007603105,49.238296755213334
2029-04-26,45.553682021368125,42.20101877078453,49.07954252681245
2029-04-27,45.67362001102152,42.14091859679183,49.26236579163092
2029-04-28,45.59850583466201,42.05422411405435,49.10086887982313
2029-04-29,45.47878184457576,41.90180956524119,48.790618701426425
2029-04-30,45.74641217602789,42.354292564188626,49.31727279470006
2029-05-01,45.60661174663865,42.053115774008404,49.25529427677675
2029-05-02,45.585197670955566,41.81911760005964,49.19765125011056
2029-05-03,45.38001031948201,41.75324713653252,48.74069355097774
2029-05-04,45.418546132512866,42.10743788305584,48.8899070809032
2029-05-05,45.2578924758339,41.72170358873202,48.649123788475315
2029-05-06,45.0495657714457,41.76751252089556,48.76983370241546
2029-05-07,45.22667099341344,41.71173887908636,48.49480260038679
2029-05-08,44.995605047542455,41.588492341496696,48.64668694243406
2029-05-09,44.88338198587827,41.61316471604919,48.50184419886644
2029-05-10,44.58902793261147,41.2628099334472,48.08370384981421
2029-05-11,44.54118846539323,41.02562890530098,48.13721085290429
2029-05-12,44.298039342552975,40.763970072890196,47.901311363028164
2029-05-13,44.01210236743157,40.346794521286846,47.66741389139037
2029-05-14,44.11738497863216,40.913007845321204,47.9201917029553
2029-05-15,43.821066512336245,40.48535276198405,47.346100155720265
2029-05-16,43.650809434111665,40.33274636331313,47.10765062430931
2029-05-17,43.30614367474146,39.84130863617665,46.720138987167516
2029-05-18,43.216066978737665,39.45603681338772,46.77448875331044
2029-05-19,42.93895222532722,39.350759541149685,46.46435168433636
2029-05-20,42.6273634874601,39.22720670020152,46.24523866574014
2029-05-21,42.715199300209896,39.41397254095695,46.28408201273598
2029-05-22,42.409385881236446,38.936197054022706,45.99437965096286
2029-05-23,42.237198318875606,38.86124488238161,45.72780935598585
2029-05-24,41.89765751229273,38.08428710601112,45.65724790938865
2029-05-25,41.81914536548744,38.43429361015245,45.48310887075517
2029-05-26,41.55932874418576,37.86333934899119,45.19056703227549
2029-05-27,41.26999348039538,37.61415074509866,44.54050673866898
2029-05-28,41.38420639959237,37.76044542476965,44.70530897818382
2029-05-29,41.108027615322,37.970401094191566,44.64014565416405
2029-05-30,40.967850621807905,37.42520950759145,44.11649992463862
2029-05-31,40.66181750990217,37.03307076961713,44.183835009768615
2029-06-01,40.61745138725541,37.18026357233987,44.25444275155195
2029-06-02,40.39159613961721,36.77041202323411,43.98390489602089
2029-06-03,40.135264503746384,36.67752659859034,43.55147128993094
2029-06-04,40.28081217705702,36.836775265798074,44.02051021709295
2029-06-05,40.03366002858269,36.6323220367117,43.32190512307767
2029-06-06,39.919641833387665,36.52563122253365,43.42294916668603
2029-06-07,39.636424819513564,35.85172545927962,43.201255328116815
2029-06-08,39.611145142227144,35.942025539594546,43.072607210019726
2029-06-09,39.40034852235222,35.760559646913414,42.807466702722266
2029-06-10,39.154837178822355,35.83353115105495,42.70946927329656
2029-06-11,39.30684099244084,35.996271728717424,42.96752853464466
2029-06-12,39.06173521990178,35.40767137336113,42.571234987558306
2029-06-13,38.94538246716136,34.94525127091438,42.27776196185114
2029-06-14,38.65554651941389,35.34731224913131,42.22649140541517
2029-06-15,38.61952046027558,35.251570243577596,41.820306557925186
2029-06-16,38.39405963293588,34.786632332432944,41.66924759401753
2029-06-17,38.1302208764077,34.530907457629944,41.59756145577763
2029-06-18,38.26052625330722,34.669245027772355,41.688725718884044
2029-06-19,37.990673834823,34.46790180611906,41.59265881656072
2029-06-20,37.846873457721316,34.42934041325402,41.26485008379235
2029-06-21,37.527255209095394,34.12243933225687,40.95523182178794
2029-06-22,37.45949317802311,33.94534395706119,41.03675409347319
2029-06-23,37.200735079033905,33.46425538176135,40.91678142075278
2029-06-24,36.902439177433166,33.368791908636695,40.40315796498984
2029-06-25,36.99753667614249,33.56104510457694,40.64330302425043
2029-06-26,36.69214202266073,33.099465405290836,40.10557633404315
2029-06-27,36.51288889866276,33.03353602690177,40.23185999201869
2029-06-28,36.158339457459306,32.32995926817323,39.39395009967898
2029-06-29,36.05660912800621,32.443118580524214,39.60437058180506
2029-06-30,35.76529734927855,32.414332779487395,39.18957842643624
2029-07-01,35.43632541371929,31.885776812152397,38.8001550276543
2029-07-02,35.503099328521785,32.09213063460055,38.92550549912467
2029-07-03,35.17221991348137,31.6946079258828,38.87387080813512
2029-07-04,34.970817680017085,31.421752291429456,38.64025654868746
2029-07-05,34.59795987011319,30.96861118417116,37.95109038456204
2029-07-06,34.48227182797939,30.875348722600616,38.12113407892207
2029-07-07,34.181862970530446,30.74873495013559,37.693853983373515
2029-07-08,33.849158491829584,30.16709852918586,37.62645397087158
2029-07-09,33.91805472505757,30.529516388459967,37.40169755201701
2029-07-10,33.5956204563954,30.179845446641743,37.04594253390235
2029-07-11,33.409421871750915,30.010971245991737,37.131944387974805
2029-07-12,33.058918710490566,29.66021764204042,36.481850172815925
2029-07-13,32.97307404926679,29.507709506525263,36.39696510311985
2029-07-14,32.7102682811216,28.904913343320178,36.098123404808284
2029-07-15,32.42311876512252,28.942966770626388,36.072478709361825
2029-07-16,32.54562344159928,28.82462099040221,36.30567157889296
2029-07-17,32.284851099325216,28.53096105883458,35.86828267631261
2029-07-18,32.16825637617792,28.515847654082716,35.5425826965928
2029-07-19,31.895067463909346,28.234667794192255,35.29814990965754
2029-07-20,31.893889319526522,28.25579474326074,35.46009162684422
2029-07-21,31.7226132980525,28.09434126248063,35.0970943870161
2029-07-22,31.533234989161812,27.98967113005598,34.82748923494733
2029-07-23,31.75899880630866,28.081211709296944,35.301512079519576
2029-07-24,31.606092204248352,28.26076450259938,35.046606620900604
2029-07-25,31.60096772345791,27.728079399685118,35.05121797750962
2029-07-26,31.441740869698663,27.749519038655468,34.87921279409769
2029-07-27,31.555806584992038,27.92127769375162,34.958354315618834
2029-07-28,31.49976509230201,28.1696767321303,34.88384564246218
2029-07-29,31.424258678067908,27.651098479695143,34.78048682773379
2029-07-30,31.761137659465415,28.39852802378222,35.250458697255105
2029-07-31,31.71517803255786,28.248629702525246,35.27815140434538
2029-08-01,31.81142854942061,28.35748127164292,35.09695545350315
2029-08-02,31.74663472132616,28.42339415225055,35.14209769926023
2029-08-03,31.94688194393889,28.63470467361094,35.420266403893514
2029-08-04,31.967547930852966,28.4304820086838,35.64301377108631
2029-08-05,31.958165402615982,28.560199847667306,35.68120200419778
2029-08-06,32.34961265595639,28.58799845686695,35.81517892027266
2029-08-07,32.345853897984384,28.767252009385512,35.752667159093214
2029-08-08,32.471306509348665,29.133613377714273,35.89611839130725
2029-08-09,32.42228219233262,29.097186102149582,36.03778768162476
2029-08-10,32.624643716890404,29.04071562175379,36.16214354593793
2029-08-11,32.633767039932,29.201210360560705,36.18913168710058
2029-08-12,32.599409418084214,29.15953458975163,36.15747014269682
2029-08-13,32.9529009059301,29.443795987851,36.21557935153972
2029-08-14,32.898880993892064,29.265863775758447,36.3699450376553
2029-08-15,32.96265752644111,29.499987710072766,36.43180828737096
2029-08-16,32.8416349432138,29.41334811170108,36.521638560950414
2029-08-17,32.96295375220746,29.5363806928967,36.418776495436994
2029-08-18,32.88343131296032,29.167052384331633,36.197684058766036
2029-08-19,32.75440495302226,29.37425334783745,36.25774821416624
2029-08-20,33.0088953046141,29.369486414393496,36.52578732824565
2029-08-21,32.85331219133209,29.43806923318377,36.19123644999329
2029-08-22,32.81478084867739,29.45316371192703,36.32749360612021
2029-08-23,32.59253621645491,28.85559631678232,36.406223212592614
2029-08-24,32.615527943402824,29.073884847910282,35.87142651315726
2029-08-25,32.442326931230035,29.13318107007703,36.03385675107315
2029-08-26,32.22593519050264,28.837570125612945,35.937170237092204
2029-08-27,32.40091762606657,28.84722951358865,36.26469346016507
2029-08-28,32.175078776173876,28.876495251164226,35.84977032464732
2029-08-29,32.07676293017789,28.41096456383007,35.40194315603334
2029-08-30,31.80622593463027,28.12402621748634,35.0502047663676
2029-08-31,31.793221816828694,28.000499236611876,35.601035560778556
2029-09-01,31.5968954465553,28.24351257163159,35.152033802765544
2029-09-02,31.370583297417937,27.728559068745135,34.612931977053556
2029-09-03,31.548941102860642,27.97580231718589,35.154032477424515
2029-09-04,31.339621493034997,27.803195859109174,34.70898737613928
2029-09-05,31.27057998261313,28.042385413510093,34.653232298473
2029-09-06,31.041457449978854,27.714541285855034,34.22561920996075
2029-09-07,31.081181957355017,27.396539500167595,34.51844878749322
2029-09-08,30.947880750674592,27.442735746980702,34.47855962382868
2029-09-09,30.79370402618501,27.171039231916996,34.42614273934228
2029-09-10,31.051978704442718,27.628397873850133,34.616862309190665
2029-09-11,30.928914677553294,27.249268242592468,34.49431645874459
2029-09-12,30.950941229528752,27.30362347584338,34.53800095288382
2029-09-13,30.81612106687504,27.22049712963081,34.47110673423664
2029-09-14,30.951784090291852,27.344903166312083,34.51038159306
2029-09-15,30.914471029951844,27.465357240874745,34.370381104306695
2029-09-16,30.854787835029427,27.025287470087928,34.249102836921644
2029-09-17,31.20458839853476,27.983426798805226,34.93960315363776
2029-09-18,31.16870747611219,27.591131129066465,34.69540620360652
2029-09-19,31.272320958023208,27.850664059456978,34.806780676226644
2029-09-20,31.212380469393604,27.56702419641768,34.77766754136011
2029-09-21,31.4152640561966,27.799223685216198,34.962963943261414
2029-09-22,31.436732802141584,27.807695924605085,34.773176098980926
2029-09-23,31.42679409083626,27.92729847815792,35.15226969813209
2029-09-24,31.816889021067468,28.1844078532407,35.3949095413476
2029-09-25,31.81162586338288,28.471497778471992,35.400182067279616
2029-09-26,31.936136845982148,28.36936562918433,35.549598033819585
2029-09-27,31.887505467525617,28.429434499936562,35.37953832783987
2029-09-28,32.09240640237523,28.565428952023506,35.69928528940447
2029-09-29,32.10704822693577,28.82217774163987,35.62809494153901
2029-09-30,32.08202012838013,28.44956206273436,35.54441280430754
2029-10-01,32.44946060082468,29.016397099633394,36.02210592524287
2029-10-02,32.414770550049916,28.806932034739205,36.15355659743386
2029-10-03,32.50394864872111,29.014037507847565,35.87823436536928
2029-10-04,32.41499669942344,28.901998760597696,35.84426690067246
2029-10-05,32.57553762169507,28.973360016935313,36.16468411238893
2029-10-06,32.54273681910977,29.132858979264565,35.926058464678704
2029-10-07,32.46812857870559,29.11518765223591,36.22356884689991
2029-10-08,32.784765950476135,28.865883919821922,36.13893850671237
2029-10-09,32.6989169124079,29.291136175069518,35.98274370523012
2029-10-10,32.73738498075134,29.396444503972806,36.475672642029515
2029-10-11,32.598902267871225,28.864044123209975,35.847075449743095
2029-10-12,32.71173777233455,29.063108971289036,36.12458390802872
2029-10-13,32.63361174756953,28.936699409742,35.991576868790574
2029-10-14,32.516517814132165,29.16170878243031,36.495312337384036
2029-10-15,32.79387120141869,29.415343658975175,36.25155099100064
2029-10-16,32.67220579265862,29.141041952976554,36.10650553459702
2029-10-17,32.67849793820588,29.078617078678178,35.78144329545429
2029-10-18,32.51156479026879,28.98034430076167,35.89872781311892
2029-10-19,32.59967964949259,29.07061322670124,36.050183750259805
2029-10-20,32.50049484129288,28.905936299601514,36.17345093358965
2029-10-21,32.36587343554938,29.091741765657265,35.95131677614953
2029-10-22,32.62904783277908,29.215462205547475,36.28881458642854
2029-10-23,32.4963275280356,28.924239097650172,36.09223521359089
2029-10-24,32.49443366637494,29.02933364921648,36.02543731157694
2029-10-25,32.3219078134244,28.87235908386834,35.87597465906431
2029-10-26,32.40673713297522,29.036089641883756,35.90791553265868
2029-10-27,32.30628622993468,28.59280600470234,35.75181249377234
2029-10-28,32.172136758259406,28.701383768053233,35.74905220709627
2029-10-29,32.43725265322945,28.989733826078865,36.05027799488329
2029-10-30,32.30769318895028,28.864663653974258,35.634763176682966
2029-10-31,32.30995141896209,28.967070030094384,35.93240332665358
2029-11-01,32.142365421414155,28.532578031543295,35.5403517153275
2029-11-02,32.23274458996265,28.911925380157765,35.84237044999977
2029-11-03,32.13830132534839,28.57770184642184,35.58831777414274
2029-11-04,32.0104893655789,28.53074023122767,35.44293700337205
2029-11-05,32.282166787438356,28.854840090332566,35.893557739894064
2029-11-06,32.15930608071256,28.699775873639165,35.81142383606436
2029-11-07,32.168329072175446,28.42228946373079,35.388177005241694
2029-11-08,32.00751434974954,28.401566341906936,35.231825678185
2029-11-09,32.10461965765619,28.58236310800759,35.84429286500571
2029-11-10,32.016809839017,28.345265583655177,35.49993316756319
2029-11-11,31.895491768964717,28.65011560678214,35.24886859048035
2029-11-12,32.173474492027296,28.67178394413959,35.574467809183844
2029-11-13,32.056677115694875,28.732294083349295,35.72733668007987
2029-11-14,32.071462351910306,28.52053314157602,35.757303837693954
2029-11-15,31.916043431760237,28.43363928851677,35.459328924190956
2029-11-16,32.01810689694087,28.513810509660022,35.535688002826895
2029-11-17,31.934741834259523,28.420690199725858,35.37489565325185
2029-11-18,31.817276943836287,28.35315201148469,35.1484991030236
2029-11-19,32.09844356261676,28.53878384553041,35.65199215214206
2029-11-20,31.984087066964676,28.485048614108802,35.533174875469314
2029-11-21,32.000504387074166,28.681946263587893,35.473453104266724
2029-11-22,31.845855174983427,28.52780106813991,35.465538895708
2029-11-23,31.947788928893985,28.460566450939822,35.104046534563366
2029-11-24,31.863378429727305,28.75135240594216,35.48978292166657
2029-11-25,31.743960669014406,28.05578850579163,35.08742228858388
2029-11-26,32.022303185303294,28.488748146240987,35.46423270242854
2029-11-27,31.90431804365679,28.708375628634975,35.33708440461883
2029-11-28,31.916401024754713,28.13403309534189,35.3746868174887
2029-11-29,31.756843428979185,28.146942694307352,35.19534226786744
2029-11-30,31.853458697560765,28.17255057171289,35.33243965897434
2029-12-01,31.76351414652316,28.36301648560321,35.460789585443194
2029-12-02,31.63856897616372,28.266341527992388,35.06538293804937
2029-12-03,31.911636502384546,28.40013264598439,35.49096855227405
2029-12-04,31.788892919448653,28.39948572927217,35.5283784102445
2029-12-05,31.797010279987052,28.590199858219673,35.33122569038262
2029-12-06,31.634561258333648,28.27078961382778,35.195064079374724
2029-12-07,31.729638096821134,28.11400068583335,35.17256727049966
2029-12-08,31.63977625932981,28.094033901983913,34.904156500549085
2029-12-09,31.51678420719135,27.898759789232418,34.8562102993991
2029-12-10,31.793897512071048,28.358600943792347,35.582584367380875
2029-12-11,31.677479890634146,28.164576828453672,35.14564565830924
2029-12-12,31.694349120011502,27.74333723668985,35.09149550646727
2029-12-13,31.543175661717083,28.304921508363513,35.18959805490416
2029-12-14,31.65209663458047,28.119120435016306,35.208919686413346
2029-12-15,31.57863587246312,27.89733237039377,34.9881468453574
2029-12-16,31.47453165605449,27.65962349233229,35.08445544844518
2029-12-17,31.772890463260254,27.935022534314676,35.111220291075945
2029-12-18,31.679889403128797,28.238653061174688,35.143305967826386
2029-12-19,31.722105318471073,28.205332592914985,35.356739062529755
2029-12-20,31.597918354643554,27.95889355946298,35.24254698479644
2029-12-21,31.735132547818722,28.27162008854481,34.99062364571329
2029-12-22,31.690904025360755,28.367657540104304,35.139841473258016
2029-12-23,31.616578211537373,28.167281798528837,34.96536126658695
2029-12-24,31.944854138788,28.517993282529613,35.51050551534975
2029-12-25,31.881498243403986,28.229696213098137,35.355344917855156
2029-12-26,31.952685310674834,28.23884307123329,35.59630363236432
2029-12-27,31.85641402200789,28.439521770743305,35.40669671218379
2029-12-28,32.0201392975723,28.587048701516345,35.51034113555454
2029-12-29,32.000711663353655,28.508945513167244,35.81585521059999
2029-12-30,31.949224679209323,28.49524342912088,35.3876337562857
2029-12-31,32.29818818998002,28.92046547998513,35.75797448739597
2030-01-01,32.25324946942501,28.866923526866753,35.779096842565465
2030-01-02,32.34053965252285,29.096865852179604,35.905066295057146
2030-01-03,32.258092687750185,28.749207064091657,35.741198993977065
2030-01-04,32.433478838625255,29.178200316149123,35.885223304246296
2030-01-05,32.423742862117244,28.893423859745514,35.86575653313677
2030-01-06,32.38024786692187,28.88585722685343,36.095957221564554
2030-01-07,32.735842650172486,29.44003964346871,36.03140408238961
2030-01-08,32.69657468986277,28.86985063117676,36.23503578491944
2030-01-09,32.789026365220145,29.148814821815282,36.333330416466154
2030-01-10,32.71172187895414,29.24261200670913,36.220612193875105
2030-01-11,32.89274721294017,29.361383564430664,36.71495049155784
2030-01-12,32.88967359944782,29.1945283151222,36.537479016627586
2030-01-13,32.85438590834805,29.324668004044657,36.361010869749684
2030-01-14,33.220234178502956,29.88680703161115,36.72562157945207
2030-01-15,33.19373092035062,29.632673709063603,36.714251766449465
2030-01-16,33.30187221901409,29.638757507563973,36.61816180010468
2030-01-17,33.24353056313321,29.815171139752056,36.8959427970035
2030-01-18,33.44706216287145,29.79634848646693,36.69977064213261
2030-01-19,33.47021963892319,29.841951300415513,37.183405502739234
2030-01-20,33.46497183802875,30.14713613675687,37.08464474224983
2030-01-21,33.86464930242515,30.377238533306127,37.36661794962967
2030-01-22,33.87563825383642,30.219227220558523,37.4372333637031
2030-01-23,34.02470128124621,30.376838422367708,37.39391731239687
2030-01-24,34.0103727377148,30.544032993824707,37.69857630502318
2030-01-25,34.26057160622861,30.768099161797853,38.018389642143184
2030-01-26,34.33252262781085,30.8599951386567,37.92544939297903
2030-01-27,34.37758727469117,30.902928499123902,38.119824833354656
2030-01-28,34.82842284251502,31.43080884530839,38.41590508231474
2030-01-29,34.89069219391006,31.15558139179272,38.354257607344884
2030-01-30,35.09040194739433,31.42871229248634,38.57999202615039
2030-01-31,35.12531666500626,31.80949020139872,38.340740264134496
2030-02-01,35.422591301848556,31.86802572625668,38.75770999525462
2030-02-02,35.53871218253717,31.857933319144827,38.846225550028905
2030-02-03,35.62434754208851,32.35807642690015,39.1581904372281
2030-02-04,36.111525358279344,32.81070370568166,39.60189822745843
2030-02-05,36.20536047431544,32.76603360981883,39.958648363953074
2030-02-06,36.431408301497214,32.728328756825604,39.85923928863591
2030-02-07,36.487092194456544,32.800271130486415,40.268871871430534
2030-02-08,36.799346358762605,33.22030198886811,40.286535583909796
2030-02-09,36.92456422203477,33.602862097077455,40.41898418380774
2030-02-10,37.013453052220804,33.49447562250662,40.45586858933875
2030-02-11,37.49821238441342,33.951984349152674,41.303039425738255
2030-02-12,37.58425818371242,33.97410896138103,41.0797241295789
2030-02-13,37.79757005982495,34.48430347158669,41.26343915094452
2030-02-14,37.83610875026704,34.48120051820858,41.46976683519023
2030-02-15,38.12744595218658,34.68225289175687,41.546034509112864
2030-02-16,38.22869674528241,34.81811293193093,41.785511826825505
2030-02-17,38.29135578451218,34.80758889561075,41.88087214436229
2030-02-18,38.74845529268061,35.289283581384595,42.140642714093865
2030-02-19,38.80626731074542,35.224453362410706,42.433814480432716
2030-02-20,38.99162809949188,35.493416745266806,42.41575446036758
2030-02-21,39.00333251959744,35.370093074901355,42.58018580909515
2030-02-22,39.26974109582405,35.93487492286047,42.7122703575673
2030-02-23,39.34869063209942,35.93229277908805,43.0438217977364
2030-02-24,39.39231016154757,35.84430558654339,42.809540581390294
2030-02-25,39.834160831245875,36.077398891485466,43.23189109387842
2030-02-26,39.880922697266584,36.25251164724542,43.3182890522499
2030-02-27,40.05970677471093,36.501985110097166,43.41993126046701
2030-02-28,40.069440540849826,36.59055855707658,43.54008362122756
2030-03-01,40.33846987739233,36.78798184692352,43.61067118422832
2030-03-02,40.42446849925656,36.67483216386504,44.05531076653186
2030-03-03,40.47925672916435,37.095250434465186,44.06411626480404
2030-03-04,40.93594818439722,37.47141538954053,44.46432094725394
2030-03-05,41.00064720926794,37.4156672377484,44.43699665335142
2030-03-06,41.19977515012044,37.508173701552444,44.75197066204567
2030-03-07,41.23147332325869,37.447009481409985,44.580427739196395
2030-03-08,41.523225222665815,38.24492365897851,45.17141534291598
2030-03-09,41.63178849578928,38.06080225088045,45.132885520697876
2030-03-10,41.708037960931634,38.22215833083267,45.146636196289734
2030-03-11,42.18413759575698,38.578431682980785,45.62480077827002
2030-03-12,42.265263659367996,38.8178393080001,45.76433697316535
2030-03-13,42.476956357667035,39.08747922350603,45.89630015916578
2030-03-14,42.516547217483144,38.72995906574159,46.16871828000194
2030-03-15,42.810804052679714,39.530533862632176,46.105543062043736
2030-03-16,42.91588342588759,39.47096604272158,46.615483265418035
2030-03-17,42.982191311286435,39.33812329646814,46.71403905712337
2030-03-18,43.44156939194659,39.63375422948296,46.87831547083173
2030-03-19,43.49902874426359,39.90838252767558,47.227049417978954
2030-03-20,43.68010800684883,40.16386040665052,47.078689054474445
2030-03-21,43.68230299377624,40.215122175041934,47.160737230672424
2030-03-22,43.932709542466355,40.42458695203249,47.657062630939805
2030-03-23,43.98796952291294,40.39296975972706,47.468065543454834
2030-03-24,43.99912085253467,40.438950110670966,47.46667611165616
2030-03-25,44.39876920167228,40.98527007107035,47.85695911514006
2030-03-26,44.39280350023315,40.94540116088538,47.697329063482265
2030-03-27,44.50773279805339,40.6803882984789,47.82560071204033
2030-03-28,44.44209197948258,40.87973913076067,48.146534327906764
2030-03-29,44.624058734404215,41.23157461090322,48.31116372309935
2030-03-30,44.61137237943384,41.273242616661335,47.9915858191113
2030-03-31,44.5561560780622,40.86844974936139,48.08840088759492
2030-04-01,44.89206086808413,41.538061405306514,48.29674752960788
2030-04-02,44.825954329602844,41.14918156890025,48.325203104269896
2030-04-03,44.88523214922613,41.50859394505867,48.2193021769113
2030-04-04,44.769200745566735,41.14267461855702,48.26354475477372
2030-04-05,44.90667396660012,41.46487219414571,48.707150249738405
2030-04-06,44.85587498852313,41.49359232288393,48.372040603708584
2030-04-07,44.76924541407775,41.39120300574476,48.36265032185903
2030-04-08,45.08058032917364,41.531085878550265,48.687182583939205
2030-04-09,44.99671239360383,41.71771102807591,48.48967539156368
2030-04-10,45.04482334967176,41.411559874252724,48.76449960019652
2030-04-11,44.92383112428053,41.31468234502116,48.43855156397737
2030-04-12,45.061995427680564,41.36425675830263,48.565426527014246
2030-04-13,45.01683275631549,41.42762534158348,48.3876520853165
2030-04-14,44.93994246672,41.54955416162334,48.21570879622565
2030-04-15,45.264162248496454,41.35665890212713,48.810791982669606
2030-04-16,45.19527555312989,41.73936132046833,48.72842602997601
2030-04-17,45.25934876908467,41.74410009796634,48.81049722399449
2030-04-18,45.15414566695714,41.366596574639146,48.74553431580524
2030-04-19,45.30676132496246,41.848796822799216,48.904415331641935
2030-04-20,45.273565726511066,41.703573593658426,48.82161931854384
2030-04-21,45.205057977301436,41.83493788538524,48.80186685769922
2030-04-22,45.533048765397226,41.992317829292645,48.96222290998717
2030-04-23,45.46239294983113,41.919371617823224,48.971023731928945
2030-04-24,45.51834944772671,41.81808067334729,49.01974326871616
2030-04-25,45.398015389756154,41.90411805154833,48.97171354612929
2030-04-26,45.52797628088935,42.06574264010982,48.69083137458246
2030-04-27,45.46426197713012,42.07519698716398,48.93926949456717
2030-04-28,45.35720914606945,41.777101402051315,48.45656202136293
2030-04-29,45.63864766294022,42.20363842789913,49.17677595574319
2030-04-30,45.51363276722492,41.88701282156657,49.01888066883434
2030-05-01,45.50780020094085,41.94822739455741,48.94826858099199
2030-05-02,45.31879145876556,41.91617778320247,48.689658029798856
2030-05-03,45.373891150866854,42.1163155985972,48.79760465260205
2030-05-04,45.22996664863024,41.78374484864688,48.816898035932105
2030-05-05,45.03831112539817,41.39037537737241,48.63011841741885
2030-05-06,45.23180796032198,41.62773751484062,48.78581059651467
2030-05-07,45.01663890434087,41.588784864405355,48.598664009361265
2030-05-08,44.91961384499839,41.34419626923615,48.61076425968817
2030-05-09,44.6395699407245,41.18094392801327,48.30246795151477
2030-05-10,44.60498277360051,40.94022809733854,48.19890952574552
2030-05-11,44.37388032937021,40.998745500439234,47.60138604529815
2030-05-12,44.09866152935594,40.699977215515034,47.406092855647756
2030-05-13,44.21323785311729,40.63332818175866,47.60633797491218
2030-05-14,43.9247209655685,40.61598096299009,47.609869133123766
2030-05-15,43.760734631603405,40.16139166808051,47.491805886512296
2030-05-16,43.420799056281275,39.9333033786082,46.81584581587228
2030-05-17,43.33393058020424,39.825810061744754,46.73382911399859
2030-05-18,43.058547727191,39.55372151868503,46.567334212898025
2030-05-19,42.74728542205354,39.06962745410878,46.59471459424743
2030-05-20,42.834135915176645,39.503441491820766,46.57320952096414
2030-05-21,42.52613923279193,39.096417769931826,46.044730171038374
2030-05-22,42.35070125323433,38.96447231349923,45.7641413405751
2030-05-23,42.006987284228074,38.44118077937319,45.49436669205934
2030-05-24,41.92353373672372,38.23341411572532,45.498172343840515
2030-05-25,41.658168498543276,38.008838878529986,45.221055584416106
2030-05-26,41.36284138458107,37.964062864625106,44.9227110236294
2030-05-27,41.47078272573705,38.07067698483645,45.00431677986665
2030-05-28,41.18821242148182,37.74370388104919,44.735196097803325
2030-05-29,41.041677057652066,37.57655666182028,44.696673651123284
2030-05-30,40.729462474918876,37.12497122456847,44.25365109659586
2030-05-31,40.679223916750125,37.26648063627491,44.1608626016386
2030-06-01,40.44792392857165,36.91950547171366,43.711572861466024
2030-06-02,40.18667899971322,36.63528177458983,43.675741181618925
2030-06-03,40.3279326807008,36.72201388513165,43.825576929531934
2030-06-04,40.077177234468536,36.6360626474919,43.621227284961755
2030-06-05,39.960301225015634,36.28902888585909,43.528701713582784
2030-06-06,39.67501030251742,36.10709823731821,42.90829196154509
2030-06-07,39.64846325949747,36.264891156610624,43.29078520001999
2030-06-08,39.43721354642875,36.08051957467204,42.891352431155966
2030-06-09,39.1920573221986,35.608523921548446,42.67180756485328
2030-06-10,39.34520591744034,35.75849551361083,42.653955242281896
2030-06-11,39.10200496886738,35.705249259252504,42.77410616479394
2030-06-12,38.98827787293087,35.51068670672353,42.610149253607716
2030-06-13,38.70174109766557,35.170604438908256,42.30072548407777
2030-06-14,38.669633731250094,35.167913686159636,42.283279357587716
2030-06-15,38.44865177217389,35.14450772413749,41.976160928770554
2030-06-16,38.189788553960746,34.518259174856624,41.79220668000376
2030-06-17,38.32549948968714,35.16539078230263,41.52450240666451
2030-06-18,38.061413680697335,34.57271345372087,41.743734601104386
2030-06-19,37.92367029348333,34.51273833291325,41.59971459882976
2030-06-20,37.61032746019127,33.828676609487005,41.0506505880649
2030-06-21,37.54898625208202,34.03727146076384,41.30744870908735
2030-06-22,37.29672035072679,33.94032504595465,40.664433045467725
2030-06-23,37.00491287571048,33.5773525160447,40.354480748525354
2030-06-24,37.10641856480542,33.98325723571637,40.72808639523485
2030-06-25,36.80727380740739,33.24493404484627,40.290277237188285
2030-06-26,36.63403234027887,33.338233015489514,40.384371804999944
2030-06-27,36.28517421950498,32.63167378273875,39.65954961809114
2030-06-28,36.188730436289404,32.53082229884515,39.67421412320654
2030-06-29,35.902213587551294,32.413018783531605,39.37257252685478
2030-06-30,35.57745582324472,32.24129051445191,39.05578775460197
2030-07-01,35.64777201657589,32.09836005806632,39.203425892661315
2030-07-02,35.31967040590005,31.714389774807607,38.880648562501236
2030-07-03,35.120188273713495,31.682565455148392,38.565423958556366
2030-07-04,34.748300052260795,31.171411679509273,38.18491037742668
2030-07-05,34.63254002820884,31.2206327069871,38.090588895539206
2030-07-06,34.33092990050845,30.8157139289191,37.91005161751847
2030-07-07,33.995812302990885,30.620797080699305,37.69844475505379
2030-07-08,34.06100818030675,30.527004183651087,37.4804069032042
2030-07-09,33.73352026588873,30.518479185132946,37.48503946393124
2030-07-10,33.540860287712704,30.013153033438986,36.95363601998633
2030-07-11,33.18244741262182,29.795242587808094,36.75600575066532
2030-07-12,33.08722028262064,29.767205914627596,36.708992694539546
2030-07-13,32.81355313428918,29.442032259984764,36.41300931615425
2030-07-14,32.51407740047269,29.083878580838153,35.98353743665893
2030-07-15,32.62282701347635,29.177508038953604,36.2161907177086
2030-07-16,32.34693002314516,28.795187866739266,35.891440694738165
2030-07-17,32.21392454347373,28.58830733414816,35.79799576652006
2030-07-18,31.923146938165836,28.580042478300328,35.32455187294083
2030-07-19,31.903334997218625,28.418033804442434,35.37451998203891
2030-07-20,31.712536980626595,28.314726078213553,35.14069691261118
2030-07-21,31.5029282865144,28.037879975704925,35.09899019897818
2030-07-22,31.70795428197006,28.199349369254673,35.367224900123645
2030-07-23,31.53402217783584,28.17810797040897,35.35427218363412
2030-07-24,31.507820167633525,27.93257053841134,35.4065778491261
2030-07-25,31.327711876795895,28.128336554467275,34.77794538414916
2030-07-26,31.42134893229754,28.076448753525476,35.04272326523342
2030-07-27,31.345592503770487,27.74399061599533,34.78901098215665
2030-07-28,31.251345462643066,27.899648117428843,34.716319938077405
2030-07-29,31.57071350045339,27.98973036815886,34.87115606851581
2030-07-30,31.508717806399744,27.87031777853182,35.044416050305706
2030-07-31,31.590637163371483,27.819717392101012,35.14662535237989
2030-08-01,31.513427075110453,28.088579902100605,34.73896081971662
2030-08-02,31.703358237553246,28.339467877567284,35.112240238406706
2030-08-03,31.715964656251508,28.621458086241642,35.38561437120052
2030-08-04,31.70090246797386,28.016919581502666,35.26785833916113
2030-08-05,32.08913719452096,28.567767142992672,35.79104126250231
2030-08-06,32.08468140637305,28.407070758581675,35.702984902977015
2030-08-07,32.21196003986282,28.785909598221707,35.68560901184969
2030-08-08,32.16725038804239,28.987344891925027,35.751359772315915
2030-08-09,32.376338525014845,28.79841883100852,35.97049058669672
2030-08-10,32.39448196677549,28.961320622490778,35.994980016274226
2030-08-11,32.37127919646,29.13773796335352,36.22196547263472
2030-08-12,32.73786343304449,29.473495047799368,36.40872515422347
2030-08-13,32.698642364037205,29.2523728634291,36.13765445880565
2030-08-14,32.77866092910147,29.50833227470269,36.42427918257972
2030-08-15,32.67503412432529,29.054469833596553,36.03361619016575
2030-08-16,32.81459164594022,29.39405778040357,36.53645483512067
2030-08-17,32.7538243454893,29.067269048228773,36.27834498807405
2030-08-18,32.64373340080781,29.497127001132156,36.416395611881434
2030-08-19,32.916999960480965,29.494449406059505,36.2307035512219
2030-08-20,32.7796974552687,29.17086365099522,36.14022866987857
2030-08-21,32.75862422003625,29.284700245915467,36.26485537645808
2030-08-22,32.55270402354122,28.85004125673405,36.13707967677249
2030-08-23,32.59059700874902,29.169756767362365,36.07253435603408
2030-08-24,32.430611739556646,28.858672964343405,36.07176783928721
2030-08-25,32.22552000470131,28.474076707046606,35.847664124608905
2030-08-26,32.409692887491474,28.735697572613976,35.927139264935256
2030-08-27,32.190781031805514,28.65341280153486,35.77461862542182
2030-08-28,32.09701745308906,28.889473270812168,35.30628587746533
2030-08-29,31.828591147555134,28.396204972384588,35.23615108421957
2030-08-30,31.815234592773553,28.1042536568633,35.044216852161206
2030-08-31,31.61611634621224,27.999345090151326,35.33554351919913
2030-09-01,31.384640810857285,27.712408615627602,35.04442344930604
2030-09-02,31.555573992345757,27.931694792821098,34.98951017368804
2030-09-03,31.33671838393902,27.58854694947895,34.693345137247704
2030-09-04,31.256215419043986,27.875325035383604,34.88000528012117
2030-09-05,31.013923718894084,27.505327467875777,34.52506228609603
2030-09-06,31.039016087513716,27.502606315305812,34.33609002374482
2030-09-07,30.889886207918853,27.279757924160762,34.62080382281318
2030-09-08,30.718966751531205,27.457877144025616,34.21585219401535
2030-09-09,30.95987727289025,27.620236197598683,34.42800054410996
2030-09-10,30.819124490260606,27.30369091406059,34.47666976287479
2030-09-11,30.82343278659058,27.439505196322898,34.3199841984624
2030-09-12,30.6711524991454,26.914918954061307,34.10387950753404
2030-09-13,30.789888253223552,27.17127687211226,34.281351762668265
2030-09-14,30.736437577444466,27.290227031036384,34.086701837003154
2030-09-15,30.661640793966114,27.01768301602408,34.064850960993425
2030-09-16,30.997559852797835,27.100397767853696,34.596776167194975
2030-09-17,30.949208040482524,27.340983070613635,34.50220950391209
2030-09-18,31.041907775953284,27.62283894956265,34.698971416120244
2030-09-19,30.972723503346575,27.39253759420753,34.39777157347547
2030-09-20,31.16811145448625,27.734992845316988,34.72438068861697
2030-09-21,31.18387612215018,27.61591709944507,34.79995733958858
2030-09-22,31.17003413561366,27.890457292562594,34.68648203594463
2030-09-23,31.558003005711946,27.924424265499997,35.07200186320681
2030-09-24,31.552336570754473,28.173914358316363,35.13471791056664
2030-09-25,31.678084360042934,28.003931623914653,35.08076981723441
2030-09-26,31.63222198923944,28.178881808730953,35.023770870364125
2030-09-27,31.841294560051452,28.354783465245767,35.083025898515594
2030-09-28,31.861363192896192,28.339861092704265,35.452555227040726
2030-09-29,31.84285574968193,28.07178605317893,35.36220864950007
2030-09-30,32.21773964630373,28.921056226080537,35.909942192494576
2030-10-01,32.191239072025354,28.715097170349175,35.58791092423353
2030-10-02,32.28917435796142,28.793917023662786,35.78857117694606
2030-10-03,32.209371158976936,28.72498833460903,35.801720642867814
2030-10-04,32.379281981148004,28.62671920371672,35.752169654317576
2030-10-05,32.355910737727804,28.981945119863887,35.98205884207718
2030-10-06,32.290641925289044,28.819359586946717,35.90531558316286
2030-10-07,32.61639282083593,28.733853302906304,36.037798216547216
2030-10-08,32.53931147288514,28.941792161557142,35.98965697840309
2030-10-09,32.586098628513,29.194649409448193,35.98755543808593
2030-10-10,32.455401595716594,28.79920142290461,35.79999742479375
2030-10-11,32.57542283692013,29.137883788688484,35.929876529870974
2030-10-12,32.503834164416176,29.000869840310482,35.96706342132526
2030-10-13,32.39259823925887,29.105832789586618,35.77375629908779
2030-10-14,32.675115806346966,29.04255312344727,36.10127370115161
2030-10-15,32.55792139511967,29.160123720030718,36.049098772787175
2030-10-16,32.56800551302228,29.171214292121462,36.310030482909845
2030-10-17,32.40421115152614,28.989027103511955,35.874472827406734
2030-10-18,32.494847164043826,28.797745317826134,36.07498561396708
2030-10-19,32.39760910261191,28.862219438580702,35.826740928108386
2030-10-20,32.26440889389749,28.43333304619878,35.64164953258282
2030-10-21,32.528531440558666,29.012183495975393,36.23719843346349
2030-10-22,32.39634051630074,28.493139573764626,35.98485510993964
2030-10-23,32.39461161821732,29.114297165998106,36.04593153788932
2030-10-24,32.22193924106287,28.77493383971991,36.06496773031575
2030-10-25,32.306360796947914,28.809677642953307,35.59644970379085
2030-10-26,32.20528746020581,28.5880837594307,35.51600301108288
2030-10-27,32.07034304807274,28.52443280099939,35.54411963456136
2030-10-28,32.33452879723038,28.741096605854842,35.905053787041645
2030-10-29,32.203936227999236,28.559939785722786,35.594860918805566
2030-10-30,32.20508563575555,28.728119194907187,35.80355921179905
2030-10-31,32.03633760474739,28.602114741566385,35.65434693247038
2030-11-01,32.12551975235022,28.547001390773442,35.36883329861349
2030-11-02,32.02985902028654,28.44658992255714,35.410554955762294
2030-11-03,31.900820708637145,28.495318204599293,35.23450808706203
2030-11-04,32.171272241238356,28.804537261664386,35.74839842070618
2030-11-05,32.047194019470474,28.370028681369632,35.53840462731196
2030-11-06,32.05501509856567,28.88673346960514,35.397137278782964
2030-11-07,31.89302129689646,28.260215545111546,35.151650578892756
2030-11-08,31.988978173665522,28.496854880586117,35.66204993199381
2030-11-09,31.900059421820735,28.336073346105135,35.48641108937576
2030-11-10,31.77768209639253,28.267562657251183,35.28370514161659
2030-11-11,32.0546668768193,28.493143839866526,35.42112441059181
2030-11-12,31.936945907953206,28.533591065814345,35.468735101236426
2030-11-13,31.950896112626378,28.424064056191067,35.36359087433651
2030-11-14,31.794745710268536,28.128475824210252,35.32636831822318
2030-11-15,31.896196462130106,28.360194618427006,35.29523539357595
2030-11-16,31.81235223334591,28.314168178882273,35.471558615992606
2030-11-17,31.694555292577768,28.28967251577683,35.01133562499991
2030-11-18,31.975548505753,28.74554292548829,35.60122643010326
2030-11-19,31.86118588614685,28.272581702787804,35.33186347232663
2030-11-20,31.877769274038616,28.14321164926239,35.4874252255533
2030-11-21,31.723458728642804,28.17831229154778,35.39559727993505
2030-11-22,31.82589897483731,28.36870132277872,35.31167449877725
2030-11-23,31.742152297690886,28.2103032144075,35.16519193795037
2030-11-24,31.623539096771463,28.17803785579759,34.97001020914644
2030-11-25,31.902804044777064,28.319800134530816,35.326299155260365
2030-11-26,31.78583010566036,28.25396760680544,35.19231716285852
2030-11-27,31.798977991795375,28.306247188684402,35.254745991328846
2030-11-28,31.640498470220237,28.208948426357836,34.95664909617003
2030-11-29,31.738159716010436,28.187624175407073,35.02104152328913
2030-11-30,31.649179995728083,28.30937344514051,35.24030057071142
2030-12-01,31.52506682228571,27.969981241679456,34.98007750261963
2030-12-02,31.798780498156777,28.433241057635414,35.317101955003494
2030-12-03,31.676444319850418,28.248684326304343,35.0671155146856
2030-12-04,31.68467908676259,27.959819691269264,35.381454867482915
2030-12-05,31.52200943288922,28.094549258764573,34.77022134898802
2030-12-06,31.61648433019385,28.17494920596198,35.45946838391615
2030-12-07,31.525602235409647,28.062200847275147,35.07198207507147
2030-12-08,31.401142243021724,28.198372775237647,34.80449159152397
2030-12-09,31.676319408526773,28.0410298066764,35.095295972682656
2030-12-10,31.55748677999011,28.11386126621613,34.97462735852963
2030-12-11,31.571462055361817,28.10824218543415,34.94981231777297
2030-12-12,31.416926658630942,27.831712407195386,34.94498674391116
2030-12-13,31.522039848943237,27.73599436760067,34.889445652722884
2030-12-14,31.444358581407553,28.008102609620668,34.796975753406215
2030-12-15,31.335664701949366,27.766426637368454,34.56755030489263
2030-12-16,31.62911782452284,28.211036530649487,34.94904738029004
2030-12-17,31.530956570223008,27.806100795283005,35.030606795491
2030-12-18,31.567826178815956,28.281848491303705,35.13291114296123
2030-12-19,31.438180325669734,27.829925154788864,34.757704838845484
2030-12-20,31.569899742275098,28.186610750852246,34.709765666770615
2030-12-21,31.52021828603526,28.186663729740342,34.942209265402276
2030-12-22,31.440557912341642,28.00267845327321,35.06757756867864
2030-12-23,31.76369071398736,28.43728937390151,35.50261585569699
2030-12-24,31.695450474745073,28.352884291492735,35.03850453310902
2030-12-25,31.76207147125007,28.429884315572682,35.28372216223608
2030-12-26,31.661602043806667,28.127760412323088,35.12792555593105
2030-12-27,31.821535194613414,28.166956700390294,35.13169049712396
2030-12-28,31.798746502067935,28.130161875004802,35.337350390785225
2030-12-29,31.74434044032726,28.272923452911996,35.29843007929042
2030-12-30,32.09082290978512,28.677581430811898,35.65799941642784
2030-12-31,32.04382208139689,28.472286641904425,35.46352067420414
2031-01-01,32.129434971699155,28.39716801168107,35.711488460812
2031-01-02,32.04564698879848,28.506412814073208,35.52414264737541
2031-01-03,32.219966473997395,28.74018956104904,35.77197057672534
2031-01-04,32.209364348592565,28.610992685194905,35.904441830666556
2031-01-05,32.165119837555075,28.703424744349913,35.59033786131846
2031-01-06,32.51999002483293,29.058343686985506,36.37321691527503
2031-01-07,32.479925362122124,29.06813244947575,35.96452771785142
2031-01-08,32.57140863774858,29.119565960243918,36.38015130724132
2031-01-09,32.49286480558792,29.02780046708553,36.116584623175996
2031-01-10,32.672283925076606,29.27232155962098,36.04559949848706
2031-01-11,32.66714760977163,29.192415944978045,36.05362091427349
2031-01-12,32.629260298416625,29.398497418318563,36.25389501800827
2031-01-13,32.99190349093077,29.517131483617316,36.54080566527226
2031-01-14,32.961535493842405,29.814068146229037,36.480852856733925
2031-01-15,33.06511462764914,29.703201422746645,36.563851346049255
2031-01-16,33.00149375259156,29.610464132534126,36.52603428330943
2031-01-17,33.19902881779737,29.66615906725648,36.74530871189199
2031-01-18,33.21549226928825,29.499582310242168,36.66925557017358
2031-01-19,33.202893039720614,29.81600150290922,36.74518012670841
2031-01-20,33.59462162965219,29.960018536711658,37.18012481084123
2031-01-21,33.59714313895284,30.23787166046782,37.104573553364986
2031-01-22,33.7373164517826,30.422128908452958,37.396588085843284
2031-01-23,33.713787610475826,30.33951896276854,37.17798190746281
2031-01-24,33.954600183874604,30.131909552278668,37.380343637870446
2031-01-25,34.01711348318051,30.613425501051015,37.43837504849372
2031-01-26,34.05283028094319,30.29365468978869,37.57431410912263
2031-01-27,34.49455239101115,31.238243005517297,38.123371004741564
2031-01-28,34.548086734430406,30.704732066791042,38.14570164019506
2031-01-29,34.739579784355556,31.24878539387361,38.369142969236336
2031-01-30,34.76692804605054,31.04630189738527,38.318758055632344
2031-01-31,35.05740693863631,31.52541092132057,38.68411940061381
2031-02-01,35.16760844496658,31.778093404431612,38.520417508799426
2031-02-02,35.248288663484026,31.866820859205976,38.69971552501359
2031-02-03,35.731543077543854,32.207109152883426,39.479248945052596
2031-02-04,35.82253161912551,32.291339125404726,39.17639342579511
2031-02-05,36.04683088181571,32.37875544527463,39.272855600172115
2031-02-06,36.10186062602276,32.59376300727561,39.87598657753571
2031-02-07,36.41452647016331,32.94492176622795,39.95935575244677
2031-02-08,36.54116871518798,33.06915578298186,39.94253791310183
2031-02-09,36.63241808404114,33.068594046182874,40.03518071528374
2031-02-10,37.120375916776325,33.71419344704151,40.699388740178385
2031-02-11,37.210340709933405,33.877644391487685,40.5965975074303
2031-02-12,37.42815825964956,33.863011973134284,40.86344253419488
2031-02-13,37.47164255306173,34.32443352987892,40.85083244512668
2031-02-14,37.76820940148509,34.405694878504875,41.230540227040294
2031-02-15,37.87481295934829,34.27589440483289,41.333655928347916
2031-02-16,37.94278619966128,34.67451010766529,41.30346977531816
2031-02-17,38.405003261637624,35.161505223392126,41.767528487414324
2031-02-18,38.467586010469596,35.03195381975686,42.075743553725886
2031-02-19,38.65723258489471,35.18752904845933,42.41535098467897
2031-02-20,38.672615644539626,35.202070370092144,42.29545848586658
2031-02-21,38.94199291416827,35.28440077262314,42.618082291651696
2031-02-22,39.02312079224708,35.33207628573432,42.35239745458076
2031-02-23,39.068072720813596,35.073074658199594,42.36529467941947
2031-02-24,39.510380844067036,36.168383007088146,43.191834784772574
2031-02-25,39.55672387576699,35.85937074248347,43.08438739245318
2031-02-26,39.734239483253724,36.112387295640026,43.112321749737916
2031-02-27,39.74190936913341,36.1281863396199,43.222273780479604
2031-02-28,40.008160039939305,36.28124235534646,43.56096310016601
2031-03-01,40.09077033305053,36.656842774490485,43.572038179396635
2031-03-02,40.14168760513276,36.65994233686083,43.699852065035074
2031-03-03,40.594171211415684,37.023367303795546,44.009751164313684
2031-03-04,40.65448618983062,36.98274309070998,44.03865289194894
2031-03-05,40.84922534279867,37.512324173641126,44.22146593654811
2031-03-06,40.87670767581602,37.09460797301124,44.29044864937654
2031-03-07,41.16459585870845,37.473690382070124,44.73175158531236
2031-03-08,41.26982336361747,37.67465225099432,44.922296171243666
2031-03-09,41.343432682601076,37.789466509304,45.03487944508746
2031-03-10,41.81774268376589,38.318885533346005,45.17453769874654
2031-03-11,41.898067394291616,38.284574501760396,45.365207529637765
2031-03-12,42.11006373896598,38.56893325522781,45.46163316431481
2031-03-13,42.151155508551206,38.67579955977275,45.54386621103242
2031-03-14,42.44817553665641,39.077206640284935,45.909309067033846
2031-03-15,42.55731606843845,39.096707065016105,46.00663556048453
2031-03-16,42.628988088011084,39.006959253557994,46.29612176723084
2031-03-17,43.09500707968925,39.50241139759386,46.73793916027516
2031-03-18,43.1603269959805,39.8836733346136,46.812465229206545
2031-03-19,43.35039952837964,39.856401262579276,46.883897870596584
2031-03-20,43.3626056175396,39.545281926450144,46.55777683095411
2031-03-21,43.623900948551444,40.15589738252737,47.19781595384439
2031-03-22,43.6907652931492,40.32571850412134,47.465884357279215
2031-03-23,43.714056459676776,40.07311777812348,47.02720503356181
2031-03-24,44.126186435962154,40.54648119104594,47.371742680694354
2031-03-25,44.13284172194162,40.32234478541552,47.71384404152005
2031-03-26,44.26032528006951,40.7572069905367,47.65789136647134
2031-03-27,44.20696747208123,40.730277154207705,47.63518839699383
2031-03-28,44.40074824829526,40.8176289823401,47.68984411869086
2031-03-29,44.399221046846016,40.74674020507695,48.09869353166153
2031-03-30,44.3543398184893,40.984083986116644,48.105389711683486
2031-03-31,44.699607459068595,41.115634991048964,48.041474400504825
2031-04-01,44.64176836677613,40.826716131594665,48.19865974857548
2031-04-02,44.708123277060665,41.279425142817225,48.206089858454696
2031-04-03,44.5979144534889,40.972622191561626,48.051969890875036
2031-04-04,44.739924176677185,41.039078724308354,48.027795593809486
2031-04-05,44.69237761265917,41.11504710288198,48.11580094465339
2031-04-06,44.60775203181933,41.02152058364619,48.03065578343892
2031-04-07,44.919911132498214,41.30369478581277,48.56947938743222
2031-04-08,44.83578756261237,41.39146244804794,47.88170868103985
2031-04-09,44.88269206233877,41.49295336962252,48.268299411227176
2031-04-10,44.759697463362464,41.1888922022247,48.25130341275442
2031-04-11,44.89524052684671,41.28072901504182,48.33485511174544
2031-04-12,44.84703262342376,41.111445018246314,48.24046673616253
2031-04-13,44.76688103237328,41.31298166065787,48.23906039370215
2031-04-14,45.08783930957456,41.484610258817376,48.38294226980054
2031-04-15,45.01590941072953,41.647678694745636,48.74797625790797
2031-04-16,45.07737349467597,41.59935066468256,48.638588414959465
2031-04-17,44.970203066132186,41.47979869796079,48.18867308606227
2031-04-18,45.12168780124379,41.81339818197695,48.7943246892785
2031-04-19,45.088374374919496,41.43425995620543,48.835884835354605
2031-04-20,45.02091635536805,41.662453204214145,48.32406716293917
2031-04-21,45.35125289509638,41.84809616814478,48.83711612808258
2031-04-22,45.28433819477625,41.677850635445836,48.76462827112488
2031-04-23,45.34549898362451,41.98697983705462,49.154947557590816
2031-04-24,45.23186704089079,41.61465611439676,48.8784330042953
2031-04-25,45.370028529886085,42.08021509684869,48.75895374332697
2031-04-26,45.31597996883834,41.74190694786342,48.51908716464467
2031-04-27,45.21999149893789,41.709493806223634,48.7244448453871
2031-04-28,45.513794873101034,42.05231839053618,49.01441498295146
2031-04-29,45.40231794274685,41.820685977522174,48.73855683095983
2031-04-30,45.41104279771284,41.894285614815544,49.13690472137784
2031-05-01,45.23743460728244,41.813290472712325,48.84845693612442
2031-05-02,45.30858306718335,41.581663067901644,48.84746330569887
2031-05-03,45.18114651555172,41.658253365088676,48.5970078860664
2031-05-04,45.00619971468104,41.75542478203102,48.663200010520725
2031-05-05,45.216403146352945,41.58340839541916,48.77066669254379
2031-05-06,45.017716097680264,41.723986359803654,48.4115093960758
2031-05-07,44.936731253631,41.412140258576194,48.42592418820645
2031-05-08,44.67207845093731,41.151340492523815,48.19203227220995
2031-05-09,44.65204013408612,41.05147997546989,48.17324397938063
2031-05-10,44.434469224231904,41.07628072676427,47.99070018473808
2031-05-11,44.171611040438314,40.26419379360627,47.723924255262084
2031-05-12,44.29724774156045,40.7243131431275,47.62796984957597
2031-05-13,44.01838814831121,40.78666413137877,47.47111984754589
2031-05-14,43.862581191645724,40.46139072853288,47.265501059201995
2031-05-15,43.52930110661444,40.092764747495636,46.9897179701039
2031-05-16,43.44754730042354,39.82043201049374,46.78581117745729
2031-05-17,43.17574990845976,39.47905777498814,46.567583499935566
2031-05-18,42.866582889455024,39.432377698838444,46.46379615091984
2031-05-19,42.95410324516875,39.425324205242326,46.39719531645563
2031-05-20,42.645439245720716,39.26591393841464,46.05770021382776
2031-05-21,42.468105834604586,39.05857547578485,45.86170390464215
2031-05-22,42.12139517123675,38.43946224117805,45.78553704281336
2031-05-23,42.03398499597688,38.30429960336163,45.370734255091804
2031-05-24,41.76385551405856,38.29077589116451,45.54398200868032
2031-05-25,41.46311626957588,38.12600284240999,45.08717830847192
2031-05-26,41.565161164417056,37.9930070791162,45.225164656784806
2031-05-27,41.276374035738485,37.622123824909266,44.64107227346317
2031-05-28,41.1234624756242,37.51017447904675,44.658457889276896
2031-05-29,40.80486735183761,37.40017327301233,44.05731267661603
2031-05-30,40.748390221489444,37.39768240701668,44.31781291098608
2031-05-31,40.51112886038646,37.05200378874011,44.024616618679595
2031-06-01,40.24432193779613,36.81522504019415,43.85196087971056
2031-06-02,40.38052059375861,36.811465447500424,43.82727876044428
2031-06-03,40.125308988335945,37.105456747750324,43.77354900658441
2031-06-04,40.004651223633594,36.2276751751029,43.3019630560724
2031-06-05,39.71631188205896,36.27078998326663,42.980424485283606
2031-06-06,39.6874922280729,36.04542052979485,43.04729347176456
2031-06-07,39.47477222402222,36.08493753233778,42.66806438757862
2031-06-08,39.22895938895671,35.76810834501781,42.66656349690226
2031-06-09,39.382262325118546,35.84130803604222,42.806526754452996
2031-06-10,39.14001111209514,35.3485889840132,42.68231359112284
2031-06-11,39.02800215635078,35.98198958626628,42.59717774484775
2031-06-12,38.743914973971,35.28139609596994,42.36492351125959
2031-06-13,38.71494322595964,35.50472231356296,42.301802675998786
2031-06-14,38.497730455673384,35.24213683999968,41.846993655668065
2031-06-15,38.24321187173558,34.83431256275313,41.61277665887311
2031-06-16,38.38378031946028,34.87300004860349,41.55321678353042
2031-06-17,38.124998951635256,34.53165196456123,41.53139875453505
2031-06-18,37.992938478821316,34.44448916943468,41.581495290569585
2031-06-19,37.68558674113827,34.302048064554874,41.201123362900184
2031-06-20,37.630473147969894,33.92091083057483,41.26244966763607
2031-06-21,37.3845986179401,33.907648141724565,41.12446949999494
2031-06-22,37.09927249549934,33.60377304165142,40.40202703220641
2031-06-23,37.20727466669072,33.85625265930799,40.53605440276551
2031-06-24,36.914565409415644,33.225530573751314,40.302800421158764
2031-06-25,36.747620828149316,33.10591257266021,40.26754248874207
2031-06-26,36.40484153260802,33.135118038255385,39.94722430319885
2031-06-27,36.31417697633598,32.65310995677466,40.04194454321083
2031-06-28,36.033055915251296,32.67774043754179,39.42429375782553
2031-06-29,35.71322425582885,32.34819875977305,39.29344429146104
2031-06-30,35.787908283513275,32.26981399404584,39.46253066241156
2031-07-01,35.46352555916436,31.873919165447674,38.91644263396485
2031-07-02,35.2670210809643,31.849001437771257,38.90286036068732
2031-07-03,34.8972761246023,31.375920988237805,38.46693488037643
2031-07-04,34.78273194753376,31.35040395254656,38.52784883717344
2031-07-05,34.48131861392317,30.889316837201864,37.959137931262205
2031-07-06,34.14529004278792,30.7480676189375,37.5595401303643
2031-07-07,34.20838314725815,30.80931128132447,37.694824504827444
2031-07-08,33.877523281413886,30.54846590365094,37.26947270797007
2031-07-09,33.6801535774356,30.3546844831197,37.26477514573881
2031-07-10,33.31563563087397,29.86098790189643,36.61577001117634
2031-07-11,33.212863825957406,29.619800402336683,36.7530372702113
2031-07-12,32.93018372382248,29.586491106470824,36.49095510189024
2031-07-13,32.62021583964261,29.05623130022878,36.00757701782405
2031-07-14,32.717002952095534,29.29538797733845,36.08682557912549
2031-07-15,32.427703482435945,28.679611622385664,35.96578363387825
2031-07-16,32.279908882857306,28.888279387615057,35.700995116238076
2031-07-17,31.973032875228274,28.571258702209903,35.36996544082852
2031-07-18,31.935915229906552,28.278278333373393,35.48282808498449
2031-07-19,31.726730907651984,28.112156473453677,35.22813826596024
2031-07-20,31.49780628017901,28.104002573353885,34.93168521236942
2031-07-21,31.68276093892775,28.322848921142814,35.34305429744581
2031-07-22,31.48819795912349,27.703564219806342,34.950751458826325
2031-07-23,31.441020840692826,28.074362442923714,34.89669387089585
2031-07-24,31.23982518976684,27.53171657566711,34.70694266541974
2031-07-25,31.312507984749846,27.88375665848764,34.98245437783874
2031-07-26,31.21618532796469,28.00297420330442,34.71298180594293
2031-07-27,31.102020394554714,27.78398218866745,34.733981528570524
2031-07-28,31.402379998956675,28.095356295735296,34.69723251119828
2031-07-29,31.322542470481608,27.872481124769738,34.59980718046655
2031-07-30,31.38803479897863,27.896975530439303,34.77538939289856
2031-07-31,31.29604677281663,27.766905578332505,34.95526907641853
2031-08-01,31.473064536961232,28.189667624849484,34.89907605279044
2031-08-02,31.474813990057594,28.100175280288713,35.15943540704832
2031-08-03,31.45111519484758,27.71872481254356,34.910540895850644
2031-08-04,31.833065642340006,28.27590483676647,35.417677018911505
2031-08-05,31.824774452902794,28.229791739300317,35.32822213206728
2031-08-06,31.95072485362912,28.486541307997513,35.658198365105186
2031-08-07,31.907212035416414,28.285533755438326,35.13323017325829
2031-08-08,32.119998217787916,28.587080436220877,35.51382339499016
2031-08-09,32.14427477578121,28.837085464688588,35.887115876282174
2031-08-10,32.12953208941995,28.782368953251506,35.717881303185386
2031-08-11,32.506754507577575,29.09552552004538,35.97781909671238
2031-08-12,32.48016213897925,28.97407070596882,36.00672266972378
2031-08-13,32.57457652881825,29.195982250032134,35.970176296787294
2031-08-14,32.486857141891825,28.86060289190441,35.88334817705701
2031-08-15,32.64355040285729,29.061489647867685,36.009646730652136
2031-08-16,32.600841179445204,29.19803893904586,36.110267094514356
2031-08-17,32.509407510744396,29.065395047656676,36.002498928993354
2031-08-18,32.80159622230893,29.148427182828247,36.10918066894096
2031-08-19,32.68314149461106,29.20770882220947,36.426184335870886
2031-08-20,32.68050389352432,29.04335275338769,36.13709972894812
2031-08-21,32.49227732057289,28.911010580309544,36.16460516363354
2031-08-22,32.5468062447152,28.99835563483983,36.132541717649595
2031-08-23,32.40210377279991,28.640023337206912,36.15216626430446
2031-08-24,32.21067207625314,28.64790533746556,35.80355328102555
2031-08-25,32.40664355824474,28.836034600733107,35.94803229826399
2031-08-26,32.197465579369705,28.88084999905154,35.49162360324047
2031-08-27,32.111206992728775,28.422641609410636,35.66310284470109
2031-08-28,31.847934660917158,28.356749535757,35.46983559173406
2031-08-29,31.837302986466742,28.557207196093618,35.495450986878744
2031-08-30,31.638447621126453,28.423392517247766,35.297567404556524
2031-08-31,31.404785403471774,27.727657846349953,35.04374684279648
2031-09-01,31.571139351539735,27.816026684552337,35.38781109456962
2031-09-02,31.34541187079385,27.824777155006235,34.9097348092117
2031-09-03,31.255884662215557,27.978868544797255,34.98696097822078
2031-09-04,31.00259362301975,27.25328163365655,34.47969155069017
2031-09-05,31.014921775102703,27.61415373698289,34.36752417688989
2031-09-06,30.85150127414055,27.151139032527215,34.14429931487984
2031-09-07,30.665026323576235,27.0766150510956,34.13684322325555
2031-09-08,30.889395488401036,27.247629087864986,34.48294051479949
2031-09-09,30.731406139432636,27.304501081252578,34.40382640594717
2031-09-10,30.71807899680153,27.092341115822173,34.26333947360401
2031-09-11,30.548060475890818,26.87872219596361,33.97303445902855
2031-09-12,30.649245223496127,27.28785011671193,34.09499675654555
2031-09-13,30.578709208187135,27.29634052850092,34.387000159025206
2031-09-14,30.48755447588249,26.734183678799802,34.11245322571724
2031-09-15,30.8080833458139,27.33586946119477,34.403925947248275
2031-09-16,30.745524069103713,27.353191855300842,34.306177249974176
2031-09-17,30.825385238659248,27.25561772289736,34.524434900836894
2031-09-18,30.7448860183541,27.14606365426456,34.517472842518345
2031-09-19,30.930604003718056,27.29517273067534,34.329648379538874
2031-09-20,30.93843057534938,27.46489441937842,34.423435756674984
2031-09-21,30.918434437287708,27.458433086407656,34.1803008611601
2031-09-22,31.30205078935305,27.76297617951251,34.83978011173015
2031-09-23,31.29381792845905,28.015777949648065,34.70923112392965
2031-09-24,31.418738442727054,27.778122181024845,35.004918480493366
2031-09-25,31.373712044794868,27.990471342937585,34.79375660480127
2031-09-26,31.58518193621793,27.95705356606039,34.88568562747358
2031-09-27,31.609084740750323,28.20968121051049,35.07704609617484
2031-09-28,31.595704965146446,28.03401853128523,35.33409425190444
2031-09-29,31.976851783646566,28.440675612976875,35.57341502998174
2031-09-30,31.957580357970397,28.695471896894244,35.45105620189567
2031-10-01,32.0635353304365,28.71698743444157,35.37822317091733
2031-10-02,31.992364053493276,28.33783125756881,35.472265188984466
2031-10-03,32.171341992907706,28.549150317832318,35.79662605735771
2031-10-04,32.157300901081456,28.704439866682865,35.36536304552879
2031-10-05,32.101461276150914,28.82172532486511,35.83294892061267
2031-10-06,32.436587443811995,28.8633732605268,35.777846989638014
2031-10-07,32.368687984413896,28.62324919963101,35.83732820965835
2031-10-08,32.42433961117924,28.872417418621936,35.93821062191696
2031-10-09,32.30208247750916,28.636036374791967,35.90835152359282
2031-10-10,32.43002970255732,28.870406736009777,35.5962280536183
2031-10-11,32.36578199357654,28.989406458307723,36.258505869932286
2031-10-12,32.261249087767354,28.907659220925655,35.84326940354149
2031-10-13,32.54979648002001,29.150419109425908,36.25341643848172
2031-10-14,32.43794021038137,28.88337602626889,35.795589237056724
2031-10-15,32.45266779203929,28.88655366011269,36.12706780524376
2031-10-16,32.292833160283905,28.93405687701524,35.89515997812802
2031-10-17,32.38676826752991,28.939573762617737,35.67810387029534
2031-10-18,32.292201979817975,28.982981510753046,35.71886210766338
2031-10-19,32.16108772452376,28.56850015085647,35.413694078646365
2031-10-20,32.4267580429506,29.071217458186126,35.99821564149877
2031-10-21,32.295628480254834,29.00900892044827,35.922834703550784
2031-10-22,32.2945285349665,28.67096801024247,35.71412608479857
2031-10-23,32.12210718450504,28.596626374194738,35.76110199442821
2031-10-24,32.20645525352156,28.72408557140375,35.70987171699007
2031-10-25,32.105034938858715,28.607468659283096,35.863260777952604
2031-10-26,31.96951762575054,28.39316104759313,35.46069411279256
2031-10-27,32.232947868943896,28.95486011512909,35.78727535928899
2031-10-28,32.10145573375905,28.740357056404214,35.26654668005609
2031-10-29,32.10159502996488,28.43036218661711,35.35968692626124
2031-10-30,31.93175481754492,28.540283432948574,35.53979435073061
2031-10-31,32.01978636800132,28.506231258863146,35.445452670069855
2031-11-01,31.922935866170484,28.16885447215645,35.72941718226604
2031-11-02,31.792684011139933,28.387795217238057,35.20182335299602
2031-11-03,32.06191046351589,28.49635201484408,35.38129704025245
2031-11-04,31.93660545226304,28.302806524348988,35.18596217022122
2031-11-05,31.943206230767778,28.48078075337345,35.4124572371972
2031-11-06,31.780005949145398,28.14622426082792,35.30551245473233
2031-11-07,31.874777337373313,28.414113928606632,35.42841116687316
2031-11-08,31.784701709420567,28.550188176003243,35.342229083987625
2031-11-09,31.66120467737797,27.944254531229742,35.06301092625554
2031-11-10,31.937116749511492,28.169933091269186,35.277557962835985
2031-11-11,31.818381339780537,28.23324675473585,35.393421178843724
2031-11-12,31.831388072433604,28.248528427172978,35.4495119093544
2031-11-13,31.674379115243447,28.16086977257479,35.138815438137655
2031-11-14,31.775071069143536,28.32094338140545,35.22745237988834
2031-11-15,31.690583019602492,28.092268297643038,35.27690881662552
2031-11-16,31.57227219277972,28.009900805468753,35.04916889778431
2031-11-17,31.852895401622867,28.388270975824636,35.391643776974675
2031-11-18,31.738318777996934,28.149551761038673,35.25516671674447
2031-11-19,31.75485360176416,28.233952179202994,35.42285518174382
2031-11-20,31.600665849676517,27.854871690852146,34.98292296783042
2031-11-21,31.703401847544214,28.148900290093017,35.26946785199649
2031-11-22,31.620120458946687,28.153870563854365,34.89124141138794
2031-11-23,31.502133060351955,27.824415960918017,35.126705487009836
2031-11-24,31.78216928124531,28.433995295334544,35.42041438535584
2031-11-25,31.666090793315135,28.257400371717935,35.27805649206139
2031-11-26,31.680230750618332,28.05178323056856,35.17582948073079
2031-11-27,31.52280630575157,27.955046689684227,35.105387975923
2031-11-28,31.621546406894357,28.217066172588115,34.93922448563079
2031-11-29,31.533625156829046,28.162549046095045,35.075636508307895
2031-11-30,31.41050186466152,28.069804841294005,34.89021420214812
2031-12-01,31.685085687902646,28.10786034059519,35.22402626022047
2031-12-02,31.563447110364606,27.92558001286723,34.98308447018189
2031-12-03,31.572153864065406,28.109039277912164,35.14763328785244
2031-12-04,31.409678772295916,28.12364279524164,35.00001952346937
2031-12-05,31.504021816150193,27.6887811729513,35.0087721941988
2031-12-06,31.41263684610974,27.83046421025918,34.95944963329173
2031-12-07,31.28726424918764,27.707420365469446,34.71663972824482
2031-12-08,31.56108768313573,28.16518238530816,34.99033614757296
2031-12-09,31.440437364631705,27.701278836109058,34.8639760816368
2031-12-10,31.452117780971644,27.978727867853323,34.69634024232398
2031-12-11,31.294807575378872,27.947027402712056,34.958582022808024
2031-12-12,31.39667418357977,27.74058660860872,35.05998685722372
2031-12-13,31.315293911790604,27.82546030207157,34.89732236394899
2031-12-14,31.202479018987226,27.555539274194654,34.78890019104029
2031-12-15,31.491430142257606,27.910896603988856,35.164538346037844
2031-12-16,31.38843674584181,27.724887863606714,34.91100947410874
2031-12-17,31.420203616299656,27.92371380091569,34.64630911763404
2031-12-18,31.285251259477768,28.04869401861102,34.81894599738614
2031-12-19,31.41153283050621,27.949072640747755,35.04425260031531
2031-12-20,31.356358285135578,27.806637124378756,34.918982008269516
2031-12-21,31.271227256569247,27.789908110450884,35.16782037909672
2031-12-22,31.588988881092085,27.94588562155364,35.10258230512034
2031-12-23,31.515551083061474,28.071777811640732,34.948980582686374
2031-12-24,31.57721712078354,28.202970666815986,35.00877099054968
2031-12-25,31.472096982883127,27.985150912186665,35.06748911676316
2031-12-26,31.62773596223657,28.10581959040854,35.27482964996903
2031-12-27,31.60105076203374,28.03913213744389,35.099353049292716
2031-12-28,31.543174284439942,28.2254311391906,35.20624747156687
2031-12-29,31.886626962037194,28.446998783627034,35.45962811652215
2031-12-30,31.83703678101487,28.130761839559426,35.39574581463326
2031-12-31,31.920485448841884,28.2339214261574,35.37783444215337
2032-01-01,31.83492797107351,28.383562755734857,35.62317856577929
2032-01-02,32.00782767384646,28.40664275090123,35.45185235760636
2032-01-03,31.99609678033964,28.667032473185216,35.61421032164217
2032-01-04,31.950943498183317,28.59998165979715,35.58274349433715
2032-01-05,32.30504334455665,28.865328108746453,35.91928117176517
2032-01-06,32.26425679001371,28.587635727635984,35.483023338004266
2032-01-07,32.35497067504623,28.93004884418751,35.83840141532203
2032-01-08,32.27551073612529,28.671136752041345,35.52559616856888
2032-01-09,32.453767420167274,28.698000172842413,35.96509350724359
2032-01-10,32.44712530581668,28.964484932814038,36.01727180079349
2032-01-11,32.40729736168451,28.886684617381505,35.84910657783433
2032-01-12,32.767482097661926,29.547579981303173,36.125322944515204
2032-01-13,32.73406606767901,29.16818167528533,36.38490397480232
2032-01-14,32.83394959282422,29.3471018954761,36.70896838831676
2032-01-15,32.76594348280536,29.50623625436559,36.393082965608656
2032-01-16,32.95837938978878,29.391570117813558,36.7662043294295
2032-01-17,32.96902456884115,29.62449845456089,36.6159150513886
2032-01-18,32.94990271831918,29.372641564498917,36.45280470539646
2032-01-19,33.33443937381477,29.986535438648833,36.87415322905914
2032-01-20,33.32915469279662,30.141744215961378,37.120431743105804
2032-01-21,33.46098182740046,29.849075469159025,36.86096809802346
2032-01-22,33.428658930872395,29.843599644086986,36.831709979117164
2032-01-23,33.66033762932517,30.1897545162328,37.25239954420559
2032-01-24,33.71349885364676,30.455077272684807,37.256013249955366
2032-01-25,33.7397777435604,29.976849772537133,37.3046545524345
2032-01-26,34.17211605141991,30.433009115990778,37.888220481056614
2032-01-27,34.21646475197361,30.99134812448836,37.81049058821672
2032-01-28,34.39911484188661,30.94818095507685,37.9930593554046
2032-01-29,34.418104082790165,31.08086947558547,37.865573756612086
2032-01-30,34.70084215658394,31.01814323316286,38.09240835140199
2032-01-31,34.8040447029267,31.515657421787356,38.136556364677574
2032-02-01,34.878577474936044,31.424456214924252,38.288706511246566
2032-02-02,35.35662852643752,31.92876042178478,38.98012149010281
2032-02-03,35.44343059839297,31.902686783267356,39.04227948130367
2032-02-04,35.66461114024213,32.02425059842424,38.72192497470527
2032-02-05,35.717617177780284,32.22351215685156,39.17760975225023
2032-02-06,36.02935697556729,32.33272865687786,39.76872811065851
2032-02-07,36.15614847939804,32.48198396258447,39.77030306090646
2032-02-08,36.248575341188925,32.65608370872547,39.53132306386401
2032-02-09,36.738668069551544,33.09439213116765,40.297212759336304
2032-02-10,36.83163217862125,33.40434312576787,40.47883988609519
2032-02-11,37.05320056025113,33.499185618966855,40.60792317034438
2032-02-12,37.10105717210569,33.542897201633636,40.45358194077619
2032-02-13,37.40247396670055,34.0608702706383,40.95891981493388
2032-02-14,37.51425112222483,34.01264791318612,41.02814901707848
2032-02-15,37.58756155014946,34.18280263652402,41.369416618568415
2032-02-16,38.05511748944497,34.67397017760231,41.5250628738106
2032-02-17,38.12288141430374,34.69691145284229,41.659645599580756
2032-02-18,38.31739891367687,34.818772910028336,42.06443146643485
2032-02-19,38.337201136353855,34.81277956628901,41.76595507181028
2032-02-20,38.61041928263902,35.16469807843268,42.28866536560418
2032-02-21,38.69470179949963,35.24998821636946,42.02036084121256
2032-02-22,38.74203587425197,35.16190237127056,42.1229672135832
2032-02-23,39.18589166379986,35.47713081414291,42.678700389422424
2032-02-24,39.232912103258556,35.5942203906213,42.58545939745762
2032-02-25,39.41022654191129,35.9666769832354,43.11731259921998
2032-02-26,39.416836345868965,35.70890988446153,42.897110908232065
2032-02-27,39.68121543461833,36.23007814203942,43.35023702296477
2032-02-28,39.761216820944675,35.883453809673654,42.988449892326926
2032-02-29,39.80888707622036,36.12064098313843,43.45525412393911
2032-03-01,40.25760738942535,36.64215281930652,43.869956083755056
2032-03-02,40.313784192244164,36.799602909376134,43.75994454486412
2032-03-03,40.504167619310145,36.97389191502741,43.931051527087696
2032-03-04,40.52724585503775,37.18731725444896,44.05287316584305
2032-03-05,40.81085813877728,37.328721258176586,44.248159452904815
2032-03-06,40.912117199021225,37.571976101999496,44.50945757398931
2032-03-07,40.982242643999435,37.55903457666808,44.516293568678776
2032-03-08,41.45372349631962,38.046300879062066,44.83941401494773
2032-03-09,41.532032289781824,38.00651183545037,45.45599166572317
2032-03-10,41.74296838402492,38.086259472254596,45.24759692843455
2032-03-11,41.78407789238747,38.4099381715612,45.202356016053145
2032-03-12,42.08229231321524,38.82299707424393,45.238839492605734
2032-03-13,42.19387594707134,38.7651140271245,45.583854561745305
2032-03-14,42.269282950555,38.75142453426122,45.66292996287244
2032-03-15,42.740341568062966,39.351401422903315,46.28894532352015
2032-03-16,42.81198736109576,38.95517245940262,46.31832000387424
2032-03-17,43.00962255698001,39.47119135893627,46.59179763668175
2032-03-18,43.03054845767509,39.74244844527957,46.331769922150194
2032-03-19,43.301612636590995,39.84620737630018,46.70907971454619
2032-03-20,43.379160745884526,39.73673187677918,46.97437657073846
2032-03-21,43.413893635135146,39.787034851950324,46.96472598276894
2032-03-22,43.83804728756981,40.30624601147515,47.34345271127856
2032-03-23,43.85711747466334,40.14955203874753,47.49382909197515
2032-03-24,43.99720644667214,40.534624931040305,47.59633824995092
2032-03-25,43.9564389055802,40.28877473300367,47.51121298706573
2032-03-26,44.16258939619445,40.854311849447555,47.74699057657834
2032-03-27,44.17301143746273,40.73340991516439,47.53203424393697
2032-03-28,44.139469673052425,40.83981587425879,47.59487320922767
2032-03-29,44.49529318898011,40.936457729054816,47.92851387052377
2032-03-30,44.447072587151595,40.95893875955526,48.032659250282805
2032-03-31,44.52197884869019,41.148071157238284,47.85363195486376
2032-04-01,44.41915195894294,40.982272206526126,48.10944170095168
2032-04-02,44.567302145280365,40.91708817816581,48.303743277426975
2032-04-03,44.524614735824855,41.17498760414734,47.95980711215691
2032-04-04,44.44356055677652,40.80125391910795,48.11857570901162
2032-04-05,44.75803059017426,41.05950469487279,48.23506281013626
2032-04-06,44.67501797511961,41.23844280119752,47.98661598481071
2032-04-07,44.721925787539575,41.02819831708583,47.86369274934987
2032-04-08,44.597948867870066,40.83019961954334,47.98705973788456
2032-04-09,44.731672733719805,41.138083247904305,48.17088411009272
2032-04-10,44.68098065519326,40.96879532090599,48.290177441083706
2032-04-11,44.59787076192185,41.033079663543475,48.16624667646529
2032-04-12,44.91560173825066,41.79165575938282,48.47211522991257
2032-04-13,44.84038991211229,41.40015001911892,48.50200907252694
2032-04-14,44.898735790415486,41.256910409298186,48.44215047369425
2032-04-15,44.788827833831064,41.48933545705807,48.29487266842768
2032-04-16,44.93816594994808,41.27487359156032,48.31767931807514
2032-04-17,44.90349515784246,41.15971257500288,48.24299519227657
2032-04-18,44.835650618466474,41.45945865089589,48.327403841816704
2032-04-19,45.166731880732115,41.740054522071574,48.301415235553655
2032-04-20,45.101828428785836,41.587378252942294,48.85558560309819
2032-04-21,45.16637386894762,41.722624378431014,48.78264750598561
2032-04-22,45.05757585906638,41.340399316231306,48.535294798561644
2032-04-23,45.20206361134372,41.69241600729657,48.47826780709039
2032-04-24,45.15584283255545,41.79674779192623,48.498957847597
2032-04-25,45.0691587808912,41.40624530841778,48.56380500032995
2032-04-26,45.37368486070937,41.78639199929442,49.190499870927795
2032-04-27,45.27425850945019,41.73907766744282,48.91358812642259
2032-04-28,45.29624148886394,41.8639200564352,48.88860751350539
2032-04-29,45.13695156690972,41.88827169465299,48.771094981929146
2032-04-30,45.22330741684914,41.95996081800157,48.867752661596484
2032-05-01,45.111776703714995,41.531090497520104,48.96345750541836
2032-05-02,44.953228250330206,41.482470992973,48.20431942211045
2032-05-03,45.1801060170969,41.63323840965829,48.52873825090338
2032-05-04,44.99814705312703,41.45122990338827,48.45945569040404
2032-05-05,44.93372101295016,41.37092554658165,48.3118047855334
2032-05-06,44.68523877227394,41.1116803939783,48.09714684112741
2032-05-07,44.68077256611605,41.284555081925205,48.325191570324755
2032-05-08,44.47797824968245,41.15704057991035,47.88030103803186
2032-05-09,44.22892122060766,40.77020119963968,47.53668562149259
2032-05-10,44.367224382273854,40.75660668287778,47.864618873020504
2032-05-11,44.09976093337566,40.56038419103911,47.55481130857395
2032-05-12,43.95397017146022,40.39672673791549,47.293408211775585
2032-05-13,43.62924438831888,39.88538324012755,46.86287054857913
2032-05-14,43.55452976253605,40.04052533841275,47.027830004416394
2032-05-15,43.28823225753372,39.97186412481481,46.93384631550903
2032-05-16,42.98303038868514,39.532762876692445,46.32949406613224
2032-05-17,43.073013474141014,39.5946440060965,46.48100695975764
2032-05-18,42.76536829548259,38.82292156876665,46.26882207601434
2032-05-19,42.5876924013133,39.24757358705966,46.022901728824465
2032-05-20,42.239382082688806,39.03605649359282,45.73519592205161
2032-05-21,42.149237786091646,38.776550683367276,45.831612011962186
2032-05-22,41.87537774844393,38.26655157697436,45.462969969146094
2032-05-23,41.57006141775152,38.165591725986715,45.14128303252018
2032-05-24,41.66684090863622,38.1984654677859,45.17151233339825
2032-05-25,41.37226299975735,37.69139776423146,44.76764297306998
2032-05-26,41.213199446651196,37.647311812298206,44.68625040376511
2032-05-27,40.88825315285343,37.27260169121906,44.251292251587394
2032-05-28,40.82538246691182,37.46649661655306,44.325632442214584
2032-05-29,40.581833893800614,36.97089396438448,44.20071884158936
2032-05-30,40.30898430465559,37.12917723830792,43.7836569394706
2032-05-31,40.43951044342048,36.9622123678601,43.7829427153697
2032-06-01,40.17910782774903,36.633493565123466,43.73256173948635
2032-06-02,40.05383645930537,36.54412808664573,43.69272084543279
2032-06-03,39.761540587520265,36.1454144993331,43.04002393036171
2032-06-04,39.72948456166255,36.054399210748834,43.24798805914093
2032-06-05,39.51429489731264,36.02697437104031,43.113848640669346
2032-06-06,39.26680955079952,35.59876344222117,42.905727973824845
2032-06-07,39.41925218177069,35.87781190412841,43.10624319944533
2032-06-08,39.176953552110724,35.71338941637411,42.78411604387621
2032-06-09,39.06569759174817,35.66175599699569,42.63379629668736
2032-06-10,38.783139548996445,35.25849160061067,42.409632769317035
2032-06-11,38.75643848365268,35.21176973622725,42.20161479610961
2032-06-12,38.5421944925898,34.843196842653235,42.04451048769556
2032-06-13,38.29129195468911,34.81152027436501,41.934507329836066
2032-06-14,38.436066887015656,34.85667086254219,41.95890498866276
2032-06-15,38.18202087881587,34.82917717842786,41.6096091174177
2032-06-16,38.05515944772752,34.580228933118285,41.606959943357076
2032-06-17,37.753402533825614,34.214092240530704,41.25567761077484
2032-06-18,37.70420966182296,34.07789582307432,40.98676250790137
2032-06-19,37.464510398237046,33.75792322023745,40.697710721035065
2032-06-20,37.1855415848743,33.88226039213474,41.17898563417027
2032-06-21,37.300009586272424,33.84299033677728,40.70639288820389
2032-06-22,37.013800110939144,33.61412188844757,40.68213080025047
2032-06-23,36.853313488979026,33.57129487804716,40.365341236820534
2032-06-24,36.51687310506511,33.09292764156831,40.188270936036595
2032-06-25,36.432349447350994,33.05081272605051,39.85277977943976
2032-06-26,36.15709028017727,32.53991136795459,39.89495279477636
2032-06-27,35.84275825934449,32.35204203363692,39.07978613620126
2032-06-28,35.92249402884972,32.18675512564228,39.63454385867337
2032-06-29,35.60262713227178,32.081265065902805,39.25319486820716
2032-06-30,35.410012376847256,32.09398786422891,38.790448400752666
2032-07-01,35.04343909692962,31.62660557767999,38.62059578777733
2032-07-02,34.93125552824956,31.353531299716774,38.28495910653653
2032-07-03,34.631298565514925,31.27671928693433,38.16088050544358
2032-07-04,34.29573001116975,30.856364694877982,37.674939124039206
2032-07-05,34.35819717704701,30.87613364613653,37.87873595833103
2032-07-06,34.02554003767512,30.46712804544792,37.7427159530375
2032-07-07,33.82512248853885,30.04749986396887,37.36669072231976
2032-07-08,33.45623512670343,29.93662007391356,36.94096675587291
2032-07-09,33.347711795138665,29.72316595833027,36.713470483705606
2032-07-10,33.05785025411797,29.51835781293819,36.59248900973823
2032-07-11,32.73923823890842,29.314629663673497,36.09998851140772
2032-07-12,32.825902975071756,29.381077744017375,36.33355727140817
2032-07-13,32.525006613258476,29.248305801613963,35.834199025535845
2032-07-14,32.364165446949556,28.61384823399658,36.14746499888921
2032-07-15,32.04284067947421,28.393922386103966,35.57592584000339
2032-07-16,31.989943359303044,28.46695526033987,35.602513943225055
2032-07-17,31.76374424230341,28.313198671461638,35.48108638318792
2032-07-18,31.51669024089682,27.92513073400446,34.90537547411419
2032-07-19,31.68254592493023,28.14675883626016,34.98480219408389
2032-07-20,31.468082909201623,28.12214523531274,34.88373219014559
2032-07-21,31.400395331309873,27.666372699257558,34.78407823390356
2032-07-22,31.178289480957336,27.576593200468725,34.468225216716085
2032-07-23,31.229890438183787,27.68606640730193,34.781074776402626
2032-07-24,31.11255665134214,27.666962076374073,34.790950830581814
2032-07-25,30.97770421247558,27.51266298973553,34.72756539487229
2032-07-26,31.257959311844836,28.011861101374272,34.88510385485237
2032-07-27,31.158861638943655,27.720163185224255,34.86158026286751
2032-07-28,31.20619677955439,27.77135445647743,34.777510978950254
2032-07-29,31.097405430443892,27.518762609507693,34.55339560651366
2032-07-30,31.25921196736557,27.62740097662049,34.86504359759715
2032-07-31,31.247562898964063,27.744521281729778,34.9158704735823
2032-08-01,31.212476497641884,27.63961798148299,34.69949814018009
2032-08-02,31.585221564524318,28.332018151861377,35.14990720917689
2032-08-03,31.57004752530782,28.158426398411898,35.038481666089
2032-08-04,31.691543303885904,28.300174946158506,35.17132603936712
2032-08-05,31.64607217560866,28.141989368367586,35.172197745855634
2032-08-06,31.85942451478759,28.29173321283487,35.418332055094595
2032-08-07,31.886778362998044,28.422636370059916,35.20146033005388
2032-08-08,31.877568534401586,28.406901116750433,35.46085609279721
2032-08-09,32.262681687300606,28.736612842322682,35.68542947438393
2032-08-10,32.24619909248468,28.680635513888422,35.661092731050815
2032-08-11,32.35276415424154,28.78921310743304,35.986468730809676
2032-08-12,32.279021581604276,28.9339880965941,35.614111322122994
2032-08-13,32.451269916664224,28.746081197000255,35.828461692948515
2032-08-14,32.42541724230501,29.01676908577032,35.9879344783358
2032-08-15,32.35184078965442,28.592280027922534,35.83280930750753
2032-08-16,32.66256798855607,29.125410569790986,36.241545995870055
2032-08-17,32.563000914858065,29.097473664274062,36.3378051385286
2032-08-18,32.57926151871596,29.08420453218675,36.18158648758977
2032-08-19,32.40960495847536,28.904927060735766,35.95471304156467
2032-08-20,32.482043263157,28.936178611181756,36.141015058800576
2032-08-21,32.35426973978342,28.99003963076584,35.79583419612402
2032-08-22,32.17848550348928,28.59405049727918,35.704698444436765
2032-08-23,32.38854637976725,28.80483176999881,35.98163472353728
2032-08-24,32.191652869983216,28.699498542611874,35.82206906719547
2032-08-25,32.11566131535429,28.661119852427937,35.561673708647376
2032-08-26,31.860464330195747,28.41657663652818,35.21646607495632
2032-08-27,31.85558345078526,28.416295747143874,35.396821761796446
2032-08-28,31.660065098649646,28.136766593642985,35.21275776741116
2032-08-29,31.427281861388426,27.831416426247767,34.87406324830673
2032-08-30,31.59205789263804,27.84342651759034,35.041509715940215
2032-08-31,31.3623415882464,27.884011676451102,34.82203206416555
2032-09-01,31.266504042063012,27.9865585802155,34.689197437038246
2032-09-02,31.004711613751994,27.483551464149766,34.489416757421296
2032-09-03,31.006515703790352,27.293417061797786,34.54403494327978
2032-09-04,30.830750867255137,27.40988045926996,34.42654572579422
2032-09-05,30.63034318580008,27.265990748290225,33.87820636258007
2032-09-06,30.839447501926415,27.234017920909494,34.52022307825243
2032-09-07,30.66513636674777,27.237325396667817,33.95214198835945
2032-09-08,30.63471879851847,27.223121837736077,34.15250598114948
2032-09-09,30.44713668869778,26.95279798923962,33.93336722357875
2032-09-10,30.53058137841311,27.09891552328857,33.87442410193605
2032-09-11,30.442420902587983,26.712801757546348,34.08939334223669
2032-09-12,30.334039141005185,27.07052679199368,33.76064328481288
2032-09-13,30.638004771622466,27.2344712026535,34.08137770807353
2032-09-14,30.559792157523813,27.154769442900967,33.76797906307648
2032-09-15,30.625131551868712,26.934602757822827,34.31463467302748
2032-09-16,30.531435768909247,26.952929727363387,33.892465107828265
2032-09-17,30.70544519601689,27.016955780559584,34.162720205098736
2032-09-18,30.70318105219657,27.194598928216664,34.232814867761576
2032-09-19,30.674807610294007,27.076444976964595,33.93503448546748
2032-09-20,31.051820837478104,27.709295333621615,34.56953689128167
2032-09-21,31.038785235431284,27.49199622546638,34.51936665767253
2032-09-22,31.160696012177944,27.61644290653643,34.58933034200525
2032-09-23,31.11441358300351,27.281186892726076,34.46923085064319
2032-09-24,31.32631222805113,27.914342020193263,34.91132077023569
2032-09-25,31.35223286679154,27.79256430897414,35.04833695610525
2032-09-26,31.3423408194448,27.673972666928243,34.78293176075414
2032-09-27,31.72830625468877,28.372326677206967,35.22776030123255
2032-09-28,31.715029432999607,28.451269173316415,34.99889644257992
2032-09-29,31.82798827811843,28.333997170050978,35.386979809222204
2032-09-30,31.764655734858447,28.39552917749025,35.23184884187356
2032-10-01,31.95212924835922,28.184834238842033,35.459162355517385
2032-10-02,31.947062864582644,28.42513418589119,35.45601802638894
2032-10-03,31.90050337891794,28.30935788524347,35.23476235582263
2032-10-04,32.24504879105498,28.761249383561243,35.68023499988016
2032-10-05,32.18655172161969,28.558447938448925,35.52503374042823
2032-10-06,32.251445842539916,28.756153064581174,35.43084351545859
2032-10-07,32.13814325931961,28.750840621409523,35.56397961466008
2032-10-08,32.27464560931153,28.801663716584944,35.47599660546132
2032-10-09,32.21845974417138,28.74577199823286,35.793971237533185
2032-10-10,32.12141972343053,28.715797165024014,35.614884530269265
2032-10-11,32.41683360348797,29.0020014385621,36.05412863951323
2032-10-12,32.31117782653032,28.828321463125434,35.85643183308784
2032-10-13,32.331417332068256,28.95293771246537,36.00231418672547
2032-10-14,32.17639932302811,28.58831666890502,35.699124497610754
2032-10-15,32.27446337060643,28.823668079354007,35.96661187349068
2032-10-16,32.183358577982744,28.631555674866128,35.33490174540499
2032-10-17,32.055069320673944,28.42648536184786,35.43439849152405
2032-10-18,32.32296778641549,28.645100924842716,35.829819670937056
2032-10-19,32.1935158152627,28.602482988919046,35.573680810764536
2032-10-20,32.19359382732364,28.410700132954023,35.85906616684003
2032-10-21,32.021904414730884,28.22740753417294,35.39940319964688
2032-10-22,32.106592918300336,28.217213368870443,35.52491538494404
2032-10-23,32.00517534821827,28.375241076629706,35.65509985701492
2032-10-24,31.869374819818205,28.122263452144548,35.560975324057736
2032-10-25,32.13228440469331,28.80233445900051,35.43721738979563
2032-10-26,32.0000786083476,28.58461177447875,35.58025193258266
2032-10-27,31.999351013131797,28.73373365420392,35.406065835700446
2032-10-28,31.82852546121689,28.172808109430882,35.47779321747383
2032-10-29,31.915482947460266,28.38076400643225,35.675534341339905
2032-10-30,31.81749448469567,28.191825959138814,35.30142837413594
2032-10-31,31.68606107015524,28.227881800148342,35.24167874692698
2032-11-01,31.954078664309844,28.577356197642207,35.647245789491414
2032-11-02,31.827550454875826,28.405697235269994,35.23124252694588
2032-11-03,31.83292405230221,28.527761976764914,35.37453701253396
2032-11-04,31.668501139306102,28.21800527446391,35.144859017526606
2032-11-05,31.76206192516375,28.30237522174738,35.07800227044989
2032-11-06,31.670794873299307,28.2951866337279,35.08928213990714
2032-11-07,31.546133053345645,27.933212338518175,34.67083520587544
2032-11-08,31.820915258929094,28.327293544595573,35.243700325794244
2032-11-09,31.70109439234389,28.251350914863423,35.24097915913262
2032-11-10,31.713070980650222,28.00710078801297,35.27365477540376
2032-11-11,31.55509954547076,28.06048044632187,34.847421075177216
2032-11-12,31.654910351237604,28.067021153678006,35.15634447851228
2032-11-13,31.56963714241413,27.94336605737669,34.93272115466402
2032-11-14,31.450652325911538,27.775314022834785,34.901611559957736
2032-11-15,31.730727804453352,28.26139569662685,35.34252981293527
2032-11-16,31.615743984100952,28.110717720153254,34.93789238376144
2032-11-17,31.63202479955119,28.26672259331287,34.94941269929935
2032-11-18,31.47774641692025,27.858746639350688,35.11866594708476
2032-11-19,31.580562037150003,27.917210986882612,35.21957331659762
2032-11-20,31.497533274210028,27.78778449142319,34.909960692046184
2032-11-21,31.379969398550745,27.720772048307072,34.90055492749575
2032-11-22,31.660592463004733,28.23000542459203,35.054381815966636
2032-11-23,31.545250630380913,27.869974990207318,35.012477334097944
2032-11-24,31.56025733492511,28.140353757233953,35.14881047665443
2032-11-25,31.403803726793512,27.76908956109047,34.648933372894746
2032-11-26,31.503586621330147,27.926838166100378,34.81524316930939
2032-11-27,31.41674224314403,27.909674224317556,34.92502595063408
2032-11-28,31.29468689608006,27.688347180487046,34.7235480967172
2032-11-29,31.57028244831345,28.22269537640693,35.11234456000399
2032-11-30,31.44954886087725,27.94673833162426,34.85038832212361
2032-12-01,31.459001342344425,28.143487791333666,35.16196931301406
2032-12-02,31.29705957368899,28.00668656128258,35.116141269519005
2032-12-03,31.39167126577329,27.698567897773106,34.59239064112399
2032-12-04,31.300240425734252,27.500290038807993,34.460402505556424
2032-12-05,31.17446159334449,27.762008757877734,34.93923627975199
2032-12-06,31.447478106990516,28.147039738507484,35.19326193144412
2032-12-07,31.32558683348676,27.89291792611124,34.90858458133603
2032-12-08,31.335567179625585,28.044791328395128,34.96790907916867
2032-12-09,31.176082086676093,27.741832384723317,34.792881832118006
2032-12-10,31.27529354112173,27.68459247169956,34.826932359194615
2032-12-11,31.1907832535348,27.69406716824319,34.716495486350105
2032-12-12,31.074380037799077,27.629906610198635,34.76217804215449
2032-12-13,31.359312207608312,27.852631692838404,34.87189815074832
2032-12-14,31.25190765879619,27.955988039092553,35.03531376551657
2032-12-15,31.278919658283627,27.695149495936526,34.6270860762348
2032-12-16,31.138926204547552,27.610731720990195,34.881440267366145
2032-12-17,31.259945610851307,27.701570188344196,34.77042290099311
2032-12-18,31.199359030059327,27.486876614623313,34.545322553976774
2032-12-19,31.10874146551486,27.479133919516073,34.90829193577635
2032-12-20,31.421019540413752,28.115173003250938,34.485295095650514
2032-12-21,31.342178592854857,27.423053772078013,34.72730972848132
2032-12-22,31.39859696062101,27.76886176405908,34.98717566772847
2032-12-23,31.288455111960154,27.89792718101426,34.68027472366362
2032-12-24,31.439362018201656,28.051935307091878,35.170971730761465
2032-12-25,31.408289191677476,27.833887864728062,34.870555958739644
2032-12-26,31.34641360616306,27.867465521123016,34.762634413767664
2032-12-27,31.686287422674084,28.27002303007065,34.99690835486629
2032-12-28,31.63355672598456,27.887487059078826,35.1698898106221
2032-12-29,31.71430677289667,28.212178394368088,35.21201630179692
2032-12-30,31.62648105550302,28.003575822005395,34.97945950828301
2032-12-31,31.797516243338187,28.105990493484224,35.2339802214378
2033-01-01,31.784283127797714,28.214443750162733,35.41215965071134
2033-01-02,31.737934527860794,28.44270887297746,35.23491433309425
2033-01-03,32.09107787251386,28.786565322585403,35.43314145855208
2033-01-04,32.049494516191,28.62158153861188,35.50362613393244
2033-01-05,32.13948320357478,28.43628479250223,35.59613826594821
2033-01-06,32.05927497069355,28.613716070588644,35.47793634252893
2033-01-07,32.236661600592946,28.6248784930364,35.51670581196354
2033-01-08,32.22892788191929,28.83357057626235,35.96495562300859
2033-01-09,32.187688823020885,28.741934796812693,36.06791705027865
2033-01-10,32.54604979486238,28.909786250618314,35.95579645504484
2033-01-11,32.510311975188614,28.928549090447994,36.15137064407808
2033-01-12,32.60730087645737,29.14205702169301,36.06840098058265
2033-01-13,32.53576565104226,28.88905485555379,35.95561819264359
2033-01-14,32.72399172776339,29.472839900108692,36.37749951459775
2033-01-15,32.729717480935015,28.989067827318006,36.142034015213234
2033-01-16,32.704956541382934,29.164601500335294,36.03661789867131
2033-01-17,33.08314417042056,29.76905587173884,36.54787504936676
2033-01-18,33.07083049427911,29.4833682063094,36.60418880274514
2033-01-19,33.19499877115192,29.51019620897914,36.91099687512151
2033-01-20,33.1544567265013,29.75368764198069,36.38607606212006
2033-01-21,33.37744379434965,30.084771264402963,36.9240672116319
2033-01-22,33.42154518157567,29.83432292526883,36.96803978492839
2033-01-23,33.438514505143985,30.2467769557407,36.96089562882131
2033-01-24,33.86142348267371,30.058665253455395,37.18204907152776
2033-01-25,33.89636144914331,30.61237545684478,37.57391760395748
2033-01-26,34.069762762114316,30.646544285128513,37.66778271494762
2033-01-27,34.07980993775528,30.522193583697653,37.67991104744918
2033-01-28,34.354055082652714,31.09584158466134,37.79206260398918
2033-01-29,34.449350192525344,31.206423411968643,37.870504473021995
2033-01-30,34.51668765734046,30.776616151744218,37.73033663921006
2033-01-31,34.988368988957845,31.53813530217288,38.31425350740846
2033-02-01,35.06972403814156,31.7238988166774,38.400151322803815
2033-02-02,35.28645822939063,31.691659672707825,38.784904085997326
2033-02-03,35.33607510883481,31.800171578174794,38.8247454366522
2033-02-04,35.64551622504056,32.02037917754725,39.2632583509644
2033-02-05,35.77110838632695,32.28926238128202,39.28466246280433
2033-02-06,35.86341913928005,32.62437661385844,39.48719067447423
2033-02-07,36.3544380369225,32.89555054264326,39.802622779743984
2033-02-08,36.44930557625909,32.969085689289216,40.037510073220396
2033-02-09,36.67366701895416,32.89835824201713,39.965840396152245
2033-02-10,36.72509815779008,33.43538190789236,40.15027138307751
2033-02-11,37.03074490630431,33.52844370970401,40.573591021046504
2033-02-12,37.14726670793248,33.28844818762891,40.57799553794167
2033-02-13,37.22568466002061,33.765710298364354,40.649827563099244
2033-02-14,37.69855206969737,34.38535403828502,41.18348484798147
2033-02-15,37.77166956494709,34.324541600775284,41.34839308703593
2033-02-16,37.97142230763349,34.40280163076703,41.46004859663398
2033-02-17,37.99618678566469,34.3033543126623,41.48467384114994
2033-02-18,38.27394954698146,34.500335277645895,41.94439913046705
2033-02-19,38.36222841533538,34.64958062217189,41.691500243831186
2033-02-20,38.412897670727865,35.08024397116907,41.975480914273255
2033-02-21,38.859335527122134,35.26976422046456,42.266489249962
2033-02-22,38.908116657744465,35.25107298834125,42.45347924204053
2033-02-23,39.08632793592256,35.40304673737799,42.62440651418226
2033-02-24,39.09295546663634,35.78175738018139,42.86907401814109
2033-02-25,39.3564858296385,35.710689550099495,42.78352723953825
2033-02-26,39.43481257651383,35.82946661100143,42.85590205429849
2033-02-27,39.48004989672914,36.05686495150379,43.16722684772572
2033-02-28,39.92567213466707,36.30799938202983,43.52333886283807
2033-03-01,39.97820216400969,36.339214981989485,43.37014533600837
2033-03-02,40.164526942146296,36.44920176617159,43.69622462014966
2033-03-03,40.18328836803765,36.85950454725126,43.87888526622256
2033-03-04,40.4624923037287,36.81944177893396,43.936990708534836
2033-03-05,40.55942663296091,37.22885725089955,44.21760309290959
2033-03-06,40.62548999851123,37.03397876940987,44.20246583743529
2033-03-07,41.093349528656134,37.55615765297059,44.65404413813129
2033-03-08,41.16865009893065,37.676323441855054,44.68305764021446
2033-03-09,41.377352914682156,38.02781550628033,44.910736321343826
2033-03-10,41.41715093780841,37.78164131206609,45.052992628284834
2033-03-11,41.715103370825545,38.17116260808299,45.21096613924057
2033-03-12,41.82757939496259,38.283214304206105,45.51033774997519
2033-03-13,41.9051121154653,38.50154040036845,45.14301227462802
2033-03-14,42.379580343350526,38.93377587175561,45.952669118001
2033-03-15,42.455940104053035,39.10866132886895,45.886253262484495
2033-03-16,42.659583046494944,39.32826783284231,46.2711498231593
2033-03-17,42.687768724431464,39.08273352390765,46.164954647784405
2033-03-18,42.96727248754755,39.38120676046183,46.49957794408476
2033-03-19,43.0543387924207,39.82441576338801,46.52889124244036
2033-03-20,43.099540600234306,39.49834533829513,46.606854360889315
2033-03-21,43.534962312503254,40.01549200650927,47.322571489928386
2033-03-22,43.56592807123855,39.84770216968907,46.95144740115538
2033-03-23,43.71835264913788,39.94348392465497,47.395986134921195
2033-03-24,43.69016206916882,40.00505826654712,47.179321980252105
2033-03-25,43.9089259697885,40.50415033030483,47.44093963009196
2033-03-26,43.93179190921018,40.629790466267785,47.623161366175204
2033-03-27,43.910322753315995,40.32785341336916,47.39995022221638
2033-03-28,44.27765515837075,40.5650086799492,47.59179528005704
2033-03-29,44.24020160221492,40.426355575425454,47.675800302466826
2033-03-30,44.32497386765347,40.792944016093216,47.89105817321488
2033-03-31,44.23097582836847,40.629911286553494,47.5855722559957
2033-04-01,44.38680827861202,40.7647242467252,47.65041587263423
2033-04-02,44.350576719722255,40.984192324090735,47.94250784090134
2033-04-03,44.274703943243914,40.63266988534117,47.67955323971489
2033-04-04,44.593066073947945,41.309169713901774,48.20536511023255
2033-04-05,44.51267511810311,40.6453707023788,47.786001038572664
2033-04-06,44.56098643622449,41.08135793627921,48.033537525156305
2033-04-07,44.43727941613608,40.91052502085133,48.09569841959411
2033-04-08,44.57025441187851,40.997947830566055,48.03643090449135
2033-04-09,44.51793707592175,40.95887197310618,48.003649800904775
2033-04-10,44.43249202340065,40.9153565091375,48.05261377686953
2033-04-11,44.74736447253874,41.104143943901086,48.30145587071222
2033-04-12,44.66897277018203,41.30245659588134,48.2976606872564
2033-04-13,44.72402997152577,41.09659059379128,48.14232556636964
2033-04-14,44.61094239300423,41.258813151529765,48.1449074972407
2033-04-15,44.75742774980465,41.15607282441035,48.30934131213733
2033-04-16,44.72044346646455,41.4243796235473,48.45187803412666
2033-04-17,44.651026489739436,40.83667230504395,48.14680810682105
2033-04-18,44.98146258419019,41.35543092488005,48.46499716477859
2033-04-19,44.91700731900999,41.349432544118905,48.20575171295833
2033-04-20,44.983236196800036,41.49557129831483,48.59266075278876
2033-04-21,44.877471125680245,41.22242675599206,48.55967552476311
2033-04-22,45.026425148309976,41.431206219455014,48.546496800215856
2033-04-23,44.98615535616319,41.141810519053216,48.17466233753665
2033-04-24,44.90692471299347,41.47601067247487,48.49373929308371
2033-04-25,45.220390232924,41.66194822998307,48.671639921865655
2033-04-26,45.13133927039695,41.80081210951035,48.6592024531973
2033-04-27,45.165051016281346,41.76214303962496,48.4229840184146
2033-04-28,45.01873014836371,41.543625827066975,48.58655947529069
2033-04-29,45.11915440564745,41.6885514319439,48.59626442290472
2033-04-30,45.02262598229172,41.559294463945676,48.60194644469885
2033-05-01,44.87982754393539,41.3786930672944,48.363392059514986
2033-05-02,45.12300049864941,41.4843328666252,48.50950936310733
2033-05-03,44.957667568510345,41.75016556205594,48.528616643720135
2033-05-04,44.90997713777403,41.480847970086636,48.33522557469154
2033-05-05,44.67811678953721,41.35643353270795,48.13444736750788
2033-05-06,44.68993833251856,41.05232075562505,47.95421361749041
2033-05-07,44.502884799679286,40.914713418885654,47.68309703741069
2033-05-08,44.268820844839034,40.67476003660473,47.74796242004692
2033-05-09,44.42118481357152,40.84327228424735,47.754823696611865
2033-05-10,44.16668518164057,40.90352256530738,47.5785466978131
2033-05-11,44.03261947065351,40.220040377064215,47.53681628043769
2033-05-12,43.71826365625383,39.87241730004799,47.08245902838616
2033-05-13,43.65247492850401,40.28559407548447,47.025640681049694
2033-05-14,43.39359878489593,39.880945656493246,46.71500969681591
2033-05-15,43.094282309632455,39.716645615413455,46.63791275339706
2033-05-16,43.1886122618058,39.74836428998708,46.72019263108376
2033-05-17,42.88380092377025,39.167591868225436,46.28259506036238
2033-05-18,42.707497983997904,38.948094009158396,46.2215422685915
2033-05-19,42.35917653903114,39.041871977003034,46.17338607578835
2033-05-20,42.26773604853266,38.56421365966161,45.711955157817485
2033-05-21,41.99141310647525,38.469739667024406,45.344468824447986
2033-05-22,41.68260167853418,38.28211762704776,45.437874115818644
2033-05-23,41.77500114656912,38.2428057089672,45.506004851070855
2033-05-24,41.47531476132126,37.64503815138898,45.12165678111988
2033-05-25,41.31057637074846,37.76357434782368,44.82728745028483
2033-05-26,40.97955305788685,37.38913910975795,44.316071543850924
2033-05-27,40.91036604146811,37.50958113975131,44.406058931005255
2033-05-28,40.66042020585932,37.24731875354961,44.067838865009335
2033-05-29,40.38124341261807,36.96985142258221,43.74421109079126
2033-05-30,40.505653449500976,36.866235890981805,44.01594494452648
2033-05-31,40.2394747589309,36.634897257984704,43.56676202393429
2033-06-01,40.10888239251477,36.63926172655924,43.725130950177046
2033-06-02,39.81182045332002,36.4203630759389,43.234151972308425
2033-06-03,39.775637064820174,36.013195992194724,43.22162360058934
2033-06-04,39.55702598332159,35.98169530281203,43.039294883581015
2033-06-05,39.3068758258804,35.68416619360368,42.98415767878139
2033-06-06,39.45744466108125,35.89550680277688,43.02306937650334
2033-06-07,39.21408206854241,35.76711548648067,42.79178043753684
2033-06-08,39.10257614748754,35.543181666990094,42.72356712199112
2033-06-09,38.820572836054275,35.27148921816391,42.482995568992564
2033-06-10,38.79520973989445,35.356142991220004,41.99470376423606
2033-06-11,38.58305479870731,35.21364560122743,42.001332104325975
2033-06-12,38.334951017198236,34.64468123713281,41.64487186632484
2033-06-13,38.48318529485422,34.99189210814395,41.88951711140376
2033-06-14,38.233203768442976,34.7961870301494,41.55198039797092
2033-06-15,38.110951465535294,34.3317078362885,41.856400090173274
2033-06-16,37.81428394663662,34.215588114779784,41.33585317827658
2033-06-17,37.77059343748115,34.28678039152452,41.36201952247954
2033-06-18,37.536740059572644,34.37071894686101,40.64238442145905
2033-06-19,37.263889632118754,33.739327440006846,40.62774761852817
2033-06-20,37.38467628541452,33.67349197380004,41.036737339631394
2033-06-21,37.10491245812406,33.69917298079257,40.384304506169364
2033-06-22,36.950924183282886,33.4973561758782,40.597760283775074
2033-06-23,36.62095939273671,33.05998587870812,40.12885781732933
2033-06-24,36.542811738505826,33.16247779751779,39.98201559146206
2033-06-25,36.27375048240856,32.75261013976454,40.06869988839415
2033-06-26,35.96535781995777,32.40228471145626,39.57795671120797
2033-06-27,36.05069172635542,32.615032261650434,39.73304976532972
2033-06-28,35.735996706488514,32.093263246398614,39.40653086815672
2033-06-29,35.54804013326668,31.73940143091409,39.63840356518716
2033-06-30,35.18552166297883,31.73662841193384,38.88850045001466
2033-07-01,35.07669797479241,31.19928479505487,38.777720963141974
2033-07-02,34.77931313478707,31.19329157103077,38.40410993945453
2033-07-03,34.44543571077739,31.160484398334404,37.91375362033699
2033-07-04,34.50862050771106,31.24100723351648,38.07751169219921
2033-07-05,34.17561711914208,30.63606001338027,37.759723826766795
2033-07-06,33.97370283323938,30.62917860028479,37.44043913530157
2033-07-07,33.602087284232276,30.191496771426113,37.027934228412796
2033-07-08,33.48953105290247,30.137464771462735,37.219129489369855
2033-07-09,33.194268531323125,29.70708408925836,36.76156063904125
2033-07-10,32.86883625369172,29.34205073315046,36.569340343827804
2033-07-11,32.94722469944388,29.42069228628524,36.26227083647302
2033-07-12,32.636575959520265,29.103102791108384,36.24025178580392
2033-07-13,32.46450505452635,28.834039611371853,35.97322868961286
2033-07-14,32.13049259482287,28.370738040652714,35.60406783543931
2033-07-15,32.0634913261944,28.7213221069844,35.63102470950282
2033-07-16,31.82183724786341,28.426572873854123,35.36075867623405
2033-07-17,31.558066896621764,27.95309883528206,35.014485876770024
2033-07-18,31.706059203871128,28.041028630005425,35.1055745456597
2033-07-19,31.47272471293844,27.72602740103649,34.586039999981494
2033-07-20,31.385320324787397,27.955260617542244,34.89939161125741
2033-07-21,31.142837611755034,27.476945499184097,34.77163599061049
2033-07-22,31.173607550235126,27.64654235703137,34.895250628563964
2033-07-23,31.03521261257408,27.656838063566237,34.758490758322715
2033-07-24,30.87930800154501,27.462978842760286,34.02470826687547
2033-07-25,31.138770551151552,27.793358512072853,34.598097560706684
2033-07-26,31.01939811872817,27.30414950050391,34.63147739417657
2033-07-27,31.047237590251612,27.171438889439724,34.65606237391928
2033-07-28,30.919989406003886,27.58144448053702,34.38168498536037
2033-07-29,31.064631239139572,27.54706279894735,34.44734194552495
2033-07-30,31.03735146572966,27.337977669344596,34.438267881841604
2033-07-31,30.98839382985448,27.615327153283555,34.50569670960144
2033-08-01,31.349231377113433,27.862884944738695,34.788760025714446
2033-08-02,31.324291970355034,27.670289435138386,34.79748176111339
2033-08-03,31.438312949200025,27.968364173198033,34.98559303292893
2033-08-04,31.387772244555357,27.79470314643008,34.66780008373609
2033-08-05,31.598537963688845,28.101841127055483,35.09708174696753
2033-08-06,31.625826462222083,27.932750770672605,35.09883122703995
2033-08-07,31.61906969528003,28.291591226911134,35.16667024144807
2033-08-08,32.00910933704238,28.501402147248427,35.44889482637702
2033-08-09,31.999939441361512,28.443236759613402,35.706713402850255
2033-08-10,32.116074722151026,28.524508330811713,35.439070891209674
2033-08-11,32.05399135363303,28.71331267655602,35.65163261448948
2033-08-12,32.23978197915629,28.482318525617657,36.069628182847545
2033-08-13,32.22911471219464,28.68216927598852,35.93549333819053
2033-08-14,32.172096791188636,28.8249461021593,35.66363160336855
2033-08-15,32.50046035413427,28.980313866278454,36.091174697595314
2033-08-16,32.4192921922426,28.9783148262314,35.951671440095225
2033-08-17,32.45438475746781,28.953578810242888,35.89241315567728
2033-08-18,32.303655626663996,28.902873561483343,35.88108186109551
2033-08-19,32.39477751409494,28.968367658895083,35.98251409590548
2033-08-20,32.28510911087951,28.545329081993916,35.96990232207568
2033-08-21,32.12652798862837,28.623101765013462,35.75783887625392
2033-08-22,32.35258367637032,28.60754664117106,35.79832117729987
2033-08-23,32.17019346548341,28.54442515147241,35.92942600021935
2033-08-24,32.106958948663696,28.394150990525098,35.66244255513213
2033-08-25,31.862551244931026,28.291338684134043,35.293924485686496
2033-08-26,31.866307751575675,28.253703792976477,35.50010293715826
2033-08-27,31.677131432330665,28.346153190400337,35.36315018644894
2033-08-28,31.448294573470157,28.00114916081461,34.96806317740023
2033-08-29,31.61456575787205,28.032082766812294,35.261287097311126
2033-08-30,31.383883183659208,27.8827205595309,34.73269827147206
2033-08-31,31.284652822089196,27.76102471875698,35.0600330088726
2033-09-01,31.017119760258836,27.82591761147786,34.59615728925276
2033-09-02,31.010955858491357,27.550129115487263,34.35295966645878
2033-09-03,30.825154909125782,27.23392893532669,34.19162997648828
2033-09-04,30.612837290331928,27.232812841381897,34.408744324053714
2033-09-05,30.80838281030659,27.382637657184745,34.31277899044059
2033-09-06,30.619114699006964,27.048352496069857,34.13052130395309
2033-09-07,30.57261296261517,27.073797291462167,34.292534569244616
2033-09-08,30.368105064376582,26.68211607522996,33.947285952751464
2033-09-09,30.43407658725718,26.904429747405086,33.845778593942946
2033-09-10,30.32819251070883,26.780969404537373,33.701541622292154
2033-09-11,30.2021304748501,26.38839740070329,33.82062032156856
2033-09-12,30.48874405722157,26.898220803085614,33.912746264514965
2033-09-13,30.39377831590433,27.067711891219087,34.04293903333079
2033-09-14,30.443215095552617,26.813252208556545,33.872844800131816
2033-09-15,30.334695343652555,26.88455180228273,34.003680420864264
2033-09-16,30.49516039610272,27.130699873651576,34.234037695939975
2033-09-17,30.480802204799826,27.101064464958498,33.95562778446435
2033-09-18,30.441923273408772,27.061392262802553,34.04044085079725
2033-09-19,30.810123785717394,27.443903397559723,34.37357440002203
2033-09-20,30.790037718422532,27.542536901314413,34.26163035051794
2033-09-21,30.906695061455945,27.603457215631757,34.67446545162134
2033-09-22,30.856957115843578,27.391102551466943,34.57175513075861
2033-09-23,31.067166651908995,27.707874594435598,34.72067917073927
2033-09-24,31.093102827332853,27.599643620461084,34.572719189717176
2033-09-25,31.084841660679952,27.56088845928906,34.58246840196799
2033-09-26,31.47393967367526,27.971672949819606,35.11972245033225
2033-09-27,31.465162716554318,28.025930556320603,35.00892286362708
2033-09-28,31.583837407636192,28.027814293913636,35.05330567636758
2033-09-29,31.527272540637107,27.955953057465845,35.05259663323347
2033-09-30,31.722392689451873,28.3261136006993,35.33561299354706
2033-10-01,31.725674407089947,28.220460486247564,35.1425674141336
2033-10-02,31.687986347345994,28.048864111698936,35.246817339333624
2033-10-03,32.04175147641464,28.555723116284504,35.425002781511054
2033-10-04,31.99265394845283,28.613259327101865,35.78196433512631
2033-10-05,32.066968626954896,28.43564501246724,35.607507370228234
2033-10-06,31.96296113281115,28.645339541037696,35.34151147979051
2033-10-07,32.10850113977924,28.503294630869398,35.514729666990426
2033-10-08,32.060979756741034,28.238452867874102,35.38440640497415
2033-10-09,31.972132709704933,28.353149709848655,35.53401114753696
2033-10-10,32.27518780844502,28.875169593520134,35.82511482026001
2033-10-11,32.17655951690034,28.88743268172985,35.68868004148547
2033-10-12,32.20316877759412,28.51354790441948,35.83109737006419
2033-10-13,32.05383606127108,28.495728761209275,35.59454441462923
2033-10-14,32.15689037520365,28.736098871374274,35.599685104990634
2033-10-15,32.070085007684355,28.380878978060714,35.58258250298066
2033-10-16,31.945421589954968,28.657047275206082,35.4175358341743
2033-10-17,32.21630076589904,28.709314634788672,35.73253770567457
2033-10-18,32.08922203929761,28.774054777534005,35.66186437555108
2033-10-19,32.09111065475336,28.718298811552238,35.63251363856997
2033-10-20,31.920719154994146,28.366973828865703,35.320589857480925
2033-10-21,32.00624599662242,28.484437105679106,35.28910189913846
2033-10-22,31.90526163904412,28.231298683188122,35.33919301979896
2033-10-23,31.7695433253326,28.277782572727354,35.0711709905325
2033-10-24,32.032236494068385,28.37269824607391,35.599888261647
2033-10-25,31.89956506245399,28.209819768892686,35.515901793668455
2033-10-26,31.89816813823496,28.41556193419876,35.12528211451813
2033-10-27,31.72651054363611,28.37355110245201,35.373851932497345
2033-10-28,31.812509319331745,28.460551876342976,35.557357652812904
2033-10-29,31.71346645949363,27.974834014203992,35.19272139790863
2033-10-30,31.58090898624703,28.115775043984694,35.206930831491505
2033-10-31,31.847754246655644,28.138084383139923,35.18195531997723
2033-11-01,31.720022670442795,28.045301479296054,35.108937565735296
2033-11-02,31.724175595223542,28.002930955373476,35.08684897468122
2033-11-03,31.558525639051375,27.976568333858605,34.74408332074773
2033-11-04,31.6508619266516,28.204778392675724,35.194506993956324
2033-11-05,31.558380593704612,27.970065463419242,35.02974746663013
2033-11-06,31.43252187800944,27.692843276204414,34.75713094410092
2033-11-07,31.706131899868335,28.227858680293508,35.0806959983267
2033-11-08,31.58517159877882,28.16050565208938,34.88023298850783
2033-11-09,31.596050662916365,28.21371372903163,34.94235772382023
2033-11-10,31.43703415271822,27.670853632447642,35.138989737738456
2033-11-11,31.535864330037448,28.127033991502046,35.01521599467635
2033-11-12,31.44968829829158,27.886587585893786,34.917677598792224
2033-11-13,31.3298929129917,27.518325865308526,34.62927249842487
2033-11-14,31.609265179603426,28.273374241794112,35.23535015003325
2033-11-15,31.49370068078903,27.72217970102089,34.76477021444683
2033-11-16,31.509537902201348,27.983686715904366,35.03166414100745
2033-11-17,31.354966147962553,27.756032238014207,34.946516452192455
2033-11-18,31.45764950490932,28.03833884876826,34.96304204753146
2033-11-19,31.374657368882364,27.63312727472253,35.04919230223027
2033-11-20,31.257302864260783,27.7802316235285,34.8385370568128
2033-11-21,31.538307214767457,27.88578162455002,34.85372611641494
2033-11-22,31.42351242401187,28.044937168425317,35.12333799086952
2033-11-23,31.439219934154117,27.968615513218513,34.86691856191204
2033-11-24,31.283602743428517,27.909978621049007,34.58412664475339
2033-11-25,31.38433323008602,28.10096500705078,34.947742671287536
2033-11-26,31.298516991567695,27.552828827342424,34.61309261760154
2033-11-27,31.17753384095291,27.771792467945115,34.59652279598309
2033-11-28,31.454203852447524,28.077814187029944,34.85759644903699
2033-11-29,31.334500678008364,27.71365067715695,34.8914718922786
2033-11-30,31.3448897028212,27.901304990573653,34.90639784576995
2033-12-01,31.18373846022629,27.93203721770909,34.64807839436718
2033-12-02,31.27894153723716,27.642383287740763,34.79492040886051
2033-12-03,31.18785030864931,27.711475261714543,34.49529631821185
2033-12-04,31.062108716745275,27.576369647140147,34.440650469824
2033-12-05,31.334813107681118,27.673231567065425,34.717492081357385
2033-12-06,31.21221850736209,27.795472701339612,34.9106950656287
2033-12-07,31.22106910208121,27.53257437896515,34.99129570189227
2033-12-08,31.060000573031285,27.466914135038714,34.6161372560215
2033-12-09,31.1571567682643,27.706928742965214,34.491857303335685
2033-12-10,31.07011131833769,27.563148346482674,34.59221863545944
2033-12-11,30.950695687930725,27.27849014570451,34.58118736229918
2033-12-12,31.232151947704704,27.856107045403427,34.77922710503579
2033-12-13,31.120832910745982,27.491944401962595,34.7895016418185
2033-12-14,31.143527639841153,27.84893976493931,34.59042373294505
2033-12-15,30.998860186165658,27.320657532321988,34.54333334798929
2033-12-16,31.114904217127837,27.564971740270288,34.88012973686225
2033-12-17,31.049104269525262,27.51943545550081,34.20101787690364
2033-12-18,30.953105200424986,27.741948841576914,34.523527783663994
2033-12-19,31.259908146164342,27.864879119925412,34.49123501984238
2033-12-20,31.1755756036724,27.863059241407857,34.49051145336454
2033-12-21,31.226563553077895,27.651085191073314,34.85736833609382
2033-12-22,31.11112833906263,27.708349778400162,34.8437239599946
2033-12-23,31.256950772609876,27.948844617336956,34.81240391845043
2033-12-24,31.221067945053306,27.648082132166707,34.76161756336987
2033-12-25,31.154714040701137,27.579377587580634,34.61832950246
2033-12-26,31.490488138368406,28.1156242455588,35.15300709841671
2033-12-27,31.434071271036593,27.62696949521987,34.79105529935863
2033-12-28,31.511570302833277,28.283054342640927,35.06701163393821
2033-12-29,31.420935977054672,27.8565580949816,34.716719874319956
2033-12-30,31.589597240282373,27.62365937544597,34.95343476978659
2033-12-31,31.57440199624591,27.904375738168604,35.23912911036639
2034-01-01,31.5264652667212,27.9972380546657,35.029383960728666
2034-01-02,31.87834248021633,28.34350951227408,35.46127422759678
2034-01-03,31.83574993677957,28.38863216229983,35.2174355637597
2034-01-04,31.92490984388467,28.4534518616149,35.299479360048906
2034-01-05,31.843967175818655,28.429287776011655,35.273538664801066
2034-01-06,32.02062042799492,28.35448159243383,35.644165002842335
2034-01-07,32.01205645643711,28.451423907514307,35.50357808673635
2034-01-08,31.969790487159635,28.518164713379132,35.50084124710489
2034-01-09,32.32682919291329,28.68549621887865,35.933832338869806
2034-01-10,32.28937912798319,28.8407923596653,35.79009900027319
2034-01-11,32.384178218200624,28.664510945800494,35.892211374694206
2034-01-12,32.3098979131498,28.816609022585865,35.728082323090334
2034-01-13,32.494758469419615,28.91819502000253,35.95932161265501
2034-01-14,32.496447984768466,28.968053203900087,36.13998666818145
2034-01-15,32.46694671764727,29.011615898582964,35.8302280659545
2034-01-16,32.839675046707875,29.08539314209658,36.43899245585975
2034-01-17,32.82118781216229,29.20825589813166,36.467947829511495
2034-01-18,32.93849316813159,29.43782105949824,36.51326528708258
2034-01-19,32.89044395262487,29.43637947338113,36.437945447215725
2034-01-20,33.10534439910203,29.587626612068796,36.675808916333736
2034-01-21,33.14086310869067,29.65810218228906,36.657834045804556
2034-01-22,33.148854051132645,29.285692698699524,36.36318526561672
2034-01-23,33.56250410893986,30.319742298622312,37.09078429456432
2034-01-24,33.58802998674346,29.868461501303738,36.90774029571279
2034-01-25,33.7520026114883,29.92828119161081,37.28363496274902
2034-01-26,33.752746941512804,30.6028726695347,37.31939384158984
2034-01-27,34.017959835763044,30.364160589641628,37.58529113083817
2034-01-28,34.10463664877974,30.610853698514312,37.37655025500475
2034-01-29,34.163907991207225,30.907571926366177,37.5931455224946
2034-01-30,34.62820477508679,31.337615015295132,38.19388585185931
2034-01-31,34.702973914035546,31.20519908003808,38.20264241218441
2034-02-01,34.91402230711016,31.32199391602704,38.200347818669385
2034-02-02,34.958936496239346,31.49227070018015,38.53471541361758
2034-02-03,35.264720103161224,31.80059525182223,38.81773509630041
2034-02-04,35.38773916454463,31.800805620122517,38.95787208760698
2034-02-05,35.478576271612766,31.99873527437799,39.08895372814704
2034-02-06,35.969211129190775,32.360745100246135,39.4948354818217
2034-02-07,36.06474944348443,32.61429120457342,39.29008620525519
2034-02-08,36.290777364022674,32.85673235448136,39.81808769400903
2034-02-09,36.34478853573625,32.751446656350495,40.13117430459046
2034-02-10,36.65382561329296,33.14534231938052,40.20190379327052
2034-02-11,36.774426190678334,33.254310582638325,39.997670895684834
2034-02-12,36.85747398100908,33.414450928471936,40.40005107456594
2034-02-13,37.335372887517195,33.65277163873509,40.72433853158366
2034-02-14,37.41376599929638,33.90063966793946,41.111170608718176
2034-02-15,37.61887695744733,34.11194641968948,40.93461185312112
2034-02-16,37.648921058985536,34.40417836496347,41.25403239059764
2034-02-17,37.93172834558477,34.33717295559992,41.37107681115592
2034-02-18,38.024669098946084,34.541326616984676,41.28302953447904
2034-02-19,38.07948310804325,34.31188781610436,41.57497697739032
2034-02-20,38.52943092718513,34.56706363570932,42.02103583373069
2034-02-21,38.58098976862555,34.91790222819842,42.0468865126323
2034-02-22,38.76117210108442,35.34870933619471,42.37578147961905
2034-02-23,38.76891494580044,35.1149766658553,42.30444952096807
2034-02-24,39.032682722619356,35.7132410231141,42.753694516558504
2034-02-25,39.11037463751127,35.76811863814681,42.75536883919454
2034-02-26,39.154138494563256,35.864480538138515,42.8645995156466
2034-02-27,39.59750960240346,36.094831240124236,43.04567385758488
2034-02-28,39.64709778987926,36.17201261049483,42.983694603670195
2034-03-01,39.82990088265269,36.50314999282886,43.25309058167955
2034-03-02,39.8446928129593,36.460453192792706,43.44252801612514
2034-03-03,40.11962929023752,36.615367320288186,43.59507736477267
2034-03-04,40.21216199066321,36.61273329068674,43.744841692270974
2034-03-05,40.27386300656296,36.621716675177325,43.78146166259022
2034-03-06,40.73757797781391,36.9020802815171,44.22234673858716
2034-03-07,40.809130572287394,37.205972181895866,44.22663064314833
2034-03-08,41.014656227925286,37.57835969422369,44.510382525101456
2034-03-09,41.05201280949078,37.67676950029277,44.76211560279951
2034-03-10,41.34841052200482,37.927845521038336,44.97067482935498
2034-03-11,41.460351402021466,37.83187937472692,44.93806414824063
2034-03-12,41.53847945666524,38.19837129440942,45.05438829167162
2034-03-13,42.014759185359274,38.50321268145312,45.4991498910847
2034-03-14,42.09420446651241,38.74972986764706,45.669510540753734
2034-03-15,42.30223505794037,38.92416087824139,45.90883401730015
2034-03-16,42.33610773958935,38.65610543183667,45.753777360181836
2034-03-17,42.622563872360224,39.255302339256644,46.41880978863715
2034-03-18,42.71778319821213,39.03456075605003,46.43972603091636
2034-03-19,42.77224454155915,39.18395313754696,46.45128377443346
2034-03-20,43.217910834542685,39.44573666291912,46.77753641689421
2034-03-21,43.25996024280507,39.75317238381967,46.683407601258416
2034-03-22,43.42414054772526,39.96713527687783,47.08104178338622
2034-03-23,43.408193836615254,39.817520440024154,46.797006050905345
2034-03-24,43.63949341360755,40.077485739550966,47.50426273042773
2034-03-25,43.674983007937556,39.90543783458897,47.419267482875895
2034-03-26,43.666019297529836,40.095740552424985,47.154071583489774
2034-03-27,44.04553562574658,40.42675179588374,47.6420072105704
2034-03-28,44.01974922851158,40.5066566232282,47.64084047394981
2034-03-29,44.11548973966495,40.55360850321261,47.8183578934376
2034-03-30,44.03159669313665,40.747095575745305,47.71663375485475
2034-03-31,44.19652863913514,40.80026438662997,47.690201920352074
2034-04-01,44.168274674349306,40.563068311530834,47.61274212877297
2034-04-02,44.09917012689877,40.32964087186827,47.784565738485334
2034-04-03,44.42303497691978,41.052706170080185,47.91188702011449
2034-04-04,44.34685799459548,41.06717735021745,47.68837731976462
2034-04-05,44.3981049718599,40.773359093133664,47.9544966940417
2034-04-06,44.27609930222437,40.82319054215082,47.78968276182788
2034-04-07,44.40961797515132,40.89514152035995,48.12529789258933
2034-04-08,44.35679413543888,40.715149958166556,47.73299101358779
2034-04-09,44.26992819090077,40.849502209897345,47.67717791708603
2034-04-10,44.582626177365576,41.20150778068325,48.28759168187337
2034-04-11,44.501488373309655,40.69684845130518,47.92849563765875
2034-04-12,44.553426432940704,40.9119680133074,48.03763089119877
2034-04-13,44.43705707001758,41.06401675749318,48.17504319932706
2034-04-14,44.58031502779262,40.947293836792,48.13777187765541
2034-04-15,44.54037605476158,40.97074948706649,48.17748151099112
2034-04-16,44.46849135042626,41.098050996055484,48.21145516352963
2034-04-17,44.79715159677798,41.33484607142626,48.20350405370588
2034-04-18,44.731802915985966,41.2169612071989,48.47891818216469
2034-04-19,44.79819233022279,41.13754839742787,48.309782929694656
2034-04-20,44.69379004021243,41.320557592255355,48.42960782807931
2034-04-21,44.845430538374785,41.397898431349255,48.41560138918609
2034-04-22,44.80926257166241,41.16292213974645,48.43803143833677
2034-04-23,44.73560874712809,40.80424647772352,47.906502527766634
2034-04-24,45.05615227542072,41.45918015725056,48.82660583229369
2034-04-25,44.975672638785625,41.44177648488224,48.49127516230434
2034-04-26,45.01940728614974,41.62664649259804,48.52164852837604
2034-04-27,44.88448629083182,41.67159713624671,48.38880698369155
2034-04-28,44.99758170714185,41.574176056982196,48.374634337900495
2034-04-29,44.9148614692051,41.51579531303651,48.422642127587224
2034-04-30,44.78684856452156,41.25087768483002,48.13172681537296
2034-05-01,45.045603028634595,41.24453394173137,48.459080634550624
2034-05-02,44.89644870779389,41.37121431696482,48.56998297698412
2034-05-03,44.86532215612684,41.71351519110137,48.58548276173743
2034-05-04,44.65019096233223,41.09321940325158,48.1209498248252
2034-05-05,44.67868368647031,40.91263561856256,48.18927576450067
2034-05-06,44.5080217665883,41.18521305478178,47.93901066812919
2034-05-07,44.28985470163778,40.68734817160967,47.71984584108006
2034-05-08,44.45741667269111,40.97242247788901,48.1636471268048
2034-05-09,44.2172271897541,40.69766395969838,47.90654392026313
2034-05-10,44.09641377886079,40.34209854732882,47.33031399161184
2034-05-11,43.79410464307084,40.31856463193455,47.4813982138302
2034-05-12,43.739034090429264,40.2080658868246,46.95129236614618
2034-05-13,43.48945165938162,39.806367463308156,46.91800359375613
2034-05-14,43.197936762864636,39.84044194867234,46.75474334338066
2034-05-15,43.29853745929741,39.5612801054875,46.70761610057279
2034-05-16,42.99845630530987,39.66869831916919,46.562268808316624
2034-05-17,42.82536158546487,39.35778767669257,46.41599108652856
2034-05-18,42.47877204089295,39.051694793070375,46.094123042247396
2034-05-19,42.387657983125905,39.02203097707121,46.00506412495509
2034-05-20,42.110349721443185,38.40593311248023,45.73539036200928
2034-05-21,41.79935503008873,38.29645809763808,45.314615398170105
2034-05-22,41.888504080927014,38.77288657902437,45.532793652250234
2034-05-23,41.58464453325729,38.154663718086766,45.04922137307872
2034-05-24,41.414964741984,37.86007100234822,44.79118021041404
2034-05-25,41.07839281224427,37.463545378591576,44.51925293058425
2034-05-26,41.00321394565413,37.39571841329115,44.33089498536159
2034-05-27,40.74699653200166,37.06979166467565,44.3443591000554
2034-05-28,40.46142821877787,37.101514230089656,43.87675380403275
2034-05-29,40.57947988534563,37.06272878876766,44.11159223360009
2034-05-30,40.30711972394816,36.67576583647691,43.8515846751089
2034-05-31,40.17065492201038,36.75095897037673,43.915427400172454
2034-06-01,39.86814824227467,36.47477236043166,43.17417618140712
2034-06-02,39.82705156078646,36.476862445598506,43.4934416536849
2034-06-03,39.604146486965654,36.0410922726193,43.1913650755353
2034-06-04,39.35039303176508,35.99758178303265,43.049285677453085
2034-06-05,39.49810405270922,36.088870605873204,43.12655460606437
2034-06-06,39.25266755154738,35.78255856742357,42.7589477379026
2034-06-07,39.13989426475658,36.005071608255534,42.87026593179948
2034-06-08,38.85743786013021,35.473646100209145,42.33754162132828
2034-06-09,38.83242988327008,35.24819462331489,42.56114595265182
2034-06-10,38.62141972370535,35.21966465522911,41.99807606535903
2034-06-11,38.37522076616374,34.78250596394626,41.889192544334826
2034-06-12,38.52608070062419,34.830500363691776,41.88805445531419
2034-06-13,38.27939834669431,34.73969170419825,41.894739870786395
2034-06-14,38.16106473651037,35.022138529089126,41.49520595981871
2034-06-15,37.86887608587675,34.382188706503236,41.458223784986814
2034-06-16,37.83016111503365,34.4416253411174,41.338196646800526
2034-06-17,37.60171329595157,34.03952733423756,41.32285512806314
2034-06-18,37.33462947799363,33.85516952776511,41.02524950745353
2034-06-19,37.461473121176404,33.63737238019927,40.85015098653925
2034-06-20,37.18798470921993,33.430663019024934,40.733821139518724
2034-06-21,37.040417257342206,33.47453069126945,40.69973553925776
2034-06-22,36.71694466442801,33.18202297098324,40.26817497905667
2034-06-23,36.64528543678321,33.20105131110077,40.21381648769721
2034-06-24,36.382632371069136,32.80656532068425,39.83803812420981
2034-06-25,36.080489604704105,32.88306620141282,39.51840051420534
2034-06-26,36.17183516797346,32.62639516904171,39.59801893211994
2034-06-27,35.86283146853324,32.43618577418788,39.42688343548725
2034-06-28,35.68016144154971,32.47659967805936,39.31125568669667
2034-06-29,35.32243790125462,31.85145058178904,38.6811153088108
2034-06-30,35.21782838431717,31.674221654350745,38.79001049170173
2034-07-01,34.923985822841615,31.510373101538786,38.64613803165006
2034-07-02,34.59288620319719,31.17042718814324,38.15030769912426
2034-07-03,34.657991101406196,31.305073786622838,38.36060814147793
2034-07-04,34.32595730128957,31.048396419206394,38.0418352513002
2034-07-05,34.123971033468955,30.74474109638607,37.817411286768035
2034-07-06,33.7511542142096,30.155307790991735,37.0693966698189
2034-07-07,33.63618486406396,29.844030592806217,37.19666105945958
2034-07-08,33.337221986572445,29.745182383327137,36.83196116059519
2034-07-09,33.00673606318552,29.380445417626788,36.55093149507134
2034-07-10,33.07866311540577,29.898277800740992,36.76148143755859
2034-07-11,32.76010466165049,29.240537344562657,36.406302183784994
2034-07-12,32.578651287880845,29.045788425681664,35.89661894135643
2034-07-13,32.23377744799298,28.985256845929506,35.624358586905956
2034-07-14,32.15444996154546,28.837421446587395,35.73610135577294
2034-07-15,31.899040819741504,28.43475107121708,35.30564971588596
2034-07-16,31.620145820442197,28.296584826573405,34.76976854857711
2034-07-17,31.751727371166908,28.202864431109408,35.059136996493116
2034-07-18,31.50080418719414,27.997290453740607,34.979457637302815
2034-07-19,31.394766002478768,27.957642506155228,34.86742134316497
2034-07-20,31.132761294327917,27.80653963062805,34.61706116295177
2034-07-21,31.14330084758748,27.648187153536057,34.33099100555934
2034-07-22,30.984168088236313,27.52010124072176,34.43873748000932
2034-07-23,30.807237975132146,27.123655565675644,34.3752542213334
2034-07-24,31.04562299532679,27.722458355720715,34.448725461201185
2034-07-25,30.905369125825406,27.337116220502242,34.764557373757164
2034-07-26,30.91277993755768,27.646973231352998,34.36059862265334
2034-07-27,30.76581681747235,27.217386069278724,34.16605804866209
2034-07-28,30.891718023716443,27.41464136384458,34.607376572181366
2034-07-29,30.84692730671804,27.346756670887125,33.96033741704435
2034-07-30,30.781933603696558,27.65285290873631,34.27741527303715
2034-07-31,31.128439991065665,27.624515902098064,34.7365820396655
2034-08-01,31.09108432413909,27.6296054722781,34.68399470122873
2034-08-02,31.194789242812583,27.71525955331271,34.80260038745389
2034-08-03,31.136188969953274,27.532945638941193,34.52141158428724
2034-08-04,31.34127502904672,27.91063688258542,35.04884326325511
2034-08-05,31.36535100078699,27.737253848948676,35.02766634015764
2034-08-06,31.357897203669992,27.762009270508145,34.95369293323005
2034-08-07,31.749762867556107,28.1427905343984,35.19439743957807
2034-08-08,31.744907637071094,28.297311632364092,35.23632173691583
2034-08-09,31.867769530275456,28.31620454960834,35.13052400897084
2034-08-10,31.814706280477427,28.399788929048405,35.29774829745331
2034-08-11,32.01165175753241,28.611545312072174,35.68619954864492
2034-08-12,32.01407723930925,28.493765682003335,35.68820713161508
2034-08-13,31.971858161333085,28.421542304254825,35.24888752789454
2034-08-14,32.31646375679477,28.611018025921858,35.7466875052162
2034-08-15,32.25269137335405,28.921154945778046,35.61617837093677
2034-08-16,32.30602265119922,28.91713919299901,35.66291876708394
2034-08-17,32.17404865919133,28.550797390192567,35.73748562707147
2034-08-18,32.28410596188017,28.81560692952484,35.832713116342134
2034-08-19,32.193213766746155,28.816909958352507,35.643289106111105
2034-08-20,32.05291325256605,28.737172186601367,35.57617313529326
2034-08-21,32.296427047729786,29.00897678643243,35.75686091512434
2034-08-22,32.130361272570546,28.679508815138426,35.59324739275155
2034-08-23,32.08202801400972,28.528421255324346,35.70761017110922
2034-08-24,31.85083605325782,28.437715315209687,35.26890264048249
2034-08-25,31.865892565774026,28.059457986008344,35.22212771690508
2034-08-26,31.685906693756685,28.19948559647681,35.19291306877422
2034-08-27,31.46399682910119,27.63112364207784,34.95900617441058
2034-08-28,31.63482028078268,28.109162034527035,35.00190070170121
2034-08-29,31.406248396584225,27.925231158134576,34.84592853459423
2034-08-30,31.306665598033838,27.60620961293577,34.71470730557916
2034-08-31,31.036340659913762,27.43554614036347,34.829516570753434
2034-09-01,31.025013371930033,27.305037957283677,34.40559533354858
2034-09-02,30.831787798610524,27.433405590689816,34.29357089889256
2034-09-03,30.609934181235893,27.12320688314511,34.23974035071637
2034-09-04,30.79401824673673,27.558728943807285,34.40594267844503
2034-09-05,30.591580967923974,27.05130388437942,34.11458879794343
2034-09-06,30.53044709277384,26.9060830885622,34.077932689231744
2034-09-07,30.31011052162092,26.800322823281064,33.86148467345666
2034-09-08,30.35933931260311,26.99522626764959,34.089390830992
2034-09-09,30.2360910791553,26.671042206375052,33.637487213816726
2034-09-10,30.09234028755744,26.159700338003034,33.813589290818186
2034-09-11,30.36123561428423,27.017480963686538,33.96405146040984
2034-09-12,30.248809748174057,26.99453194547223,33.56975557827928
2034-09-13,30.281319258484498,26.673378977642223,33.72564650884509
2034-09-14,30.156661891146072,26.76302237919581,33.73831135819992
2034-09-15,30.302013355039044,26.992454525782115,33.68584892385616
2034-09-16,30.273773659063377,26.972961291980674,33.762545911959585
2034-09-17,30.222423837778358,26.503936950529333,33.9142876658458
2034-09-18,30.579710603646944,27.324494310370696,34.107117555526536
2034-09-19,30.55038075237551,27.204551147461384,34.118146892649975
2034-09-20,30.65954245974577,27.1867607503378,34.211348845590194
2034-09-21,30.604100435852068,27.043478133377562,33.68546192441823
2034-09-22,30.810406696685384,27.70844810733636,34.43787277403083
2034-09-23,30.83421681197629,27.273873499082782,34.42313467542962
2034-09-24,30.825552368051575,27.414316979200436,34.098590495513285
2034-09-25,31.215887187736183,27.428161297324785,34.69094297455427
2034-09-26,31.209879238268698,27.83010726960861,34.637623344291555
2034-09-27,31.3327255653126,27.6950753927973,34.92925425679751
2034-09-28,31.281587506598086,27.578290796234747,34.73171269129724
2034-09-29,31.483228310754207,27.817607279095437,35.11102073960128
2034-09-30,31.493953452569215,27.979301299352375,35.10152175328936
2034-10-01,31.464454869321106,27.775362004862384,34.95877737648745
2034-10-02,31.826977185654897,28.682926326465395,35.40204740345937
2034-10-03,31.78702840800578,28.36164382776887,35.081800690219225
2034-10-04,31.870712986407735,28.365386313016124,35.53562094235829
2034-10-05,31.776135051429222,28.318718406825884,35.15023616926098
2034-10-06,31.931014486362777,28.350702563121096,35.33211613008274
2034-10-07,31.89260662710106,28.28911791123571,35.419640972109356
2034-10-08,31.81252727018193,28.263432618121506,35.10571982583866
2034-10-09,32.12390145620631,28.641720904759797,35.77893305895436
2034-10-10,32.03305884474566,28.535111246165183,35.51759221787298
2034-10-11,32.0668538421804,28.641510392238164,35.74370502743799
2034-10-12,31.924058478119694,28.205602537395382,35.553065574565146
2034-10-13,32.03297080033169,28.512340320793395,35.620233123977975
2034-10-14,31.951329612611943,28.44274395214407,35.404834882788776
2034-10-15,31.83113719241587,28.36127534921447,35.2817089841982
2034-10-16,32.10580834071539,28.60867671892469,35.61635768379377
2034-10-17,31.981868400554852,28.21912413345148,35.72308890879429
2034-10-18,31.986278169303993,28.485779677765517,35.49384613518777
2034-10-19,31.817833416312805,28.34544545695919,35.336344995127035
2034-10-20,31.904781454970728,28.261470726545543,35.5489616029039
2034-10-21,31.804745246824695,28.34060744663922,35.36202844994206
2034-10-22,31.669556313597578,27.80100661236994,35.161402566414694
2034-10-23,31.932414445911085,28.310446045951068,35.52352500124051
2034-10-24,31.799596490091957,28.38341360825939,35.31472887586339
2034-10-25,31.79779180220789,28.296261229808135,35.26125913204682
2034-10-26,31.625511773909025,28.03803835343827,35.16271349115083
2034-10-27,31.710715609146007,28.199277810297534,35.13880803344092
2034-10-28,31.610742603495517,28.13032211638242,35.07848657597054
2034-10-29,31.477152025295602,27.856125441382265,35.02299034972062
2034-10-30,31.74288846344897,27.985948420824815,35.38476997518828
2034-10-31,31.61399485377589,28.115889152851906,35.00064226548152
2034-11-01,31.61695075760983,28.00112074420484,35.23395186644409
2034-11-02,31.450083333988424,27.818615019194485,34.905768760039535
2034-11-03,31.541193269709858,28.104982648101934,34.95531813872216
2034-11-04,31.44748604750466,27.83390338430764,35.11093607863279
2034-11-05,31.320409816767715,27.643978166848584,34.81670815054955
2034-11-06,31.592817926258903,28.173831917987172,35.167140544390364
2034-11-07,31.4706785459258,28.066674037679377,34.934471933850006
2034-11-08,31.480409178926344,28.31940751794553,35.04206890081687
2034-11-09,31.320283735521425,27.724675582162043,34.47019472649518
2034-11-10,31.418054657465923,27.903612248146654,34.96959452537168
2034-11-11,31.33088068308435,28.01719487359549,34.65000348117711
2034-11-12,31.21016170524981,27.78287398175541,34.46986641352246
2034-11-13,31.488698940319917,27.995210339510614,34.92568277981064
2034-11-14,31.372402959297176,27.7213861287912,34.9170892022874
2034-11-15,31.387627467389233,27.562525298340848,35.16268047357252
2034-11-16,31.23257654704807,27.660469513877526,34.66534362794765
2034-11-17,31.33492785365048,27.914974424781732,34.967205024889104
2034-11-18,31.251762312018485,27.76433517919958,34.708740341158304
2034-11-19,31.134401683443738,27.79644345492804,34.39467199666804
2034-11-20,31.41557210173186,28.000626743091633,35.259245206323946
2034-11-21,31.301115977672055,27.73268803059573,34.83518273123028
2034-11-22,31.31732998009796,28.062020552365322,34.85207585217123
2034-11-23,31.16237661139196,27.6987463439138,34.4278984293234
2034-11-24,31.263911657843508,27.23706402262881,34.8054272219647
2034-11-25,31.179017851041856,27.74062416457372,34.444843444401684
2034-11-26,31.059045902956345,27.51946156262068,34.8847213398352
2034-11-27,31.336780819489256,27.70974791179028,34.8604311867325
2034-11-28,31.218155719249285,27.789953339442494,34.67738253937018
2034-11-29,31.229590721270398,27.827058597065786,34.97841085976178
2034-11-30,31.069404309429316,27.480421763430623,34.75550566419916
2034-12-01,31.16543938335922,27.765814686578935,34.55360857542193
2034-12-02,31.074994304421775,27.456424998728988,34.40035124012315
2034-12-03,30.94966011714749,27.34728621763415,34.466042094034734
2034-12-04,31.22248191445648,27.666836275769313,34.5650822643911
2034-12-05,31.09966668191872,27.59118108523288,34.9343555608745
2034-12-06,31.10791533545397,27.67065817945129,34.439441008717836
2034-12-07,30.945826549111956,27.396930861580287,34.56245555477615
2034-12-08,31.04151480409332,27.611485498358054,34.71791604061068
2034-12-09,30.952533214791597,27.60115953212353,34.43148684558461
2034-12-10,30.83070257728595,27.082249077998352,34.46525601286255
2034-12-11,31.109264883054763,27.681739659543855,34.67923196069392
2034-12-12,30.994583907659575,27.472769634591,34.528940308952826
2034-12-13,31.01347085420405,27.436864982819163,34.499726980140174
2034-12-14,30.864582895109223,27.355350696910424,34.13800760006567
2034-12-15,30.976037263022647,27.675304782334603,34.561257766990686
2034-12-16,30.905331630788133,27.33746961934519,34.19348474715051
2034-12-17,30.804172367520188,27.30355560302654,34.022479045058475
2034-12-18,31.10562900650998,27.5758583952828,34.399669496325465
2034-12-19,31.015837574699262,27.48441887656834,34.68751880745221
2034-12-20,31.061330747535337,27.432927096448676,34.46438140686836
2034-12-21,30.940442599737274,27.346590696077293,34.501773278787766
2034-12-22,31.080930473413893,27.455712218310012,34.44275072443144
2034-12-23,31.039904520251998,27.79718488438346,34.455964365582616
2034-12-24,30.968666272041887,27.49449351618114,34.6549795254432
2034-12-25,31.299874298943067,27.576790842123213,34.79639610437266
2034-12-26,31.239259292834937,27.500034314498855,34.70101543919772
2034-12-27,31.312966199874175,28.047898516906905,35.13218061647799
2034-12-28,31.21897081577019,27.915159770614082,34.74478624727925
2034-12-29,31.384713001399632,27.718514018335156,34.78419393907693
2034-12-30,31.367036716050816,28.10660382721216,34.89957685732057
2034-12-31,31.31703787869281,27.87333076685197,34.73558932713122
2035-01-01,31.667237799392222,28.30513704868093,35.23151757482558
2035-01-02,31.62330423782789,28.30849551616332,34.98735383220579
2035-01-03,31.711397479258107,28.42963628956976,34.98386276259505
2035-01-04,31.629588662293777,28.01276113017546,35.2832922901595
2035-01-05,31.805492398627546,28.34587411106271,35.43608196861663
2035-01-06,31.796203831097383,28.40379120803915,35.21399019679218
2035-01-07,31.753141159418927,28.32512659193906,35.26063566287089
2035-01-08,32.109211465441966,28.592969142608002,35.771580013100866
2035-01-09,32.07052205461694,28.693477497128946,35.545283137520144
2035-01-10,32.16371493033743,28.881954635423504,35.79151414793917
2035-01-11,32.08737192347449,28.526059787538486,35.55647530579205
2035-01-12,32.269632859489334,28.88725742413588,35.759418004928406
2035-01-13,32.26811729719647,28.608208757423576,35.81405318625815
2035-01-14,32.234751291138295,28.498034320109692,35.598819613418506
2035-01-15,32.602917455342364,29.10793698474848,35.93897143206686
2035-01-16,32.57915100162059,28.929944788747154,36.12532766800342
2035-01-17,32.690459823057836,29.111319241844246,36.10378360853852
2035-01-18,32.635716582989815,29.221464324014494,36.0258243175357
2035-01-19,32.843265600794176,29.171474385008096,36.35086693638736
2035-01-20,32.870835435917,29.529594938113803,36.41518985924986
2035-01-21,32.870358936249566,29.441798896122172,36.31615556181039
2035-01-22,33.275119279475696,29.930953612450452,36.74477714358367
2035-01-23,33.29144485950552,29.849603039904597,36.89236673557182
2035-01-24,33.44603118913501,29.914376818324488,36.648600269542534
2035-01-25,33.437337796882076,30.009939983026282,36.97689400965632
2035-01-26,33.69320284201705,30.04013244140216,37.002897695686514
2035-01-27,33.770766197276295,29.97388546283283,37.36250236695656
2035-01-28,33.821302531726225,30.459119425446445,37.473602069566546
2035-01-29,34.27738261204975,30.8023641304503,37.742911026264636
2035-01-30,34.344585295079156,30.463487611387567,37.75449032864223
2035-01-31,34.5488379438959,31.193896888371977,38.109433659367625
2035-02-01,34.58783275866864,31.041099669084616,38.11733892773167
2035-02-02,34.888661224557445,31.508377552266147,38.27687904281542
2035-02-03,35.00775688380962,31.44971039903623,38.637311237468694
2035-02-04,35.095747416422675,31.550799406108617,38.68904566507531
2035-02-05,35.584633709509056,32.090243909429724,38.95129144163492
2035-02-06,35.67951787505212,32.04249181875378,39.041640025991015
2035-02-07,35.90595747542403,32.18009800719111,39.2060338032034
2035-02-08,35.96139302888905,32.61588063688395,39.51304103200595
2035-02-09,36.27279064511464,32.88083724738422,39.6405122422142
2035-02-10,36.39658972304109,33.02806536374275,39.936705050537576
2035-02-11,36.48355650722932,33.01449074666183,39.65915459721131
2035-02-12,36.96596108734332,33.394988495072305,40.43929286877307
2035-02-13,37.04929980209094,33.8239419165267,40.50362936541893
2035-02-14,37.259640406743436,33.90740894085154,40.481627619349915
2035-02-15,37.295037273050276,33.704020444849235,40.91575945520837
2035-02-16,37.58315876073454,34.119412210123826,40.972051677352276
2035-02-17,37.68121706790322,34.117580813178414,41.00406599013331
2035-02-18,37.740801807767085,34.161713899639565,41.269678454210094
2035-02-19,38.19503541258852,34.50941453316683,41.67430267074012
2035-02-20,38.25027289356836,34.670808436653786,41.636923141198956
2035-02-21,38.43342391942902,34.82517465347167,42.120880380492515
2035-02-22,38.44334510594823,34.94883794892871,42.01125710289735
2035-02-23,38.70844528188646,34.967511054903994,42.48106264208629
2035-02-24,38.78659465033287,35.365264485808154,42.20406497058633
2035-02-25,38.82993967306279,35.432211941327644,42.469418553008154
2035-02-26,39.272042310946986,35.90545535543521,43.185025435805265
2035-02-27,39.31956661816276,35.92940356733992,42.67247018764217
2035-02-28,39.499591045198194,36.09586744878736,43.13433633429084
2035-03-01,39.51099464675249,35.774433586848765,43.13253843397129
2035-03-02,39.78206016620633,36.20050418548153,43.04969489231361
2035-03-03,39.87038501768033,36.5667061475953,43.419947180010446
2035-03-04,39.92770198712813,36.47814711193535,43.67328390565792
2035-03-05,40.387028170492414,37.03618558642669,43.895032831218636
2035-03-06,40.45436492484468,36.811840227055576,43.84200597699512
2035-03-07,40.65602686396919,37.17476586408543,44.28233778460051
2035-03-08,40.69004767731908,37.50670715006096,44.401839085596635
2035-03-09,40.98380524367193,37.68902777831349,44.550598811825914
2035-03-10,41.09395649003129,37.526389481094164,44.52077763453585
2035-03-11,41.17128319158807,37.6767430257392,44.501360950035426
2035-03-12,41.64786656665836,37.91393035177696,45.33688625305195
2035-03-13,41.728812757580016,38.09683319712629,45.275119920031095
2035-03-14,41.93960654191706,38.481026901770306,45.86000382751054
2035-03-15,41.97754038214036,38.63490767024119,45.412311510227774
2035-03-16,42.26936064908457,38.61443797931477,45.84098888722449
2035-03-17,42.371220885954486,38.819276795887276,45.824469349859015
2035-03-18,42.43354279327748,38.9415824354747,45.999207910331805
2035-03-19,42.88820235607347,39.51125881135292,46.43245161538844
2035-03-20,42.94026286656862,39.53372928912234,46.42747137415869
2035-03-21,43.115331953811676,39.48861306871904,46.615751334949444
2035-03-22,43.110989606851476,39.50311840002957,46.551662014131324
2035-03-23,43.354429020748654,39.97854153606233,46.77123062706808
2035-03-24,43.40240024222648,39.86190562505585,46.980166441356744
2035-03-25,43.4060575192384,39.66139038036495,47.00650716362686
2035-03-26,43.79812810776204,40.126661805896966,47.28953555082686
2035-03-27,43.78462472110991,40.1368169699628,46.98032565015967
2035-03-28,43.892179253556016,40.54559352309977,47.31389245140328
2035-03-29,43.819445360547846,40.30195803107848,47.121573460781875
2035-03-30,43.99471237956216,40.60439216580831,47.780414944749594
2035-03-31,43.975821265335156,40.20065975079478,47.21670622479608
2035-04-01,43.914984164073196,40.16521203370163,47.26210044745517
2035-04-02,44.245926104753956,40.73756603141331,47.67664718491336
2035-04-03,44.17557170251789,40.48088604973115,47.901810673613866
2035-04-04,44.23135518193753,40.74714122659756,47.59632729776596
2035-04-05,44.11260192636117,40.47117804305339,47.77084837954945
2035-04-06,44.24812459289201,40.875102136271465,47.719305267323804
2035-04-07,44.196124938762686,40.76923942619592,48.02030654625826
2035-04-08,44.10900335990851,40.47813356574102,47.69630342598821
2035-04-09,44.42049489003168,41.09416184972978,48.09434878518755
2035-04-10,44.33735471239124,40.70274477955363,47.9496204506371
2035-04-11,44.386671532106746,40.92560502879688,47.92255338412912
2035-04-12,44.2672569371263,40.905876650789864,47.999239217508155
2035-04-13,44.40725359344562,41.02651586493923,47.916276648614975
2035-04-14,44.36405311583971,40.992125749670194,47.929602307421725
2035-04-15,44.28912520802592,40.7630371348337,47.80383745516413
2035-04-16,44.615176322369805,41.06046294162459,48.22381025399702
2035-04-17,44.547860315161174,41.30469071073056,48.07265274700672
2035-04-18,44.61311880650464,40.99488186915641,47.933004370988584
2035-04-19,44.508598688621106,40.80838048092337,47.70801435102859
2035-04-20,44.661288916440256,40.96943946975813,48.123469230040435
2035-04-21,44.627466701361634,41.27105632139959,48.25540802587539
2035-04-22,44.55755399207248,40.98744211115787,48.210203994680825
2035-04-23,44.88330181131785,41.351589543713956,48.178526522312474
2035-04-24,44.8095242899202,41.39130458232859,48.50735703700043
2035-04-25,44.861459535146174,41.4104155065348,48.59312097312209
2035-04-26,44.736204282540896,41.27398857968971,48.455880733881266
2035-04-27,44.86036406001057,41.38664313143616,48.57888533902193
2035-04-28,44.79000867936571,41.27553854346011,48.23605299421953
2035-04-29,44.675533740043306,41.20803583687827,48.21841555182581
2035-04-30,44.94884562540602,41.33304033479833,48.30928604894349
2035-05-01,44.815091856311085,41.193437327118374,48.09039906537706
2035-05-02,44.80001407244377,41.10227715981861,48.16259133280759
2035-05-03,44.601370829254,41.08547996513633,48.1091976777285
2035-05-04,44.64657227575391,41.26691699544591,48.10329935755842
2035-05-05,44.492616952617624,41.33050220175814,47.92863390639376
2035-05-06,44.290931894977255,40.78269531077155,47.88291382820886
2035-05-07,44.47453408132507,41.148403330754746,48.17195796715823
2035-05-08,44.24973569996594,40.53179696031879,47.75822247536603
2035-05-09,44.14347113934666,40.65368037686101,47.55083216095352
2035-05-10,43.85469353793423,40.373397189444674,47.55487558076474
2035-05-11,43.811983601510825,40.22770047522981,47.21537596655257
2035-05-12,43.57346154782533,40.008517939250105,47.21009206231411
2035-05-13,43.29160394560822,39.80033221879542,47.01174467232689
2035-05-14,43.400384019339036,39.95159626527337,46.893871425338915
2035-05-15,43.106958355642945,39.55311591131998,46.58112572640264
2035-05-16,42.93897830568317,39.425825077075906,46.580188099947286
2035-05-17,42.595974222161736,38.86656364565757,46.36594024462439
2035-05-18,42.50695545052769,39.07200473958406,45.98396590435522
2035-05-19,42.23031705143559,38.560698418234615,45.862342259574156
2035-05-20,41.918655043017644,38.63888488475829,45.69962437427079
2035-05-21,42.00590866229726,38.3102675841366,45.352927150919115
2035-05-22,41.699052420265545,38.179720036102005,45.04088128302448
2035-05-23,41.525416001238106,38.15139240816997,45.32289107523063
2035-05-24,41.184079827761316,37.59913187248342,44.772114143490626
2035-05-25,41.10348883064783,37.561490435174825,44.59797477865037
2035-05-26,40.84137497068192,37.40036357145574,44.50357434138675
2035-05-27,40.54958983303588,37.19827097846091,44.301215838186614
2035-05-28,40.66126530331751,37.043514826051,44.15111806593268
2035-05-29,40.38252460086684,36.66012681839867,43.801600720352994
2035-05-30,40.23982122674939,36.77252389395399,43.53950131475732
2035-05-31,39.93135317408766,36.279839598411904,43.40135310494661
2035-06-01,39.884694498869486,36.35675020643333,43.64080915353166
2035-06-02,39.656734400025265,36.1156847477491,42.97469871016564
2035-06-03,39.39852478563261,35.83130247994913,42.987290126077816
2035-06-04,39.542454051326885,36.10950092361826,42.886292754372384
2035-06-05,39.29396913108866,35.80298112318765,43.08190084245312
2035-06-06,39.17892323333292,35.51825357336529,42.581183922964634
2035-06-07,38.894996537723586,35.40954476152239,42.369087566474064
2035-06-08,38.869331950028595,35.37002490760874,42.580557547988064
2035-06-09,38.65847613138295,35.004621323732344,42.10914433045825
2035-06-10,38.41322690939069,35.192405731622486,41.9074789930038
2035-06-11,38.565804984043595,34.5873471585083,42.09260613452362
2035-06-12,38.32157222300017,34.800967930834794,41.89731890735776
2035-06-13,38.20637423121981,34.56812036711119,41.634140348865216
2035-06-14,37.917954769374305,34.325549403316145,41.355738629327895
2035-06-15,37.88358443280876,34.485089084448674,41.554475195049875
2035-06-16,37.65999412572672,34.37354342123572,41.11016323145066
2035-06-17,37.398214748931935,33.87305561247633,40.98234311127641
2035-06-18,37.530741306515345,34.10819591136199,41.04542852138333
2035-06-19,37.263243990167915,33.54789991898082,40.65041520271989
2035-06-20,37.121904153229494,33.6914204305739,40.78466457131845
2035-06-21,36.804822931641496,33.103130398980966,40.198185306649435
2035-06-22,36.73964505657167,32.815860351218504,40.08801545745155
2035-06-23,36.48348847295539,32.92374686365198,40.17175806074928
2035-06-24,36.187781206712195,32.597166653297116,39.77333626263232
2035-06-25,36.2854236558427,32.725329588831734,39.724051008814115
2035-06-26,35.98249878163625,32.416858399562834,39.462833164633594
2035-06-27,35.8056079815968,32.64612021228265,39.43127087961527
2035-06-28,35.453280228953034,31.845859918785102,39.193572660042655
2035-06-29,35.35359681690129,31.868351593453355,38.8267066635752
2035-06-30,35.06412208978017,31.479595428165332,38.8444464331474
2035-07-01,34.736741356461565,31.173024528914645,38.33140635657463
2035-07-02,34.804823908657276,31.122574117374583,38.240118247512875
2035-07-03,34.47493337363242,30.839183171952673,38.11236827633837
2035-07-04,34.274162952794136,30.658879680698217,37.65085412810633
2035-07-05,33.901542927623815,30.420402019017562,37.45220695022983
2035-07-06,33.78566260386181,30.11331959307051,37.201514919040186
2035-07-07,33.48459695352236,30.04480781931422,36.86017988317999
2035-07-08,33.15073907871048,29.679303010275152,36.93779511920517
2035-07-09,33.21795640512955,29.672499314371116,36.94687148556883
2035-07-10,32.8932928799024,29.45402401586513,36.27038750434572
2035-07-11,32.704294831217084,29.15776834812813,36.11896063460177
2035-07-12,32.35040803752635,28.957539495133446,35.88434435369442
2035-07-13,32.26058840071498,28.665744885380754,35.975549500376204
2035-07-14,31.99321675836233,28.344756791209985,35.2730242419051
2035-07-15,31.700919279732847,28.26721443902753,35.206644553037385
2035-07-16,31.817711710550228,28.255725510311297,35.23471284908535
2035-07-17,31.55069012425768,28.055402111592233,35.20245879930208
2035-07-18,31.427346235166823,28.072580208683576,34.71407802132787
2035-07-19,31.146955221352773,27.85026411162893,34.47424659932899
2035-07-20,31.138178841251776,27.597681704341213,34.845319225403344
2035-07-21,30.958974745192208,27.309178367874125,34.41026366532037
2035-07-22,30.761413756419685,27.753576641716208,34.40664607023333
2035-07-23,30.978823668385814,27.418908423931963,34.43551640393209
2035-07-24,30.81748243879563,27.161630786900854,34.2782145130793
2035-07-25,30.803938990009897,27.261750060102017,34.493639865346864
2035-07-26,30.636409641666944,27.182904297822272,34.45922560259919
2035-07-27,30.742392955628173,27.235791310724906,34.46161865235722
2035-07-28,30.67859380522177,27.32315589175205,34.25029856418507
2035-07-29,30.595758267777924,27.31453495055438,34.15659777995274
2035-07-30,30.925837626672546,27.430157113290523,34.57157063496112
2035-07-31,30.873704021845224,27.517778832726897,34.372570246213705
2035-08-01,30.964495542221073,27.297163815657374,34.61162129515033
2035-08-02,30.895038303760103,27.561587964606513,34.207153767438975
2035-08-03,31.091487755918788,27.385008597805093,34.54341111190653
2035-08-04,31.109279448604656,27.467421981137118,34.4929425578854
2035-08-05,31.09799025019899,27.392699522285618,34.79583332632074
2035-08-06,31.488527681321663,27.901448600290372,34.95904802050707
2035-08-07,31.48486928444538,27.883638099924028,35.16245066627152
2035-08-08,31.611429223048816,28.226090600944705,34.949224009717256
2035-08-09,31.56449908948283,28.206550083154163,35.077021101070024
2035-08-10,31.769904650493327,28.39043702744755,35.154199446776644
2035-08-11,31.782968313842474,28.282141358553943,35.312166837531805
2035-08-12,31.753377936275495,28.225510693972595,35.52635005754712
2035-08-13,32.11237935651235,28.398055603549366,35.51770521689013
2035-08-14,32.06451439092078,28.68209975296528,35.67376101674982
2035-08-15,32.13498140811706,28.594596546024253,35.571526782967716
2035-08-16,32.02106549314722,28.725869990506435,35.657119597234086
2035-08-17,32.149780071817474,28.746618187981376,35.56224241831841
2035-08-18,32.07781002857332,28.495131662475327,35.676698252754555
2035-08-19,31.95635729190819,28.65717433438588,35.559134751330525
2035-08-20,32.21830672121786,28.85745703909454,35.615402099533696
2035-08-21,32.06993456960123,28.62896524851457,35.75293446152645
2035-08-22,32.038237249975715,28.584138032022413,35.53212051085697
2035-08-23,31.822328086502747,28.52297898590775,35.15620021936513
2035-08-24,31.851044637325135,28.418484898800273,35.12545557738833
2035-08-25,31.682857364509886,28.28538090889101,35.0012784984222
2035-08-26,31.470681376666242,28.00374596064487,34.97541451264963
2035-08-27,31.649009820421675,28.178758654132,35.23577192612794
2035-08-28,31.4255919099463,28.036650407415916,35.158479842792325
2035-08-29,31.32873399172749,27.551121442195555,35.04190292583999
2035-08-30,31.058671934827608,27.674988702696957,34.41010224588912
2035-08-31,31.04515796454479,27.523611866432216,34.41774640867119
2035-09-01,30.847353157804957,27.059688740544946,34.27748660862795
2035-09-02,30.618627668090795,26.84660405547545,34.21178691789865
2035-09-03,30.793687489909328,27.314753535363277,34.46830672764962
2035-09-04,30.580250872049703,26.867212086803022,34.08082696078378
2035-09-05,30.506352780363056,26.789151588371993,34.17975442092621
2035-09-06,30.271725587841402,26.88954070911026,34.000022981717784
2035-09-07,30.305398884648522,26.99768488990127,33.883142059895206
2035-09-08,30.165609294666268,26.76017302281246,33.58111689012465
2035-09-09,30.00462193672898,26.636660585776504,33.53084298598094
2035-09-10,30.255881824494566,26.845701597900494,33.93539123926659
2035-09-11,30.125717724919507,26.667446112892133,33.68697963343368
2035-09-12,30.140676228756558,26.720969655455722,33.773272022402104
2035-09-13,29.99893352188855,26.416293494705933,33.336127220585034
2035-09-14,30.127927036955736,26.76702917210765,33.504813669677425
2035-09-15,30.08429715207965,26.775215638990602,34.037011230274096
2035-09-16,30.01873986640069,26.692138679081932,33.50586687772101
2035-09-17,30.36318806635238,26.798726220263212,33.678394343354
2035-09-18,30.3225432673837,26.646313380301144,33.656023774015324
2035-09-19,30.422035008978256,26.65104435058986,34.093723319571694
2035-09-20,30.358654889050925,26.855514044981796,34.0335622693361
2035-09-21,30.558806998359096,27.246507029894808,34.09318739904955
2035-09-22,30.57826459561789,26.94690562890322,34.08099613364518
2035-09-23,30.567033725755735,27.0347288578443,33.91375013350594
2035-09-24,30.95654127042103,27.246313444717416,34.48822402289644
2035-09-25,30.95136929382342,27.486739687049276,34.461845111648266
2035-09-26,31.076612941477446,27.24574176940453,34.333965091231086
2035-09-27,31.029309054452504,27.420926193913896,34.35745444427785
2035-09-28,31.236077526219727,27.68956725595152,34.6412788715838
2035-09-29,31.253065589912723,27.968747554472618,34.83044162814782
2035-09-30,31.23079615526753,27.926125882582753,34.598280453685625
2035-10-01,31.601338158129703,27.872524105956565,34.95601834675522
2035-10-02,31.570021302522516,28.015670723547547,34.770929811706296
2035-10-03,31.662772998168084,28.182791039402563,35.119940103137154
2035-10-04,31.57752521478265,27.883738642959933,35.13523622622328
2035-10-05,31.741833837222895,28.551624359345176,35.293587437476695
2035-10-06,31.712801250076403,28.27026879715341,35.23357872301106
2035-10-07,31.64190378171022,27.863583920801563,35.100107111296595
2035-10-08,31.96214243887248,28.388037494486365,35.48715300977014
2035-10-09,31.879739726538123,28.403934730267252,35.43526609631414
2035-10-10,31.921460707818113,28.212674931301112,35.58712934950517
2035-10-11,31.786006307278456,28.260099484086837,35.36110703939969
2035-10-12,31.901621648840248,28.53390648760353,35.56790588934268
2035-10-13,31.826010286285744,28.323067622137355,35.08339509630959
2035-10-14,31.711156007678724,28.182592806532952,35.217386569993934
2035-10-15,31.99047061973289,28.449752345988323,35.61706638867009
2035-10-16,31.870490409312886,28.348986437952263,35.404469217104804
2035-10-17,31.878199272790134,28.101019343144298,35.28836267117894
2035-10-18,31.712426293518888,28.279682014525378,35.09376580795334
2035-10-19,31.801460285595425,28.553732161518376,35.33470618634094
2035-10-20,31.70297184921573,28.280839785054145,35.14203564772949
2035-10-21,31.568844277550756,28.06919353592711,35.24053852356255
2035-10-22,31.832331362659737,28.441885071826476,35.42320036975557
2035-10-23,31.699764433533986,28.173496776285695,35.318361754432516
2035-10-24,31.697886258781654,28.332042444328252,35.32885211128162
2035-10-25,31.5252592525613,28.05787610222984,34.92861739552498
2035-10-26,31.609890186823883,27.95053790430371,34.99951423676997
2035-10-27,31.509161675209118,27.87194028266591,35.25058075381788
2035-10-28,31.37467153105656,28.047710624385747,34.86962468996404
2035-10-29,31.639397857658466,28.333616462012348,35.11815502312232
2035-10-30,31.509412066574424,28.060763958172213,34.74874546357308
2035-10-31,31.511217373261495,27.765304477536468,35.03717634163115
2035-11-01,31.343160179871973,27.55636819277659,34.95653201374592
2035-11-02,31.433056572211296,28.012139226629714,34.97313184065153
2035-11-03,31.33812426978063,28.01675460840114,34.90400861516763
2035-11-04,31.209821249559518,27.649788618778693,34.547083909364396
2035-11-05,31.48100905846125,27.89493150589163,35.04615974365071
2035-11-06,31.357663198173995,27.761352059352806,34.72123699615445
2035-11-07,31.366208342633445,27.823032070574246,35.08029305807523
2035-11-08,31.204926023122454,27.890279539939296,34.93517098485869
2035-11-09,31.30157723845118,27.832260174821087,34.60552398806391
2035-11-10,31.21333055577777,27.793188481169075,34.954792842522664
2035-11-11,31.09159713707683,27.59781949215074,34.35990025801051
2035-11-12,31.369190900127023,27.812766696566296,34.914449957331925
2035-11-13,31.25203636427245,27.580784041112068,34.637091536682995
2035-11-14,31.26650207440334,27.764716729490676,35.13323989904857
2035-11-15,31.110807333305004,27.42294643498436,34.24141015364026
2035-11-16,31.212644753851656,28.02455907739703,34.86766022308963
2035-11-17,31.129109207886653,27.566211434262282,34.43605548601441
2035-11-18,31.011534575293716,27.479711922958955,34.89136867515529
2035-11-19,31.29265642945724,27.714551081054125,34.7347059039184
2035-11-20,31.17832309870519,27.475221539069658,34.426208536889206
2035-11-21,31.194832852804662,27.60173291592339,34.69468999053083
2035-11-22,31.040344772648854,27.520052382480237,34.59339504755769
2035-11-23,31.142505621424636,27.70528892287446,34.600652209454445
2035-11-24,31.05838308751136,27.55527548863812,34.308828058861124
2035-11-25,30.939306590611174,27.505946198856957,34.31337549061966
2035-11-26,31.218033578311903,27.69549881930476,34.98140923488986
2035-11-27,31.100463554780482,27.498180840485837,34.545456560682645
2035-11-28,31.112977412154628,27.616504669240175,34.73863422649592
2035-11-29,30.95384947053109,27.308958396743773,34.357907372789526
2035-11-30,31.05087442573495,27.493055919512035,34.52112509363313
2035-12-01,30.96129949416687,27.382239628866373,34.39788539269852
2035-12-02,30.836662907660955,27.20312295995248,34.39491530660546
2035-12-03,31.10995669175845,27.50587949255249,34.49062673486516
2035-12-04,30.987336021324765,27.680572352867692,34.700481303681805
2035-12-05,30.995452821410243,27.43012702476044,34.59262460003842
2035-12-06,30.83286115981268,27.37784879978716,34.35897816366922
2035-12-07,30.927636810259948,27.383983097257325,34.53055809400223
2035-12-08,30.837301489400524,27.46728520220361,34.45210814214627
2035-12-09,30.713653161928367,27.248279732179387,34.356516874064866
2035-12-10,30.989920608665436,27.37747626284836,34.595362389225585
2035-12-11,30.872464824407942,27.26009000990216,34.39387317535366
2035-12-12,30.888105188840854,27.322324468757827,34.55829780558241
2035-12-13,30.735518225492306,27.194418202619616,34.04836552072552
2035-12-14,30.84285158006074,27.236481952598144,34.39829775707803
2035-12-15,30.767643948523517,27.30302446826185,34.40471580732181
2035-12-16,30.66165254313798,27.166814486891862,34.13553399932769
2035-12-17,30.958006443993245,27.508609904185725,34.55027179936685
2035-12-18,30.862908508507434,27.25059091675182,34.2115072216866
2035-12-19,30.902963835766272,27.154404415591117,34.32718962729064
2035-12-20,30.776582598837212,27.28717512208252,34.28184264707664
2035-12-21,30.911599817641914,27.529833441774418,34.54339268240634
2035-12-22,30.865202687356337,27.315627217465426,34.540125233779534
2035-12-23,30.788766880358146,27.41419375105644,34.19289877757836
2035-12-24,31.115019948476796,27.699711862746646,34.62354606462885
2035-12-25,31.04975423191179,27.774074614450154,34.26136604684346
2035-12-26,31.119166967496422,27.52027435096026,34.69643655759051
2035-12-27,31.02127507573616,27.554630291524127,34.5094889910136
2035-12-28,31.183546845513014,27.591666404694923,34.901295074379384
2035-12-29,31.16284076830332,27.699868672295587,34.76406100568487
2035-12-30,31.110252578312313,27.78345924265383,34.63918948697686
2035-12-31,31.458288276535647,27.79498556331399,34.72042736381796
2036-01-01,31.412585220102816,27.814675206582585,34.965069623811
2036-01-02,31.49925867910714,27.831164579003218,34.944777967792135
2036-01-03,31.416321094040338,27.78081067540002,34.80650255068594
2036-01-04,31.59131605925535,28.31056481265744,35.10336980195997
2036-01-05,31.581257150821482,28.1079871151639,35.19119955064152
2036-01-06,31.53747258730991,28.208874911594332,35.10536471545069
2036-01-07,31.8927735027401,28.406111922392828,35.42353094310166
2036-01-08,31.853167985154183,28.6009437803034,35.36846675451715
2036-01-09,31.945198425425858,28.413281247972808,35.56570602796478
2036-01-10,31.86734961951887,28.48653420751175,35.41599715081404
2036-01-11,32.04766992275732,28.407472990838613,35.66275023035275
2036-01-12,32.04369590392762,28.586391046223877,35.57462176169274
2036-01-13,32.0072818649767,28.439705407560666,35.41038788005657
2036-01-14,32.371752420517225,28.73509342815629,35.948569240438026
2036-01-15,32.34360073183436,29.16055503095964,36.23021420105347
2036-01-16,32.44981039504961,28.776266502697798,35.88502001839028
2036-01-17,32.38924888254223,28.731360917847066,35.747780125465134
2036-01-18,32.590275279390724,29.268341979251908,36.12256529588196
2036-01-19,32.610653180079986,29.160676597028957,36.35501660707194
2036-01-20,32.60237049009296,29.05015946308953,36.021054798583165
2036-01-21,32.9987846550934,29.626185656840278,36.43511827821623
2036-01-22,33.00631617990148,29.543422393557904,36.408658295982214
2036-01-23,33.15176863458618,29.634522160719214,36.77795980237084
2036-01-24,33.13372316734858,29.422488551639375,36.57190603846648
2036-01-25,33.38015030463425,30.158665660168815,36.882004169285366
2036-01-26,33.448329857685444,30.069338923300005,36.911888587959595
2036-01-27,33.48968054927098,29.967310666040078,37.09893637489451
2036-01-28,33.93691766958045,30.322556685871653,37.47346534056561
2036-01-29,33.99576133181869,30.599075690969933,37.499770833721115
2036-01-30,34.192273161844284,30.535076560314625,37.36665740471818
2036-01-31,34.22426901662802,30.71837619499766,37.68853248027381
2036-02-01,34.51895003600682,31.218413645189948,38.051040091509414
2036-02-02,34.632842332702054,31.143171045803342,38.14166693452284
2036-02-03,34.71664639568948,31.12187213949244,38.32089176152265
2036-02-04,35.202413967934284,31.838517418585194,38.781243818739874
2036-02-05,35.29527442680957,31.812429184820502,38.9591744524964
2036-02-06,35.520787980827976,32.02430845315055,39.05035967364987
2036-02-07,35.576372793099296,32.16316423879547,39.25489742627806
2036-02-08,35.88894790226249,32.35302739027021,39.488935102247645
2036-02-09,36.01488187581708,32.52939882303025,39.20744427328857
2036-02-10,36.10484797591857,32.58743931628987,39.87862982837302
2036-02-11,36.59100338794526,33.01864195877997,40.24620660725947
2036-02-12,36.67871442113418,33.18033143670591,40.09084307325625
2036-02-13,36.893904971960524,33.43884678440132,40.22169513986835
2036-02-14,36.93447543592687,33.50490271141237,40.84322071228552
2036-02-15,37.22793411122067,33.48183263515156,40.495731146108525
2036-02-16,37.331331295709916,33.83868988179872,40.91501408859712
2036-02-17,37.396097211600505,34.04708118979269,40.69356721244186
2036-02-18,37.85520174136905,34.2406334211468,41.36842502510349
2036-02-19,37.914858385382644,34.377684213403484,41.345070941443616
2036-02-20,38.10185028789969,34.4029956045478,41.62234222829167
2036-02-21,38.11492611320173,34.506252688633694,41.60519924845596
2036-02-22,38.38240843532486,35.083505156181396,41.949657486415
2036-02-23,38.46210547006587,34.74951379878031,42.024551691360315
2036-02-24,38.50612790055399,34.81947560589613,41.76052243692915
2036-02-25,38.94802936960495,35.46939227227458,42.49389270874677
2036-02-26,38.99449359489809,35.5110159928145,42.44455390971771
2036-02-27,39.172646439878974,35.599136196346024,42.58871239441019
2036-02-28,39.1814411346459,35.82517938928761,42.52409672709186
2036-02-29,39.44925963729274,35.98614862145987,43.08519997776244
2036-03-01,39.533821195689974,36.08227104857011,43.27476132328442
2036-03-02,39.586999989541184,36.085378045165655,42.99855096978835
2036-03-03,40.04197044700285,36.84108101211839,43.59474305196624
2036-03-04,40.10490310406674,36.77010910023654,43.849643616419385
2036-03-05,40.30228914403751,36.6623709658007,43.80783132785763
2036-03-06,40.33234151272401,36.91608818690897,43.93416270714433
2036-03-07,40.62261520507239,36.973601860147205,44.374436868583075
2036-03-08,40.72993730258597,37.54720625596463,44.26398235398128
2036-03-09,40.80524808707725,37.50492050624324,44.076294636381164
2036-03-10,41.280771211718466,37.629469405033376,44.78618616228637
2036-03-11,41.36173514141667,37.707874659738025,44.84168296216429
2036-03-12,41.5737233184753,37.93695856018631,45.01327599001329
2036-03-13,41.61410026077277,38.153654493205664,44.95682661340988
2036-03-14,41.90965551162864,38.41120056526113,45.50686984399242
2036-03-15,42.01655537432758,38.71167926069036,45.47122448741299
2036-03-16,42.085203158392694,38.59882994145893,45.56438139711677
2036-03-17,42.54742538467287,38.9404470604477,46.11812436369917
2036-03-18,42.608205706704275,39.031729738556756,46.00977253061271
2036-03-19,42.793043641851256,39.29089846791896,46.262817290728655
2036-03-20,42.7993850595864,39.33038719290431,46.253664993528005
2036-03-21,43.05426619620868,39.82962105939417,46.98830721832038
2036-03-22,43.1142610938347,39.6039839855817,46.56385131889901
2036-03-23,43.130333271959536,39.59942005401022,46.496909173627685
2036-03-24,43.535009274366125,40.05053667938994,46.93588624808668
2036-03-25,43.534096154608925,40.10193434133493,47.411736219312154
2036-03-26,43.65402040145419,39.95797200373834,46.99426059257551
2036-03-27,43.593235751165366,40.014631689169846,47.16812945242614
2036-03-28,43.779842234125155,40.121157386103604,47.39730120804055
2036-03-29,43.7715069952456,40.26053066620005,47.01245853664258
2036-03-30,43.72028838444798,40.46258519879985,47.044040567711
2036-03-31,44.059781676383146,40.68731133288973,47.382308195006416
2036-04-01,43.996809207971864,40.77023537218646,47.43887079802578
2036-04-02,44.05873315054102,40.60902787441316,47.18460821908969
2036-04-03,43.94483904952591,40.192437817938476,47.41074738619655
2036-04-04,44.083933117849874,40.4617244103544,47.85667118951052
2036-04-05,44.03424439643901,40.06311226519211,47.55770769948196
2036-04-06,43.948233772416366,40.404300077681704,47.426760144968284
2036-04-07,44.259728615233435,40.69488212630902,47.63947603767624
2036-04-08,44.1756061168989,40.51984618170391,47.872381581011254
2036-04-09,44.223103738979326,40.47725534620003,47.734969831280665
2036-04-10,44.10120496889541,40.713548822516316,47.41950859983448
2036-04-11,44.23824332299485,40.42716246310333,47.69744646814816
2036-04-12,44.191815544516395,40.77642029261189,47.53215392189905
2036-04-13,44.113605709409725,40.469099945359226,47.912799023479295
2036-04-14,44.436538618108855,40.87166829267286,47.9577245028042
2036-04-15,44.36648508285977,40.63904112397716,48.07739459520356
2036-04-16,44.429596955208645,40.91736516833641,47.916548224687396
2036-04-17,44.32371947154369,40.830228314228584,47.7070282604779
2036-04-18,44.47602317953801,40.78342296456556,47.88873004396301
2036-04-19,44.44294568699719,40.80756478272257,47.760521609927856
2036-04-20,44.375044226081734,41.012188814005306,47.563705058588766
2036-04-21,44.70417669664061,41.24302019574065,48.282592983308746
2036-04-22,44.6352331080957,41.0579022880376,48.24197684799722
2036-04-23,44.693494616603516,41.21184314076631,47.828619113613435
2036-04-24,44.57606714625675,40.74984086805758,48.23332374525409
2036-04-25,44.709531341964535,41.05669878915602,48.377430522043504
2036-04-26,44.649898666974025,41.47090326037554,48.491432885725835
2036-04-27,44.54747430674756,40.94692310487016,48.037402753553664
2036-04-28,44.83404431655782,41.399800134593924,48.5492371327395
2036-04-29,44.71460881593932,41.10469934624694,48.24225274702672
2036-04-30,44.71473842210952,41.1873146953948,48.24975510636656
2036-05-01,44.53200101741618,41.076341947945245,48.26943508877299
2036-05-02,44.593600811401835,41.07372580224882,47.97690012745178
2036-05-03,44.45631982336193,40.98637976366817,48.25597496280337
2036-05-04,44.27136285042327,40.79204330640474,47.79932652910374
2036-05-05,44.47152384064352,40.88107405049367,47.96481005284451
2036-05-06,44.26289602130247,40.80722766369931,47.91851531983879
2036-05-07,44.17220357137663,40.77170666510368,47.686454304058
2036-05-08,43.89820256338376,40.4132986724581,47.46628591689424
2036-05-09,43.869293781680575,40.24556955026725,47.63319771540449
2036-05-10,43.643438188539776,40.013122928965515,47.31127212248244
2036-05-11,43.37297673067253,39.95342234963819,46.93305918702074
2036-05-12,43.49177299915313,39.836625756892104,46.841812303541495
2036-05-13,43.20690163734959,39.93452875348429,46.615592598434304
2036-05-14,43.04596076779586,39.37258938247425,46.39509461557298
2036-05-15,42.70845657123495,39.07330914583032,46.069180928914356
2036-05-16,42.62340294975748,39.22222894471466,46.21727021349364
2036-05-17,42.34922728040504,38.75158642124385,45.72077992195968
2036-05-18,42.03858409277912,38.35799674269158,45.41700256473258
2036-05-19,42.12549522900787,38.85987957849976,45.87672446214828
2036-05-20,41.817039331716856,38.3753483310909,45.26552534652063
2036-05-21,41.64066879135274,37.929188939336534,44.968655991976235
2036-05-22,41.29560206214736,37.73055484710218,44.8964317765168
2036-05-23,41.210433978824284,37.43931372243444,44.65615814136687
2036-05-24,40.94305471490207,37.51267278355332,44.700446558361286
2036-05-25,40.645478797054956,37.15615899112166,44.10878721522175
2036-05-26,40.75100227434409,37.101164148576345,44.29511533860452
2036-05-27,40.46591040188388,36.769901490025,44.10977576097044
2036-05-28,40.316813472171745,36.99649382847466,43.88456121786962
2036-05-29,40.0020582075015,36.46518621065453,43.34489899148647
2036-05-30,39.94935686572789,36.38436804520405,43.5085855413849
2036-05-31,39.71572424968423,36.316968473918955,43.014079595000865
2036-06-01,39.452323625045224,35.78281863504364,42.86365170977147
2036-06-02,39.59163928699955,36.30975770882911,43.28608078414973
2036-06-03,39.339197836549104,35.96930084223182,42.77094655543466
2036-06-04,39.22091556692305,35.96742021173161,42.801639543670916
2036-06-05,38.934519211016024,35.300365487809124,42.45011467328687
2036-06-06,38.907182111871954,35.36297577310928,42.261806492113394
2036-06-07,38.69546598803636,35.299510491389356,42.28723505831958
2036-06-08,38.450169349407865,34.73725835332821,41.92222204551423
2036-06-09,38.60350041944142,35.129556184510925,42.46169962817045
2036-06-10,38.36079679802493,34.86071452449685,41.74632479889754
2036-06-11,38.24786948891389,34.57849630622305,41.641630994252125
2036-06-12,37.96241880629067,34.177119530759704,41.62186247396675
2036-06-13,37.93166451576186,34.39049648928055,41.66046392349737
2036-06-14,37.71228069328095,33.966043877290446,41.06105922013512
2036-06-15,37.455236676111774,34.114004906424235,40.912902808596456
2036-06-16,37.59296227542144,34.075728472732514,41.12612272955573
2036-06-17,37.33105978285451,33.88200513119542,40.950779113009304
2036-06-18,37.19564066708226,33.780125629484175,40.91018991213422
2036-06-19,36.884734711939956,33.35426525641708,40.229416115344456
2036-06-20,36.82591414594797,33.42050419470285,40.275441623183454
2036-06-21,36.576223392537194,33.126333539277525,40.00008378239218
2036-06-22,36.28701590823664,32.89378211755444,39.68910487232061
2036-06-23,36.391116316672495,33.050508624598216,39.912925413709836
2036-06-24,36.094530354093806,32.62322263271111,39.55457214000187
2036-06-25,35.923780452611645,32.37562460010791,39.49021213352367
2036-06-26,35.577314593878555,32.18476668449363,39.135482285348004
2036-06-27,35.48313082041656,32.129007916347724,39.075437560170506
2036-06-28,35.19870783511696,31.682052716587304,38.584931217131725
2036-06-29,34.875842929568236,31.350258358088443,38.485682904438235
2036-06-30,34.947815204540184,31.536530731435228,38.65672672460305
2036-07-01,34.62109634595801,31.051280344469575,38.13106998968556
2036-07-02,34.42268653350938,30.79499873427157,37.885813167589596
2036-07-03,34.05152287921734,30.725708346003447,37.90369907670441
2036-07-04,33.93610257224315,30.486709033337753,37.43601604082585
2036-07-05,33.63441098331253,30.280324052948583,37.10143743323862
2036-07-06,33.29875583497264,29.562477054129936,36.74326585421827
2036-07-07,33.36292531623212,30.003381221783936,36.93197720382719
2036-07-08,33.033892375732115,29.80088227601143,36.35377117694517
2036-07-09,32.83914280039884,29.277865529961584,36.2669177517033
2036-07-10,32.47807456782076,28.739160950579514,36.240472800680095
2036-07-11,32.37961079998117,28.90398433022931,35.797799814330666
2036-07-12,32.1021167813379,28.715966770206563,35.66578065301993
2036-07-13,31.798222410555255,28.11913133025318,35.2061601266201
2036-07-14,31.901968274642048,28.195710129088027,35.43715895962421
2036-07-15,31.620497928503305,28.01541952427428,35.18507691024281
2036-07-16,31.481374364563614,27.977915672200037,34.98352479670583
2036-07-17,31.18396855600384,27.62870392404226,34.781830626649864
2036-07-18,31.1570628019694,27.48265186298199,34.58241544919862
2036-07-19,30.958759731195826,27.543799810928675,34.698848876053994
2036-07-20,30.74129870649844,27.39886305523432,34.41952082848341
2036-07-21,30.938198159003086,27.25768861609822,34.490077069775595
2036-07-22,30.755946729986224,27.411982833084434,34.28198732198473
2036-07-23,30.72132144344378,27.198779900875287,34.07617868375177
2036-07-24,30.532780965044257,27.079054131905643,34.11935512321034
2036-07-25,30.618076773548825,27.215394390241904,34.43436348115716
2036-07-26,30.53417311810985,27.125077619391753,34.03559572715287
2036-07-27,30.43207743624021,26.818151051378532,33.66052678254123
2036-07-28,30.743999607247684,27.04208967662962,34.43947326529392
2036-07-29,30.675062679472937,27.23624730693847,34.05644308436588
2036-07-30,30.750642972625545,26.890888489007125,34.44886977543017
2036-07-31,30.667787212665495,27.196882678809125,34.181630318854076
2036-08-01,30.8528490587127,27.303029164050685,34.64547731494573
2036-08-02,30.861435370788865,27.214799289893456,34.55738210693119
2036-08-03,30.843263322604503,27.489722967693556,34.46141190736554
2036-08-04,31.229346131580016,27.79459067973281,34.78445498790438
2036-08-05,31.223729424637934,27.70188074548948,34.72035993121608
2036-08-06,31.35085552004795,27.499805177130433,34.48328279419616
2036-08-07,31.307002676699796,27.790889209283463,34.74576818176005
2036-08-08,31.51794109547515,27.696881867089463,34.67079289221058
2036-08-09,31.538895493565832,28.011448655742118,35.11951693189458
2036-08-10,31.519414889781388,28.262494562717773,34.98026786780965
2036-08-11,31.89056698193523,28.32390595782349,35.43091582484119
2036-08-12,31.85667883063375,28.328182623495653,35.263780084803464
2036-08-13,31.94270092192409,28.5225701989782,35.476928905112814
2036-08-14,31.845641556006793,28.312054607125937,35.40729320642335
2036-08-15,31.992213350725994,28.345812387010884,35.50914858203738
2036-08-16,31.938781794820343,28.450724811917848,35.263334862805195
2036-08-17,31.836216712154453,28.05076001788602,35.20518521868646
2036-08-18,32.11706434640894,28.885711967036652,35.62504977571712
2036-08-19,31.98726220750406,28.63406329625711,35.6734215950883
2036-08-20,31.97347426841806,28.53030666582842,35.51120484228475
2036-08-21,31.7744940534853,28.530625655607036,35.485259089300186
2036-08-22,31.818858064562075,28.33013539231727,35.40121631213192
2036-08-23,31.664760186033405,28.164840008538235,35.09704814352926
2036-08-24,31.464868667280243,27.78227650020296,34.9613236009535
2036-08-25,31.65346414304814,28.0260119350202,35.46383013672395
2036-08-26,31.438121579225804,27.99982785021176,35.093241754877845
2036-08-27,31.34701445604538,27.848577857367637,34.7122212622373
2036-08-28,31.080289412350254,27.626054668463862,34.523474480463605
2036-08-29,31.067654422460844,27.743946990112413,34.91643011487802
2036-08-30,30.868271698902603,27.20268825171708,34.36715216634538
2036-08-31,30.63555738554279,27.100689255736423,34.36362448875609
2036-09-01,30.804306869756907,27.232813369052717,34.31889819907632
2036-09-02,30.582368862780495,27.167366115708948,34.17375780874217
2036-09-03,30.497946709050773,27.14058165231926,34.18331596205537
2036-09-04,30.250975180958868,26.684929471854883,33.584796787782906
2036-09-05,30.270715746871986,26.776257588120753,33.87951482353554
2036-09-06,30.115661308191314,26.345974592126115,33.4822198978519
2036-09-07,29.93835216404437,26.597401239227732,33.42824365109835
2036-09-08,30.172521626211257,26.725436974202,33.79899138839947
2036-09-09,30.024793937726344,26.33162242125482,33.67149205964371
2036-09-10,30.022012383673452,26.430748331148514,33.477556772128764
2036-09-11,29.862645216288897,26.334564767630017,33.49233597432162
