ds,yhat,yhat_lower,yhat_upper
2026-09-15,31.38842499666975,27.95093383516433,34.74486850529963
2026-09-16,31.459757025104715,27.64557230318206,34.94858295842634
2026-09-17,31.371550791452886,27.8628316963526,34.92709731309453
2026-09-18,31.550476770692985,28.19011670962419,35.046921806281276
2026-09-19,31.552499189644706,28.187923990397586,34.6880622657345
2026-09-20,31.527738893412714,28.232846656697895,34.98346865727489
2026-09-21,31.907662315885467,28.45067892969839,35.2452636737388
2026-09-22,31.89681833831648,28.574525829437576,35.50017143771024
2026-09-23,32.02020017801808,28.38151766118759,35.63200873458114
2026-09-24,31.97467932172582,28.195500404162225,35.52939228905482
2026-09-25,32.186653354783346,28.691761425673338,35.61315789884453
2026-09-26,32.21199767553739,28.7051773787979,35.76399298933092
2026-09-27,32.200921998979375,28.824725772962008,35.97163004182084
2026-09-28,32.58514938663075,29.372477090686154,35.841381244495366
2026-09-29,32.56963995238524,29.08121586662421,35.88774047291331
2026-09-30,32.67993681861029,29.214642622972004,36.62182747679315
2026-10-01,32.613581822996125,29.255950038424935,36.169983146026745
2026-10-02,32.797743352701275,29.301444148975992,36.45695530131853
2026-10-03,32.78914684527563,29.401821265099144,36.04128517618319
2026-10-04,32.73890942007454,29.459625825173983,36.13667937018386
2026-10-05,33.07969693146264,29.68623082137491,36.48514558276802
2026-10-06,33.01742612799315,29.44754340932769,36.36382883612651
2026-10-07,33.07858999314258,29.424795758623027,36.5248509539757
2026-10-08,32.96165422385603,29.221493590860078,36.6102911101091
2026-10-09,33.09466762325349,29.57064618417476,36.618197925651174
2026-10-10,33.035177282015056,29.356941132977337,36.35421437538829
2026-10-11,32.93505027584746,29.2998974953746,36.63155908395355
2026-10-12,33.22762035815198,29.527638294917896,36.76406697280724
2026-10-13,33.11938244196187,29.5783973327353,36.59752466307094
2026-10-14,33.13731297865386,29.659117973121344,36.56584896892512
2026-10-15,32.980264146091145,29.66781338603105,36.417254280861286
2026-10-16,33.07657450776214,29.63597448725095,36.763305564300424
2026-10-17,32.98398683782456,29.694981978622387,36.465681441345914
2026-10-18,32.854474602971095,29.080407386669354,36.3645635825198
2026-10-19,33.12139529634634,29.515464845222912,36.78829045922436
2026-10-20,32.99119309660166,29.317842148104315,36.34229251458977
2026-10-21,32.99072861286567,29.271325465864756,36.696365657655186
2026-10-22,32.81868326727201,29.45351706362458,36.31967853456029
2026-10-23,32.90318061295751,29.368496806761613,36.56040004612901
2026-10-24,32.80171492736179,29.11826829875686,36.353466885672375
2026-10-25,32.66598823587499,28.944884655131055,35.88440756338903
2026-10-26,32.92907365394215,29.379363196939796,36.39021936276689
2026-10-27,32.79712725077589,29.400118911615383,36.40732544207896
2026-10-28,32.79672596953725,29.182961898721977,36.396398508395855
2026-10-29,32.62627897897025,29.059577118437947,36.04970641908442
2026-10-30,32.71365463049501,29.259837339100777,36.03279443103942
2026-10-31,32.61611329104461,29.1801514260684,35.832538437529394
2026-11-01,32.485147191277164,28.749497004009626,35.91518978095161
2026-11-02,32.75364521402181,29.471024713052717,36.24339861185667
2026-11-03,32.62760491134082,29.20555347894201,36.363675578873526
2026-11-04,32.633469413545036,28.97720913834245,36.187369096958456
2026-11-05,32.46953677044152,28.853647950257272,36.21192801964117
2026-11-06,32.56358409330571,28.894173416933533,35.68716908437427
2026-11-07,32.47279698319495,28.92148749211454,35.902564664473466
2026-11-08,32.34860561259295,28.99859203983051,35.72539753990007
2026-11-09,32.62384561555481,28.90635343523495,35.87691338226425
2026-11-10,32.504466299096194,28.956113304265024,35.928463329365115
2026-11-11,32.51686404912595,29.146804646255067,36.10682227303594
2026-11-12,32.359288658923994,28.85854181089765,35.996042737155776
2026-11-13,32.45946510736622,29.25341590432665,36.053925876761056
2026-11-14,32.37452139656632,28.936192518148484,35.76387697652692
2026-11-15,32.255823901056715,28.916882452096846,35.81303690825363
2026-11-16,32.53613842708123,29.01797474291971,35.930821568530874
2026-11-17,32.42133949528125,28.560267265391307,35.72535495685364
2026-11-18,32.43774567805882,28.830822455412008,35.94116808174502
2026-11-19,32.283528637117875,29.079026512826154,35.913439179504465
2026-11-20,32.3863382687782,28.853299303614516,35.83653717315988
2026-11-21,32.30323441494117,28.7817028123073,35.571483954428636
2026-11-22,32.18552641376572,28.614861284772985,35.69594880763557
2026-11-23,32.46593849142472,29.183461018846778,36.217751009699434
2026-11-24,32.350323299474745,28.671347703358276,36.00630098738445
2026-11-25,32.365001217083524,29.045191125236595,36.12812909397209
2026-11-26,32.20817285663133,28.772217411342854,35.72704238139051
2026-11-27,32.30754698653498,28.768952562564117,35.85214992543139
2026-11-28,32.2202741565179,29.067604660806506,35.79665850712844
2026-11-29,32.09778715493724,28.379304375567802,35.62533047454991
2026-11-30,32.37296618946324,29.09087342609851,35.7793246164247
2026-12-01,32.251851024989676,28.613405506324067,35.72879906945613
2026-12-02,32.260977670463575,28.881099574085965,35.421841712824765
2026-12-03,32.09878707082177,28.408989421415132,35.556206839035944
2026-12-04,32.19324808150296,28.919506872742907,35.63036104623682
2026-12-05,32.10178511918749,28.650114984064395,35.7523812209483
2026-12-06,31.976111769121633,28.43165419860719,35.625209929023924
2026-12-07,32.24938842914408,28.881455999894314,35.67712733075108
2026-12-08,32.12792644572435,28.5108837307315,35.673849863771395
2026-12-09,32.13851658083354,28.732717018977414,35.82536691275331
2026-12-10,31.979829530960757,28.616649373611835,35.6353922168195
2026-12-11,32.08003105010103,28.603060616701136,35.46746318264841
2026-12-12,31.99670234492868,28.610938817187996,35.56956270253332
2026-12-13,31.881667287870563,28.14152115339431,35.61554691867087
2026-12-14,32.16814477514204,28.55917218879699,35.91783640699
2026-12-15,32.06244890465322,28.402399249252127,35.57749985593245
2026-12-16,32.0913149968297,28.43497706368153,35.40308419898321
2026-12-17,31.953299321193747,28.7334496204572,35.34868305906619
2026-12-18,32.07639517355571,28.65467479897507,35.570691032830965
2026-12-19,32.01795601196811,28.54273517658499,35.373810683808266
2026-12-20,31.929527181202175,28.617555186847447,35.54372248201593
2026-12-21,32.24400447976983,28.831491501201803,35.38748980975963
2026-12-22,32.16734211504454,28.579759462975133,35.56921643138731
2026-12-23,32.225887886294075,28.811717914275054,35.76881908717125
2026-12-24,32.11779322571617,28.74477660854337,35.71822255883551
2026-12-25,32.270640465989636,28.641605469543208,35.75914030605344
2026-12-26,32.24137773010369,28.74458736486197,35.95322388702525
2026-12-27,32.18116263354125,28.614504136101015,35.6169337802562
2026-12-28,32.522532695802795,29.00428543353934,36.13337086234463
2026-12-29,32.47112464303064,28.998020871258813,36.219084541812904
2026-12-30,32.553020082091805,29.162328353565286,35.97694991576722
2026-12-31,32.466164832368094,28.8979618980832,35.71306649059851
2027-01-01,32.63800396643879,29.20196629792393,36.13625420503955
2027-01-02,32.62542267509687,29.01870012317658,35.96058103521316
2027-01-03,32.57959391292447,29.069083853723658,36.13984089409071
2027-01-04,32.93315054232741,29.211211973871784,36.64985945758837
2027-01-05,32.89190404025835,29.260519592217218,36.49526173916078
2027-01-06,32.98218719713938,29.36176231690328,36.51452562662088
2027-01-07,32.90226811309308,29.63871798362991,36.315246343709624
2027-01-08,33.079977632488955,29.493420344931234,36.78082617700195
2027-01-09,33.0726404918859,29.219664236099415,36.50674562780292
2027-01-10,33.031911364003626,29.59770310627368,36.448453044216755
2027-01-11,33.3909338035077,30.03306415535964,36.86338290746623
2027-01-12,33.35604450111984,29.852288125324584,36.65812459904936
2027-01-13,33.45410066323785,29.908076031090584,36.836841128547476
2027-01-14,33.38387824481346,29.792625138429813,36.97115740841368
2027-01-15,33.5736836223889,30.32317732593976,37.10304402988416
2027-01-16,33.58126943888999,30.079599286811348,37.17264731400705
2027-01-17,33.5586562567249,29.897546275682615,37.31076565271718
2027-01-18,33.93927846302331,30.236180318343695,37.36398211650253
2027-01-19,33.929677242425214,30.458756805220254,37.345351018491
2027-01-20,34.05681880195868,30.541839889276165,37.480809380799734
2027-01-21,34.0194858899242,30.355989802999446,37.662655298824696
2027-01-22,34.24588544652265,30.481379898839474,37.68462939999068
2027-01-23,34.29356329677426,30.913298110398422,37.67369287029559
2027-01-24,34.31422762280205,30.739518707273838,37.80074745705216
2027-01-25,34.740899676915106,31.126214220301247,38.12840080753926
2027-01-26,34.77961448364639,31.487440123034656,38.32859514136429
2027-01-27,34.956749563317906,31.45083723812884,38.424988922430884
2027-01-28,34.97042948540108,31.422721862704957,38.32156586061478
2027-01-29,35.248148779096184,31.633327398306196,38.584906675229846
2027-01-30,35.34670373234825,31.9735384288234,38.480822018189876
2027-01-31,35.41703437756393,31.812446458203706,39.09209005853871
2027-02-01,35.89139463870189,32.345364724085044,39.354091249923165
2027-02-02,35.97507286618858,32.378684758491055,39.30081363721378
2027-02-03,36.1937402498502,32.9204165363836,39.679443097184254
2027-02-04,36.244874370096845,32.815818898621664,39.866002814013655
2027-02-05,36.55539987655564,33.05464630777783,40.28765419487213
2027-02-06,36.68163631232205,33.2731595064759,40.3000810288046
2027-02-07,36.77415390909084,33.0504600146287,40.488821198188184
2027-02-08,37.264954908922526,33.72027378711546,40.6882641776343
2027-02-09,37.35920228674415,34.04036570749971,40.54288197603263
2027-02-10,37.58257308908321,34.16093939415907,41.17501271617986
2027-02-11,37.632683460903955,33.96302195811502,41.28609750923579
2027-02-12,37.93672725438925,34.32254196124533,41.461728002554786
2027-02-13,38.05141823935906,34.76715114090026,41.568612802593414
2027-02-14,38.12783684041161,34.510152180131485,41.75142554336904
2027-02-15,38.59859915308272,35.09212986022747,42.22258989956217
2027-02-16,38.6695704023658,35.31928106312471,42.394770183730614
2027-02-17,38.867200433944035,35.33925954070959,42.603810485586884
2027-02-18,38.88992876144079,35.36644780317704,42.311245560904865
2027-02-19,39.16580157963537,35.74532412434202,42.52620714846197
2027-02-20,39.25239133083801,35.571342690091754,42.8484223836755
2027-02-21,39.30162035309528,35.745469222789495,42.86282315942233
2027-02-22,39.746906985981774,36.16999278826918,43.047144521819924
2027-02-23,39.79485692351626,36.48213243181524,43.352557768723294
2027-02-24,39.9725780163736,36.28980173959057,43.559691951921494
2027-02-25,39.979066626737946,36.60097908834623,43.48964002630099
2027-02-26,40.24280847799322,36.8031856380874,43.8582310998799
2027-02-27,40.321685055431566,36.84090711428623,43.8031530790611
2027-02-28,40.36778747886567,36.99091599583055,43.79440914520754
2027-03-01,40.814556526785424,37.4928975632275,44.51880551925931
2027-03-02,40.868471807837295,37.384897814544225,44.34430637455858
2027-03-03,41.056368383721775,37.51848965859359,44.60143067308669
2027-03-04,41.07682894080215,37.664030670217045,44.70233224364422
2027-03-05,41.35779433753987,37.56812600783287,44.68844177344464
2027-03-06,41.45648336211351,37.89898353891188,44.71009921831939
2027-03-07,41.52422329763545,37.973593654996975,44.89219756231513
2027-03-08,41.993609557352514,38.47824174461452,45.20917038166943
2027-03-09,42.07021688530378,38.797913630101036,45.57494225360662
2027-03-10,42.27993985607246,38.94113714951056,45.63014316728397
2027-03-11,42.32041014526292,38.82293192801261,45.70812305018543
2027-03-12,42.61863273370506,39.11884984945107,46.23206920428875
2027-03-13,42.73093119485019,39.31232527388408,46.357017583430036
2027-03-14,42.807802975585126,39.42641211074569,46.37781436245307
2027-03-15,43.28110226217308,39.7701969062636,46.87762839559954
2027-03-16,43.35577229071467,39.828254789733954,46.45854773046104
2027-03-17,43.55720425199507,39.99753114857671,47.1022449042523
2027-03-18,43.58266974695182,39.925781306948025,47.15403352463861
2027-03-19,43.8589685231201,40.29532195733008,47.59344321352244
2027-03-20,43.942381303838225,40.64470848123796,47.50774065520179
2027-03-21,43.9835283874776,40.551422227890185,47.51561794048357
2027-03-22,44.41455148688495,40.667660097929236,47.93452611884428
2027-03-23,44.440840662379465,40.83421175422394,47.89518117767313
2027-03-24,44.58838360826843,41.15102410526606,48.38125169100039
2027-03-25,44.55518447291242,40.8228547473715,48.33821990089715
2027-03-26,44.76889427480933,41.03224261441189,48.103983723872744
2027-03-27,44.78674315837898,41.20833425994605,48.19838883990513
2027-03-28,44.76037568722424,41.39159137089948,48.45431165139872
2027-03-29,45.12300724058096,41.679614003447135,48.731031897906696
2027-03-30,45.081124021193574,41.66378110787027,48.60574856335745
2027-03-31,45.161804631375674,41.63435785506132,48.37155728547865
2027-04-01,45.06411111774721,41.25226419609818,48.593754565003636
2027-04-02,45.21669227179978,41.445194670448146,48.54644682334623
2027-04-03,45.17769013978747,41.93365590311816,48.5988832537993
2027-04-04,45.09955161560366,41.41988032869502,48.43342417969678
2027-04-05,45.41616380639441,42.040382748054746,48.90635529430835
2027-04-06,45.33453623452233,41.7874622578345,48.82397996579691
2027-04-07,45.38210830480429,42.10394051212929,48.803407781244715
2027-04-08,45.25813031358287,41.79230548916733,48.747348964702354
2027-04-09,45.391261057078594,41.93731816938371,48.88855198192722
2027-04-10,45.339473149660684,41.980894364248,48.92744563849609
2027-04-11,45.25486796577458,41.92677588745192,48.69612220235773
2027-04-12,45.570818817158994,41.82841425621416,49.190515574757846
2027-04-13,45.49366523507637,42.025375105842535,49.17915594683765
2027-04-14,45.55003648188122,42.066172435570735,48.952013160634316
2027-04-15,45.438252161701236,41.85149411924759,48.80637095225733
2027-04-16,45.5859424894151,42.076996968594365,49.09204625488424
2027-04-17,45.54997875242981,42.042023408542605,49.0971645672796
2027-04-18,45.48131524017154,41.78640102446345,48.77099650463826
2027-04-19,45.81216056865387,42.37487569046001,49.19576165626286
2027-04-20,45.747700558070946,42.29255034274376,49.267679929526736
2027-04-21,45.813450067403565,42.1481978752207,49.274874919062384
2027-04-22,45.70668094574694,42.456044005149316,49.38860659279769
2027-04-23,45.854067978364,42.280279716495805,49.313887393691715
2027-04-24,45.811642727189536,42.385009786336774,49.30018180903058
2027-04-25,45.7296559688134,42.216635646679414,49.143341063310345
2027-04-26,46.039766162573876,42.51063630358112,49.37336167897216
2027-04-27,45.94677570164107,42.439714408490765,49.268644637682655
2027-04-28,45.97599204540729,42.638724730349686,49.33536383875205
2027-04-29,45.82466069371799,42.23835546416147,49.1698854880966
2027-04-30,45.919611792452116,42.43259886274046,49.42133259395732
2027-05-01,45.81721029357921,42.55725941777991,49.35478359966886
2027-05-02,45.66821050611082,42.17608824949023,49.30512166420204
2027-05-03,45.90493270928606,42.574666720190116,49.40772359619041
2027-05-04,45.73298391738473,42.06256738492266,49.19518335510775
2027-05-05,45.67860031866012,42.057856622458075,49.26069248398759
2027-05-06,45.4400588486518,41.8982808728776,49.015271932459875
2027-05-07,45.44530024837061,42.07821754738335,49.19694986330991
2027-05-08,45.25185413723616,41.699765407548036,48.420170457492574
2027-05-09,45.011667573013455,41.557966219846655,48.740648315969516
2027-05-10,45.15825541796742,41.77722721293223,48.46226811713763
2027-05-11,44.89839524314188,41.3367950547655,48.30995522763315
2027-05-12,44.75944491386657,41.14751510588913,48.23269890183413
2027-05-13,44.44073089928193,40.82922152085545,47.724693255393426
2027-05-14,44.37115018638577,41.03701991275946,48.06060257929103
2027-05-15,44.109076792911516,40.90927472136372,47.53170157467604
2027-05-16,43.80717473935063,40.271984731158,47.16264961371489
2027-05-17,43.89953610219532,40.456260978227945,47.87855247414487
2027-05-18,43.59336709215818,40.05438456411682,46.99784956682459
2027-05-19,43.41630041747547,39.80581780035422,46.840711520214704
2027-05-20,43.067781996692794,39.730278605597306,46.63064164634497
2027-05-21,42.97667482934367,39.49553596968711,46.63612461922421
2027-05-22,42.701170857535246,39.22506057184578,46.12129983477479
2027-05-23,42.39361243490417,39.072377399843006,45.978778805108085
2027-05-24,42.487641707793685,38.49947181075869,46.06179799632159
2027-05-25,42.18990047227939,38.716740804427644,45.65007213260997
2027-05-26,42.02735833672274,38.65260287717382,45.54265190887714
2027-05-27,41.69871678670966,37.9175214055698,45.23939602751495
2027-05-28,41.632031470363906,37.944749696390794,45.113476181742165
2027-05-29,41.38464303813538,37.873355776754956,44.78383821750896
2027-05-30,41.108017660416344,37.41970109673607,44.76683009124075
2027-05-31,41.23491505412199,38.012031697818976,44.71933335924149
2027-06-01,40.971106140499685,37.61614841269297,44.52698824856794
2027-06-02,40.84271776606549,37.131434520466264,44.29994316966426
2027-06-03,40.54765173930735,37.134696096731844,44.04662507563766
2027-06-04,40.51322021837357,36.86291087952087,43.92764499404486
2027-06-05,40.296087568357535,36.89184914900858,43.682264424474894
2027-06-06,40.04711966700019,36.63416838476223,43.738315988769315
2027-06-07,40.198558417756054,36.78436001641748,43.65969412334453
2027-06-08,39.95574359165964,36.37411378800503,43.33352015112017
2027-06-09,39.84445949742508,36.26397821753611,43.1538722905353
2027-06-10,39.562353863065205,35.85399060260622,43.10271383613456
2027-06-11,39.53657115109028,36.2058080987594,43.00445709243972
2027-06-12,39.323690660270216,36.08957604359435,42.973119432403024
2027-06-13,39.074570664887176,35.498317528576536,42.45076270387202
2027-06-14,39.22151664940792,36.01441379241669,42.85996559868808
2027-06-15,38.969996074439024,35.56528322397866,42.56798849518438
2027-06-16,38.84597749176762,35.37034905226103,42.24999941802181
2027-06-17,38.5473417026066,35.27947202356669,42.10109336856955
2027-06-18,38.50150747356161,35.008876563506426,41.9525601565227
2027-06-19,38.26536242743707,34.92088119768888,41.938411066273304
2027-06-20,37.990100586896965,34.484078874420454,41.620056826718496
2027-06-21,38.10838481167403,34.597513129423774,41.586934886432076
2027-06-22,37.82605669820245,34.38121210437526,41.461281523008445
2027-06-23,37.6694718389976,34.114506203413065,41.26042467266953
2027-06-24,37.33690816038595,33.666669081791746,40.78101793170925
2027-06-25,37.256189822889276,33.758978151065705,40.78160537535195
2027-06-26,36.98461721890705,33.593611206880695,40.43700659835385
2027-06-27,36.673804415264335,33.11292601015638,39.95082024779531
2027-06-28,36.75684210898646,33.29888794940181,40.29812448511487
2027-06-29,36.44000845853294,32.78300324255695,39.91493010005852
2027-06-30,36.250105455820204,32.553348659071645,39.56945499717494
2027-07-01,35.88586831013623,32.393553617033284,39.28281884661503
2027-07-02,35.77559007570416,32.07711872560376,39.486120700185246
2027-07-03,35.477051810901145,31.868585422662008,39.19117823119188
2027-07-04,35.14235938646106,31.40740257232833,38.61994615723143
2027-07-05,35.2051048076567,31.56346657090949,38.42549178242259
2027-07-06,34.87207424549167,31.650832007670893,38.38861588818869
2027-07-07,34.67058031956493,31.216576412607683,38.08801691272987
2027-07-08,34.299866032383456,30.711800217097412,37.65362835841392
2027-07-09,34.188722572175706,30.848245531073996,37.64556416686834
2027-07-10,33.895411317172176,30.47332328034987,37.37852062598157
2027-07-11,33.572491264884235,30.22721029971067,37.14984017756153
2027-07-12,33.653969917558584,30.198719328700765,37.34893120462449
2027-07-13,33.34700004234619,29.850659027187636,36.88387150293003
2027-07-14,33.1792001244022,29.848547861174893,36.79687762111452
2027-07-15,32.85004623340768,29.363181597601937,35.978859554578996
2027-07-16,32.78847787759682,28.92343115881339,36.40227241220049
2027-07-17,32.552808561526724,28.96647204217344,36.2644413991829
2027-07-18,32.29554266883391,28.888477664503256,35.54259741823925
2027-07-19,32.45051710138512,28.972204308576238,35.964953876896665
2027-07-20,32.22459048288211,28.61096748839283,35.46703820458397
2027-07-21,32.144958111234644,28.473373415651174,35.598813012569146
2027-07-22,31.910540710094157,28.217602272163514,35.444042525432224
2027-07-23,31.949589835432544,28.57659457316972,35.271818314559646
2027-07-24,31.819600876065003,28.448418777345044,35.52396475096194
2027-07-25,31.67213542367697,28.349990383643096,35.070425315800755
2027-07-26,31.939971521700237,28.261870390164443,35.410147729639725
2027-07-27,31.82880459725876,28.344242764557034,35.38684748916327
2027-07-28,31.86457717126389,28.66769889384298,35.453046663907216
2027-07-29,31.74488522145292,27.966691460074227,35.16129580701478
2027-07-30,31.896603793718405,28.334787715304902,35.1594265085735
2027-07-31,31.875822459114293,28.240988012291456,35.36309233792278
2027-08-01,31.832691975888753,28.05453066507516,35.36981713302256
2027-08-02,32.19860018379239,28.763435054198684,35.468805833219946
2027-08-03,32.1778993975497,28.308800070700062,35.699285983412274
2027-08-04,32.29526281464618,29.0049584432765,35.820570302714536
2027-08-05,32.24711720387388,28.695758874668343,35.79122209946088
2027-08-06,32.459293848368176,29.013490277129456,36.09781887721501
2027-08-07,32.486987721714826,28.890127904829388,35.94963723864425
2027-08-08,32.479625656715896,28.873964654315444,35.89597540474975
2027-08-09,32.86806096951598,29.58812777771986,36.3888547945069
2027-08-10,32.8563162921239,29.74861752551791,36.73080832121864
2027-08-11,32.9689516798846,29.4326945113185,36.44422187090318
2027-08-12,32.90250488994993,29.344010117653443,36.44911531096274
2027-08-13,33.08314552355807,29.532057914662385,36.73905749391329
2027-08-14,33.066632828189505,29.60382356039804,36.689275001875245
2027-08-15,33.00317784178446,29.33836948327768,36.40562789909988
2027-08-16,33.324627373180256,29.821694743842492,36.81941603649036
2027-08-17,33.23619171344793,29.896569841456458,37.07740565487515
2027-08-18,33.26379339461574,29.755163908868155,37.029379150807756
2027-08-19,33.10548424558242,29.606420524206086,36.64475187028207
2027-08-20,33.189072888264135,29.5460636156119,36.65438775842816
2027-08-21,33.07205300687085,29.598039407266857,36.9389930868182
2027-08-22,32.90643368364327,29.30569706788981,36.210471218759835
2027-08-23,33.12588996653521,29.704877195093626,36.73276329961259
2027-08-24,32.93745627895627,29.326992377915243,36.661765823873786
2027-08-25,32.86884073055074,29.397162977517404,36.47900937729816
2027-08-26,32.61980833034086,29.22944910687841,35.98293843640411
2027-08-27,32.619775987468195,29.33522126344583,36.170909784911466
2027-08-28,32.42771034721485,29.0138862277249,36.13905089968719
2027-08-29,32.19693042539415,28.64927321969384,35.62155379347164
2027-08-30,32.36223381486148,28.965900294434395,35.98731422651162
2027-08-31,32.131569606175226,28.60634121299695,35.6760678507164
2027-09-01,32.03333652384608,28.599829958708533,35.52052961535354
2027-09-02,31.76775462176511,27.771216040450447,35.19070201801345
2027-09-03,31.764453656956025,28.477201084531078,35.40325494947872
2027-09-04,31.582369309317947,28.092670592858653,35.114464484200305
2027-09-05,31.374549214029983,27.86874440771551,34.78476119977141
2027-09-06,31.575287467874062,27.86468489591061,34.86458483469741
2027-09-07,31.391810526279095,27.895042611034874,34.84364115480931
2027-09-08,31.35159266070747,27.97497980759665,35.104373118878925
2027-09-09,31.153748890403747,27.687041012262473,34.88527624666081
2027-09-10,31.226647991540823,28.12697010263688,34.71937953231089
2027-09-11,31.12783616218846,27.480830162726157,34.635636099761896
2027-09-12,31.008872662423755,27.338206422997736,34.89535603874888
2027-09-13,31.30249540192173,28.081961241451204,34.755849911820036
2027-09-14,31.21433867858615,27.658422064514358,34.54125213148815
2027-09-15,31.27028051812053,27.716075009000946,34.86365810074285
2027-09-16,31.167866820074828,27.520118411964624,34.71078101892871
2027-09-17,31.333954233399684,28.04552343220974,34.854531821796826
2027-09-18,31.32466170465256,28.034813456719704,34.81321101010618
2027-09-19,31.290231442644302,27.568889390209304,34.754799176013584
2027-09-20,31.662216769083667,28.1064439692404,34.92988040257621
2027-09-21,31.64521863999085,28.241040736366323,34.89646876020554
2027-09-22,31.764247961659542,28.17688201691381,35.32815327210072
2027-09-23,31.71616067943005,28.32272195833714,35.30191152246555
2027-09-24,31.927307437466812,28.378557789090657,35.30639622229768
2027-09-25,31.953487731093205,28.316293307207697,35.47926465251174
2027-09-26,31.944809375144974,28.564802417833157,35.51841937540395
2027-09-27,32.332870934485584,28.984991428107648,35.91162096046239
2027-09-28,32.322489167850335,28.68327109877166,35.76416789082171
2027-09-29,32.439048955953126,28.997187435054006,35.94169696935173
2027-09-30,32.37992310894125,28.724907041657627,36.09384992540809
2027-10-01,32.572104325176554,29.38207871416665,36.259283706135605
2027-10-02,32.57213973979191,28.977854838503752,36.14801118931195
2027-10-03,32.53096943183403,28.946453424888592,35.75676506329557
2027-10-04,32.8810870948158,29.288262063012677,36.23975099622255
2027-10-05,32.828245478854,29.258385850166174,36.41215314960762
2027-10-06,32.89878461611822,29.119106727933808,36.449537480136506
2027-10-07,32.79103073538453,29.183607375001813,36.462622332617634
2027-10-08,32.93290860591938,29.382721810210754,36.382933253505655
2027-10-09,32.881858163807664,29.36055378631878,36.397064140675646
2027-10-10,32.78965714148593,29.423501943024537,36.37708363296942
2027-10-11,33.08956818731145,29.65228691638322,36.593900341131494
2027-10-12,32.98803329047104,29.8570753876767,36.535628618746586
2027-10-13,33.011993652326716,29.24771858074662,36.3759911927498
2027-10-14,32.860282961352816,29.190564938955617,36.1889562992363
2027-10-15,32.961236786779715,29.434969913321694,36.53415523619246
2027-10-16,32.872608846581855,29.135910269099167,36.379293811480665
2027-10-17,32.74639570645718,28.979760422118236,36.472040056007835
2027-10-18,33.01598817355215,29.428688189732693,36.40032249091943
2027-10-19,32.88787192722649,29.480747961750914,36.215490662714956
2027-10-20,32.8889552152572,29.414729141295602,36.55097562621809
2027-10-21,32.71797123122552,29.369331185968797,36.39034836223734
2027-10-22,32.8030975297061,29.15565814094833,36.13449963176052
2027-10-23,32.701882870804404,29.182065667678636,36.0073025556856
2027-10-24,32.56608269244862,28.984767573698644,36.12344941192027
2027-10-25,32.828821132594314,29.421309494503138,36.500253341941594
2027-10-26,32.6963018284545,28.909064269882048,36.13432382243298
2027-10-27,32.6951450412506,29.087983556849316,36.20764256701668
2027-10-28,32.52379848473035,29.095827693925916,35.75664285722261
2027-10-29,32.610164024704765,29.059449479281774,36.01070426707714
2027-10-30,32.51153050384255,28.687670600651387,35.70787545932842
2027-10-31,32.379413806928596,29.114647754341135,35.64192741234106
2027-11-01,32.64672205990492,29.362964253212446,36.097034213442925
2027-11-02,32.519468213842856,29.2596003882443,36.06431930245525
2027-11-03,32.52410763582272,28.98319164787342,35.82509252175666
2027-11-04,32.35894820323391,28.788899562307783,35.54151595210169
2027-11-05,32.4517752255072,28.93889174113372,36.342288716771684
2027-11-06,32.359781635444385,28.95776317096872,35.73784207864288
2027-11-07,32.234404776301076,28.769303197757868,35.8345680714457
2027-11-08,32.5084879031558,29.07791293509548,36.16771618942057
2027-11-09,32.387988880081686,28.837251841355428,35.95522395432724
2027-11-10,32.399313921818596,28.908361376847154,35.820519822446194
2027-11-11,32.240724090751776,28.70598136319724,35.603366659283566
2027-11-12,32.3399570671735,29.005245952847933,35.87824526322675
2027-11-13,32.254154801541304,28.516652263897022,35.536765321531654
2027-11-14,32.13469850806999,28.40633250255617,35.745508964310595
2027-11-15,32.41436921333732,28.886204647275143,35.72683472266402
2027-11-16,32.299056395482246,28.909676064131176,35.999388532798505
2027-11-17,32.315092573928936,28.895686518611484,35.77257191823099
2027-11-18,32.16066152896745,28.637731520375574,35.555334502282776
2027-11-19,32.26342259650434,28.885828227580568,35.732901508403266
2027-11-20,32.180441535974246,28.879448168394056,35.55760722012669
2027-11-21,32.063029286472826,28.497184026969446,35.5569170330285
2027-11-22,32.34390665268211,28.617464982124552,35.77624991667802
2027-11-23,32.22891726305585,28.684462789614706,35.80304687776347
2027-11-24,32.2443664535523,28.714437706624043,35.99282053808761
2027-11-25,32.08843354428653,28.389829361424216,35.526668078016364
2027-11-26,32.18879974535773,28.513729677380567,35.810353443108845
2027-11-27,32.10258199204963,28.640855177909042,35.49096896572633
2027-11-28,31.98117384582108,28.32637954574172,35.656513602105676
2027-11-29,32.2574113505641,28.550542364577378,35.84240753344288
2027-11-30,32.137286067364954,28.586334177591365,35.88366319767423
2027-12-01,32.147282860208826,28.37739604771051,35.72778616371662
2027-12-02,31.985789861335633,28.1824377939998,35.553077582284196
2027-12-03,32.08072285880534,28.588132248370457,35.307660535042245
2027-12-04,31.989454458593947,28.36898679980971,35.405625900428014
2027-12-05,31.86364925507803,28.48126719172154,35.4059271360206
2027-12-06,32.136423039845276,28.496594997531194,35.818741871802715
2027-12-07,32.01404845189056,28.384761444512723,35.19359301751625
2027-12-08,32.023284855442256,28.924001902637574,35.446046157959714
2027-12-09,31.862780115603318,28.4625201312806,35.23457290051671
2027-12-10,31.960686775710965,28.572066229769185,35.314393808401995
2027-12-11,31.874583261676264,28.40416869057249,35.65253149340776
2027-12-12,31.756301622507586,28.38001578937954,35.280555308528406
2027-12-13,32.039080105525386,28.441842508008804,35.740251400614284
2027-12-14,31.929263221691144,28.571787329697237,35.76219814726341
2027-12-15,31.95362731456475,28.429716296919604,35.58778578063622
2027-12-16,31.810779496812515,28.03603410093431,35.17991182869045
2027-12-17,31.92877261103936,28.488280426400504,35.40499459143364
2027-12-18,31.865026945776556,28.556475821960607,35.37676103297625
2027-12-19,31.77116026943273,28.25817380085005,34.882736189709114
2027-12-20,32.08014447887042,28.52111177358905,35.79358127071778
2027-12-21,31.998011459272107,28.579913962169687,35.2850563068341
2027-12-22,32.051186053398126,28.610341175414685,35.494151106403486
2027-12-23,31.937893834032465,28.528586977189736,35.50974216390015
2027-12-24,32.0857861155229,28.449910968985552,35.34905114883115
2027-12-25,32.05187266918004,28.472175892582168,35.613332747715766
2027-12-26,31.98736340116397,28.503121064080577,35.56739711360203
2027-12-27,32.32483695576817,28.514416511565525,35.82607638276974
2027-12-28,32.26995848714386,29.00301242230831,35.83403410111593
2027-12-29,32.348824134344014,28.726045571538084,35.59876148084517
2027-12-30,32.2593795319862,28.956056149958897,35.77707302915944
2027-12-31,32.4290544435816,29.14116448815874,35.8524490203362
2028-01-01,32.41470365737212,28.66715792746688,35.833782460352836
2028-01-02,32.36745511277312,29.033038506430934,36.040788008577906
2028-01-03,32.71988297407425,29.293092670329315,36.17855610049444
2028-01-04,32.67772770088627,29.275790703746534,35.897889766181684
2028-01-05,32.76724051686349,29.35824962196495,36.36949211751222
2028-01-06,32.68659954098371,29.34608544877247,36.28284208296177
2028-01-07,32.86353966978596,29.55717849477374,36.311124138484175
2028-01-08,32.85528642242375,29.18483975743535,36.4432174959
2028-01-09,32.81339485909394,29.422989517617196,36.67039307979235
2028-01-10,33.170911499552034,29.661078106093207,36.572907331475
2028-01-11,33.13408156438801,29.54542640366774,36.704825671976025
2028-01-12,33.229679269968074,29.647796464587135,36.77115753719139
2028-01-13,33.15640881865074,29.587112799448054,36.59396775162066
2028-01-14,33.34251858756464,29.709949565735258,36.87249631766364
2028-01-15,33.34571916910328,29.938441295526534,36.79471118403199
2028-01-16,33.31800682871563,29.323510914949363,36.85137145322218
2028-01-17,33.69281076257511,30.219116623960897,37.072184162990986
2028-01-18,33.676686921021975,30.174129228092944,37.3230424083352
2028-01-19,33.79663654612147,30.34903074116751,37.403344323223266
2028-01-20,33.75149744376723,30.12246734744701,37.26043843670156
2028-01-21,33.96955082213982,30.522296038977455,37.65877198745291
2028-01-22,34.00843461717112,30.50355175015329,37.65122615069942
2028-01-23,34.01996506825369,30.251276130591098,37.73142816210134
2028-01-24,34.43728504738219,31.155261800856362,37.89574691192504
2028-01-25,34.466561946263994,31.024350886305765,38.12142986535669
2028-01-26,34.63431322372632,31.184118937184966,38.098947302530966
2028-01-27,34.63880750294443,31.035188304936266,38.35006306457608
2028-01-28,34.90768383662844,31.436121910924907,38.32047146307927
2028-01-29,34.99787976908802,31.497113579454798,38.550373475604786
2028-01-30,35.06046959551083,31.604164593525155,38.28054453077116
2028-01-31,35.527830896661136,31.906047500837765,39.00421595462647
2028-02-01,35.60536167763828,31.977814391587174,39.085176305001745
2028-02-02,35.818825698743396,32.55028353792624,39.424184512624194
2028-02-03,35.86577334936492,32.31584127564697,39.5678961764835
2028-02-04,36.17318013498121,32.550006035350066,39.743232490662656
2028-02-05,36.29739286407874,32.75247890160687,39.66030611274499
2028-02-06,36.38898441449611,32.91173332574915,39.76034743133341
2028-02-07,36.87993467313238,33.20803245326382,40.2637755472917
2028-02-08,36.975359543892814,33.462210827902695,40.68826936150621
2028-02-09,37.2008652418587,33.491775946449174,40.89316479882922
2028-02-10,37.25397492959188,33.7298368535933,40.982794673955375
2028-02-11,37.56176955499082,34.084613557114615,41.084449682973286
2028-02-12,37.680832858403846,33.852815523271815,41.05389005780144
2028-02-13,37.762101405626936,34.428790021003444,41.16506367583458
2028-02-14,38.23803731596023,34.80088107516806,41.98462218900139
2028-02-15,38.31434575285172,34.86669634052397,41.959041824324714
2028-02-16,38.517314661751115,35.005308565178275,41.88188990944774
2028-02-17,38.54522416527518,35.145069314210765,41.871508590322684
2028-02-18,38.82596790841639,35.302216719942756,42.365753475310434
2028-02-19,38.91697682265225,35.52127283769584,42.51527553081613
2028-02-20,38.97004672156815,35.33934297793338,42.445046501165514
2028-02-21,39.41848799323456,35.778057342977455,42.82175980688286
2028-02-22,39.46882007695531,35.955299486738085,42.93532057231115
2028-02-23,39.648088836107405,35.98837498051163,43.19141761431707
2028-02-24,39.655254854229895,36.06589529533704,43.15771135218291
2028-02-25,39.91879553665099,36.498132374776,43.395793526074904
2028-02-26,39.99661203216745,36.38549737807438,43.48578131854456
2028-02-27,40.04084287354511,36.68765925521884,43.57351538009
2028-02-28,40.48500301467825,37.23524285624963,44.12725935658651
2028-02-29,40.535671278923616,36.84734615106803,43.9041376930988
2028-03-01,40.71980456173151,37.35995460930059,44.16986442660824
2028-03-02,40.736126943215226,37.52845174670957,44.29885891498231
2028-03-03,41.01273661405002,37.82839245817176,44.613230013186154
2028-03-04,41.10702154133527,37.42577366071193,44.43669987949029
2028-03-05,41.170485577705364,37.47744135865003,44.72309631398453
2028-03-06,41.6359033927569,37.930926515963144,45.179582533268494
2028-03-07,41.70902684670214,38.30791648149591,45.10457351800781
2028-03-08,41.91592066862745,38.71918012603411,45.50627532119477
2028-03-09,41.95437504075319,38.31167962716543,45.428155839330344
2028-03-10,42.25153737876408,38.602589013368515,45.863882308036416
2028-03-11,42.36385357868571,38.954632413581734,45.66306284331681
2028-03-12,42.44191975214205,39.09290452765799,45.72593773725221
2028-03-13,42.917662140804815,39.38758655301514,46.35879711601939
2028-03-14,42.99606715325974,39.616220037574635,46.34881252348468
2028-03-15,43.202538740369356,39.59838974828405,46.431422210811704
2028-03-16,43.23433011206642,39.89266663879872,46.80361879592306
2028-03-17,43.518191551720115,39.79896465316971,46.950516398391045
2028-03-18,43.61032414397275,40.442668947397955,46.932103377082164
2028-03-19,43.66124007551735,40.16581833901135,47.33719973361926
2028-03-20,44.10294693962043,40.502305124937195,47.51068288285808
2028-03-21,44.14067783783867,40.774590683765474,47.46553539611909
2028-03-22,44.30024445987752,41.00090275164892,47.962322979032955
2028-03-23,44.27946022563442,40.78759728630717,47.74898278075946
2028-03-24,44.50577544141187,40.89592396282826,48.3480515023016
2028-03-25,44.53621459187751,41.15536240062723,48.194969104411065
2028-03-26,44.522216835122286,41.393236756634124,48.20683680147771
2028-03-27,44.89679763119774,41.37401847920554,48.57718468231846
2028-03-28,44.86625387575621,41.40007071970615,48.24426101417237
2028-03-29,44.95749036128633,41.479583831115704,48.47133106799349
2028-03-30,44.86941533812265,41.27841212776115,48.71197441358111
2028-03-31,45.030547843429325,41.27156038608427,48.41400196268627
2028-04-01,44.998927645241224,41.415302717705266,48.41614162614573
2028-04-02,44.92692958420669,41.48748571930826,48.603831838022245
2028-04-03,45.24840092955902,41.94865695673637,48.78006154929071
2028-04-04,45.17034475948032,41.769569347348295,48.55960217374228
2028-04-05,45.2202277624809,41.840432549061504,48.64927533980623
2028-04-06,45.09736072609036,41.600984876017286,48.55456377576348
2028-04-07,45.230494782279585,41.71305498867273,48.74355087866646
2028-04-08,45.17772455416756,41.722338141229685,48.70366597030385
2028-04-09,45.09130017264699,41.78114717448893,48.543213299622444
2028-04-10,45.40476684892855,42.05417093450648,48.61646524924097
2028-04-11,45.32465496462514,42.02903920497797,48.84031496094859
2028-04-12,45.377798910557416,41.967874026309495,48.936625927813786
2028-04-13,45.26273266308347,41.620716554145,48.96012490873058
2028-04-14,45.40730478515549,41.90716196604299,48.96279684144761
2028-04-15,45.36860352012883,41.82751311886651,48.765791582324155
2028-04-16,45.29779338887528,41.70270114900366,48.82654632032406
2028-04-17,45.62728135157657,42.14279391352426,49.1324261130063
2028-04-18,45.56243482116915,42.19387818847675,49.25114279474049
2028-04-19,45.62892905303843,41.93353279965737,49.33587088227801
2028-04-20,45.52417117975635,41.950121197388285,49.134237346551025
2028-04-21,45.67494286368677,42.11604008570986,49.2720120481839
2028-04-22,45.637351545365725,41.923485068140984,49.2561706088574
2028-04-23,45.56169105027079,42.14773924036279,49.367980622736205
2028-04-24,45.8796290262904,42.31033389572335,49.339172669842746
2028-04-25,45.79594298359485,42.466729362690735,49.369072849061496
2028-04-26,45.835882033015665,42.34640415548975,49.27681940863408
2028-04-27,45.6966012604213,42.36958448664609,49.180292277347654
2028-04-28,45.80481048360497,42.36437870915048,49.24098271563653
2028-04-29,45.716727253207665,42.04390029086897,49.38662944280275
2028-04-30,45.58293485577637,42.010931858247915,49.31290474160114
2028-05-01,45.83556289744904,42.10918103350544,49.020531990796286
2028-05-02,45.680012453033015,42.28904820184025,49.2109804412844
2028-05-03,45.64230318940426,41.93417581433806,49.02475836467665
2028-05-04,45.42048980409754,41.6924059207789,48.854337758319325
2028-05-05,45.442290007689394,41.933899875471575,48.806202245216014
2028-05-06,45.2650144585732,41.78499706084731,48.655434575865385
2028-05-07,45.04040000504376,41.58692417539382,48.70313530124114
2028-05-08,45.20176444341754,41.6298470834659,48.767736469543884
2028-05-09,44.9557054233117,41.58504766379572,48.62043214503637
2028-05-10,44.829421554580655,41.18665691359701,48.388237574269645
2028-05-11,44.522103684346696,40.898871295558195,47.903476385071095
2028-05-12,44.46253916620025,40.74064361762603,47.877800974966924
2028-05-13,44.2090200746177,40.64629951468007,47.53422463971025
2028-05-14,43.914157201462864,40.27703727892211,47.50176462742781
2028-05-15,44.012018451267416,40.701531064869485,47.72254301238902
2028-05-16,43.70981459138845,40.442903492127336,47.111761015940914
2028-05-17,43.53521064644744,40.19100279803186,47.24249362792549
2028-05-18,43.18771104645285,39.59015905919975,46.7720881603841
2028-05-19,43.096261396053606,39.82302660951196,46.96519765135319
2028-05-20,42.81915776898738,39.251159238620026,46.35941600707256
2028-05-21,42.508865225019534,39.11004861846061,46.201208961389575
2028-05-22,42.5991639421797,39.155145228614856,46.22962094256859
2028-05-23,42.296845620455564,38.924298337279474,45.5460327964213
2028-05-24,42.12903808094255,38.77266492412544,45.74164763648777
2028-05-25,41.7946057507286,38.617375301177674,45.29534581564249
2028-05-26,41.72176844139026,38.37778930629957,45.16815353497732
2028-05-27,41.46802883915232,38.08655418563232,45.18700157494808
2028-05-28,41.185009905838655,37.749520723749505,44.78193285125969
2028-05-29,41.30562008753411,37.626326618435236,44.84460334547468
2028-05-30,41.035768507358824,37.51993215174281,44.445755369106195
2028-05-31,40.90170761572617,37.74150709183724,44.342019533390975
2028-06-01,40.601450578719316,37.066955058707386,44.26834763132312
2028-06-02,40.56240545404592,37.14662140750968,43.91265621035051
2028-06-03,40.34131627381895,36.86497313287736,44.03166162009695
2028-06-04,40.08911200059029,36.658148846228,43.52137125037829
2028-06-05,40.23808109104808,36.74468796393673,43.88008626203872
2028-06-06,39.99359375350245,36.45651875451826,43.56441395101431
2028-06-07,39.88144935407751,36.45805721630454,43.360092318998625
2028-06-08,39.5992963030823,36.02044751746587,43.07131423890281
2028-06-09,39.574266586487184,36.062440135556685,42.87626534159989
2028-06-10,39.36291523529312,36.02791646943905,43.12508640790224
2028-06-11,39.116065922580376,35.54956040504445,42.740950543408694
2028-06-12,39.265980686324234,35.80495172164129,42.69322708233871
2028-06-13,39.01807615739308,35.58712762059264,42.73116896836178
2028-06-14,38.898264059322585,35.46439988356235,42.2497843145975
2028-06-15,38.60436362978689,35.02732919551977,42.32586319145322
2028-06-16,38.56372844246737,35.001270816883135,42.289390015851644
2028-06-17,38.333178220125085,34.746357030998325,41.81150561363091
2028-06-18,38.06383710074925,34.29714636469301,41.56594058184235
2028-06-19,38.188296591973,34.896569679799065,41.665954090914134
2028-06-20,37.91232578757816,34.52868880743966,41.41087219997364
2028-06-21,37.7622067585788,34.23033824036093,41.2455091774601
2028-06-22,37.43614286191073,34.051349713344976,40.929545001237884
2028-06-23,37.36188248371953,33.71097776987883,41.29862762922941
2028-06-24,37.09664879136133,33.204338257213806,40.61936740513527
2028-06-25,36.79197688627861,33.24144774257659,40.271910995069774
2028-06-26,36.88087647391073,33.3393171283946,40.184971619766
2028-06-27,36.569542462047835,32.7639496996819,39.955176237350855
2028-06-28,36.38469120115685,33.011090861201296,40.05507077852031
2028-06-29,36.024969883243244,32.465683582036974,39.28482227450548
2028-06-30,35.91858137158575,32.41351120743035,39.55921032335816
2028-07-01,35.62321478322891,31.98787875737214,39.18847679425078
2028-07-02,35.29088296717606,31.669142563860106,38.96684802514398
2028-07-03,35.35508475925069,31.919099979369896,39.01318473263444
2028-07-04,35.02251421387355,31.313372409049446,38.31585925133915
2028-07-05,34.82039434935319,31.12849898179002,38.108035484199064
2028-07-06,34.44788278864645,31.02090896691015,37.90159261199458
2028-07-07,34.333691483279075,30.928188350825657,37.827690827525814
2028-07-08,34.036010813000196,30.430666684711813,37.56832271802691
2028-07-09,33.707339234065486,30.302579666294154,37.42498537876317
2028-07-10,33.7816364478535,30.325385957122684,37.05367609329978
2028-07-11,33.46602244161146,30.093534109475154,36.938588293189085
2028-07-12,33.288100147378195,29.48541218208053,36.5306066983997
2028-07-13,32.94734936423029,29.425371215517252,36.1933731844353
2028-07-14,32.872734441688635,29.513288290136924,36.451346286239776
2028-07-15,32.62261636577185,29.115713092686956,36.08288152485691
2028-07-16,32.34957079823043,28.741400082640304,35.94327382370986
2028-07-17,32.487530436037176,29.156546608039488,36.271346294709765
2028-07-18,32.24347444360069,28.71091690159302,35.67781089673772
2028-07-19,32.14474309723763,28.72239461339178,35.2220478350055
2028-07-20,31.89042566017298,28.179624760463305,35.164668159432225
2028-07-21,31.90896432604945,28.49377200513634,35.39219577225804
2028-07-22,31.758065167254998,28.16915412839774,35.1879307229289
2028-07-23,31.589517877110676,28.07315644568189,34.975867995727484
2028-07-24,31.83634284507761,28.345779677594955,35.08931925707629
2028-07-25,31.704488415178915,28.346858949961483,35.291245676506016
2028-07-26,31.720156484150863,28.36493947245849,35.16013189596637
2028-07-27,31.581204389914756,28.079795242888643,34.866906060846695
2028-07-28,31.7147657742948,28.419665573566878,35.19716186585639
2028-07-29,31.677181116741867,28.18804950561081,35.211197656499216
2028-07-30,31.61883940629259,28.128864493393092,35.135435836187725
2028-07-31,31.971349092698528,28.648351873543188,35.41950120462316
2028-08-01,31.939260700344366,28.667635512877325,35.524611665566034
2028-08-02,32.047418736830785,28.452719740644028,35.61097530676189
2028-08-03,31.992390276279256,28.361570059615246,35.52513580345986
2028-08-04,32.2001122986251,28.603036663575534,35.71392066715683
2028-08-05,32.22584786190742,28.570942854734525,35.786700367039
2028-08-06,32.219051953715486,28.69384379032189,35.60748132277195
2028-08-07,32.610564556732974,29.02825342436469,36.37515187129297
2028-08-08,32.604352737105614,28.95541340911917,36.2871930664747
2028-08-09,32.72487885960754,29.141609608762145,36.16463777965887
2028-08-10,32.66854184345534,29.161577497869285,36.27130585574638
2028-08-11,32.861333148981835,29.066700251960324,36.32443782510597
2028-08-12,32.858797267902794,29.536001876628784,36.591907617472685
2028-08-13,32.81089735559065,29.33949738312585,36.088022709699345
2028-08-14,33.1492034360401,29.730475558873806,36.37753785793884
2028-08-15,33.07862499235712,29.48076388520722,36.51068805193402
2028-08-16,33.124765160862175,29.734672167269416,36.88060015484978
2028-08-17,32.98534366582844,29.30801401057458,36.39610521900202
2028-08-18,33.08783051345565,29.73741852782713,36.64410766943034
2028-08-19,32.98938064477425,29.209014667917618,36.92804564888795
2028-08-20,32.84167070208562,29.47443257640707,36.19688849074663
2028-08-21,33.07805593351834,29.668242829726886,36.66364217305992
2028-08-22,32.90526970619324,29.387710796018006,36.43878086470997
2028-08-23,32.85074355207426,29.44950589996967,36.39023394965558
2028-08-24,32.61399562095462,29.449081030160066,36.12992223685857
2028-08-25,32.6242303100937,29.150927486438384,36.00327876230063
2028-08-26,32.440240016494464,29.113948658882283,36.24485368080018
2028-08-27,32.21521088971211,28.581828379024515,35.59770299232344
2028-08-28,32.38385129238364,29.056857897284488,35.835658019087205
2028-08-29,32.15406606409145,28.71374375853337,35.39470952042691
2028-08-30,32.05425506494528,28.716945179046,36.04796318559619
2028-08-31,31.784684339216234,28.344134044318345,35.49461441735699
2028-09-01,31.77507303680319,28.196402569700656,35.14904790733331
2028-09-02,31.58448730005045,28.019285414804884,35.12703338869609
2028-09-03,31.366143142718286,27.798418301811687,34.82152373827596
2028-09-04,31.55453706099083,27.761807413559353,35.12628521166129
2028-09-05,31.357127388503425,27.946919601500404,35.12946010009761
2028-09-06,31.301644674232598,28.11184721243262,35.024165088463505
2028-09-07,31.08747911771968,27.608935981176387,34.981243263825824
2028-09-08,31.143287793257244,27.553722759320824,34.48005494694372
2028-09-09,31.026912374994694,27.272280682683448,34.64777741783982
2028-09-10,30.890208817340046,27.573419061687225,34.409875248324575
2028-09-11,31.166207096321656,27.92590133966992,34.891900546956556
2028-09-12,31.060823343707884,27.42498309855991,34.52172460094739
2028-09-13,31.100201943929125,27.63851961430333,34.66180078032421
2028-09-14,30.982134908494274,27.310821281590435,34.3458038508832
2028-09-15,31.1337005466084,27.94855673518694,34.76939627631717
2028-09-16,31.111211455208043,27.834575870478123,34.79540630129843
2028-09-17,31.065072634945142,27.505984332790295,34.514124363072085
2028-09-18,31.426967245932495,28.134054594104352,34.926896148694546
2028-09-19,31.401591812997626,27.921586799720853,35.036468058079194
2028-09-20,31.514018009785058,27.86772863832023,35.021574049883746
2028-09-21,31.461127986402094,28.05775183868963,35.037718030608396
2028-09-22,31.669265006917048,28.11680714450267,35.44103714637322
2028-09-23,31.694189269300807,28.110558686082197,35.233351437709054
2028-09-24,31.685939666978214,28.16132241716043,35.26840474029535
2028-09-25,32.076019060525695,28.547867667778963,35.48899383477416
2028-09-26,32.06912502214858,28.653531558280505,35.829090757164714
2028-09-27,32.19050342699495,28.703281707479533,35.77957252162847
2028-09-28,32.13737218397068,28.586674688596045,35.55989645375385
2028-09-29,32.336557272857824,28.710826296527603,35.82848958416717
2028-09-30,32.34443142115708,28.963663813892676,35.868703620560986
2028-10-01,32.311756687287996,28.68096121700773,35.76200635835367
2028-10-02,32.670849058317536,29.01078312755366,36.10241193667506
2028-10-03,32.627287581621886,28.978436990013954,36.37499729118896
2028-10-04,32.70724596336203,29.3550822884034,36.29262113331638
2028-10-05,32.60889447259064,28.9829445629848,36.33865181524212
2028-10-06,32.760014837280096,29.34546742378424,36.412589810886374
2028-10-07,32.7179189456173,29.34976791580759,36.31873628380879
2028-10-08,32.634273048238136,29.070677937126046,36.19940769657974
2028-10-09,32.94224593790628,29.754873674331183,36.346174863132084
2028-10-10,32.848203926134005,29.399228393495516,36.32968709230843
2028-10-11,32.879030775794206,29.165236259126804,36.32243742897202
2028-10-12,32.73352057750135,29.198372434644067,36.24508364731795
2028-10-13,32.839986326807846,29.281083459744362,36.4231930542305
2028-10-14,32.75617500932672,29.219293089998594,36.10940808302463
2028-10-15,32.63409080953396,28.87500603243479,36.308537758311246
2028-10-16,32.9071447717181,29.464592488710974,36.43816916497197
2028-10-17,32.781853523377194,29.285911984884496,36.14403867078943
2028-10-18,32.78516495872214,29.51279327184992,36.29479126934462
2028-10-19,32.61585856623421,29.187111771275983,36.22858425037845
2028-10-20,32.70216282206378,29.188147971752496,36.287498234485604
2028-10-21,32.60168010102902,28.962763893936753,36.05844325063478
2028-10-22,32.46622035722741,28.714124395606465,35.9171365897935
2028-10-23,32.72896154195256,29.00972548263346,36.087657760061155
2028-10-24,32.59615902252188,28.87966956838913,36.24716415994965
2028-10-25,32.594481576999634,28.957269395763213,35.998253167101495
2028-10-26,32.4224213593186,28.99023872765428,35.92169745153167
2028-10-27,32.50792000787199,29.094289836129516,36.03256071784263
2028-10-28,32.40830114751449,28.961398592184395,35.69037712366188
2028-10-29,32.27511038638725,28.700013841550902,35.74631050396932
2028-10-30,32.54128067843013,29.214618401754613,35.91897633646447
2028-10-31,32.412845272858256,28.92105394301889,35.80083860903303
2028-11-01,32.416275836617,28.616826080205968,35.81618264435862
2028-11-02,32.24989320584733,28.93147356402346,35.719772739860424
2028-11-03,32.34149304704171,29.205882407111478,35.67745705452473
2028-11-04,32.248276825603824,28.667189925772675,35.679368875548825
2028-11-05,32.12168936409095,28.530667216224288,35.49112606655313
2028-11-06,32.39458106703346,28.80482234327303,35.87533430295987
2028-11-07,32.27291725604925,28.73123345204118,35.88341282270979
2028-11-08,32.28311243123573,28.6897777313714,35.801955254022495
2028-11-09,32.12343714331485,28.737313211610143,35.58724568697305
2028-11-10,32.221639975390325,28.974092577195986,35.607400119090606
2028-11-11,32.13487523176866,28.690658230511517,35.54684555376778
2028-11-12,32.01453779016426,28.4214916986813,35.61830990047437
2028-11-13,32.29342333614906,28.850906025380564,35.717592991215994
2028-11-14,32.17743652861487,28.549389916996034,35.9123340886917
2028-11-15,32.19292497675993,28.69267427067359,35.405703924935246
2028-11-16,32.038086735071744,28.594178423601917,35.71971072631476
2028-11-17,32.140593794291334,28.728343408194366,35.922249268715
2028-11-18,32.057522103218986,28.50883947775882,35.47378407968978
2028-11-19,31.940189476077702,28.422601568012603,35.413656741917755
2028-11-20,32.221319467945484,28.848783239706034,35.650164145790114
2028-11-21,32.106753601254084,28.37193944369185,35.60570741193798
2028-11-22,32.122789635310966,28.465542252944932,35.73637576572596
2028-11-23,31.96759338135196,28.594328401056266,35.466771784131545
2028-11-24,32.068826329664184,28.43722372160743,35.50176966304118
2028-11-25,31.983579413091825,28.456663468124255,35.542827876307555
2028-11-26,31.863214060256652,28.162049452430892,35.45015121332336
2028-11-27,32.14052843687854,28.6386764519074,35.61469376384117
2028-11-28,32.02147109878346,28.612268394489586,35.639680885343815
2028-11-29,32.032479620620045,28.647978370499988,35.67973133480784
2028-11-30,31.871891611847403,28.304396207237218,35.778944876813014
2028-12-01,31.967570337084698,28.307685475178864,35.499055707294154
2028-12-02,31.87683525998729,28.54571905829466,35.395378240954834
2028-12-03,31.751298704701647,28.229345910589192,35.15537342568034
2028-12-04,32.02402661946978,28.501980905789782,35.796984564094544
2028-12-05,31.901245796048155,28.382898539620943,35.49758348183552
2028-12-06,31.909675279297492,28.43212311131347,35.347402690159825
2028-12-07,31.74792958445812,28.013588089030833,35.11978358035805
2028-12-08,31.84413617436535,28.173904611892443,35.288592618304726
2028-12-09,31.755857772973815,28.290248268877985,35.3049776584008
2028-12-10,31.634920980048854,28.214076306611975,35.192030708770396
2028-12-11,31.914569447269034,28.806926662344626,35.344433270954276
2028-12-12,31.801164240501542,28.320806583019493,35.25116620980306
2028-12-13,31.82150937991478,28.660220525138858,35.55944957055462
2028-12-14,31.67425040976657,28.36956701571024,35.5093265477022
2028-12-15,31.787488653023114,28.286649857796263,35.287709074074364
2028-12-16,31.718701890846674,28.388155426417452,35.18091421148316
2028-12-17,31.61957304977899,28.148300483275428,35.38155902054364
2028-12-18,31.92314522379442,28.605393467656555,35.644246614848484
2028-12-19,31.83552566821841,28.254338665347845,35.23165344055444
2028-12-20,31.88321671272058,28.440952480663974,35.64035128093265
2028-12-21,31.764521343825997,28.197147624196834,35.27728445018703
2028-12-22,31.907165955360373,28.506777111621574,35.32613413781696
2028-12-23,31.86823079825669,28.347725083592533,35.150559938276025
2028-12-24,31.79898945712888,28.352539362444038,35.31331016981148
2028-12-25,32.13207538541172,28.676247226872388,35.60284817829091
2028-12-26,32.07319780886554,28.598797146476606,35.69623545106216
2028-12-27,32.14848459498123,28.7423662185917,35.796295975487155
2028-12-28,32.0558994769555,28.548954754612307,35.76517940304376
2028-12-29,32.222875767636154,28.374725788228936,35.757255640195496
2028-12-30,32.206256741802186,28.72205575688969,35.60658138126739
2028-12-31,32.15714368226674,28.573365682671245,35.619030638744775
2029-01-01,32.50806932153285,28.884667677306684,35.940233262877726
2029-01-02,32.46471873056431,29.08252266681381,36.18300206856502
2029-01-03,32.55327504482033,29.150289271098757,36.49068172343294
2029-01-04,32.47183726716194,28.97038809436263,35.91861303152963
2029-01-05,32.64805219831383,29.07542145107686,36.03339478163355
2029-01-06,32.63905065699088,29.265561904075785,36.09601363837482
2029-01-07,32.59628903951949,29.24383757242568,35.97531121728876
2029-01-08,32.95271407565389,29.287143508137394,36.44759412529239
2029-01-09,32.914473025724725,29.33549808705227,36.665847605808246
2029-01-10,33.008246967168894,29.353983140587587,36.54143395617299
2029-01-11,32.93265472616029,29.21792228420731,36.53097172803673
2029-01-12,33.11586987119729,29.437961068580645,36.69283067958519
2029-01-13,33.115541337340275,29.62203688321285,36.86429298494902
2029-01-14,33.08361916669251,29.49447867711745,36.726552109613735
2029-01-15,33.453503674670806,29.682279626526046,37.091879667811476
2029-01-16,33.43174074408634,30.002654386400007,36.90357490400489
2029-01-17,33.545341342727596,29.975954523974703,36.89523209197705
2029-01-18,33.49317324524994,29.70468910010535,36.773834003681415
2029-01-19,33.703567765891115,29.953169819970398,37.19629781984478
2029-01-20,33.73423241279966,30.05482154124785,37.09345299214011
2029-01-21,33.73707123327601,30.331337029239986,37.036814862192216
2029-01-22,34.14533137531021,30.586762590550368,37.61432122830714
2029-01-23,34.165298707848045,30.694877204046442,37.70189884059835
2029-01-24,34.32362065497959,30.97255424941006,37.950627350243636
2029-01-25,34.31870420011492,30.72245189681234,37.78055069149029
2029-01-26,34.57833175685477,31.35368593019863,38.1030461216538
2029-01-27,34.65958562405323,31.080997149530628,38.22171734182107
2029-01-28,34.713682521579855,31.161049092621216,38.239852445321596
2029-01-29,35.17313638626044,31.658218220149053,38.38794443116912
2029-01-30,35.24347186004333,31.496448812501473,38.890576985015485
2029-01-31,35.450566161265684,31.969113660330333,38.96738107318428
2029-02-01,35.4920667891125,31.776233009692774,38.921641199400035
2029-02-02,35.7950272241294,32.17155593226783,39.38632449075446
2029-02-03,35.915850795132776,32.2499379795428,39.12950339493578
2029-02-04,36.00514366396765,32.36901760266176,39.54170157382037
2029-02-05,36.494894580061114,32.73407975336726,39.92489628845848
2029-02-06,36.590203341984775,33.178635227380994,39.820359275959696
2029-02-07,36.81663520922874,33.27750245388922,40.361047029146235
2029-02-08,36.87164832723009,33.23513017197051,40.58255396726921
2029-02-09,37.18223601369443,33.67942773260573,40.815088815347245
2029-02-10,37.30487384408877,33.826027630469675,40.88809446392676
2029-02-11,37.390372345230446,33.804791372470575,40.81534766260219
2029-02-12,37.871052901668214,34.42408870229589,41.351674371437554
2029-02-13,37.95246886272368,34.533523725918315,41.380211416969836
2029-02-14,38.16074924200417,34.48869705580429,41.880096009558194
2029-02-15,38.194012315918165,34.44788980774161,41.665134371078516
2029-02-16,38.47999130237351,34.769887525884045,42.04036131396647
2029-02-17,38.575962471961894,35.167848049848466,41.979981155712835
2029-02-18,38.633576985908526,35.07859440244826,42.03191618858414
2029-02-19,39.08601460906921,35.77648436283924,42.61121313197563
2029-02-20,39.13968187343228,35.44263002353829,42.47231604637525
2029-02-21,39.321532699428644,35.76272568949174,42.765416480375535
2029-02-22,39.33045940871528,35.57313372260495,43.081909049242434
2029-02-23,39.5948969306625,36.26589387152213,42.9755856801331
2029-02-24,39.6727311529348,36.02388042505938,43.05249310101223
2029-02-25,39.716113268564946,36.315571858143564,43.12107622711456
2029-02-26,40.15859877024953,36.746877432337506,43.669420264418484
2029-02-27,40.20683409943229,36.44692367461881,43.74269756945498
2029-02-28,40.387869306973776,36.7370329691051,43.898712300936765
2029-03-01,40.40054491498063,36.88124026396424,44.035102852053136
2029-03-02,40.67309593688613,37.18482924845268,44.26599911887885
2029-03-03,40.763064054335985,37.341213454329406,44.24187139827081
2029-03-04,40.822119742654806,37.31122916122324,44.15031114807541
2029-03-05,41.28321282669596,37.98042516635306,44.77765463522196
2029-03-06,41.35227420121522,37.51119327766815,45.23801548837486
2029-03-07,41.55554670096191,38.048872228214385,45.127428464754416
2029-03-08,41.59099284990194,37.947338851494465,44.90322984214491
2029-03-09,41.885921909422734,38.037733605194454,45.21015384985071
2029-03-10,41.996926624105335,38.63592514086249,45.499962496643974
2029-03-11,42.074730809752424,38.592235476468964,45.608194267249296
2029-03-12,42.55136558869782,39.01818106285621,45.783827307119694
2029-03-13,42.63189631816835,39.39898236166917,46.08854397146923
2029-03-14,42.84177751565726,39.11114763975578,46.733925193908036
2029-03-15,42.878282855024146,39.5271499508939,46.408236354883385
2029-03-16,43.168152041234265,39.68232409063788,46.592537177099324
2029-03-17,43.26754441073008,40.049817015855346,46.86742802799278
2029-03-18,43.3268999264758,39.58460612649594,46.652376734771295
2029-03-19,43.77812498615615,40.25509007727756,47.173023129192345
2029-03-20,43.82632480293737,40.432707591098506,47.25503043637181
2029-03-21,43.99715948481038,40.74179511106698,47.870041284616086
2029-03-22,43.98827082220933,40.606051210476956,47.54297666750857
2029-03-23,44.226921643876935,40.512955493351605,47.80656370597217
2029-03-24,44.269937755466444,40.69702103994143,47.55516907955349
2029-03-25,44.2685534087154,41.05600577973082,47.652707633542896
2029-03-26,44.65557810294494,41.08728205416748,48.15653882047647
2029-03-27,44.63710695601837,41.226964541715674,48.41501025439009
2029-03-28,44.73985233067735,41.187926604089405,48.360257823466775
2029-03-29,44.66254435318618,41.435538075252204,48.52090362972729
2029-03-30,44.83354286239296,41.52925963250716,48.41376942429914
2029-03-31,44.81075151466702,41.16344329621126,48.18474198825324
2029-04-01,44.74643571754079,41.42754650681025,48.13376128910174
2029-04-02,45.07436291345756,41.598902842571334,48.602330495545026
2029-04-03,45.00148814594783,41.57490817236362,48.469654701044064
2029-04-04,45.055263246255166,41.171751842102076,48.539165243720475
2029-04-05,44.93501786907391,41.17061199427169,48.573499292277255
2029-04-06,45.06955543096412,41.69038097613362,48.6123538130695
2029-04-07,45.01705510243359,41.46011117031274,48.48411964608879
2029-04-08,44.929881850805,41.33250106110702,48.59659408163563
2029-04-09,45.24172326965652,41.609450982969406,48.539139795051845
2029-04-10,45.159276226103,41.80138647941007,48.59498498172243
2029-04-11,45.209561644844726,41.44241489164592,48.74836363264498
2029-04-12,45.09131552115248,41.545579865095796,48.76523245956183
2029-04-13,45.23259896626561,41.69050074425085,48.64608373069338
2029-04-14,45.19071807930288,41.624276490573926,48.88621191428342
2029-04-15,45.1170551887337,41.51515043845736,48.688255852996626
2029-04-16,45.44422966019967,41.89288920523375,48.67937129886562
2029-04-17,45.37781069244304,42.113393202777935,48.8657056751769
2029-04-18,45.443659756496935,41.79163528495209,48.7791679319435
2029-04-19,45.339350069981094,41.94582334814339,48.84817301844567
2029-04-20,45.491805191539044,41.93746211605634,48.97626894477986
2029-04-21,45.45724681197802,41.969385708731444,48.73801707934378
2029-04-22,45.386052587236726,41.94545643644042,48.863436907499974
2029-04-23,45.70994154989785,42.225083553962946,49.356312237346046
2029-04-24,45.63370891569749,42.1547660058808,49.239946011847664
2029-04-25,45.682587405230834,42.381539256225345,49.082297646717635
2029-04-26,45.553682021368125,42.0414156733792,49.006391040595425
2029-04-27,45.67362001102152,42.15469012121062,49.160496135663884
2029-04-28,45.59850583466201,42.36513903481309,49.21561282331815
2029-04-29,45.47878184457576,42.00752778810039,48.94326037371143
2029-04-30,45.74641217602789,42.45886224329003,49.42527368427677
2029-05-01,45.60661174663865,42.252960601587674,48.86474537283671
2029-05-02,45.585197670955566,42.08181092787752,49.26122383801291
2029-05-03,45.38001031948201,41.65387552066814,48.872022641248016
2029-05-04,45.418546132512866,41.96474934650938,48.979396686122136
2029-05-05,45.2578924758339,41.6359066970651,48.79820051469556
2029-05-06,45.0495657714457,41.34746019768525,48.85172846289254
2029-05-07,45.22667099341344,41.585950979781146,48.72985495972311
2029-05-08,44.995605047542455,41.47051682934091,48.43859707504391
2029-05-09,44.88338198587827,41.28941703888452,48.17912473492332
2029-05-10,44.58902793261147,41.18700436169562,48.120895926187906
2029-05-11,44.54118846539323,41.05177358015446,48.08946673503284
2029-05-12,44.298039342552975,40.628178721351006,47.70326161023056
2029-05-13,44.01210236743157,40.383700962465674,47.42287411684109
2029-05-14,44.11738497863216,40.839184056363905,47.756560801613766
2029-05-15,43.821066512336245,40.18228546711426,47.336173666434185
2029-05-16,43.650809434111665,40.50470921830843,47.12691981851726
2029-05-17,43.30614367474146,40.054216869760154,46.795405392536715
2029-05-18,43.216066978737665,39.81778425132388,46.67426029333203
2029-05-19,42.93895222532722,39.47303367470487,46.408152495376854
2029-05-20,42.6273634874601,39.32075278038375,46.31565849259792
2029-05-21,42.715199300209896,39.01165612732857,46.212306002072204
2029-05-22,42.409385881236446,39.0565111365668,45.93765115633206
2029-05-23,42.237198318875606,38.561494106514616,45.43508818776494
2029-05-24,41.89765751229273,38.35104931595261,45.36534082640178
2029-05-25,41.81914536548744,38.40814785395587,45.3952633776274
2029-05-26,41.55932874418576,38.27890744189807,45.003702108939805
2029-05-27,41.26999348039538,37.60790113682005,44.96579707164632
2029-05-28,41.38420639959237,37.774872133143035,45.07349233667322
2029-05-29,41.108027615322,37.47897268199555,44.75936796965783
2029-05-30,40.967850621807905,37.19462939463203,44.19531256879093
2029-05-31,40.66181750990217,37.195757055638424,44.39279115653407
2029-06-01,40.61745138725541,37.30723316716704,44.17895005431194
2029-06-02,40.39159613961721,36.76089066418689,44.06438951695183
2029-06-03,40.135264503746384,36.42132501666561,43.60158743373811
2029-06-04,40.28081217705702,36.79012603831416,43.30416113692522
2029-06-05,40.03366002858269,36.689373982555246,43.45894295256235
2029-06-06,39.919641833387665,36.57970819382569,43.421749371724594
2029-06-07,39.636424819513564,36.17657096044894,43.23522824850805
2029-06-08,39.611145142227144,36.12348463499462,43.067222963421855
2029-06-09,39.40034852235222,35.78617448593694,42.5664791662708
2029-06-10,39.154837178822355,35.76051128975646,42.858602732407185
2029-06-11,39.30684099244084,35.98268521332282,42.730187844903995
2029-06-12,39.06173521990178,35.550911551729286,42.64508552624547
2029-06-13,38.94538246716136,35.248359385796604,42.36392039191899
2029-06-14,38.65554651941389,35.0703614785677,41.88840870925987
2029-06-15,38.61952046027558,35.248184717854855,42.089061526316094
2029-06-16,38.39405963293588,35.13138137562568,42.16719553095279
2029-06-17,38.1302208764077,34.648169290683384,41.510582826227825
2029-06-18,38.26052625330722,34.559122492534534,41.61102222930933
2029-06-19,37.990673834823,34.556449992145794,41.51187249253478
2029-06-20,37.846873457721316,33.98366024710021,41.15210903330345
2029-06-21,37.527255209095394,33.733081961945174,41.04350042830281
2029-06-22,37.45949317802311,33.85267672316721,40.69177798180001
2029-06-23,37.200735079033905,33.75143152579599,40.612361415241615
2029-06-24,36.902439177433166,33.27050406885872,40.3876100750655
2029-06-25,36.99753667614249,33.56479459942575,40.455917728549075
2029-06-26,36.69214202266073,33.0035857001083,40.03059563896561
2029-06-27,36.51288889866276,33.09401261046928,40.07197504413024
2029-06-28,36.158339457459306,32.74353697656285,39.48232782563924
2029-06-29,36.05660912800621,32.27378850045674,39.58275695933588
2029-06-30,35.76529734927855,32.23145534761048,38.91765022233691
2029-07-01,35.43632541371929,31.846541175566866,39.018034939378914
2029-07-02,35.503099328521785,31.797886908386186,38.977761689295065
2029-07-03,35.17221991348137,31.98833055391055,38.62047013234047
2029-07-04,34.970817680017085,31.480898879897364,38.42566754788599
2029-07-05,34.59795987011319,31.21998744002708,37.939188676626955
2029-07-06,34.48227182797939,30.994116048594734,38.14551421118057
2029-07-07,34.181862970530446,30.74542356573166,37.71253362866573
2029-07-08,33.849158491829584,30.320634503221434,37.41723466964387
2029-07-09,33.91805472505757,30.457752833797908,37.54560979797511
2029-07-10,33.5956204563954,30.05520345194777,36.89372308163577
2029-07-11,33.409421871750915,29.47354363453058,36.73579050804375
2029-07-12,33.058918710490566,29.561929104812656,36.34655557152923
2029-07-13,32.97307404926679,29.44346227192193,36.50484398013402
2029-07-14,32.7102682811216,29.14325170091844,36.14784325599184
2029-07-15,32.42311876512252,28.94803753158329,35.868997580574465
2029-07-16,32.54562344159928,29.185581477535543,36.117227418349685
2029-07-17,32.284851099325216,28.748117298225356,35.769054203159605
2029-07-18,32.16825637617792,28.962170524246723,35.88195083187752
2029-07-19,31.895067463909346,28.54310072718329,35.416247079753944
2029-07-20,31.893889319526522,28.287450138492822,35.5571354025238
2029-07-21,31.7226132980525,28.074790933997487,35.393883690517995
2029-07-22,31.533234989161812,28.32057530986779,35.08166892388846
2029-07-23,31.75899880630866,28.419821446284473,35.30453200855725
2029-07-24,31.606092204248352,27.758810171139885,35.12419520537543
2029-07-25,31.60096772345791,27.879918180684882,35.15785270207255
2029-07-26,31.441740869698663,28.074792579238732,34.87541693031972
2029-07-27,31.555806584992038,28.241166320902376,34.98069265249928
2029-07-28,31.49976509230201,27.892203398743774,34.766163446332186
2029-07-29,31.424258678067908,28.040769348484755,35.048696349389765
2029-07-30,31.761137659465415,28.46831625288864,35.40425506346426
2029-07-31,31.71517803255786,28.17724412995656,35.06880159537603
2029-08-01,31.81142854942061,28.490173552343943,35.25015413980138
2029-08-02,31.74663472132616,28.37054801295264,35.38107524637592
2029-08-03,31.94688194393889,28.638374253574998,35.28783723183088
2029-08-04,31.967547930852966,28.736178351189096,35.69456388269567
2029-08-05,31.958165402615982,28.57480381954434,35.446485979959576
2029-08-06,32.34961265595639,28.850479885451687,36.06313524409538
2029-08-07,32.345853897984384,28.77361068321296,35.86163458756398
2029-08-08,32.471306509348665,28.95416261599263,35.87924851932142
2029-08-09,32.42228219233262,28.940459786274815,35.78669976550815
2029-08-10,32.624643716890404,28.986801425321236,36.226625688387465
2029-08-11,32.633767039932,29.037805416633404,36.10142038273316
2029-08-12,32.599409418084214,29.00235684216009,36.0886257437208
2029-08-13,32.9529009059301,29.387943563980162,36.390860878760314
2029-08-14,32.898880993892064,29.24566079248965,36.264612822346756
2029-08-15,32.96265752644111,29.54946491535812,36.600984668950304
2029-08-16,32.8416349432138,29.240141241612015,36.12025836643825
2029-08-17,32.96295375220746,29.493682869248797,36.531661121339525
2029-08-18,32.88343131296032,29.205498020419025,36.38822906084474
2029-08-19,32.75440495302226,29.16127175934435,36.10819615646513
2029-08-20,33.0088953046141,29.589007235640363,36.562774748070055
2029-08-21,32.85331219133209,29.071693243296576,36.105119524217855
2029-08-22,32.81478084867739,29.129811653890386,36.26206239965639
2029-08-23,32.59253621645491,29.23783734615011,36.269649191937916
2029-08-24,32.615527943402824,29.104997239270244,36.18322674949435
2029-08-25,32.442326931230035,28.850806198746632,35.7865786368277
2029-08-26,32.22593519050264,28.62040986634513,35.62681333280805
2029-08-27,32.40091762606657,28.7226417244756,35.94074732430344
2029-08-28,32.175078776173876,28.688593712394685,35.838404503816705
2029-08-29,32.07676293017789,28.647779991607386,35.5561101652188
2029-08-30,31.80622593463027,28.346669838940336,35.295001415364105
2029-08-31,31.793221816828694,28.367416988205758,35.398877552483484
2029-09-01,31.5968954465553,28.05557719794231,34.79115344325923
2029-09-02,31.370583297417937,28.107570600765587,34.71623541413205
2029-09-03,31.548941102860642,28.050867738192718,34.97614528144049
2029-09-04,31.339621493034997,28.024474523848372,34.67833613811949
2029-09-05,31.27057998261313,27.7569139875675,34.59038131560935
2029-09-06,31.041457449978854,27.749198169107416,34.750538175456576
2029-09-07,31.081181957355017,27.533463397193252,34.770862854826646
2029-09-08,30.947880750674592,27.66833316499589,34.50012487132164
2029-09-09,30.79370402618501,26.98375463079577,34.14079856551798
2029-09-10,31.051978704442718,27.438273083892465,34.464458774595066
2029-09-11,30.928914677553294,27.384157443140996,34.6155304445447
2029-09-12,30.950941229528752,27.760868203579147,34.619775197617685
2029-09-13,30.81612106687504,27.260526775508676,34.34590009245954
2029-09-14,30.951784090291852,27.204368250631465,34.1526520994505
2029-09-15,30.914471029951844,27.281525831753036,34.381228687104255
2029-09-16,30.854787835029427,27.363985553870716,34.33223293021109
2029-09-17,31.20458839853476,27.75562406716612,34.73683704105815
2029-09-18,31.16870747611219,27.782611369809597,34.5184423415282
2029-09-19,31.272320958023208,27.52899896284829,34.71007153595877
2029-09-20,31.212380469393604,27.7066556630965,34.659584273557385
2029-09-21,31.4152640561966,27.665217257083516,34.918688741082846
2029-09-22,31.436732802141584,27.660741043718623,34.98616487641153
2029-09-23,31.42679409083626,28.00040474284251,35.28829993534795
2029-09-24,31.816889021067468,28.31952373480123,35.413151103267644
2029-09-25,31.81162586338288,28.376499213069707,35.2044424241499
2029-09-26,31.936136845982148,28.5806885254068,35.512423972964534
2029-09-27,31.887505467525617,28.45047134870416,35.35965359013989
2029-09-28,32.09240640237523,28.391896722888564,35.34808747043103
2029-09-29,32.10704822693577,28.5557382964631,35.516598724526006
2029-09-30,32.08202012838013,28.436118116283826,35.615721764021615
2029-10-01,32.44946060082468,28.98481959141497,35.95437195094365
2029-10-02,32.414770550049916,28.986283753678197,35.883739661568356
2029-10-03,32.50394864872111,29.06058864510986,36.03904868601351
2029-10-04,32.41499669942344,28.975956879474076,36.120987061365504
2029-10-05,32.57553762169507,29.030133790446104,35.910431859184975
2029-10-06,32.54273681910977,29.00136024704425,35.73417209573485
2029-10-07,32.46812857870559,29.152618467357954,36.05812735938887
2029-10-08,32.784765950476135,29.376075233846613,36.03753801094659
2029-10-09,32.6989169124079,29.092234114529063,36.31816878845252
2029-10-10,32.73738498075134,29.30338173720856,36.5483446676915
2029-10-11,32.598902267871225,29.23635780097146,36.20809870299218
2029-10-12,32.71173777233455,29.241764073408827,36.27399417468475
2029-10-13,32.63361174756953,28.947170803038226,36.31801319612607
2029-10-14,32.516517814132165,29.011814083326072,36.12893785307964
2029-10-15,32.79387120141869,29.129644671745815,36.26723755891319
2029-10-16,32.67220579265862,29.277036665435254,36.342588203499915
2029-10-17,32.67849793820588,29.099461731912704,36.243546154686584
2029-10-18,32.51156479026879,29.08735872902942,36.047745196322246
2029-10-19,32.59967964949259,29.353474570544716,36.262387797169964
2029-10-20,32.50049484129288,29.0119872875661,36.178393155761746
2029-10-21,32.36587343554938,28.962971657784887,35.93603083107999
2029-10-22,32.62904783277908,29.125753911426436,36.24824192006148
2029-10-23,32.4963275280356,29.274632232397433,36.110543522773234
2029-10-24,32.49443366637494,28.993690851337124,35.97892810199664
2029-10-25,32.3219078134244,28.518863851861763,35.764799697680246
2029-10-26,32.40673713297522,28.896026032874886,35.96915465144058
2029-10-27,32.30628622993468,28.712356051019587,35.86162712080472
2029-10-28,32.172136758259406,28.460598725319493,35.685813466087275
2029-10-29,32.43725265322945,28.974750995185364,35.875678002272195
2029-10-30,32.30769318895028,28.647147731050016,35.73192623007249
2029-10-31,32.30995141896209,28.830496154043463,35.75816322101603
2029-11-01,32.142365421414155,28.795022510433462,35.763851128177855
2029-11-02,32.23274458996265,28.89204735231139,35.70458039224468
2029-11-03,32.13830132534839,28.713538773105633,35.53664807537861
2029-11-04,32.0104893655789,28.496360757180128,35.39092069042741
2029-11-05,32.282166787438356,28.860435706412094,36.00956418858635
2029-11-06,32.15930608071256,28.762694794662504,35.97156126464946
2029-11-07,32.168329072175446,28.693355043632394,35.552692109822075
2029-11-08,32.00751434974954,28.3920801690024,35.485226686437365
2029-11-09,32.10461965765619,28.498227317486645,35.58423556105428
2029-11-10,32.016809839017,28.281811778433173,35.59647651559922
2029-11-11,31.895491768964717,28.647965080979425,35.691822574097095
2029-11-12,32.173474492027296,28.737447942246053,35.61094035157745
2029-11-13,32.056677115694875,28.518966215925563,35.57968372842929
2029-11-14,32.071462351910306,28.364568455588522,35.728882613032944
2029-11-15,31.916043431760237,28.46787035690417,35.62933883823341
2029-11-16,32.01810689694087,28.367999798781856,35.93959778533087
2029-11-17,31.934741834259523,28.45646680013816,35.462769783585166
2029-11-18,31.817276943836287,28.220129510818417,35.24553451010158
2029-11-19,32.09844356261676,28.7148150569782,35.7019429235475
2029-11-20,31.984087066964676,28.383950939720638,35.300650854134226
2029-11-21,32.000504387074166,28.462730836067358,35.51364483920223
2029-11-22,31.845855174983427,28.25154665303421,35.14913176436814
2029-11-23,31.947788928893985,28.498073836392887,35.51998028178659
2029-11-24,31.863378429727305,28.288115452999786,35.367033042726206
2029-11-25,31.743960669014406,28.511921800391494,35.10238568134972
2029-11-26,32.022303185303294,28.42323368211218,35.58965837670246
2029-11-27,31.90431804365679,28.378484655272203,35.49824702838241
2029-11-28,31.916401024754713,28.67812823435272,35.463882870376835
2029-11-29,31.756843428979185,28.185275728986607,35.23274428212975
2029-11-30,31.853458697560765,28.54203119868449,35.624279173650756
2029-12-01,31.76351414652316,28.35560247440977,35.09205143355547
2029-12-02,31.63856897616372,27.928800981101976,35.37731947248286
2029-12-03,31.911636502384546,28.4225529783218,35.59488954749159
2029-12-04,31.788892919448653,28.592677284555105,35.321711358542295
2029-12-05,31.797010279987052,28.065788280879982,35.06312299822079
2029-12-06,31.634561258333648,28.303699331901278,35.12351951412025
2029-12-07,31.729638096821134,28.210631570394725,35.15597375438851
2029-12-08,31.63977625932981,28.304165355532078,35.21799002166998
2029-12-09,31.51678420719135,27.880476168183097,35.12132513377458
2029-12-10,31.793897512071048,28.282554349355273,35.301827799675834
2029-12-11,31.677479890634146,28.33569228724279,34.98467298206912
2029-12-12,31.694349120011502,28.43504991341468,35.229467504488326
2029-12-13,31.543175661717083,28.181930296838793,35.05759891157404
2029-12-14,31.65209663458047,27.869872728455526,35.333522964467505
2029-12-15,31.57863587246312,28.030159362435782,35.182513014508686
2029-12-16,31.47453165605449,27.72420407398929,34.89670258153202
2029-12-17,31.772890463260254,28.23394845499815,35.19128041025132
2029-12-18,31.679889403128797,27.996739346889076,35.108945955837505
2029-12-19,31.722105318471073,28.23959463829729,35.30653485047968
2029-12-20,31.597918354643554,28.087000535030814,35.157651563022334
2029-12-21,31.735132547818722,28.09334108501279,35.055543470788855
2029-12-22,31.690904025360755,28.23310840224942,35.104340701892255
2029-12-23,31.616578211537373,28.121701464067925,34.97408299919864
2029-12-24,31.944854138788,28.28190687251196,35.18850154400226
2029-12-25,31.881498243403986,28.27456685354131,35.31592486746869
2029-12-26,31.952685310674834,28.553082603064315,35.485406196122675
2029-12-27,31.85641402200789,28.307664876621075,35.47407997652334
2029-12-28,32.0201392975723,28.490255763445557,35.69785700469109
2029-12-29,32.000711663353655,28.643440320600256,35.68050942893551
2029-12-30,31.949224679209323,28.538589609691478,35.380754639322674
2029-12-31,32.29818818998002,28.96169454326657,35.90887429452979
2030-01-01,32.25324946942501,28.621212573540728,35.76387655930285
2030-01-02,32.34053965252285,28.927867724403367,35.609483693454266
2030-01-03,32.258092687750185,28.853818797687342,35.681878502312486
2030-01-04,32.433478838625255,29.070648198332343,35.99519841077263
2030-01-05,32.423742862117244,28.765362935570465,35.960396932232115
2030-01-06,32.38024786692187,28.633690403339898,35.63705832156975
2030-01-07,32.735842650172486,29.305285846909307,36.041821014800625
2030-01-08,32.69657468986277,29.136470728715455,36.07170637336917
2030-01-09,32.789026365220145,29.35862880794231,36.15691780234127
2030-01-10,32.71172187895414,29.11900916138305,36.08787996374068
2030-01-11,32.89274721294017,29.233116745763954,36.37121740126615
2030-01-12,32.88967359944782,29.51263841101866,36.225232108019206
2030-01-13,32.85438590834805,29.26359870208727,36.44028224607065
2030-01-14,33.220234178502956,29.85845697982448,36.94287400094555
2030-01-15,33.19373092035062,29.920571896104143,36.652874810294286
2030-01-16,33.30187221901409,29.745649441037617,36.86924885765723
2030-01-17,33.24353056313321,29.440796665050673,36.82579613830165
2030-01-18,33.44706216287145,29.779946162849924,36.774887559807624
2030-01-19,33.47021963892319,29.877503052843725,37.08093017855352
2030-01-20,33.46497183802875,29.917690027978658,37.08310154943294
2030-01-21,33.86464930242515,30.077623668127288,37.47381467798451
2030-01-22,33.87563825383642,30.272808467822138,37.3337702236815
2030-01-23,34.02470128124621,30.516583152741518,37.31931693142141
2030-01-24,34.0103727377148,30.257726946766454,37.57629207770436
2030-01-25,34.26057160622861,30.61396969362666,37.83078974921368
2030-01-26,34.33252262781085,30.682292967998222,38.00106682160927
2030-01-27,34.37758727469117,30.832366121806473,38.21749290315521
2030-01-28,34.82842284251502,31.388706923312036,38.42907160280355
2030-01-29,34.89069219391006,31.264949229206046,38.41736480514156
2030-01-30,35.09040194739433,31.44317938663206,38.74039104702716
2030-01-31,35.12531666500626,31.320631464656067,38.80164950642394
2030-02-01,35.422591301848556,32.2822225035029,38.80306447664894
2030-02-02,35.53871218253717,32.116863816977165,39.00843167456786
2030-02-03,35.62434754208851,31.94083352466241,39.08468748071379
2030-02-04,36.111525358279344,32.393618654835855,39.423563763710746
2030-02-05,36.20536047431544,32.86305736146537,39.74579777740471
2030-02-06,36.431408301497214,32.971570743268934,39.936789625705046
2030-02-07,36.487092194456544,32.67987264516772,40.00784884292348
2030-02-08,36.799346358762605,33.528181844677455,40.497349421570156
2030-02-09,36.92456422203477,33.41290506503904,40.375700976810165
2030-02-10,37.013453052220804,33.60948982903346,40.30020822704208
2030-02-11,37.49821238441342,33.93269662628177,40.92952717042039
2030-02-12,37.58425818371242,34.05871515150977,41.167978716284374
2030-02-13,37.79757005982495,34.208388124355565,41.35377563250972
2030-02-14,37.83610875026704,34.28248320050095,41.1746755662684
2030-02-15,38.12744595218658,34.7149329095681,41.677975561728616
2030-02-16,38.22869674528241,34.99100648421568,41.84273558407443
2030-02-17,38.29135578451218,34.763979966574865,41.959258685965715
2030-02-18,38.74845529268061,35.42678334564213,42.14136750804764
2030-02-19,38.80626731074542,35.51384346132057,42.291020929695094
2030-02-20,38.99162809949188,35.48689839731529,42.58683951204551
2030-02-21,39.00333251959744,35.82362738759182,42.51003850720275
2030-02-22,39.26974109582405,35.903003319011496,42.97594994736322
2030-02-23,39.34869063209942,35.72385292483148,43.036501240605595
2030-02-24,39.39231016154757,35.636603461063146,42.913711135983775
2030-02-25,39.834160831245875,36.378164800224155,43.432307258231624
2030-02-26,39.880922697266584,36.50970271174311,43.25194698397759
2030-02-27,40.05970677471093,36.42345245978945,43.71309719516573
2030-02-28,40.069440540849826,36.4955140218481,43.558951005139775
2030-03-01,40.33846987739233,36.877675382594674,43.91873205091741
2030-03-02,40.42446849925656,36.7596470696058,43.96816716721827
2030-03-03,40.47925672916435,37.10042862350173,43.92073110442537
2030-03-04,40.93594818439722,37.38710812896503,44.41218602129246
2030-03-05,41.00064720926794,37.37724116545274,44.396061017670775
2030-03-06,41.19977515012044,37.36114387670638,44.351778347135166
2030-03-07,41.23147332325869,37.643794754581734,44.66697701084752
2030-03-08,41.523225222665815,38.150543242182096,45.19988898905966
2030-03-09,41.63178849578928,38.3144952458437,45.219048343327145
2030-03-10,41.708037960931634,38.19064183538123,44.91234841521385
2030-03-11,42.18413759575698,38.286678971738176,45.63323441064125
2030-03-12,42.265263659367996,38.959157211562136,45.487407063694235
2030-03-13,42.476956357667035,38.887389386137166,46.08936844298918
2030-03-14,42.516547217483144,38.88019931523143,45.982258293564996
2030-03-15,42.810804052679714,39.29903354924227,46.24917852101909
2030-03-16,42.91588342588759,39.3447211523473,46.548033159549774
2030-03-17,42.982191311286435,39.68828586822376,46.427598578380675
2030-03-18,43.44156939194659,39.96962198907386,47.01174179919795
2030-03-19,43.49902874426359,40.21817657219193,47.22993630497355
2030-03-20,43.68010800684883,40.26993736936442,47.28085781725867
2030-03-21,43.68230299377624,40.231973195633664,47.06049178672915
2030-03-22,43.932709542466355,40.535785702341585,47.60187135624481
2030-03-23,43.98796952291294,40.36431954434989,47.54495181331686
2030-03-24,43.99912085253467,40.51553828807491,47.45832657577521
2030-03-25,44.39876920167228,41.26961340529231,47.91094203850372
2030-03-26,44.39280350023315,40.738036349071045,47.86120798390768
2030-03-27,44.50773279805339,40.83126493760635,48.26412917008933
2030-03-28,44.44209197948258,40.97084349821305,48.05798859752399
2030-03-29,44.624058734404215,41.34414987308347,48.18921868921534
2030-03-30,44.61137237943384,41.012026690980875,48.34203308709213
2030-03-31,44.5561560780622,41.00646396993971,48.0665396813477
2030-04-01,44.89206086808413,41.30386324003264,48.45110319616972
2030-04-02,44.825954329602844,41.47508661295741,48.41915715933306
2030-04-03,44.88523214922613,41.26739296717309,48.415175291424475
2030-04-04,44.769200745566735,40.92929083125385,48.09590127672047
2030-04-05,44.90667396660012,41.34530544116502,48.3422612392649
2030-04-06,44.85587498852313,41.48274508087793,48.505935688781456
2030-04-07,44.76924541407775,41.202038925135696,48.459569109272174
2030-04-08,45.08058032917364,41.22668050508908,48.520597860570334
2030-04-09,44.99671239360383,41.57096934200695,48.502021800856255
2030-04-10,45.04482334967176,41.56430623574997,48.35220591518595
2030-04-11,44.92383112428053,41.45272632024572,48.683868954344696
2030-04-12,45.061995427680564,41.40822372315992,48.43252137414274
2030-04-13,45.01683275631549,41.495371083524226,48.59804716896894
2030-04-14,44.93994246672,41.281361786496674,48.55417600956355
2030-04-15,45.264162248496454,41.68961232612018,48.80291701939051
2030-04-16,45.19527555312989,41.81486763272443,48.9489372267309
2030-04-17,45.25934876908467,41.726000213441665,48.81722465455491
2030-04-18,45.15414566695714,41.72722941142711,48.75489069629331
2030-04-19,45.30676132496246,41.6877174843104,48.959394229181875
2030-04-20,45.273565726511066,41.65442385775657,48.78347536578417
2030-04-21,45.205057977301436,41.73915738477993,48.59041570402191
2030-04-22,45.533048765397226,42.00967905317639,49.08055607522173
2030-04-23,45.46239294983113,42.162384384336,48.82332391908943
2030-04-24,45.51834944772671,42.01025136850543,49.11018251641841
2030-04-25,45.398015389756154,42.08287668603031,48.99219451795343
2030-04-26,45.52797628088935,42.05374043298884,48.78306298061526
2030-04-27,45.46426197713012,41.92459132708893,48.93094949982176
2030-04-28,45.35720914606945,41.964210509254315,48.85155090088822
2030-04-29,45.63864766294022,42.233932029921974,49.42421061590538
2030-04-30,45.51363276722492,42.081008901007664,49.1109327522014
2030-05-01,45.50780020094085,41.78434703982286,49.04042550921204
2030-05-02,45.31879145876556,41.89700337387332,49.14100270384938
2030-05-03,45.373891150866854,41.509805104117305,48.938117848300735
2030-05-04,45.22996664863024,41.65741464336433,48.804941654166036
2030-05-05,45.03831112539817,41.496841735315655,48.65160372096795
2030-05-06,45.23180796032198,41.73328731834159,48.624693875785695
2030-05-07,45.01663890434087,41.5356217829766,48.736435036569965
2030-05-08,44.91961384499839,41.53839763048207,48.46502132556257
2030-05-09,44.6395699407245,41.04219243788358,48.10662695245899
2030-05-10,44.60498277360051,41.119179123055524,48.09571453007551
2030-05-11,44.37388032937021,40.84039125088198,47.72182212795382
2030-05-12,44.09866152935594,40.268459479791126,47.60856015235989
2030-05-13,44.21323785311729,40.75430701737219,47.58944906443277
2030-05-14,43.9247209655685,40.38375346844421,47.484815719570086
2030-05-15,43.760734631603405,40.223642545425406,47.20541568313377
2030-05-16,43.420799056281275,39.717064160786755,46.87236978944763
2030-05-17,43.33393058020424,39.89292224870637,46.93372521047906
2030-05-18,43.058547727191,39.53389241711986,46.731004508564325
2030-05-19,42.74728542205354,39.07372965454717,46.406354301576606
2030-05-20,42.834135915176645,39.12030895746728,46.20914832827228
2030-05-21,42.52613923279193,39.313424075641144,46.09174462946756
2030-05-22,42.35070125323433,38.76749339231994,45.76245346377492
2030-05-23,42.006987284228074,38.689275093681175,45.7702067965971
2030-05-24,41.92353373672372,38.363926685623014,45.386518173256
2030-05-25,41.658168498543276,38.13006581425369,45.17978129966633
2030-05-26,41.36284138458107,38.00596554664438,45.06671997989275
2030-05-27,41.47078272573705,38.112633307758465,45.05517991826609
2030-05-28,41.18821242148182,37.37348880945182,44.75935569352827
2030-05-29,41.041677057652066,37.5566516331069,44.770469490498165
2030-05-30,40.729462474918876,37.20885862886593,44.20862758390201
2030-05-31,40.679223916750125,37.120428036533525,43.98068457365811
2030-06-01,40.44792392857165,36.696657074026334,43.9339837393868
2030-06-02,40.18667899971322,36.6036241561784,43.45837901090289
2030-06-03,40.3279326807008,37.00267570244901,43.73427084978128
2030-06-04,40.077177234468536,36.71210991942226,43.80075104363196
2030-06-05,39.960301225015634,36.456688791413775,43.51717629260021
2030-06-06,39.67501030251742,36.23927727266008,43.46460276592499
2030-06-07,39.64846325949747,35.94063885445914,42.92056515235995
2030-06-08,39.43721354642875,36.07143776300001,43.04066158158223
2030-06-09,39.1920573221986,35.76111632062631,42.55832565505198
2030-06-10,39.34520591744034,35.95032171448044,42.69079078591927
2030-06-11,39.10200496886738,35.54669576509441,42.72037402558736
2030-06-12,38.98827787293087,35.6809041841055,42.390281481567705
2030-06-13,38.70174109766557,35.195229574636286,42.07617461888931
2030-06-14,38.669633731250094,34.992512630166274,41.97992663482355
2030-06-15,38.44865177217389,34.899200925398276,41.846048356275794
2030-06-16,38.189788553960746,34.6813194994604,41.77464890853599
2030-06-17,38.32549948968714,34.91011035399848,41.77532130199223
2030-06-18,38.061413680697335,34.60098747422752,41.52754206836823
2030-06-19,37.92367029348333,34.54260990353292,41.399459268535054
2030-06-20,37.61032746019127,33.81863537179597,41.24046822535502
2030-06-21,37.54898625208202,34.036971502494474,41.09514816103071
2030-06-22,37.29672035072679,33.75070161965544,41.032758759067974
2030-06-23,37.00491287571048,33.34651563588305,40.40716804136344
2030-06-24,37.10641856480542,33.5412174349411,40.73730055713654
2030-06-25,36.80727380740739,33.28759778004921,40.28902776839581
2030-06-26,36.63403234027887,33.29116409736836,39.89688247878822
2030-06-27,36.28517421950498,32.79262086010415,39.91531943825299
2030-06-28,36.188730436289404,32.637528123308606,39.489533653674606
2030-06-29,35.902213587551294,32.43081978492555,39.75275147682185
2030-06-30,35.57745582324472,31.998930982884957,39.00808852627494
2030-07-01,35.64777201657589,31.94766045437073,39.27890073059515
2030-07-02,35.31967040590005,31.70840855188123,39.00975814485484
2030-07-03,35.120188273713495,31.615056899941234,38.36703394834954
2030-07-04,34.748300052260795,31.404076437713897,38.05632522143032
2030-07-05,34.63254002820884,31.20050380814081,38.10914267123925
2030-07-06,34.33092990050845,30.766241855509474,38.12544932282262
2030-07-07,33.995812302990885,30.519317366058623,37.45029766187248
2030-07-08,34.06100818030675,30.5163821097084,37.513068807295674
2030-07-09,33.73352026588873,30.07546348048881,37.050999874916016
2030-07-10,33.540860287712704,30.056451192951158,37.24422857975972
2030-07-11,33.18244741262182,29.7694629842437,36.15662654008168
2030-07-12,33.08722028262064,29.65338567402537,36.700734650642026
2030-07-13,32.81355313428918,29.306934743958795,36.19335245404391
2030-07-14,32.51407740047269,28.70069842445067,35.852182135993694
2030-07-15,32.62282701347635,28.934070866765637,36.05835130923206
2030-07-16,32.34693002314516,28.864561067448086,35.769858332118204
2030-07-17,32.21392454347373,28.59665510159846,36.12088563508454
2030-07-18,31.923146938165836,28.373679339537574,35.347078636764195
2030-07-19,31.903334997218625,28.352693531292203,35.412682651661214
2030-07-20,31.712536980626595,28.072946274766014,35.33918807401973
2030-07-21,31.5029282865144,27.77864432989318,34.668374482769124
2030-07-22,31.70795428197006,28.37575000728933,35.20648703495823
2030-07-23,31.53402217783584,28.270575401009538,35.20266034626116
2030-07-24,31.507820167633525,28.225030971313927,34.86910935552153
2030-07-25,31.327711876795895,28.032794420732426,34.86883267443257
2030-07-26,31.42134893229754,27.782420152557243,34.92922906368897
2030-07-27,31.345592503770487,27.686929104654823,35.23450281046029
2030-07-28,31.251345462643066,27.599780484922096,35.01807095023621
2030-07-29,31.57071350045339,28.246699910137345,34.95434792243113
2030-07-30,31.508717806399744,27.903454842056355,35.08047627176084
2030-07-31,31.590637163371483,28.21661260588195,35.237523102785296
2030-08-01,31.513427075110453,28.108872824554325,35.034487169534394
2030-08-02,31.703358237553246,28.19205995881275,35.17171304010065
2030-08-03,31.715964656251508,28.109709327664977,35.19923649427271
2030-08-04,31.70090246797386,28.14166730158882,35.23063923181453
2030-08-05,32.08913719452096,28.241879670302538,35.383192715818474
2030-08-06,32.08468140637305,28.63014309240381,35.812580481559344
2030-08-07,32.21196003986282,28.73695734876459,35.78301226197509
2030-08-08,32.16725038804239,28.57641498836839,35.93940497037584
2030-08-09,32.376338525014845,28.905445107720556,35.73762235570331
2030-08-10,32.39448196677549,28.98197299507717,36.228260728166156
2030-08-11,32.37127919646,28.89146334476315,35.81610610430627
2030-08-12,32.73786343304449,29.18905493553795,36.20797738785018
2030-08-13,32.698642364037205,28.95154979883006,36.178506004554556
2030-08-14,32.77866092910147,29.411026638569297,36.30414437893836
2030-08-15,32.67503412432529,28.94846942650959,36.11393235580935
2030-08-16,32.81459164594022,29.032802723376605,36.27312116273283
2030-08-17,32.7538243454893,29.31910312751689,36.50069973580974
2030-08-18,32.64373340080781,29.353233435205095,35.94440741270947
2030-08-19,32.916999960480965,29.434169823366386,36.423193730353034
2030-08-20,32.7796974552687,29.648647401371704,36.33862081442335
2030-08-21,32.75862422003625,29.258076342369925,36.285624060757044
2030-08-22,32.55270402354122,29.19537471262042,36.019345251643514
2030-08-23,32.59059700874902,29.029646915591872,35.857820376570636
2030-08-24,32.430611739556646,28.799633840155817,36.06147112601177
2030-08-25,32.22552000470131,28.95093032198953,35.85895709431796
2030-08-26,32.409692887491474,28.7647010877635,36.16407886476424
2030-08-27,32.190781031805514,28.402233836255082,35.528637812642465
2030-08-28,32.09701745308906,28.6324015237291,35.47246953322435
2030-08-29,31.828591147555134,28.29951919210187,35.288104971894356
2030-08-30,31.815234592773553,28.25967792587,35.38843518512784
2030-08-31,31.61611634621224,28.152472150808343,35.00896322708167
2030-09-01,31.384640810857285,27.929994206958813,34.93719566596398
2030-09-02,31.555573992345757,28.2432930991322,35.042023430996764
2030-09-03,31.33671838393902,27.895841473953272,34.76491268509119
2030-09-04,31.256215419043986,27.874027333110902,34.70422436197784
2030-09-05,31.013923718894084,27.586439850810955,34.45033719430199
2030-09-06,31.039016087513716,27.45988683453265,34.675174979164694
2030-09-07,30.889886207918853,27.341725789240076,34.31624494850414
2030-09-08,30.718966751531205,27.053692803427758,34.02390337917176
2030-09-09,30.95987727289025,27.477294246105057,34.472002147963984
2030-09-10,30.819124490260606,27.307601473206766,34.600264218932104
2030-09-11,30.82343278659058,27.385904465137248,34.15711119731644
2030-09-12,30.6711524991454,27.19137951736222,34.250548217044155
2030-09-13,30.789888253223552,27.539542731969835,34.53649757802045
2030-09-14,30.736437577444466,27.141741784800775,34.240472421496754
2030-09-15,30.661640793966114,27.161844955841723,34.48950875329929
2030-09-16,30.997559852797835,27.344083888399823,34.425568319486594
2030-09-17,30.949208040482524,27.38489435489528,34.201077772167835
2030-09-18,31.041907775953284,27.494416071254324,34.31093007762488
2030-09-19,30.972723503346575,27.361782169823503,34.4820427222025
2030-09-20,31.16811145448625,27.68714694945177,34.47506950302864
2030-09-21,31.18387612215018,27.725306460914656,34.539382007163205
2030-09-22,31.17003413561366,27.751506492741477,34.689487483458976
2030-09-23,31.558003005711946,28.01212933502185,34.645246939372306
2030-09-24,31.552336570754473,28.504899307597128,35.07924570110876
2030-09-25,31.678084360042934,28.028566758417043,35.31403848307929
2030-09-26,31.63222198923944,27.84424350460072,35.00332567935485
2030-09-27,31.841294560051452,28.409892271570115,35.21036276070502
2030-09-28,31.861363192896192,28.23777302362881,35.649107698766734
2030-09-29,31.84285574968193,28.3198929579367,35.341594470096226
2030-09-30,32.21773964630373,28.91184570950179,35.750340322671526
2030-10-01,32.191239072025354,28.681019342320784,35.78289249492275
2030-10-02,32.28917435796142,28.863829933204077,35.95022862960837
2030-10-03,32.209371158976936,28.824080554574046,35.49810166209967
2030-10-04,32.379281981148004,28.566062758688595,35.97446975997911
2030-10-05,32.355910737727804,29.167578150312437,35.866539498521504
2030-10-06,32.290641925289044,28.88116120364192,35.622861209183284
2030-10-07,32.61639282083593,29.235334582750646,35.891181005903036
2030-10-08,32.53931147288514,28.859449186481434,36.00733567460222
2030-10-09,32.586098628513,29.235162488498467,36.10807405341455
2030-10-10,32.455401595716594,29.018943271221502,35.96779847829867
2030-10-11,32.57542283692013,28.789859064431823,36.11449837274609
2030-10-12,32.503834164416176,28.952759866600516,35.97796909502991
2030-10-13,32.39259823925887,29.13362404652076,35.865407857702735
2030-10-14,32.675115806346966,29.166546116857052,36.181959669556434
2030-10-15,32.55792139511967,29.023187249383547,36.26665754444528
2030-10-16,32.56800551302228,29.23403806508908,36.06745006943186
2030-10-17,32.40421115152614,28.380677890317124,36.16880777404817
2030-10-18,32.494847164043826,29.18624959620905,35.9826666272033
2030-10-19,32.39760910261191,28.921796775198594,36.10509909851368
2030-10-20,32.26440889389749,28.999217188568366,35.830310550768765
2030-10-21,32.528531440558666,28.99801652292882,35.97486278113714
2030-10-22,32.39634051630074,28.991573449354927,36.05837734290249
2030-10-23,32.39461161821732,29.052542854350786,35.864898154339045
2030-10-24,32.22193924106287,28.75736535175373,35.880286655613816
2030-10-25,32.306360796947914,28.9327135102747,35.808269816028954
2030-10-26,32.20528746020581,28.899920564057044,35.96314694813058
2030-10-27,32.07034304807274,28.37475027317307,35.492459923109855
2030-10-28,32.33452879723038,29.01548251521218,35.80665380905211
2030-10-29,32.203936227999236,28.739421383661842,36.005174688090975
2030-10-30,32.20508563575555,28.746213198053884,35.635707110979276
2030-10-31,32.03633760474739,28.455606438152035,35.58131579827381
2030-11-01,32.12551975235022,28.56061864575128,35.71803251052912
2030-11-02,32.02985902028654,28.677899634573595,35.52659923178322
2030-11-03,31.900820708637145,28.20400940445587,35.156218660138805
2030-11-04,32.171272241238356,28.66726306366314,35.28678820078315
2030-11-05,32.047194019470474,28.652382651216584,35.61829624766071
2030-11-06,32.05501509856567,28.603411055918404,35.532061372383
2030-11-07,31.89302129689646,28.454127774608146,35.70683611341039
2030-11-08,31.988978173665522,28.587243907432153,35.6151307871892
2030-11-09,31.900059421820735,28.214384207751408,35.513431280366646
2030-11-10,31.77768209639253,28.169649039836948,35.65768793109122
2030-11-11,32.0546668768193,28.642484459780103,35.40052444748889
2030-11-12,31.936945907953206,28.24073300975943,35.59485705973387
2030-11-13,31.950896112626378,28.378058752616425,35.53254869368832
2030-11-14,31.794745710268536,28.180888422429792,35.13356460113683
2030-11-15,31.896196462130106,28.5809723068313,35.2810881646924
2030-11-16,31.81235223334591,28.3671329688544,35.2943557802024
2030-11-17,31.694555292577768,28.0581362127399,35.225458220448665
2030-11-18,31.975548505753,28.576131443509972,35.393624009101984
2030-11-19,31.86118588614685,28.20574652766603,35.660906246756234
2030-11-20,31.877769274038616,28.25700071480614,35.29125753391793
2030-11-21,31.723458728642804,28.192456429146745,35.150587313445264
2030-11-22,31.82589897483731,28.25663149755203,35.69025008561068
2030-11-23,31.742152297690886,27.850044221966275,35.41183151888769
2030-11-24,31.623539096771463,28.26201097969451,35.240242080994264
2030-11-25,31.902804044777064,28.34646813543704,35.57239656148379
2030-11-26,31.78583010566036,28.356721535821364,35.27339308753657
2030-11-27,31.798977991795375,28.42856789891598,35.113860889052226
2030-11-28,31.640498470220237,28.209645017834504,35.29015634216541
2030-11-29,31.738159716010436,28.284173812092877,35.234821814208026
2030-11-30,31.649179995728083,28.19899926635859,35.34083472166077
2030-12-01,31.52506682228571,27.79787346424561,34.91058800455873
2030-12-02,31.798780498156777,28.41205870784588,35.37143404463872
2030-12-03,31.676444319850418,27.858307421896004,34.871747440815184
2030-12-04,31.68467908676259,28.291929125752954,34.95745855950633
2030-12-05,31.52200943288922,27.932654808763374,35.15936423002726
2030-12-06,31.61648433019385,28.290992134404217,35.13406181500564
2030-12-07,31.525602235409647,28.289556869358442,34.93290307721135
2030-12-08,31.401142243021724,28.134605033766537,35.2776532706754
2030-12-09,31.676319408526773,28.375760709011395,35.26498399801283
2030-12-10,31.55748677999011,28.039569162007506,34.780125428073184
2030-12-11,31.571462055361817,28.176308413346153,35.0334416047368
2030-12-12,31.416926658630942,28.088871304023762,34.62778701766621
2030-12-13,31.522039848943237,27.963592632155674,34.90024639812543
2030-12-14,31.444358581407553,27.74717789285207,35.00932194044486
2030-12-15,31.335664701949366,27.764130836641378,34.80037520888064
2030-12-16,31.62911782452284,28.055851200264847,34.94032882026581
2030-12-17,31.530956570223008,27.9307844180173,35.210605639441226
2030-12-18,31.567826178815956,28.0945658758555,35.17399799404423
2030-12-19,31.438180325669734,27.946038250274952,35.014081445834414
2030-12-20,31.569899742275098,28.106218189149363,35.24681673768299
2030-12-21,31.52021828603526,28.175358217751544,35.24880115263352
2030-12-22,31.440557912341642,28.039866111358744,34.857517451001414
2030-12-23,31.76369071398736,28.117651046283974,35.311200079236265
2030-12-24,31.695450474745073,28.097590777289387,35.14844141182228
2030-12-25,31.76207147125007,28.22117796102537,35.114175445579846
2030-12-26,31.661602043806667,28.07084420966982,35.32450474311205
2030-12-27,31.821535194613414,28.442767830709563,35.45649600246022
2030-12-28,31.798746502067935,28.30030024502089,35.40569477727728
2030-12-29,31.74434044032726,28.26320915109657,35.509587073006024
2030-12-30,32.09082290978512,28.524186442759238,35.57132343522547
2030-12-31,32.04382208139689,28.45813730941696,35.51320912652876
2031-01-01,32.129434971699155,28.594350003351657,35.60248969677103
2031-01-02,32.04564698879848,28.47150550853374,35.39095640539456
2031-01-03,32.219966473997395,28.709239642826205,35.8971287606789
2031-01-04,32.209364348592565,28.44323509739793,35.88493128042831
2031-01-05,32.165119837555075,28.582589278393566,35.90664443339258
2031-01-06,32.51999002483293,28.973055999799836,35.94425860255467
2031-01-07,32.479925362122124,28.97548668557955,35.933368724609025
2031-01-08,32.57140863774858,29.02703830432503,36.327705298735914
2031-01-09,32.49286480558792,28.79102647649498,35.95420726379332
2031-01-10,32.672283925076606,29.239378230797495,36.11202731298044
2031-01-11,32.66714760977163,29.38159923562209,36.07588936655265
2031-01-12,32.629260298416625,28.97888837919521,36.150217820614614
2031-01-13,32.99190349093077,29.570463301299462,36.271144012014155
2031-01-14,32.961535493842405,29.443089496112083,36.4950222617112
2031-01-15,33.06511462764914,29.55384398640898,36.51372555688749
2031-01-16,33.00149375259156,29.639353003735195,36.798093223919295
2031-01-17,33.19902881779737,29.517423038992273,36.580743151029644
2031-01-18,33.21549226928825,29.76247028929847,36.86469336898562
2031-01-19,33.202893039720614,29.68206070524798,36.565671584261175
2031-01-20,33.59462162965219,30.078205303838637,37.0300655193089
2031-01-21,33.59714313895284,30.143394540587177,37.06310093116694
2031-01-22,33.7373164517826,30.494070812582848,37.30079902110671
2031-01-23,33.713787610475826,30.32199306764869,37.105763979191316
2031-01-24,33.954600183874604,30.474218335925723,37.11608111105747
2031-01-25,34.01711348318051,30.574204093294927,37.470005489915785
2031-01-26,34.05283028094319,30.399431524265704,37.42258150805458
2031-01-27,34.49455239101115,31.15456124882394,38.13848771999681
2031-01-28,34.548086734430406,31.00164115971177,38.04894594273323
2031-01-29,34.739579784355556,31.217147715043726,38.13485332764043
2031-01-30,34.76692804605054,30.984300693964137,38.29855337559488
2031-01-31,35.05740693863631,31.5424985969511,38.65194402575604
2031-02-01,35.16760844496658,31.621211253640805,38.87389241970886
2031-02-02,35.248288663484026,31.55106632010489,38.844253909247456
2031-02-03,35.731543077543854,32.16631878310901,39.27588656208034
2031-02-04,35.82253161912551,32.49490735514318,39.33343556578224
2031-02-05,36.04683088181571,32.48030018223087,39.54639522053993
2031-02-06,36.10186062602276,32.65912174739766,39.68571274217063
2031-02-07,36.41452647016331,32.885095848485754,39.63456223639434
2031-02-08,36.54116871518798,32.96597240755794,40.06865270461265
2031-02-09,36.63241808404114,32.8665452751414,40.13993358342898
2031-02-10,37.120375916776325,33.36213295530326,40.72065011311906
2031-02-11,37.210340709933405,33.68760935273578,40.454389717122574
2031-02-12,37.42815825964956,33.70036446093948,40.90160720122705
2031-02-13,37.47164255306173,33.908613492187165,40.778824977160085
2031-02-14,37.76820940148509,34.183673180632496,41.21955454838057
2031-02-15,37.87481295934829,34.33519129151528,41.299031204404834
2031-02-16,37.94278619966128,34.53151736570751,41.43928949224225
2031-02-17,38.405003261637624,34.8931826213092,41.79195158942325
2031-02-18,38.467586010469596,35.33753832615705,42.222932999383374
2031-02-19,38.65723258489471,35.025126635768466,42.15437961848773
2031-02-20,38.672615644539626,35.26725793650288,42.431643428664565
2031-02-21,38.94199291416827,35.769522995227675,42.55383898336381
2031-02-22,39.02312079224708,35.48749325605594,42.700184379633065
2031-02-23,39.068072720813596,35.48494217968265,42.49360814371612
2031-02-24,39.510380844067036,36.010348765124526,43.02209429073097
2031-02-25,39.55672387576699,35.9018500881378,43.15538006534952
2031-02-26,39.734239483253724,36.31635963180707,43.159247361913465
2031-02-27,39.74190936913341,35.81101834318802,43.444180496326766
2031-02-28,40.008160039939305,36.51418724855461,43.70616385756999
2031-03-01,40.09077033305053,36.72103505968306,43.47417569290837
2031-03-02,40.14168760513276,36.77641433992016,43.80061627937246
2031-03-03,40.594171211415684,37.00092533123914,44.28433535411194
2031-03-04,40.65448618983062,37.16033432875009,43.98776833012482
2031-03-05,40.84922534279867,37.347226833371764,44.28987530375421
2031-03-06,40.87670767581602,37.18079591981188,44.32753343604257
2031-03-07,41.16459585870845,37.78900829914858,44.90266184797506
2031-03-08,41.26982336361747,37.647626557816785,44.76678990959194
2031-03-09,41.343432682601076,37.548779263190276,45.05332640408043
2031-03-10,41.81774268376589,38.494888606933216,45.34445587868496
2031-03-11,41.898067394291616,38.34593456142826,45.46098694805994
2031-03-12,42.11006373896598,38.28047385329767,45.724042211166946
2031-03-13,42.151155508551206,38.75829162109675,45.614424083294665
2031-03-14,42.44817553665641,39.066400717679606,45.84529109531462
2031-03-15,42.55731606843845,38.910854693070036,46.06276230934295
2031-03-16,42.628988088011084,39.2628641835672,46.225352742302135
2031-03-17,43.09500707968925,39.705742868328116,46.6306247977114
2031-03-18,43.1603269959805,39.406585334130966,46.749790493473455
2031-03-19,43.35039952837964,39.539028196949616,46.84758730131646
2031-03-20,43.3626056175396,39.76862325545783,47.045348184466754
2031-03-21,43.623900948551444,40.11404669828516,47.41529475324112
2031-03-22,43.6907652931492,40.33676586217432,47.38312867337464
2031-03-23,43.714056459676776,40.298250954023146,47.16321020726305
2031-03-24,44.126186435962154,40.661235829425856,47.93251345157057
2031-03-25,44.13284172194162,40.773268682495804,47.616557577520595
2031-03-26,44.26032528006951,40.897744945900854,47.93091454783782
2031-03-27,44.20696747208123,40.62409851901559,47.53770475692769
2031-03-28,44.40074824829526,40.82498495599361,47.8258522449516
2031-03-29,44.399221046846016,41.0103697276501,47.83099654401339
2031-03-30,44.3543398184893,40.8314655580783,47.82840667251267
2031-03-31,44.699607459068595,41.12259266926958,48.17235062589516
2031-04-01,44.64176836677613,40.961155276615415,48.31935422953306
2031-04-02,44.708123277060665,41.34500855456897,48.11387803306974
2031-04-03,44.5979144534889,40.975241986827115,48.103523818948844
2031-04-04,44.739924176677185,41.37200113350862,48.47935156848757
2031-04-05,44.69237761265917,41.38812289149004,48.024704550131524
2031-04-06,44.60775203181933,40.98528743894384,48.06696446930341
2031-04-07,44.919911132498214,41.21890722707036,48.40117899159002
2031-04-08,44.83578756261237,41.24078219070388,48.53548909238286
2031-04-09,44.88269206233877,41.327203584795534,48.23983905276953
2031-04-10,44.759697463362464,41.057875205569744,48.47275664577039
2031-04-11,44.89524052684671,41.48388626989944,48.15453209068439
2031-04-12,44.84703262342376,41.33236601790394,48.04623536863029
2031-04-13,44.76688103237328,41.5242928682822,48.297688309695836
2031-04-14,45.08783930957456,41.58769597152122,48.64655964123104
2031-04-15,45.01590941072953,41.54323754011818,48.485941624641455
2031-04-16,45.07737349467597,41.750713985681436,48.62840338298497
2031-04-17,44.970203066132186,41.54870316318115,48.59108759999279
2031-04-18,45.12168780124379,41.710896624398174,48.56792747635221
2031-04-19,45.088374374919496,41.55633628143882,48.89271595589331
2031-04-20,45.02091635536805,41.168031097299554,48.238018446478165
2031-04-21,45.35125289509638,41.896060738006526,49.076193240900096
2031-04-22,45.28433819477625,41.71082378127924,48.563460363773885
2031-04-23,45.34549898362451,42.09449735318847,48.627844862449955
2031-04-24,45.23186704089079,41.85859370865232,48.905764045313276
2031-04-25,45.370028529886085,41.80784616851514,48.63740242976389
2031-04-26,45.31597996883834,41.9166170709627,48.91292864877863
2031-04-27,45.21999149893789,41.603257060397496,48.87407345015687
2031-04-28,45.513794873101034,42.20889273892081,49.16489374511498
2031-04-29,45.40231794274685,41.82898746152243,48.92097996923591
2031-04-30,45.41104279771284,42.01506317573249,48.883966179208414
2031-05-01,45.23743460728244,41.75906628025739,48.693186287459056
2031-05-02,45.30858306718335,41.855963785353765,48.69521413138612
2031-05-03,45.18114651555172,42.04462412931015,48.77275863158998
2031-05-04,45.00619971468104,41.24701301204077,48.400753351045175
2031-05-05,45.216403146352945,41.68077401514485,48.7808700841505
2031-05-06,45.017716097680264,41.52499285019955,48.47574316975119
2031-05-07,44.936731253631,41.32194391175194,48.36563234156999
2031-05-08,44.67207845093731,41.12828890005342,48.31981600707936
2031-05-09,44.65204013408612,41.28775302171753,48.40057906479026
2031-05-10,44.434469224231904,40.76486113449759,47.74542727057401
2031-05-11,44.171611040438314,40.6064168356074,47.68066676969238
2031-05-12,44.29724774156045,40.9311853974544,47.80096111042874
2031-05-13,44.01838814831121,40.80113743553167,47.50242460307931
2031-05-14,43.862581191645724,40.57216713311578,47.68074614452315
2031-05-15,43.52930110661444,40.28945795953413,46.996698741233125
2031-05-16,43.44754730042354,39.70532407598499,46.960925171922725
2031-05-17,43.17574990845976,39.779711367661456,46.85265741297456
2031-05-18,42.866582889455024,39.419719010783844,46.26935311245989
2031-05-19,42.95410324516875,39.55310140945972,46.52253334108806
2031-05-20,42.645439245720716,39.139142079463035,46.16376992134681
2031-05-21,42.468105834604586,38.97802976001663,45.8436655394024
2031-05-22,42.12139517123675,38.583525403210245,45.564831752710816
2031-05-23,42.03398499597688,38.35123442581197,45.54980588994743
2031-05-24,41.76385551405856,38.36824524320225,45.22765700327874
2031-05-25,41.46311626957588,37.72495275566056,44.87204357484499
2031-05-26,41.565161164417056,38.1062624419736,45.41890610746392
2031-05-27,41.276374035738485,37.73155196522223,44.84816029264639
2031-05-28,41.1234624756242,37.677146386129735,44.50441239616685
2031-05-29,40.80486735183761,37.567046193598586,44.11994597209666
2031-05-30,40.748390221489444,37.213060305848984,44.13041190123545
2031-05-31,40.51112886038646,37.10551025825216,43.88349321848032
2031-06-01,40.24432193779613,36.747092991984545,43.753685956096284
2031-06-02,40.38052059375861,37.15547023824654,43.96772874394769
2031-06-03,40.125308988335945,36.58799264551781,43.53934096678993
2031-06-04,40.004651223633594,36.52793286654567,43.56296567036306
2031-06-05,39.71631188205896,36.21950678761628,43.38728491201172
2031-06-06,39.6874922280729,36.26439469134454,43.128067742673764
2031-06-07,39.47477222402222,35.78725304166988,42.79307512709984
2031-06-08,39.22895938895671,35.83189412744625,42.78386293813037
2031-06-09,39.382262325118546,35.97401755717709,43.01825941394157
2031-06-10,39.14001111209514,35.6130762934675,42.555510659178346
2031-06-11,39.02800215635078,35.47446826166011,42.41235236645094
2031-06-12,38.743914973971,35.307632880021394,42.23461472179903
2031-06-13,38.71494322595964,35.33341766068649,42.15999090271303
2031-06-14,38.497730455673384,35.23230535301786,41.898010132543114
2031-06-15,38.24321187173558,34.61065617920131,41.67719436048449
2031-06-16,38.38378031946028,34.774559024695264,41.68007330537238
2031-06-17,38.124998951635256,34.58070993036704,41.614530853618696
2031-06-18,37.992938478821316,34.61151476933999,41.64779837439453
2031-06-19,37.68558674113827,34.111667053921714,41.18191695490114
2031-06-20,37.630473147969894,34.0229141452799,41.0503177982049
2031-06-21,37.3845986179401,33.98594866404425,40.668965641289724
2031-06-22,37.09927249549934,33.6406199733698,40.71589268664912
2031-06-23,37.20727466669072,33.721561404689695,40.67326173611989
2031-06-24,36.914565409415644,33.47515164304148,40.38979547862846
2031-06-25,36.747620828149316,33.057995026103676,40.23759605953476
2031-06-26,36.40484153260802,32.92623570250441,40.017819382187135
2031-06-27,36.31417697633598,32.88739425682654,39.80100182370398
2031-06-28,36.033055915251296,32.690884355243405,39.72845944714982
2031-06-29,35.71322425582885,32.285545360393336,39.15529388315402
2031-06-30,35.787908283513275,32.37766995127501,39.12211144915308
2031-07-01,35.46352555916436,31.94197403280057,38.96378652964534
2031-07-02,35.2670210809643,31.745503281702685,38.87508644995629
2031-07-03,34.8972761246023,31.52660967734492,38.1213025436551
2031-07-04,34.78273194753376,31.385152638774763,38.222472916083994
2031-07-05,34.48131861392317,30.720603695959078,37.92319659712293
2031-07-06,34.14529004278792,30.425515076057962,37.543971972426135
2031-07-07,34.20838314725815,30.743586343262603,37.750602440474985
2031-07-08,33.877523281413886,30.425611030750666,37.16018544933094
2031-07-09,33.6801535774356,30.165724830779926,37.39113101580065
2031-07-10,33.31563563087397,29.886185573261784,36.796044699855905
2031-07-11,33.212863825957406,29.510421129664234,36.435847481294736
2031-07-12,32.93018372382248,29.352011856688744,36.45255970973025
2031-07-13,32.62021583964261,29.109984158161453,35.95586886684193
2031-07-14,32.717002952095534,29.14569539087297,36.1948914557237
2031-07-15,32.427703482435945,28.702956466668432,35.69759592776227
2031-07-16,32.279908882857306,28.69603507424515,35.92083313353089
2031-07-17,31.973032875228274,28.32389723607734,35.40155761193647
2031-07-18,31.935915229906552,28.552668874533914,35.48880886952628
2031-07-19,31.726730907651984,28.344435043455093,35.37081766928275
2031-07-20,31.49780628017901,28.034799375301656,35.09593430004641
2031-07-21,31.68276093892775,27.974091728185048,35.139582723470085
2031-07-22,31.48819795912349,27.890918591294586,34.69832762128633
2031-07-23,31.441020840692826,27.950701701026347,35.03335602215671
2031-07-24,31.23982518976684,27.71773763432053,34.73872679660888
2031-07-25,31.312507984749846,27.901751953544697,35.047125763507566
2031-07-26,31.21618532796469,27.6431384463238,34.501430133764366
2031-07-27,31.102020394554714,27.727672742032127,34.520889373060484
2031-07-28,31.402379998956675,27.749931900084867,35.20700424579611
2031-07-29,31.322542470481608,27.745794306645234,34.84368825462913
2031-07-30,31.38803479897863,27.766964010107376,34.91585093441297
2031-07-31,31.29604677281663,27.566158164426163,34.622870803693075
2031-08-01,31.473064536961232,28.099538031745187,35.13534188772365
2031-08-02,31.474813990057594,27.80751197006033,34.987941201629724
2031-08-03,31.45111519484758,27.921490345923335,34.733209348610636
2031-08-04,31.833065642340006,28.368375654910384,35.429738139775274
2031-08-05,31.824774452902794,28.218398424439048,35.497605680376004
2031-08-06,31.95072485362912,28.413543086281447,35.12045388485611
2031-08-07,31.907212035416414,28.4232884609403,35.55030925044887
2031-08-08,32.119998217787916,28.65538361122219,35.659455462569646
2031-08-09,32.14427477578121,28.572012936312948,35.58609202754847
2031-08-10,32.12953208941995,28.569576509152746,35.84685779059767
2031-08-11,32.506754507577575,29.191837127123495,36.14171081062091
2031-08-12,32.48016213897925,28.818222592159234,35.96936444223841
2031-08-13,32.57457652881825,28.825286431171456,36.0419212786669
2031-08-14,32.486857141891825,29.12045935690329,36.33032500936801
2031-08-15,32.64355040285729,29.162416299039897,35.811743918339936
2031-08-16,32.600841179445204,28.922272061836964,36.022929587221796
2031-08-17,32.509407510744396,28.990970063570167,36.033463574821724
2031-08-18,32.80159622230893,29.596062817599062,36.590120360179206
2031-08-19,32.68314149461106,29.215785044810936,36.06859201827761
2031-08-20,32.68050389352432,29.400067351223573,36.342813219135564
2031-08-21,32.49227732057289,28.798702338423325,35.89776176667844
2031-08-22,32.5468062447152,28.724329944300806,36.14397978394599
2031-08-23,32.40210377279991,29.255800556189133,36.0397330879177
2031-08-24,32.21067207625314,28.53047069098449,35.86457202544762
2031-08-25,32.40664355824474,28.684557810722993,35.838225593776095
2031-08-26,32.197465579369705,28.629158496045743,35.79914756313019
2031-08-27,32.111206992728775,28.843428578867076,35.93609227990465
2031-08-28,31.847934660917158,28.22159650214969,35.39477720474825
2031-08-29,31.837302986466742,27.999487036614052,35.54420969033604
2031-08-30,31.638447621126453,27.93183613469417,35.04206943991373
2031-08-31,31.404785403471774,27.873286888416306,34.84697302164418
2031-09-01,31.571139351539735,27.923847323107783,35.303111825638325
2031-09-02,31.34541187079385,27.71258672238898,35.13119946910638
2031-09-03,31.255884662215557,27.773992123682074,34.95897480884851
2031-09-04,31.00259362301975,27.54130521604871,34.63940221226649
2031-09-05,31.014921775102703,27.636983452042056,34.42943911858286
2031-09-06,30.85150127414055,27.443768521631107,34.32033856274816
2031-09-07,30.665026323576235,27.266648492305567,34.120569890930724
2031-09-08,30.889395488401036,27.223402342502673,34.43692731568089
2031-09-09,30.731406139432636,27.297844186444262,34.363273514028
2031-09-10,30.71807899680153,27.2973843954646,34.093870050233335
2031-09-11,30.548060475890818,27.116258165938355,34.14927071033845
2031-09-12,30.649245223496127,27.039126859179785,34.00538335251562
2031-09-13,30.578709208187135,27.05664777306603,34.038388624107064
2031-09-14,30.48755447588249,27.053728335240372,34.1119803142049
2031-09-15,30.8080833458139,27.356219843063613,34.12729494724284
2031-09-16,30.745524069103713,27.13797360142843,34.15362288979126
2031-09-17,30.825385238659248,27.344397441746406,34.204299119930134
2031-09-18,30.7448860183541,27.17061815158666,34.36042664986364
2031-09-19,30.930604003718056,27.428820403379085,34.59060526284935
2031-09-20,30.93843057534938,27.619758155119175,34.511379947562475
2031-09-21,30.918434437287708,27.44421342641664,34.35538383243611
2031-09-22,31.30205078935305,27.475672001451425,34.595402395384305
2031-09-23,31.29381792845905,27.97907153109432,34.916103443543946
2031-09-24,31.418738442727054,27.80880245001329,34.953675625822385
2031-09-25,31.373712044794868,27.947445155849895,34.929226609122956
2031-09-26,31.58518193621793,28.216246066682427,35.052690240306156
2031-09-27,31.609084740750323,28.16841111908568,35.41717058874814
2031-09-28,31.595704965146446,28.00487926751089,35.143300274667666
2031-09-29,31.976851783646566,28.492507350432934,35.65676492903176
2031-09-30,31.957580357970397,28.537463114296294,35.51192399802213
2031-10-01,32.0635353304365,28.69626265442543,35.70888929381077
2031-10-02,31.992364053493276,28.407550149707397,35.41743843935763
2031-10-03,32.171341992907706,28.353620661030657,35.60874689797405
2031-10-04,32.157300901081456,28.694787451582453,35.7768158309708
2031-10-05,32.101461276150914,28.747685448618974,35.601155364511
2031-10-06,32.436587443811995,29.082213545304704,35.88063074010603
2031-10-07,32.368687984413896,28.971580774928118,35.698209913744265
2031-10-08,32.42433961117924,28.912696460634923,36.0270643128926
2031-10-09,32.30208247750916,29.058537868032186,36.19050381434729
2031-10-10,32.43002970255732,28.74286932074639,35.93979349526356
2031-10-11,32.36578199357654,28.95632408852083,35.95110790967434
2031-10-12,32.261249087767354,28.938656169595227,35.909633798772624
2031-10-13,32.54979648002001,29.11131673269876,36.08150320712295
2031-10-14,32.43794021038137,29.050424107615868,35.97752929615868
2031-10-15,32.45266779203929,29.157092867756752,35.95767852845539
2031-10-16,32.292833160283905,28.83257096515313,36.28135419273834
2031-10-17,32.38676826752991,28.85442268143535,35.70109709943437
2031-10-18,32.292201979817975,28.80975113748598,35.863424009591064
2031-10-19,32.16108772452376,28.975910694152862,35.965732369297704
2031-10-20,32.4267580429506,29.065327252923495,35.88717393683108
2031-10-21,32.295628480254834,28.6522861753225,35.80611592240823
2031-10-22,32.2945285349665,28.80746281676818,35.81087214697159
2031-10-23,32.12210718450504,28.584493839502326,35.61483840475383
2031-10-24,32.20645525352156,28.799130690005445,36.120664164825286
2031-10-25,32.105034938858715,28.471937393254226,35.361841844008865
2031-10-26,31.96951762575054,28.476865673158212,35.478136289116655
2031-10-27,32.232947868943896,28.73261879606117,35.76308204179703
2031-10-28,32.10145573375905,28.959669030642562,35.507220727602295
2031-10-29,32.10159502996488,28.553452284906182,35.609091381759
2031-10-30,31.93175481754492,28.46474162924623,35.338531730192145
2031-10-31,32.01978636800132,28.304511657200624,35.457326211695595
2031-11-01,31.922935866170484,28.4444448891824,35.57588838880673
2031-11-02,31.792684011139933,28.445608876959085,35.38645507777112
2031-11-03,32.06191046351589,28.709381220950405,35.84066859986709
2031-11-04,31.93660545226304,28.369232615711404,35.74108446904093
2031-11-05,31.943206230767778,28.37616116069627,35.532197100272526
2031-11-06,31.780005949145398,28.51268868208305,35.20069109490703
2031-11-07,31.874777337373313,28.149149046554715,35.24318776406175
2031-11-08,31.784701709420567,28.521371829189963,34.98596834675444
2031-11-09,31.66120467737797,28.23225875266551,35.16781450932338
2031-11-10,31.937116749511492,28.557352476691534,35.63193436295555
2031-11-11,31.818381339780537,28.289226058374176,35.26304205432394
2031-11-12,31.831388072433604,28.227741443299962,35.17120735201079
2031-11-13,31.674379115243447,28.439854551356508,35.2167947599519
2031-11-14,31.775071069143536,27.931858292236594,35.190173828223486
2031-11-15,31.690583019602492,28.485973927914053,35.3044468783467
2031-11-16,31.57227219277972,27.94333292141518,35.00543991785531
2031-11-17,31.852895401622867,28.207923355122045,35.32578227692492
2031-11-18,31.738318777996934,28.22756548817015,35.1408833096093
2031-11-19,31.75485360176416,28.32065839422646,35.411225600663165
2031-11-20,31.600665849676517,28.08504855050826,34.86523004395633
2031-11-21,31.703401847544214,28.268588196870333,35.058149416337
2031-11-22,31.620120458946687,28.128388872087225,34.940556722851426
2031-11-23,31.502133060351955,27.9407719613726,34.97575797315728
2031-11-24,31.78216928124531,28.50251133019079,35.36416822380104
2031-11-25,31.666090793315135,28.29059140356969,35.05740837353115
2031-11-26,31.680230750618332,28.20990982537557,35.51077736881738
2031-11-27,31.52280630575157,28.00298558564309,35.08140630532848
2031-11-28,31.621546406894357,28.378163179678058,34.93825689069141
2031-11-29,31.533625156829046,27.9128216618712,35.112224176448386
2031-11-30,31.41050186466152,27.882788419869502,34.94748869796974
2031-12-01,31.685085687902646,28.12974495643464,35.31949597908847
2031-12-02,31.563447110364606,28.329110393298762,35.21786170404996
2031-12-03,31.572153864065406,28.104476674009387,34.91057226450674
2031-12-04,31.409678772295916,27.66625446324269,35.129430915396064
2031-12-05,31.504021816150193,27.96110544054441,34.7452641098277
2031-12-06,31.41263684610974,27.793731115357847,34.88906171718439
2031-12-07,31.28726424918764,27.674645598314388,34.873557023410996
2031-12-08,31.56108768313573,27.940904812474685,35.07856696408187
2031-12-09,31.440437364631705,27.768398103245318,34.785860391197126
2031-12-10,31.452117780971644,27.83673079703341,34.75975889461194
2031-12-11,31.294807575378872,27.696432504877347,34.649345171507406
2031-12-12,31.39667418357977,27.945708187173608,34.87482943215485
2031-12-13,31.315293911790604,27.804345119930662,34.70292981257364
2031-12-14,31.202479018987226,27.312543336049227,34.54703804917338
2031-12-15,31.491430142257606,27.849001376757986,34.99015422020011
2031-12-16,31.38843674584181,27.585819744096774,35.046183195019786
2031-12-17,31.420203616299656,28.120286602068187,34.91657975782235
2031-12-18,31.285251259477768,27.78813246882597,34.99096658811784
2031-12-19,31.41153283050621,28.015362874987506,35.08259930516187
2031-12-20,31.356358285135578,27.561717575632372,34.843052601278885
2031-12-21,31.271227256569247,27.721616961000255,34.77298995159412
2031-12-22,31.588988881092085,27.807858263922338,35.11885267718312
2031-12-23,31.515551083061474,28.164180776399046,34.92035043400616
2031-12-24,31.57721712078354,27.980241231190544,34.76567180104198
2031-12-25,31.472096982883127,28.252564387726117,35.08179386172677
2031-12-26,31.62773596223657,28.252662175887455,35.250469052278476
2031-12-27,31.60105076203374,27.853000796203094,34.79185255054356
2031-12-28,31.543174284439942,28.076041571918665,35.31094890596073
2031-12-29,31.886626962037194,28.58622176377428,35.1979417048229
2031-12-30,31.83703678101487,28.314194713000134,35.24977805645241
2031-12-31,31.920485448841884,28.300082101949325,35.30067455593273
2032-01-01,31.83492797107351,28.292422737514958,35.20836679650545
2032-01-02,32.00782767384646,28.59585169865452,35.88306275387507
2032-01-03,31.99609678033964,28.491972629190585,35.68709290235081
2032-01-04,31.950943498183317,28.282164490006704,35.268348345918795
2032-01-05,32.30504334455665,28.617567790408337,35.88520969543977
2032-01-06,32.26425679001371,28.89350874875365,35.74163729783445
2032-01-07,32.35497067504623,28.72312459590113,36.137887386298665
2032-01-08,32.27551073612529,29.01161845000574,35.956805969341005
2032-01-09,32.453767420167274,28.86908555262262,36.15462225027661
2032-01-10,32.44712530581668,29.16182996654509,35.575660897667326
2032-01-11,32.40729736168451,29.133219365372412,36.09423913157996
2032-01-12,32.767482097661926,28.9513482208548,36.104350574968514
2032-01-13,32.73406606767901,29.284669295091582,36.41592832140753
2032-01-14,32.83394959282422,29.226448041355997,36.366290035308786
2032-01-15,32.76594348280536,29.20030445911155,36.25287201100145
2032-01-16,32.95837938978878,29.273180374494416,36.485395069728945
2032-01-17,32.96902456884115,29.451633291695625,36.514951440263
2032-01-18,32.94990271831918,29.16046154938294,36.629985887440995
2032-01-19,33.33443937381477,29.677134314748635,36.884904219854015
2032-01-20,33.32915469279662,29.921128638911245,37.10660852199884
2032-01-21,33.46098182740046,29.993654263869118,37.21765041498245
2032-01-22,33.428658930872395,30.099687199107038,36.82040872715416
2032-01-23,33.66033762932517,30.156299255630252,37.14225687292387
2032-01-24,33.71349885364676,30.16178605266793,37.35914969738958
2032-01-25,33.7397777435604,30.449418370900176,37.22756101665834
2032-01-26,34.17211605141991,30.720071883999005,37.43402237977667
2032-01-27,34.21646475197361,30.75911677041448,37.62233471650878
2032-01-28,34.39911484188661,30.95241109700104,37.771352021932174
2032-01-29,34.418104082790165,31.048469656494095,37.967490059491354
2032-01-30,34.70084215658394,31.326812408034225,38.51621239961618
2032-01-31,34.8040447029267,31.340639595335812,38.050547354121434
2032-02-01,34.878577474936044,31.360407388345756,38.38021304680499
2032-02-02,35.35662852643752,31.808833636208938,39.02903691025199
2032-02-03,35.44343059839297,31.956610093162112,38.97699291294876
2032-02-04,35.66461114024213,32.16541001029468,39.017034006131226
2032-02-05,35.717617177780284,32.014936799296464,39.20665400333029
2032-02-06,36.02935697556729,32.27816562245423,39.47743076620368
2032-02-07,36.15614847939804,32.62834880897708,39.614828390036806
2032-02-08,36.248575341188925,32.964522333037,39.83028380928829
2032-02-09,36.738668069551544,33.366382467465094,40.35029832574472
2032-02-10,36.83163217862125,33.259434623432874,40.22352870944186
2032-02-11,37.05320056025113,33.47646281188332,40.26745984955426
2032-02-12,37.10105717210569,33.600838198694646,40.793403867311206
2032-02-13,37.40247396670055,33.97427391413508,40.978263883224386
2032-02-14,37.51425112222483,33.948052716961044,41.04143110606676
2032-02-15,37.58756155014946,34.01818226357913,41.03369378195334
2032-02-16,38.05511748944497,34.544584900139085,41.305572374600054
2032-02-17,38.12288141430374,34.714280318055664,41.7309946303395
2032-02-18,38.31739891367687,34.904097324803125,42.041149450422516
2032-02-19,38.337201136353855,34.9909716509507,41.75653866101571
2032-02-20,38.61041928263902,35.01979088412482,42.306844760635826
2032-02-21,38.69470179949963,35.53469152237877,42.28584195120416
2032-02-22,38.74203587425197,35.16042989374484,42.18954938917843
2032-02-23,39.18589166379986,35.68658531649308,42.67832930864711
2032-02-24,39.232912103258556,35.76862741436803,42.59668958519202
2032-02-25,39.41022654191129,36.123911234363405,43.01608643045947
2032-02-26,39.416836345868965,36.104700768618805,42.85411519022681
2032-02-27,39.68121543461833,36.36773710583297,43.25309711087382
2032-02-28,39.761216820944675,36.397699581251025,43.20198630907856
2032-02-29,39.80888707622036,36.2653404310105,43.191430818152064
2032-03-01,40.25760738942535,36.7723268045724,43.96485977845319
2032-03-02,40.313784192244164,36.670569950920765,43.70011441597534
2032-03-03,40.504167619310145,37.0668093763033,44.103840331697036
2032-03-04,40.52724585503775,36.95861265491082,43.92299934824526
2032-03-05,40.81085813877728,37.16636112972895,44.34328127780839
2032-03-06,40.912117199021225,37.59624512177622,44.54677833645602
2032-03-07,40.982242643999435,37.52877707217482,44.51873212547263
2032-03-08,41.45372349631962,37.92394374919917,44.85505111526606
2032-03-09,41.532032289781824,37.72889319395574,45.20664612776746
2032-03-10,41.74296838402492,38.262984165747,45.35057980027403
2032-03-11,41.78407789238747,38.24611107874772,45.311378513002325
2032-03-12,42.08229231321524,38.62463025853992,45.655221828501446
2032-03-13,42.19387594707134,38.78093222782723,45.59904969658878
2032-03-14,42.269282950555,38.60590127465619,45.543153284666914
2032-03-15,42.740341568062966,39.1604108764446,45.93643177748425
2032-03-16,42.81198736109576,39.209330821778956,46.04101570101096
2032-03-17,43.00962255698001,39.327602383348925,46.584243203124785
2032-03-18,43.03054845767509,39.55830196163541,46.65493491221461
2032-03-19,43.301612636590995,39.836298221146215,46.687023744483824
2032-03-20,43.379160745884526,39.90720380460284,46.95243441853228
2032-03-21,43.413893635135146,39.94140448115519,46.900506419722774
2032-03-22,43.83804728756981,40.37044697909474,47.226252588784945
2032-03-23,43.85711747466334,40.543506978391186,47.20608455126517
2032-03-24,43.99720644667214,40.61874420444146,47.31259202126374
2032-03-25,43.9564389055802,40.30359069503021,47.09998168134501
2032-03-26,44.16258939619445,40.600597995602335,47.59899060247368
2032-03-27,44.17301143746273,40.56016355611257,47.778892172844465
2032-03-28,44.139469673052425,40.50525922502895,47.584859772455644
2032-03-29,44.49529318898011,41.02339667846856,48.036782530083045
2032-03-30,44.447072587151595,40.9686627271093,47.98438913718822
2032-03-31,44.52197884869019,40.95852250708849,48.037817463004934
2032-04-01,44.41915195894294,41.039225313374956,47.941944414917906
2032-04-02,44.567302145280365,41.351526184892684,48.149808271442055
2032-04-03,44.524614735824855,40.99148112232737,48.220439918565
2032-04-04,44.44356055677652,41.128252980561484,48.04504947147839
2032-04-05,44.75803059017426,41.22516412480692,48.24181221532167
2032-04-06,44.67501797511961,41.10508163620905,48.28005341457943
2032-04-07,44.721925787539575,41.26314304213012,48.07203311369845
2032-04-08,44.597948867870066,41.30473040100347,48.19686549121929
2032-04-09,44.731672733719805,41.11584520843653,48.22337522338868
2032-04-10,44.68098065519326,41.161166271732235,48.341933376892435
2032-04-11,44.59787076192185,41.11209566644632,48.05893037609555
2032-04-12,44.91560173825066,41.27583373116536,48.39693987389275
2032-04-13,44.84038991211229,41.62164187061268,48.43201832906396
2032-04-14,44.898735790415486,41.474581227303545,48.51665201778714
2032-04-15,44.788827833831064,41.286541074996265,48.26552602946083
2032-04-16,44.93816594994808,41.34780134155497,48.40103336470465
2032-04-17,44.90349515784246,41.247807257393596,48.25302629207167
2032-04-18,44.835650618466474,41.367415825716094,48.33094608246232
2032-04-19,45.166731880732115,41.61629833148739,48.5549477316634
2032-04-20,45.101828428785836,41.7498671103298,48.62601528215061
2032-04-21,45.16637386894762,41.44223263831161,48.63443121336844
2032-04-22,45.05757585906638,41.84057291630716,48.66858337318648
2032-04-23,45.20206361134372,41.87356647050547,48.661973584220284
2032-04-24,45.15584283255545,41.658391765029805,48.57411425976372
2032-04-25,45.0691587808912,41.20102875936196,48.51652205825004
2032-04-26,45.37368486070937,41.78851707541907,48.764033278623245
2032-04-27,45.27425850945019,41.69603511959263,48.89643500781965
2032-04-28,45.29624148886394,41.917058329172924,48.93618638996188
2032-04-29,45.13695156690972,41.69844871868907,48.3084615924768
2032-04-30,45.22330741684914,41.627490584480135,48.8091352694072
2032-05-01,45.111776703714995,41.50747695633484,48.553731034888074
2032-05-02,44.953228250330206,41.60617017178805,48.53558145947053
2032-05-03,45.1801060170969,41.6673648869939,48.861910163000296
2032-05-04,44.99814705312703,41.59741619872575,48.6244599577762
2032-05-05,44.93372101295016,41.67587413110188,48.443865065913705
2032-05-06,44.68523877227394,40.89411145320138,48.13205952709421
2032-05-07,44.68077256611605,41.334649598104015,48.46894653967799
2032-05-08,44.47797824968245,40.625480487977526,47.72424493245835
2032-05-09,44.22892122060766,40.814977718336955,47.93961733107799
2032-05-10,44.367224382273854,40.618613005598036,47.57561195090181
2032-05-11,44.09976093337566,40.55784562200609,47.880474630344715
2032-05-12,43.95397017146022,40.548200776582625,47.45220967372263
2032-05-13,43.62924438831888,40.14193258311858,46.87120222256836
2032-05-14,43.55452976253605,40.12018092842001,47.182246358526776
2032-05-15,43.28823225753372,39.50105004129454,46.805511058232646
2032-05-16,42.98303038868514,39.248384902132024,46.4970335776782
2032-05-17,43.073013474141014,39.760948563566984,46.50648458057585
2032-05-18,42.76536829548259,39.10922129757656,46.06299319807287
2032-05-19,42.5876924013133,39.11843234846247,46.06433634661275
2032-05-20,42.239382082688806,38.791023759385524,45.71928683484377
2032-05-21,42.149237786091646,38.841070126049615,45.86233793231835
2032-05-22,41.87537774844393,38.040921744028005,45.229875254278454
2032-05-23,41.57006141775152,37.90853762890559,44.93169890093745
2032-05-24,41.66684090863622,38.14046085505018,45.13332075254253
2032-05-25,41.37226299975735,38.14001641263172,45.00986444228006
2032-05-26,41.213199446651196,37.69943486013816,44.7183139564419
2032-05-27,40.88825315285343,37.33329526588632,44.45601961351084
2032-05-28,40.82538246691182,37.61640459442467,44.29543913313984
2032-05-29,40.581833893800614,37.49622420594651,44.259488460476724
2032-05-30,40.30898430465559,36.867286659135715,43.74453350061514
2032-05-31,40.43951044342048,36.914873221841944,43.812969131098356
2032-06-01,40.17910782774903,36.560899094197325,43.63354642994162
2032-06-02,40.05383645930537,36.469708095371594,43.879616406933415
2032-06-03,39.761540587520265,36.05073260517275,43.413187484399685
2032-06-04,39.72948456166255,36.38346446637112,43.113472506786614
2032-06-05,39.51429489731264,35.964006842077005,42.798802031094645
2032-06-06,39.26680955079952,35.879174551316076,42.99093676731004
2032-06-07,39.41925218177069,36.20793495844011,42.93165175204037
2032-06-08,39.176953552110724,35.59742916045049,42.460211494647645
2032-06-09,39.06569759174817,35.71618180259785,42.727161534500745
2032-06-10,38.783139548996445,35.24048464869181,42.24232073775929
2032-06-11,38.75643848365268,35.540492410964575,42.489848748216275
2032-06-12,38.5421944925898,34.918613011463286,41.793031376248656
2032-06-13,38.29129195468911,34.77680199880411,41.74142174178471
2032-06-14,38.436066887015656,34.84411373593435,41.756924229241385
2032-06-15,38.18202087881587,34.64074359817639,41.85299300688219
2032-06-16,38.05515944772752,34.54819786627227,41.22248193269312
2032-06-17,37.753402533825614,34.28478979560432,41.21477034285812
2032-06-18,37.70420966182296,34.59271259216892,41.366385155159506
2032-06-19,37.464510398237046,33.93566773479778,40.8023701409556
2032-06-20,37.1855415848743,33.997926796762655,40.79909806203125
2032-06-21,37.300009586272424,33.95837707351162,40.71031504466549
2032-06-22,37.013800110939144,33.73208343049601,40.48147626711576
2032-06-23,36.853313488979026,33.37203048079656,40.26481591870214
2032-06-24,36.51687310506511,33.103037499494754,39.855912017502426
2032-06-25,36.432349447350994,32.81731966105088,40.01930909765502
2032-06-26,36.15709028017727,32.66943901056743,39.630319438137846
2032-06-27,35.84275825934449,32.39682528353266,39.318490084774865
2032-06-28,35.92249402884972,32.40313366559668,39.21582823303373
2032-06-29,35.60262713227178,32.1081553111491,39.4656063569327
2032-06-30,35.410012376847256,31.8462418950287,38.89830030587373
2032-07-01,35.04343909692962,31.654261496692776,38.74118977359294
2032-07-02,34.93125552824956,31.52375834535455,38.586311449482885
2032-07-03,34.631298565514925,31.081865388351837,37.94934942922246
2032-07-04,34.29573001116975,31.044301722718668,37.945116705936606
2032-07-05,34.35819717704701,30.48648428117695,37.90544922317172
2032-07-06,34.02554003767512,30.658861652355473,37.31768633232986
2032-07-07,33.82512248853885,30.318096874106878,37.349771783806915
2032-07-08,33.45623512670343,29.976226939800128,36.827592022916875
2032-07-09,33.347711795138665,29.9303216706365,36.815755451490915
2032-07-10,33.05785025411797,29.976723449070086,36.47995196148997
2032-07-11,32.73923823890842,29.33276479043416,36.23422620262963
2032-07-12,32.825902975071756,29.243593868183844,36.24838327477926
2032-07-13,32.525006613258476,28.91595088647834,35.866717465430234
2032-07-14,32.364165446949556,28.63473624460284,35.71074910115928
2032-07-15,32.04284067947421,28.459165645182065,35.436898356995016
2032-07-16,31.989943359303044,28.513498121821595,35.48821285729769
2032-07-17,31.76374424230341,28.35919184826073,35.32015408024845
2032-07-18,31.51669024089682,27.792711289201353,35.102965942461715
2032-07-19,31.68254592493023,27.95372722985839,35.23866152699499
2032-07-20,31.468082909201623,28.17564663113656,35.17584334661499
2032-07-21,31.400395331309873,27.852447231728004,35.150896151781325
2032-07-22,31.178289480957336,27.858568744176395,34.84592420052878
2032-07-23,31.229890438183787,27.96251810835036,34.74995810631
2032-07-24,31.11255665134214,27.15468587300632,34.48838935156094
2032-07-25,30.97770421247558,27.271497805890903,34.580522113028245
2032-07-26,31.257959311844836,27.885236328709684,34.5053440919206
2032-07-27,31.158861638943655,27.666265011596174,34.815517402923625
2032-07-28,31.20619677955439,27.729424513153646,34.75806731467701
2032-07-29,31.097405430443892,27.56779521791334,34.53962245722816
2032-07-30,31.25921196736557,27.66541370384218,34.92406136043149
2032-07-31,31.247562898964063,27.79453409079748,34.67387646750781
2032-08-01,31.212476497641884,27.96803186794934,34.66528404748939
2032-08-02,31.585221564524318,28.060380718955315,34.97284639592167
2032-08-03,31.57004752530782,27.944051452855344,35.06023334458117
2032-08-04,31.691543303885904,28.201772641716335,35.21091221534869
2032-08-05,31.64607217560866,28.223832961418122,35.071166925418574
2032-08-06,31.85942451478759,28.11463119340244,35.54523403140426
2032-08-07,31.886778362998044,28.474483191945023,35.54511427985405
2032-08-08,31.877568534401586,28.401068424156342,35.71963479055394
2032-08-09,32.262681687300606,28.574774792421753,35.67194335305902
2032-08-10,32.24619909248468,28.72150003113251,35.66260125782314
2032-08-11,32.35276415424154,29.02284675732937,35.80057307421017
2032-08-12,32.279021581604276,28.686178307027305,35.869943734072805
2032-08-13,32.451269916664224,28.795305619285138,35.85209642717862
2032-08-14,32.42541724230501,28.86489034778673,36.29440385337376
2032-08-15,32.35184078965442,28.76168132505626,35.67935848815628
2032-08-16,32.66256798855607,29.052378290758597,36.333095291404106
2032-08-17,32.563000914858065,29.2625456269913,36.35157212212394
2032-08-18,32.57926151871596,29.0305522278781,36.04435810663113
2032-08-19,32.40960495847536,28.85100287429139,35.8181831595369
2032-08-20,32.482043263157,29.0841681174681,36.16597055935258
2032-08-21,32.35426973978342,28.944263215020793,35.8948010676053
2032-08-22,32.17848550348928,28.640721110350846,35.51202127834637
2032-08-23,32.38854637976725,29.046782485014514,36.17276053819347
2032-08-24,32.191652869983216,28.73150159396727,35.60564730770397
2032-08-25,32.11566131535429,28.54266895979335,35.87714798482908
2032-08-26,31.860464330195747,28.225355761318603,35.13354900204726
2032-08-27,31.85558345078526,28.30953323935178,35.208247287733066
2032-08-28,31.660065098649646,27.8863938624523,35.11243019029234
2032-08-29,31.427281861388426,27.997694674421847,34.94712904865902
2032-08-30,31.59205789263804,27.993822391448763,35.04115874158166
2032-08-31,31.3623415882464,27.69251190528153,34.799801813293264
2032-09-01,31.266504042063012,27.5724681928724,34.87687595972189
2032-09-02,31.004711613751994,27.46164427598846,34.488180715657165
2032-09-03,31.006515703790352,27.613755013408046,34.394889096382144
2032-09-04,30.830750867255137,26.98633695645125,34.43241443310857
2032-09-05,30.63034318580008,27.14987536550282,34.1294380529818
2032-09-06,30.839447501926415,27.174256022474193,34.66549894682185
2032-09-07,30.66513636674777,27.406555215402808,34.22523561586344
2032-09-08,30.63471879851847,27.29625053277721,34.24769646172171
2032-09-09,30.44713668869778,27.108604386135184,34.13471292739834
2032-09-10,30.53058137841311,27.28711799773179,33.93636023445387
2032-09-11,30.442420902587983,26.784775267019143,34.22737207580564
2032-09-12,30.334039141005185,26.740141904448816,33.89531774759883
2032-09-13,30.638004771622466,27.068943152549885,34.1172181973407
2032-09-14,30.559792157523813,27.217818000089327,34.15113391038274
2032-09-15,30.625131551868712,27.06078731103635,34.16986325280743
2032-09-16,30.531435768909247,27.037795006443535,33.837143353932554
2032-09-17,30.70544519601689,27.355822518036337,34.00425672079317
2032-09-18,30.70318105219657,27.319314795134666,34.04221931959796
2032-09-19,30.674807610294007,26.9041364808325,34.141086661308144
2032-09-20,31.051820837478104,27.83052310158417,34.56332840803109
2032-09-21,31.038785235431284,27.39953736140613,34.49564346190304
2032-09-22,31.160696012177944,27.767746994682426,35.00401217753679
2032-09-23,31.11441358300351,27.644717733096176,34.528546964348436
2032-09-24,31.32631222805113,27.698323494535224,34.915301407685405
2032-09-25,31.35223286679154,27.647134338268522,34.87882332124362
2032-09-26,31.3423408194448,27.569707643317567,34.88719280343333
2032-09-27,31.72830625468877,28.241320033711105,35.21984189106466
2032-09-28,31.715029432999607,27.947482803839968,35.35387035057563
2032-09-29,31.82798827811843,28.285927616994215,35.43782082302517
2032-09-30,31.764655734858447,28.261206203680956,35.32026225396078
2032-10-01,31.95212924835922,28.40316557471578,35.483769414997425
2032-10-02,31.947062864582644,28.15198682951169,35.35423313156466
2032-10-03,31.90050337891794,28.528691375565703,35.382839122285475
2032-10-04,32.24504879105498,28.737899093818775,35.273562080083046
2032-10-05,32.18655172161969,28.83143631977291,35.78390171256161
2032-10-06,32.251445842539916,28.53223057217773,35.77042886309881
2032-10-07,32.13814325931961,28.8468675164981,35.67073076673459
2032-10-08,32.27464560931153,28.619622742266365,35.556046954008025
2032-10-09,32.21845974417138,28.836526715824498,35.77729615918114
2032-10-10,32.12141972343053,28.273839020889557,35.83152081116693
2032-10-11,32.41683360348797,28.752438761227694,35.87294253371045
2032-10-12,32.31117782653032,28.767801797342642,36.0832187074624
2032-10-13,32.331417332068256,28.720834632181724,35.685268112860946
2032-10-14,32.17639932302811,28.67057135144646,35.54492083371404
2032-10-15,32.27446337060643,28.935427426111993,35.90174705603177
2032-10-16,32.183358577982744,28.812939408313422,35.72277265844316
2032-10-17,32.055069320673944,28.506103051381686,35.59056006110503
2032-10-18,32.32296778641549,28.959724387276236,35.6711365612252
2032-10-19,32.1935158152627,28.438742298706682,35.786869383959164
2032-10-20,32.19359382732364,28.655556222598655,35.639743738933205
2032-10-21,32.021904414730884,28.523679799657558,35.62280644042342
2032-10-22,32.106592918300336,28.436575904375943,35.51197597365339
2032-10-23,32.00517534821827,28.340484172172523,35.57571882832461
2032-10-24,31.869374819818205,28.233976338817854,35.606661342713345
2032-10-25,32.13228440469331,28.426539200104774,35.741060237927854
2032-10-26,32.0000786083476,28.4238606939511,35.206433863316164
2032-10-27,31.999351013131797,28.46002024132865,35.55158736092278
2032-10-28,31.82852546121689,28.355405234676752,35.28121428338825
2032-10-29,31.915482947460266,28.33972492376125,35.18287710590847
2032-10-30,31.81749448469567,28.23486402887238,35.24884916892788
2032-10-31,31.68606107015524,28.155386318101275,35.2320010073709
2032-11-01,31.954078664309844,28.466647995353654,35.433379757409455
2032-11-02,31.827550454875826,28.221986783726866,35.34368219386079
2032-11-03,31.83292405230221,28.35587936320481,35.34638203272372
2032-11-04,31.668501139306102,28.006734704859618,34.99742971606627
2032-11-05,31.76206192516375,27.987826327455835,35.01023236498197
2032-11-06,31.670794873299307,28.179072214536916,35.07825955657022
2032-11-07,31.546133053345645,27.832840110692892,35.097142865675835
2032-11-08,31.820915258929094,28.338359029658672,35.162497059584595
2032-11-09,31.70109439234389,28.44149986251082,35.345126590036834
2032-11-10,31.713070980650222,28.23637436753059,35.08004755348927
2032-11-11,31.55509954547076,28.001016543367452,35.17026068412979
2032-11-12,31.654910351237604,28.291716705901198,35.35675009935322
2032-11-13,31.56963714241413,28.331983046964574,35.112611973477065
2032-11-14,31.450652325911538,28.240145335613295,35.02905370339098
2032-11-15,31.730727804453352,28.305890096935727,35.2430045066796
2032-11-16,31.615743984100952,27.981958785514166,35.11572496293753
2032-11-17,31.63202479955119,28.194682400706792,35.42408827346601
2032-11-18,31.47774641692025,27.886715059151246,34.932531471746934
2032-11-19,31.580562037150003,27.912764545015936,35.2922954218761
2032-11-20,31.497533274210028,28.13674476276039,34.826028242180264
2032-11-21,31.379969398550745,27.98795081452209,35.04261809516932
2032-11-22,31.660592463004733,28.139989589578352,35.00329690863566
2032-11-23,31.545250630380913,28.31094351833266,35.0856401680481
2032-11-24,31.56025733492511,28.296297444984088,35.06080840994083
2032-11-25,31.403803726793512,27.94462987606556,34.77657263712703
2032-11-26,31.503586621330147,28.155107959829103,34.868849040249614
2032-11-27,31.41674224314403,27.880284840733797,34.65410069517723
2032-11-28,31.29468689608006,27.501998339804185,34.52044152136201
2032-11-29,31.57028244831345,27.970345172515575,35.27875703264573
2032-11-30,31.44954886087725,27.755241220400784,34.96143572915456
2032-12-01,31.459001342344425,27.97839921893015,34.84999289764628
2032-12-02,31.29705957368899,27.738977312782072,35.07442733285493
2032-12-03,31.39167126577329,27.722395295597074,35.14032997154736
2032-12-04,31.300240425734252,27.787196716094595,34.66127534022446
2032-12-05,31.17446159334449,27.82318181895629,34.63384911900974
2032-12-06,31.447478106990516,27.771254049055468,34.96804136582138
2032-12-07,31.32558683348676,27.968102767528187,34.840760940970604
2032-12-08,31.335567179625585,27.702811963735606,34.68866336599684
2032-12-09,31.176082086676093,27.891432142319903,34.995747459352295
2032-12-10,31.27529354112173,27.913751843049035,34.778864428726266
2032-12-11,31.1907832535348,27.707231176081223,34.992764246313676
2032-12-12,31.074380037799077,27.503910558052286,34.727011866567835
2032-12-13,31.359312207608312,27.994134856240837,35.07011251651607
2032-12-14,31.25190765879619,27.85731297262751,34.87939234466499
2032-12-15,31.278919658283627,27.89818758687843,35.08787324866141
2032-12-16,31.138926204547552,27.457141637249016,34.77630642688395
2032-12-17,31.259945610851307,27.89547285384568,34.90434081975786
2032-12-18,31.199359030059327,27.680029943997226,35.104399285891894
2032-12-19,31.10874146551486,27.471724899396513,34.5375389488051
2032-12-20,31.421019540413752,27.91958686080414,34.76375292195338
2032-12-21,31.342178592854857,27.56196125445334,34.898359560689535
2032-12-22,31.39859696062101,27.976212351602832,34.90333675440393
2032-12-23,31.288455111960154,27.847455860750173,34.497969717262535
2032-12-24,31.439362018201656,27.914043816231796,34.778803323805136
2032-12-25,31.408289191677476,27.82594820268122,34.97818197834596
2032-12-26,31.34641360616306,27.835397926015183,34.684258468105696
2032-12-27,31.686287422674084,27.956319470919134,35.16549979131931
2032-12-28,31.63355672598456,28.345020718582827,35.56318592147542
2032-12-29,31.71430677289667,28.09554498020598,35.44008825139371
2032-12-30,31.62648105550302,28.176009655578767,35.171131646283364
2032-12-31,31.797516243338187,28.062312885368094,35.04471225132242
2033-01-01,31.784283127797714,28.560670021011198,35.52263511467072
2033-01-02,31.737934527860794,28.01339498003043,35.215859898344256
2033-01-03,32.09107787251386,28.5111262918006,35.633886573388786
2033-01-04,32.049494516191,28.44315942413373,35.389422168101554
2033-01-05,32.13948320357478,28.60464543192201,35.49708874339311
2033-01-06,32.05927497069355,28.568620735458268,35.541088133117576
2033-01-07,32.236661600592946,28.632674341570564,35.84346329003151
2033-01-08,32.22892788191929,28.71228536249473,36.07185006781716
2033-01-09,32.187688823020885,28.981021455140517,35.56132934746637
2033-01-10,32.54604979486238,28.911013967326795,36.041913082992245
2033-01-11,32.510311975188614,29.099017857333656,36.043019067082376
2033-01-12,32.60730087645737,29.165349067205153,36.04681523868503
2033-01-13,32.53576565104226,28.868029862123247,36.12755478636843
2033-01-14,32.72399172776339,29.103244338245986,36.09766444389378
2033-01-15,32.729717480935015,29.28667289806944,36.3095546164803
2033-01-16,32.704956541382934,29.24407345979338,36.13395902830167
2033-01-17,33.08314417042056,29.66623206332585,36.47695735802884
2033-01-18,33.07083049427911,29.658902492684273,36.265384224631525
2033-01-19,33.19499877115192,29.371021333570315,36.76180207720709
2033-01-20,33.1544567265013,29.78411028990483,36.729567937420526
2033-01-21,33.37744379434965,29.55412472311358,36.71083011139117
2033-01-22,33.42154518157567,29.81453068085769,36.855062460411546
2033-01-23,33.438514505143985,30.218549304363087,36.80188961815436
2033-01-24,33.86142348267371,30.522498791651984,37.23498658293565
2033-01-25,33.89636144914331,30.52543834204773,37.51518760572206
2033-01-26,34.069762762114316,30.561074092741745,37.33463689610032
2033-01-27,34.07980993775528,30.6936332907142,37.91640669183036
2033-01-28,34.354055082652714,30.892634937495014,37.86284269113162
2033-01-29,34.449350192525344,31.067724274985103,37.913499354329986
2033-01-30,34.51668765734046,30.889141158873812,37.90160432165816
2033-01-31,34.988368988957845,31.516603600216985,38.478058197373684
2033-02-01,35.06972403814156,31.73065074389109,38.46924811794799
2033-02-02,35.28645822939063,31.70884205274592,38.78861979647014
2033-02-03,35.33607510883481,32.00006132443413,38.75322671608092
2033-02-04,35.64551622504056,31.99043789818066,38.89482836634516
2033-02-05,35.77110838632695,32.39911406313827,39.28928222464097
2033-02-06,35.86341913928005,32.351324545408474,39.35037946496532
2033-02-07,36.3544380369225,32.792449245507356,39.67304159220009
2033-02-08,36.44930557625909,33.13959150679368,40.006043488900815
2033-02-09,36.67366701895416,33.29218850553933,40.40562083523312
2033-02-10,36.72509815779008,33.07231166838913,40.1987255204683
2033-02-11,37.03074490630431,33.84047578184355,40.760314909182355
2033-02-12,37.14726670793248,33.35793752396664,40.539511278307266
2033-02-13,37.22568466002061,33.7927483174364,40.73688889046211
2033-02-14,37.69855206969737,34.24952270526415,40.981493807172114
2033-02-15,37.77166956494709,34.289042610555875,41.104560009656865
2033-02-16,37.97142230763349,34.57874017322339,41.4407853189785
2033-02-17,37.99618678566469,34.59815703782437,41.57506725342526
2033-02-18,38.27394954698146,34.65725747475232,41.69399943670798
2033-02-19,38.36222841533538,35.18012811985263,42.03582657973091
2033-02-20,38.412897670727865,34.89203871219515,41.77998340613511
2033-02-21,38.859335527122134,35.400227020867156,42.34367791628695
2033-02-22,38.908116657744465,35.45973804762678,42.47690583490017
2033-02-23,39.08632793592256,35.83906892325379,42.855469098784866
2033-02-24,39.09295546663634,35.51875888551638,42.370898681315936
2033-02-25,39.3564858296385,35.86609706533613,42.8186350793498
2033-02-26,39.43481257651383,35.84526009114404,42.90826990085169
2033-02-27,39.48004989672914,35.81633715221183,43.00024156484635
2033-02-28,39.92567213466707,36.42004178805207,43.25443117462784
2033-03-01,39.97820216400969,36.59186181727154,43.53857441967998
2033-03-02,40.164526942146296,36.93696372957324,43.67628455580324
2033-03-03,40.18328836803765,36.76184845455692,43.53259594636453
2033-03-04,40.4624923037287,36.81290295233374,43.98007668059142
2033-03-05,40.55942663296091,36.80204421005715,44.01423992703493
2033-03-06,40.62548999851123,37.21100259776148,43.91475218011022
2033-03-07,41.093349528656134,37.60989690655439,44.760462671682
2033-03-08,41.16865009893065,37.61767236465326,44.7890081398765
2033-03-09,41.377352914682156,37.71682917712609,44.933320771265514
2033-03-10,41.41715093780841,37.88857183934375,44.95282728337834
2033-03-11,41.715103370825545,38.490664338838094,45.04176077371792
2033-03-12,41.82757939496259,38.283807143187765,45.22808897840239
2033-03-13,41.9051121154653,38.301443526893486,45.38442523705028
2033-03-14,42.379580343350526,38.99804612422773,45.69305386972891
2033-03-15,42.455940104053035,39.112500385038594,46.01348957155685
2033-03-16,42.659583046494944,39.03640852793623,46.05658292359045
2033-03-17,42.687768724431464,39.19159500013726,46.23860451948534
2033-03-18,42.96727248754755,39.20760067931823,46.47699003550571
2033-03-19,43.0543387924207,39.51726649697578,46.63076287013926
2033-03-20,43.099540600234306,39.66553556476576,46.53309487169479
2033-03-21,43.534962312503254,40.02615194288023,46.956485577319484
2033-03-22,43.56592807123855,40.047846458310566,46.95833202779879
2033-03-23,43.71835264913788,40.06987638814955,47.32437256113307
2033-03-24,43.69016206916882,40.32177533182377,47.079544994476365
2033-03-25,43.9089259697885,40.48220686531915,47.57480883611126
2033-03-26,43.93179190921018,40.493154430771305,47.342546272467295
2033-03-27,43.910322753315995,40.45712840179714,47.603490082661544
2033-03-28,44.27765515837075,40.76623850840773,47.78170816752022
2033-03-29,44.24020160221492,40.79694314623575,47.66579207431138
2033-03-30,44.32497386765347,40.836074509207535,47.69888290698854
2033-03-31,44.23097582836847,40.96886392355182,47.68475023141242
2033-04-01,44.38680827861202,40.787062103021455,47.66308260400976
2033-04-02,44.350576719722255,40.89476281526644,47.792527048318036
2033-04-03,44.274703943243914,40.85873657506308,48.06945196197651
2033-04-04,44.593066073947945,40.86135964371898,47.86568074345759
2033-04-05,44.51267511810311,40.88969784743652,47.842229730159865
2033-04-06,44.56098643622449,40.939298553855984,48.12190503057799
2033-04-07,44.43727941613608,40.90300374030652,48.06038178545172
2033-04-08,44.57025441187851,41.26725913671433,47.93805282973849
2033-04-09,44.51793707592175,40.746694646577595,47.806970284704256
2033-04-10,44.43249202340065,40.86115710083454,48.11648965870843
2033-04-11,44.74736447253874,41.28439477380195,48.26470300840836
2033-04-12,44.66897277018203,41.038683331053946,48.13560639451098
2033-04-13,44.72402997152577,41.311327189743544,48.26569412946157
2033-04-14,44.61094239300423,41.11066430711826,48.04120365290128
2033-04-15,44.75742774980465,41.580481713173164,48.395979133034196
2033-04-16,44.72044346646455,41.17093052889811,48.274931742988464
2033-04-17,44.651026489739436,40.951217770687464,47.85610313650426
2033-04-18,44.98146258419019,41.69053695126803,48.591897303992404
2033-04-19,44.91700731900999,41.444757232710735,48.33074525882906
2033-04-20,44.983236196800036,41.492474330331106,48.63674214180063
2033-04-21,44.877471125680245,41.24985327922729,48.33244308365683
2033-04-22,45.026425148309976,41.34735024790469,48.55418496769204
2033-04-23,44.98615535616319,41.755665044314924,48.72350354181735
2033-04-24,44.90692471299347,41.082464125187336,48.29221301448113
2033-04-25,45.220390232924,41.783238494889424,48.69827357155591
2033-04-26,45.13133927039695,41.67355427508164,48.61684001940711
2033-04-27,45.165051016281346,41.489175288858014,48.371873754616765
2033-04-28,45.01873014836371,41.404371331135756,48.501230236008034
2033-04-29,45.11915440564745,41.634810842199755,48.85663154659085
2033-04-30,45.02262598229172,41.653604271000454,48.44070042809399
2033-05-01,44.87982754393539,41.49899956809471,48.43770080971526
2033-05-02,45.12300049864941,41.64866396019086,48.74743277168821
2033-05-03,44.957667568510345,41.58341513380256,48.440043560674226
2033-05-04,44.90997713777403,41.38118983922699,48.48909121504053
2033-05-05,44.67811678953721,41.22101777393372,47.9987393340242
2033-05-06,44.68993833251856,41.36833524118071,48.44572854639865
2033-05-07,44.502884799679286,40.948170279755736,47.96594266747127
2033-05-08,44.268820844839034,40.82547289037776,47.88650510733346
2033-05-09,44.42118481357152,40.70111503398897,47.74617156632252
2033-05-10,44.16668518164057,40.83577303239859,47.911903249026
2033-05-11,44.03261947065351,40.3921925214641,47.60362063085212
2033-05-12,43.71826365625383,40.15773151653539,47.01907474528859
2033-05-13,43.65247492850401,40.238097471886306,46.98510534008942
2033-05-14,43.39359878489593,39.91548717617549,46.76205365243205
2033-05-15,43.094282309632455,39.71869790112783,46.670179031074895
2033-05-16,43.1886122618058,39.70943964990629,46.73578630149588
2033-05-17,42.88380092377025,39.16386528303332,46.02895297326306
2033-05-18,42.707497983997904,39.15939313502258,46.169562059642466
2033-05-19,42.35917653903114,39.274733218902085,45.919078793946156
2033-05-20,42.26773604853266,38.71910974665719,45.95919294960507
2033-05-21,41.99141310647525,38.42135386392231,45.16336739698707
2033-05-22,41.68260167853418,38.25003130467956,45.02531514332188
2033-05-23,41.77500114656912,38.54846344979084,45.2843405912708
2033-05-24,41.47531476132126,37.90966286210747,44.768437346546406
2033-05-25,41.31057637074846,37.932072680659864,44.76849894403936
2033-05-26,40.97955305788685,37.65472360710028,44.3378622611008
2033-05-27,40.91036604146811,37.28271676422071,44.294823816569135
2033-05-28,40.66042020585932,37.243172401793316,44.206741388557745
2033-05-29,40.38124341261807,36.6595135156464,44.02867332193297
2033-05-30,40.505653449500976,37.2969868395106,44.12872277994418
2033-05-31,40.2394747589309,36.93263138916889,43.518420859078894
2033-06-01,40.10888239251477,36.196720435434294,43.43755986193988
2033-06-02,39.81182045332002,36.35352560325292,43.32960779641066
2033-06-03,39.775637064820174,36.15399841794466,43.33552396595574
2033-06-04,39.55702598332159,36.301261962310996,43.05581869925092
2033-06-05,39.3068758258804,35.99992111195162,42.865884093167715
2033-06-06,39.45744466108125,36.00204025150051,43.06088970398708
2033-06-07,39.21408206854241,35.58661929608724,42.459145883821506
2033-06-08,39.10257614748754,35.46534727135066,42.55081910391769
2033-06-09,38.820572836054275,35.51555417453198,42.21777716568687
2033-06-10,38.79520973989445,34.919436595304624,42.06681717071051
2033-06-11,38.58305479870731,35.16647012199043,42.01054721579363
2033-06-12,38.334951017198236,34.70847812294198,41.852758384978344
2033-06-13,38.48318529485422,35.06511906916631,42.07534647417921
2033-06-14,38.233203768442976,34.79929480603571,41.632959601612164
2033-06-15,38.110951465535294,34.76774857221193,41.652239938498695
2033-06-16,37.81428394663662,34.30447072136584,41.21278418314262
2033-06-17,37.77059343748115,34.1397497711526,41.20942492607794
2033-06-18,37.536740059572644,34.13564117036124,41.11923122145061
2033-06-19,37.263889632118754,33.88755418284073,40.70756014683738
2033-06-20,37.38467628541452,33.942796698319526,41.1723133886418
2033-06-21,37.10491245812406,33.274983414462724,40.425996546747086
2033-06-22,36.950924183282886,33.46777604053026,40.25118034748316
2033-06-23,36.62095939273671,33.208854119879966,40.03175043742406
2033-06-24,36.542811738505826,32.90979670192889,40.096384931738676
2033-06-25,36.27375048240856,32.778559588280565,39.8554384722794
2033-06-26,35.96535781995777,32.52886114724516,39.36263177680895
2033-06-27,36.05069172635542,32.53521666141168,39.68043790586162
2033-06-28,35.735996706488514,32.314200298171976,39.09367622394744
2033-06-29,35.54804013326668,32.03843473124413,38.858043958155655
2033-06-30,35.18552166297883,31.643453988409693,38.55176975451967
2033-07-01,35.07669797479241,31.624756661555463,38.405583149453946
2033-07-02,34.77931313478707,31.153241448793935,38.28452271992402
2033-07-03,34.44543571077739,30.86543030927423,38.25632679078993
2033-07-04,34.50862050771106,30.639646978563714,38.01522436097085
2033-07-05,34.17561711914208,30.939579452427555,37.824294000011584
2033-07-06,33.97370283323938,30.452431791500427,37.29519997792368
2033-07-07,33.602087284232276,30.10046965525471,36.89767946413166
2033-07-08,33.48953105290247,29.968668501458644,37.16570572356723
2033-07-09,33.194268531323125,29.665306738661556,36.8610771955022
2033-07-10,32.86883625369172,29.285215433022078,36.21044523157392
2033-07-11,32.94722469944388,29.451280137433816,36.313518336705386
2033-07-12,32.636575959520265,29.119816315218856,36.06502182285336
2033-07-13,32.46450505452635,29.126422945167903,35.70640737447735
2033-07-14,32.13049259482287,28.672205441403932,35.764563395373905
2033-07-15,32.0634913261944,28.485098525273855,35.69611997298496
2033-07-16,31.82183724786341,28.23401606530323,35.13538143780773
2033-07-17,31.558066896621764,27.683105384989716,35.18697021086898
2033-07-18,31.706059203871128,27.90145285902798,35.348925635650616
2033-07-19,31.47272471293844,27.999452903561565,34.790723298109405
2033-07-20,31.385320324787397,27.725310522028465,34.98950637932277
2033-07-21,31.142837611755034,27.80863456103455,34.567729643894616
2033-07-22,31.173607550235126,27.570986884716227,34.62602681574892
2033-07-23,31.03521261257408,27.603654377803082,34.6025444733025
2033-07-24,30.87930800154501,27.449252442329335,34.36654846167619
2033-07-25,31.138770551151552,27.47593549854212,34.727389868556465
2033-07-26,31.01939811872817,27.592264855345512,34.63665104140553
2033-07-27,31.047237590251612,27.67434700416672,34.38081466014039
2033-07-28,30.919989406003886,27.32249550822077,34.48546407271344
2033-07-29,31.064631239139572,27.613467912263566,34.66901337602409
2033-07-30,31.03735146572966,27.68857769298672,34.27952850757269
2033-07-31,30.98839382985448,27.58686394047619,34.44009630229222
2033-08-01,31.349231377113433,27.864595848436743,34.726764287736195
2033-08-02,31.324291970355034,27.67878086995344,34.91183750630137
2033-08-03,31.438312949200025,28.027140964833453,35.044189572974055
2033-08-04,31.387772244555357,27.523759644388413,34.92352390530532
2033-08-05,31.598537963688845,28.2338074156254,34.91621245100341
2033-08-06,31.625826462222083,28.04836543117721,34.94318483848903
2033-08-07,31.61906969528003,28.15556744129807,35.38585514792211
2033-08-08,32.00910933704238,28.448936549521513,35.61875598895075
2033-08-09,31.999939441361512,28.43593168397879,35.58424227495372
2033-08-10,32.116074722151026,28.43076389561221,35.67726086763199
2033-08-11,32.05399135363303,28.61592761340387,35.437248856529784
2033-08-12,32.23978197915629,28.52976030566969,35.723389100382505
2033-08-13,32.22911471219464,29.044029141524234,35.859983766627536
2033-08-14,32.172096791188636,28.441194984795274,35.67603504557416
2033-08-15,32.50046035413427,29.078103550644105,36.09950614028437
2033-08-16,32.4192921922426,28.696915781738834,36.063009327075726
2033-08-17,32.45438475746781,29.070865892375284,36.241917624348055
2033-08-18,32.303655626663996,29.02907477317937,35.75206074455388
2033-08-19,32.39477751409494,28.610422059484858,35.799775379512184
2033-08-20,32.28510911087951,29.027917004229227,35.459125299894964
2033-08-21,32.12652798862837,28.81379892530548,35.74764531751406
2033-08-22,32.35258367637032,28.894791396733826,35.61049495191721
2033-08-23,32.17019346548341,28.637875442468474,35.86313235106635
2033-08-24,32.106958948663696,28.712902836019452,35.383531410097
2033-08-25,31.862551244931026,28.210766698357244,35.381397052242896
2033-08-26,31.866307751575675,28.649735439782532,35.115546086390076
2033-08-27,31.677131432330665,28.226263782001617,35.06440734243626
2033-08-28,31.448294573470157,27.949091136709246,35.0088340905167
2033-08-29,31.61456575787205,28.12216971319032,35.422344069555436
2033-08-30,31.383883183659208,27.886932058345693,34.721771637133266
2033-08-31,31.284652822089196,27.995793593862764,34.83581723426356
2033-09-01,31.017119760258836,27.462882075092697,34.47189529893555
2033-09-02,31.010955858491357,27.317463643524274,34.30191280259832
2033-09-03,30.825154909125782,27.090348530858172,34.062232450885446
2033-09-04,30.612837290331928,27.134997377208773,34.03744509044482
2033-09-05,30.80838281030659,27.272089736912687,34.293320107725144
2033-09-06,30.619114699006964,27.418770222204852,34.12499859599011
2033-09-07,30.57261296261517,27.023476501264312,34.03294156380876
2033-09-08,30.368105064376582,26.776104071924532,33.60743432952708
2033-09-09,30.43407658725718,26.96248147862834,33.9944202595102
2033-09-10,30.32819251070883,26.949151156938115,34.01435470076292
2033-09-11,30.2021304748501,26.92190969736083,33.76491424939957
2033-09-12,30.48874405722157,26.747552850797362,34.063561498462654
2033-09-13,30.39377831590433,26.64248307055097,33.95754524912262
2033-09-14,30.443215095552617,26.80643524459374,33.95420851821806
2033-09-15,30.334695343652555,26.912126406615823,33.89571670764637
2033-09-16,30.49516039610272,26.824494713193044,33.95453751768945
2033-09-17,30.480802204799826,27.134253064519317,34.07484301753791
2033-09-18,30.441923273408772,27.1083553706558,34.021029774105365
2033-09-19,30.810123785717394,27.30458500557403,34.03415718906166
2033-09-20,30.790037718422532,27.154040879675563,34.335880355473286
2033-09-21,30.906695061455945,27.430677014983,34.40312565957068
2033-09-22,30.856957115843578,27.486704030815698,34.63910145029813
2033-09-23,31.067166651908995,27.573191588956433,34.404462154398615
2033-09-24,31.093102827332853,27.494602383552653,34.444573264829884
2033-09-25,31.084841660679952,27.493403908819435,34.68953320388046
2033-09-26,31.47393967367526,28.180546855301646,34.979824131768446
2033-09-27,31.465162716554318,27.841907696426023,35.01611966966001
2033-09-28,31.583837407636192,28.098783928060232,35.231733031300216
2033-09-29,31.527272540637107,27.58753920865432,34.883217076099065
2033-09-30,31.722392689451873,28.20212114793995,35.069054269342665
2033-10-01,31.725674407089947,28.02782368738436,35.22619168571425
2033-10-02,31.687986347345994,28.150673723923827,34.96569205651592
2033-10-03,32.04175147641464,28.246478616207412,35.51416334830364
2033-10-04,31.99265394845283,28.500237727394424,35.488758271222785
2033-10-05,32.066968626954896,28.708317074678085,35.387491713640436
2033-10-06,31.96296113281115,28.088150319275233,35.39596307590489
2033-10-07,32.10850113977924,28.778520926165548,35.40577094295663
2033-10-08,32.060979756741034,28.306903934479106,35.59820177695999
2033-10-09,31.972132709704933,28.766780920189838,35.917605823647094
2033-10-10,32.27518780844502,28.73196402324525,36.007781069664105
2033-10-11,32.17655951690034,28.64190080974632,35.5120988925179
2033-10-12,32.20316877759412,28.81264917115985,35.63024803061465
2033-10-13,32.05383606127108,28.151491806282838,35.421007056119144
2033-10-14,32.15689037520365,28.707763291861337,35.902926609716175
2033-10-15,32.070085007684355,28.670203739416817,35.637821832037936
2033-10-16,31.945421589954968,28.510840772064483,35.40667171529978
2033-10-17,32.21630076589904,28.634561525821674,35.87349266791558
2033-10-18,32.08922203929761,28.422831949660555,35.60396851544443
2033-10-19,32.09111065475336,28.719196883885953,35.58598615568138
2033-10-20,31.920719154994146,28.432744040932803,35.28899990848419
2033-10-21,32.00624599662242,28.497148594362137,35.45115665609874
2033-10-22,31.90526163904412,28.38699976085246,35.168951837644585
2033-10-23,31.7695433253326,28.393097248049056,35.255040266285114
2033-10-24,32.032236494068385,28.498168149262522,35.513138219160716
2033-10-25,31.89956506245399,28.606507026500196,35.41960394816311
2033-10-26,31.89816813823496,28.357897677697974,35.27043747389551
2033-10-27,31.72651054363611,28.05046130107516,35.21947998939289
2033-10-28,31.812509319331745,28.4339357192286,35.7669463218187
2033-10-29,31.71346645949363,28.2816240718142,35.194388483659786
2033-10-30,31.58090898624703,28.2630901167407,35.29234126536804
2033-10-31,31.847754246655644,28.40022846777503,35.36256045635392
2033-11-01,31.720022670442795,28.071665350742958,35.16072842295529
2033-11-02,31.724175595223542,28.110214408277802,35.16096502012574
2033-11-03,31.558525639051375,28.292333099725536,35.08812367621628
2033-11-04,31.6508619266516,28.099579111064575,35.17752347099753
2033-11-05,31.558380593704612,28.296277102449675,35.26056772524908
2033-11-06,31.43252187800944,27.86516613767952,34.72582819468591
2033-11-07,31.706131899868335,28.033527663126577,35.069566248215146
2033-11-08,31.58517159877882,28.00152167727753,34.87885276413215
2033-11-09,31.596050662916365,27.936119918761673,35.07545971147956
2033-11-10,31.43703415271822,27.804002129693952,34.90296943075043
2033-11-11,31.535864330037448,27.989056365688914,34.92259391464044
2033-11-12,31.44968829829158,27.845503722584418,34.96329772749605
2033-11-13,31.3298929129917,27.78246892234905,34.69087932605903
2033-11-14,31.609265179603426,27.961182349195905,34.95898749841388
2033-11-15,31.49370068078903,28.190194844090307,34.97473207320517
2033-11-16,31.509537902201348,28.165738187921573,34.948420426806635
2033-11-17,31.354966147962553,28.050338205562955,35.02751448083757
2033-11-18,31.45764950490932,27.949211247700827,34.94434101940101
2033-11-19,31.374657368882364,27.868707899964292,34.909160109442084
2033-11-20,31.257302864260783,27.632165145038993,34.683961638239026
2033-11-21,31.538307214767457,28.087664667680695,35.11472980487087
2033-11-22,31.42351242401187,28.05210416560538,34.71456537764277
2033-11-23,31.439219934154117,28.212214671554804,34.893392785580424
2033-11-24,31.283602743428517,27.70675619611209,34.58774841749109
2033-11-25,31.38433323008602,27.75727337159043,34.87511959312888
2033-11-26,31.298516991567695,27.892923851736473,34.892503065103355
2033-11-27,31.17753384095291,27.74818907255586,34.42307254532979
2033-11-28,31.454203852447524,28.0917706235635,34.90621807163658
2033-11-29,31.334500678008364,27.690200384917127,34.96848166182063
2033-11-30,31.3448897028212,27.79624543794685,34.8988088990067
2033-12-01,31.18373846022629,27.69595674902931,34.493994117870955
2033-12-02,31.27894153723716,27.579608278969385,34.840243764978375
2033-12-03,31.18785030864931,27.858818934771,34.77582977285548
2033-12-04,31.062108716745275,27.837501474668297,34.504558445335164
2033-12-05,31.334813107681118,27.762124699586174,34.80937641836833
2033-12-06,31.21221850736209,27.757675234966534,34.64198785974157
2033-12-07,31.22106910208121,27.940071549247996,34.62160893330462
2033-12-08,31.060000573031285,27.505649173814128,34.65809251041168
2033-12-09,31.1571567682643,27.549168357543675,34.616718470348545
2033-12-10,31.07011131833769,27.532756640324774,34.718408144218
2033-12-11,30.950695687930725,27.29346756258159,34.25398145972847
2033-12-12,31.232151947704704,27.992299361943257,34.81683967417266
2033-12-13,31.120832910745982,27.487720720243292,34.5065950155679
2033-12-14,31.143527639841153,27.590712544568248,34.51119568217376
2033-12-15,30.998860186165658,27.481440600302804,34.45858071906329
2033-12-16,31.114904217127837,27.47362478011112,34.33240692558068
2033-12-17,31.049104269525262,27.648497551328525,34.29922790157294
2033-12-18,30.953105200424986,27.71911181977757,34.6009109269981
2033-12-19,31.259908146164342,27.629951779324987,34.60498650180759
2033-12-20,31.1755756036724,27.555572058008458,34.58813170023021
2033-12-21,31.226563553077895,27.615616950659945,34.76168468476479
2033-12-22,31.11112833906263,27.731612997850394,34.61028526566517
2033-12-23,31.256950772609876,27.705848725833548,34.885122776236486
2033-12-24,31.221067945053306,27.743242732146566,34.64397348280774
2033-12-25,31.154714040701137,27.52319995764498,34.662482136987144
2033-12-26,31.490488138368406,28.148655709667295,35.02680916571731
2033-12-27,31.434071271036593,27.981824098456276,34.88270100284596
2033-12-28,31.511570302833277,27.874759145331115,34.90119282430091
2033-12-29,31.420935977054672,27.979057992826043,34.7513589461395
2033-12-30,31.589597240282373,27.987784370733642,35.266052282815366
2033-12-31,31.57440199624591,28.24713601731463,35.182406855315044
2034-01-01,31.5264652667212,28.085080714008434,34.980777337336164
2034-01-02,31.87834248021633,28.329733077512532,35.50451450764446
2034-01-03,31.83574993677957,28.46833391567138,35.37401548079685
2034-01-04,31.92490984388467,28.3991894609159,35.652979534568644
2034-01-05,31.843967175818655,28.41499157396702,35.65795174957585
2034-01-06,32.02062042799492,28.281544862179537,35.57759136340341
2034-01-07,32.01205645643711,28.543677596476797,35.64875656551927
2034-01-08,31.969790487159635,28.429883983429075,35.485661411442194
2034-01-09,32.32682919291329,28.908011546677894,35.7432917330983
2034-01-10,32.28937912798319,28.80735738273166,35.646982192636735
2034-01-11,32.384178218200624,28.8885171231417,35.948669746480334
2034-01-12,32.3098979131498,29.035586474968856,35.833518736697236
2034-01-13,32.494758469419615,29.035965520243924,35.82751392867022
2034-01-14,32.496447984768466,29.078508379190186,36.00194976368341
2034-01-15,32.46694671764727,28.745275507075128,36.02974377487786
2034-01-16,32.839675046707875,29.44946782695869,36.45938257784004
2034-01-17,32.82118781216229,29.39003803587918,36.24618829096434
2034-01-18,32.93849316813159,29.34312044168767,36.470455227159874
2034-01-19,32.89044395262487,29.268275956076465,35.94228788807954
2034-01-20,33.10534439910203,29.585410396715925,36.84748821585021
2034-01-21,33.14086310869067,29.93675623349972,36.46266054556527
2034-01-22,33.148854051132645,29.70848573027558,36.507366958931705
2034-01-23,33.56250410893986,30.018148986614243,37.299732370668565
2034-01-24,33.58802998674346,29.92531908877461,37.107829031449256
2034-01-25,33.7520026114883,30.239889374885607,37.24540617209749
2034-01-26,33.752746941512804,30.281083043238276,37.17608880404309
2034-01-27,34.017959835763044,30.680046649467688,37.56516556360408
2034-01-28,34.10463664877974,30.43288642738576,37.601887520530255
2034-01-29,34.163907991207225,30.34638784275629,37.888558057918814
2034-01-30,34.62820477508679,30.7925205831847,38.30380347092177
2034-01-31,34.702973914035546,31.27120046153233,38.13996500457735
2034-02-01,34.91402230711016,31.359756420090253,38.401514462132404
2034-02-02,34.958936496239346,31.34370274423403,38.24057744444407
2034-02-03,35.264720103161224,31.947530270238286,38.84857522168612
2034-02-04,35.38773916454463,31.88174538495306,38.91559303873803
2034-02-05,35.478576271612766,31.962791414696657,38.86039018455465
2034-02-06,35.969211129190775,32.564630154430866,39.74888029562369
2034-02-07,36.06474944348443,32.59272490198661,39.56452964405016
2034-02-08,36.290777364022674,32.856587635590536,39.77712430177125
2034-02-09,36.34478853573625,32.798309623770365,39.875968100096294
2034-02-10,36.65382561329296,33.1543055131091,40.359115820331944
2034-02-11,36.774426190678334,33.477717585745566,40.53686021831369
2034-02-12,36.85747398100908,33.18739289569322,40.450580280644495
2034-02-13,37.335372887517195,34.06289598106795,40.753250508592316
2034-02-14,37.41376599929638,33.801360855534895,40.85709992298252
2034-02-15,37.61887695744733,34.25527200061281,41.12128432058204
2034-02-16,37.648921058985536,34.122161451198714,41.24592834186376
2034-02-17,37.93172834558477,34.61745370904274,41.66005884383953
2034-02-18,38.024669098946084,34.49755024861392,41.359630715343954
2034-02-19,38.07948310804325,34.76825848100363,41.687706776282404
2034-02-20,38.52943092718513,34.97091084833383,41.958899174478596
2034-02-21,38.58098976862555,35.21830699003775,42.215329167299956
2034-02-22,38.76117210108442,35.29360175783588,42.38308992640404
2034-02-23,38.76891494580044,35.34404494931535,42.197104734559964
2034-02-24,39.032682722619356,35.75405063859609,42.59770178147886
2034-02-25,39.11037463751127,35.576313553253996,42.58285566945685
2034-02-26,39.154138494563256,35.57208367826775,42.387598169857206
2034-02-27,39.59750960240346,35.93121782439637,43.261863518215485
2034-02-28,39.64709778987926,36.18364871513348,43.036857687718616
2034-03-01,39.82990088265269,36.2398878210463,43.05899883017627
2034-03-02,39.8446928129593,36.381982472344035,43.396586619184575
2034-03-03,40.11962929023752,36.82720839238437,43.80574777470757
2034-03-04,40.21216199066321,36.680612635866545,43.97527625901809
2034-03-05,40.27386300656296,36.6789800362152,43.56273664339573
2034-03-06,40.73757797781391,36.9438537882253,44.48366654216233
2034-03-07,40.809130572287394,37.48631942491738,44.32794193681476
2034-03-08,41.014656227925286,37.3246888459103,44.53539441255238
2034-03-09,41.05201280949078,37.50995280959373,44.44093166949108
2034-03-10,41.34841052200482,37.89703951747473,44.9068034786554
2034-03-11,41.460351402021466,37.6175688703112,44.87634777892584
2034-03-12,41.53847945666524,38.02880241491657,44.96703810046862
2034-03-13,42.014759185359274,38.4317478319813,45.70666683668934
2034-03-14,42.09420446651241,38.56315312526042,45.63061397926262
2034-03-15,42.30223505794037,38.63382640926427,45.85015078875713
2034-03-16,42.33610773958935,38.63336759763088,45.91037402075051
2034-03-17,42.622563872360224,39.248509988944875,46.14289492813474
2034-03-18,42.71778319821213,39.34358189525137,46.49942566713431
2034-03-19,42.77224454155915,39.22426956740579,46.279666212993405
2034-03-20,43.217910834542685,39.63153268314512,46.549989127984105
2034-03-21,43.25996024280507,39.72651103449917,46.811650331991636
2034-03-22,43.42414054772526,40.33001008160865,47.09761795901752
2034-03-23,43.408193836615254,40.001724378510595,47.112063486645525
2034-03-24,43.63949341360755,40.02800097110343,47.246002179828494
2034-03-25,43.674983007937556,40.08048878377176,47.14327938004459
2034-03-26,43.666019297529836,40.201908148624625,47.0465461135608
2034-03-27,44.04553562574658,40.31273387102737,47.73598206137509
2034-03-28,44.01974922851158,40.65039241444561,47.397434460790414
2034-03-29,44.11548973966495,40.72920598863916,47.7159386373721
2034-03-30,44.03159669313665,40.568402621449565,47.617475292654355
2034-03-31,44.19652863913514,40.66134476354833,47.665864816592695
2034-04-01,44.168274674349306,40.49742082373878,47.81253755745805
2034-04-02,44.09917012689877,40.82705333371127,47.617863385447855
2034-04-03,44.42303497691978,40.73805138778069,47.823444829381316
2034-04-04,44.34685799459548,40.801376853764175,47.89453626315102
2034-04-05,44.3981049718599,40.98132073391454,48.08269691643271
2034-04-06,44.27609930222437,40.8181539275787,47.51422887182022
2034-04-07,44.40961797515132,40.784827204504495,47.80432237096433
2034-04-08,44.35679413543888,41.061659077670434,47.763324102115504
2034-04-09,44.26992819090077,40.55150873185978,47.65586225652568
2034-04-10,44.582626177365576,40.99531604568899,47.89414266064447
2034-04-11,44.501488373309655,40.7799309142114,47.973399859465566
2034-04-12,44.553426432940704,40.912820230729615,48.07021600835694
2034-04-13,44.43705707001758,41.01329856234407,47.86510977992934
2034-04-14,44.58031502779262,41.131935880255945,47.95499985891103
2034-04-15,44.54037605476158,40.749931217547,48.0432259422836
2034-04-16,44.46849135042626,41.10750962991582,47.805817566467994
2034-04-17,44.79715159677798,41.05568490592335,48.1174938197216
2034-04-18,44.731802915985966,41.074199111806465,48.18528797850823
2034-04-19,44.79819233022279,41.45613027496611,48.44531277502807
2034-04-20,44.69379004021243,41.3139334483595,47.99249742900255
2034-04-21,44.845430538374785,41.0573308268776,48.500373611492094
2034-04-22,44.80926257166241,40.84808151954481,48.3534703605931
2034-04-23,44.73560874712809,41.42892709731444,48.29598777197444
2034-04-24,45.05615227542072,41.348651245836024,48.64058488477336
2034-04-25,44.975672638785625,41.15453750162979,48.53017310326519
2034-04-26,45.01940728614974,41.571602582143285,48.4910846853719
2034-04-27,44.88448629083182,41.77592846747918,48.61682633062648
2034-04-28,44.99758170714185,41.50847261886581,48.438674450503754
2034-04-29,44.9148614692051,41.164099554412324,48.56990149259867
2034-04-30,44.78684856452156,41.2475270927407,48.344694794091055
2034-05-01,45.045603028634595,41.60967170850295,48.44457193701412
2034-05-02,44.89644870779389,41.70668200992253,48.577733236172676
2034-05-03,44.86532215612684,41.510890214458094,48.16689755121538
2034-05-04,44.65019096233223,41.22257661418824,48.38537239614379
2034-05-05,44.67868368647031,41.023342233404875,48.1669700590319
2034-05-06,44.5080217665883,41.081432173670414,47.96472194175896
2034-05-07,44.28985470163778,40.99089123334033,47.97365503984026
2034-05-08,44.45741667269111,40.79264711182038,47.94990674952686
2034-05-09,44.2172271897541,40.85288161189916,47.66247019221459
2034-05-10,44.09641377886079,40.758568203908304,47.601291000828375
2034-05-11,43.79410464307084,40.17549839861113,47.24582815118064
2034-05-12,43.739034090429264,40.33518109522257,47.46024541638765
2034-05-13,43.48945165938162,40.28356750313694,46.96439787645409
2034-05-14,43.197936762864636,39.680808121377964,46.89121712147666
2034-05-15,43.29853745929741,39.626324420234276,46.84342661761895
2034-05-16,42.99845630530987,39.594706126871785,46.41501314516156
2034-05-17,42.82536158546487,39.481932707011374,46.41481291904194
2034-05-18,42.47877204089295,38.89495526332171,45.69202650916643
2034-05-19,42.387657983125905,39.01662912556358,45.80910074527124
2034-05-20,42.110349721443185,38.73395755962106,45.647013378884026
2034-05-21,41.79935503008873,38.171459919991875,45.348443221767916
2034-05-22,41.888504080927014,38.69988680079767,45.44147257959527
2034-05-23,41.58464453325729,37.81802351184501,45.45923830512717
2034-05-24,41.414964741984,37.79822845208493,44.764020349618036
2034-05-25,41.07839281224427,37.583008979293815,44.69166765278908
2034-05-26,41.00321394565413,37.60788913350274,44.68242919725832
2034-05-27,40.74699653200166,37.281043339778705,44.21465660915008
2034-05-28,40.46142821877787,37.01016019996844,44.0281589330639
2034-05-29,40.57947988534563,37.228018232227306,44.06650511466347
2034-05-30,40.30711972394816,36.711413595877055,43.90754567102631
2034-05-31,40.17065492201038,36.545921664909386,43.85088735167396
2034-06-01,39.86814824227467,36.552124884417786,43.10521074564293
2034-06-02,39.82705156078646,36.09543423965355,43.36952998992874
2034-06-03,39.604146486965654,35.96467106311318,43.05731123838916
2034-06-04,39.35039303176508,35.73379016067652,42.50923255827148
2034-06-05,39.49810405270922,35.94709407020202,42.939871332726476
2034-06-06,39.25266755154738,35.729787441241555,42.70430653267191
2034-06-07,39.13989426475658,35.93407035835861,42.403904856642015
2034-06-08,38.85743786013021,35.40012150784649,42.24521395512179
2034-06-09,38.83242988327008,35.304794535128956,42.4117161418022
2034-06-10,38.62141972370535,34.899016416148505,41.84075400539777
2034-06-11,38.37522076616374,35.06126988210018,42.188224538488555
2034-06-12,38.52608070062419,34.95082521221232,41.97036788792752
2034-06-13,38.27939834669431,34.774694654641145,41.649586589225386
2034-06-14,38.16106473651037,34.62892965187452,41.89740813278837
2034-06-15,37.86887608587675,34.508535801667996,41.632911074231565
2034-06-16,37.83016111503365,34.37795638072902,41.28294628532889
2034-06-17,37.60171329595157,34.40160395890083,41.460098486407574
2034-06-18,37.33462947799363,33.43388841116587,40.589876205194294
2034-06-19,37.461473121176404,33.880931198727474,41.03125372024449
2034-06-20,37.18798470921993,33.66445235803544,40.7057226212781
2034-06-21,37.040417257342206,33.60032891290291,40.5233902988843
2034-06-22,36.71694466442801,33.08223623286746,39.87430602653338
2034-06-23,36.64528543678321,33.014512663891686,40.03479598427928
2034-06-24,36.382632371069136,32.66142743290136,39.63775968569948
2034-06-25,36.080489604704105,32.555656871841684,39.74325989098537
2034-06-26,36.17183516797346,32.75149377627368,39.65349583749044
2034-06-27,35.86283146853324,32.06335559731572,39.01465158950994
2034-06-28,35.68016144154971,32.24859322045074,39.113219412298506
2034-06-29,35.32243790125462,31.598790495113303,38.94999908154933
2034-06-30,35.21782838431717,31.797859308378754,38.78642786157976
2034-07-01,34.923985822841615,31.445997381465226,38.582834338657
2034-07-02,34.59288620319719,31.031991371953197,38.0251331584594
2034-07-03,34.657991101406196,31.12866343061714,38.17806656855396
2034-07-04,34.32595730128957,30.705370537027434,37.91832111020704
2034-07-05,34.123971033468955,30.722052800957975,37.53506626504787
2034-07-06,33.7511542142096,30.180600039120133,37.21822585007575
2034-07-07,33.63618486406396,30.165576324645116,36.979456404295185
2034-07-08,33.337221986572445,29.874074737005007,36.92601901501865
2034-07-09,33.00673606318552,29.54370243032826,36.3097987967364
2034-07-10,33.07866311540577,29.459821495180126,36.73034860703797
2034-07-11,32.76010466165049,29.171344961455915,36.13061522537714
2034-07-12,32.578651287880845,29.11438259796661,36.08069532115907
2034-07-13,32.23377744799298,28.667333515259806,35.786513840712125
2034-07-14,32.15444996154546,28.55139723857067,35.76215021165596
2034-07-15,31.899040819741504,28.590563456183446,35.518325655294426
2034-07-16,31.620145820442197,28.234721368218576,35.03909701903759
2034-07-17,31.751727371166908,28.440380288147484,35.058689420520146
2034-07-18,31.50080418719414,28.13569788714684,35.328813871280786
2034-07-19,31.394766002478768,28.01176161849763,34.73320405281732
2034-07-20,31.132761294327917,27.72363626797102,34.694549276211035
2034-07-21,31.14330084758748,27.77901975365908,34.64995707578181
2034-07-22,30.984168088236313,27.537475547937266,34.74146784623152
2034-07-23,30.807237975132146,27.327764604360866,34.25248887686996
2034-07-24,31.04562299532679,27.66468969247979,34.56320949372388
2034-07-25,30.905369125825406,27.280610248969005,34.380704861120186
2034-07-26,30.91277993755768,27.269045819974952,34.4447485769498
2034-07-27,30.76581681747235,27.321567702818108,34.295646984763565
2034-07-28,30.891718023716443,27.420189392745694,34.70837496221983
2034-07-29,30.84692730671804,27.287033423657714,34.44603811030289
2034-07-30,30.781933603696558,27.43095634438103,34.39065405173088
2034-07-31,31.128439991065665,27.62661307122785,34.53670115474021
2034-08-01,31.09108432413909,27.59110694808186,34.50359462885559
2034-08-02,31.194789242812583,27.625543285886536,34.847319367757294
2034-08-03,31.136188969953274,27.52293916349693,34.38829868953988
2034-08-04,31.34127502904672,27.79682512775791,34.61382360797922
2034-08-05,31.36535100078699,28.052739269284892,34.77563158477387
2034-08-06,31.357897203669992,28.161995589892918,34.90385830916354
2034-08-07,31.749762867556107,28.182786666583457,35.38163096788238
2034-08-08,31.744907637071094,28.187116107220362,35.84005436967694
2034-08-09,31.867769530275456,28.379977897615444,35.294010585136526
2034-08-10,31.814706280477427,28.24995707216245,35.37128553891721
2034-08-11,32.01165175753241,28.393900413738773,35.729557213007155
2034-08-12,32.01407723930925,28.426865242023666,35.51154434461873
2034-08-13,31.971858161333085,28.51670732183134,35.63885789532282
2034-08-14,32.31646375679477,28.77622801589336,35.603360085624
2034-08-15,32.25269137335405,28.631386048714457,35.647968910842685
2034-08-16,32.30602265119922,28.909212032302907,35.705393683886285
2034-08-17,32.17404865919133,28.772796399172847,35.55671813982239
2034-08-18,32.28410596188017,28.55209930906542,35.76201127917272
2034-08-19,32.193213766746155,28.774947162820176,35.854522724482386
2034-08-20,32.05291325256605,28.535406402974836,35.532099928723405
2034-08-21,32.296427047729786,28.71895183719685,36.26310364320515
2034-08-22,32.130361272570546,28.392052977926568,35.65264584666589
2034-08-23,32.08202801400972,28.623622704151924,35.6019343597028
2034-08-24,31.85083605325782,28.323772704725233,35.14833962685286
2034-08-25,31.865892565774026,28.404419114829217,35.268664484081256
2034-08-26,31.685906693756685,28.408918718618217,34.852977204871856
2034-08-27,31.46399682910119,28.072335247933037,34.923568000617145
2034-08-28,31.63482028078268,27.869531366765294,35.30228143763673
2034-08-29,31.406248396584225,28.021858029824553,35.108675714147
2034-08-30,31.306665598033838,27.886341529089904,34.75501339277217
2034-08-31,31.036340659913762,27.48822425145676,34.66101418392949
2034-09-01,31.025013371930033,27.14579226636134,34.28908118656659
2034-09-02,30.831787798610524,27.301989207440755,34.40942856679441
2034-09-03,30.609934181235893,26.876212549937314,34.002038064414066
2034-09-04,30.79401824673673,27.34289974630048,34.34669446425282
2034-09-05,30.591580967923974,27.104385584745597,34.10254738338808
2034-09-06,30.53044709277384,27.002822823612068,34.172426602539396
2034-09-07,30.31011052162092,26.937759488216884,33.944854426469405
2034-09-08,30.35933931260311,26.9632680114144,33.774925740512884
2034-09-09,30.2360910791553,26.942972099408657,33.77275552001545
2034-09-10,30.09234028755744,26.690668113337708,33.70778903947103
2034-09-11,30.36123561428423,26.87877440668213,34.03735719993026
2034-09-12,30.248809748174057,26.831165123322574,33.86836025021004
2034-09-13,30.281319258484498,26.70178904083365,33.612541884500814
2034-09-14,30.156661891146072,26.717769928313793,33.646689263621965
2034-09-15,30.302013355039044,26.934530276706973,33.84281171021171
2034-09-16,30.273773659063377,26.82398544028687,33.8040588626571
2034-09-17,30.222423837778358,26.76306685135498,33.66346231871703
2034-09-18,30.579710603646944,26.899699759644154,34.10439387822566
2034-09-19,30.55038075237551,27.12907509793569,34.1234178227226
2034-09-20,30.65954245974577,27.00121071950623,34.05258914604735
2034-09-21,30.604100435852068,27.159235091026233,34.100727167956656
2034-09-22,30.810406696685384,27.352586517429067,34.61649185505737
2034-09-23,30.83421681197629,27.380639184100918,34.37844088874313
2034-09-24,30.825552368051575,27.118452165159187,34.56542079666191
2034-09-25,31.215887187736183,27.724075396414264,35.04488286190652
2034-09-26,31.209879238268698,27.492888925360322,34.7177041446391
2034-09-27,31.3327255653126,27.835260902228388,35.031923420954264
2034-09-28,31.281587506598086,27.93218501727999,34.53616196419956
2034-09-29,31.483228310754207,27.912980388866245,35.18779543578557
2034-09-30,31.493953452569215,27.928635781052215,35.139236142185524
2034-10-01,31.464454869321106,27.880502674902225,34.84763370935945
2034-10-02,31.826977185654897,28.260690711486124,35.29845824998038
2034-10-03,31.78702840800578,28.02885490191555,35.267315497555856
2034-10-04,31.870712986407735,28.3721052421961,35.58037418576071
2034-10-05,31.776135051429222,28.02045478840098,35.695800797580375
2034-10-06,31.931014486362777,28.342048311639104,35.68302808096491
2034-10-07,31.89260662710106,28.392098193563143,35.52498866727984
2034-10-08,31.81252727018193,28.221279857564564,35.24573235207622
2034-10-09,32.12390145620631,28.69646497198677,35.81129144298597
2034-10-10,32.03305884474566,28.611300482592455,35.4331013582462
2034-10-11,32.0668538421804,28.573555007751672,35.70755891837918
2034-10-12,31.924058478119694,28.715143140381684,35.16456480174516
2034-10-13,32.03297080033169,28.645594340957405,35.79939681105943
2034-10-14,31.951329612611943,28.175807454558022,35.44722414595908
2034-10-15,31.83113719241587,28.215340628966867,35.19439209090642
2034-10-16,32.10580834071539,28.436474683842437,35.64294539504532
2034-10-17,31.981868400554852,28.382507606152384,35.538833938438486
2034-10-18,31.986278169303993,28.30956023634106,35.4632918374508
2034-10-19,31.817833416312805,28.258389092590612,35.407022538842085
2034-10-20,31.904781454970728,28.34740845356567,35.40669391786016
2034-10-21,31.804745246824695,28.378261872003623,35.14037656910236
2034-10-22,31.669556313597578,28.251509781178306,35.11974814846638
2034-10-23,31.932414445911085,28.245834302596908,35.396092874968765
2034-10-24,31.799596490091957,28.141260976744352,35.19713902273994
2034-10-25,31.79779180220789,28.203387254747764,35.452313216016215
2034-10-26,31.625511773909025,28.105746801889655,35.06104435712008
2034-10-27,31.710715609146007,28.230309109462066,35.39269622885872
2034-10-28,31.610742603495517,27.942401350825406,35.05424396069515
2034-10-29,31.477152025295602,27.995905046981274,35.15298197642021
2034-10-30,31.74288846344897,28.008321886024493,35.28844526832897
2034-10-31,31.61399485377589,28.265518173132868,35.32655466447709
2034-11-01,31.61695075760983,28.05489902879648,34.8580331428611
2034-11-02,31.450083333988424,27.984864556294667,34.91735134159853
2034-11-03,31.541193269709858,28.041810758084893,34.95073254753395
2034-11-04,31.44748604750466,27.68580364032612,34.753033065732794
2034-11-05,31.320409816767715,27.69230587027141,35.21330442016057
2034-11-06,31.592817926258903,28.19561676475501,35.188973142318765
2034-11-07,31.4706785459258,27.96783466459313,34.80331106599751
2034-11-08,31.480409178926344,28.130521833919993,35.11898646498292
2034-11-09,31.320283735521425,27.94381187059586,34.88608141416972
2034-11-10,31.418054657465923,28.0014273457341,34.69851460465682
2034-11-11,31.33088068308435,27.794771917154158,34.860135702555006
2034-11-12,31.21016170524981,27.92781106510937,34.57193321794593
2034-11-13,31.488698940319917,28.25437186753828,35.26035405617502
2034-11-14,31.372402959297176,27.83146806366404,34.83169757209646
2034-11-15,31.387627467389233,27.884569878337004,34.68330759568669
2034-11-16,31.23257654704807,27.87631773277328,34.69345597444933
2034-11-17,31.33492785365048,27.702152669450115,35.028651385918835
2034-11-18,31.251762312018485,27.602072115879793,34.870827931829126
2034-11-19,31.134401683443738,27.505037154581665,34.814317016708024
2034-11-20,31.41557210173186,27.789345798587693,34.82679705421648
2034-11-21,31.301115977672055,27.794946702526428,34.94322799003621
2034-11-22,31.31732998009796,27.973006204139992,34.91286262094186
2034-11-23,31.16237661139196,27.703058997644142,34.76790443858955
2034-11-24,31.263911657843508,27.60263413957318,34.63507813908689
2034-11-25,31.179017851041856,27.916233377537196,34.64246137994946
2034-11-26,31.059045902956345,27.678639703665446,34.43523610954695
2034-11-27,31.336780819489256,27.969837418611252,34.510265825925806
2034-11-28,31.218155719249285,27.849113032530617,35.07295433675514
2034-11-29,31.229590721270398,27.778524364784396,34.53289346171492
2034-11-30,31.069404309429316,27.360147442821372,34.85040277720727
2034-12-01,31.16543938335922,27.591024430224998,34.97397044796588
2034-12-02,31.074994304421775,27.918177002253927,34.460421949231595
2034-12-03,30.94966011714749,27.39037525076325,34.706076413435795
2034-12-04,31.22248191445648,27.661514347959248,34.66962850610766
2034-12-05,31.09966668191872,27.487459206864617,34.59595288429715
2034-12-06,31.10791533545397,27.64370512993167,34.68588345281514
2034-12-07,30.945826549111956,27.580083306266467,34.23063637822966
2034-12-08,31.04151480409332,27.56366716781565,34.348967287549506
2034-12-09,30.952533214791597,27.557045691289687,34.42463309549344
2034-12-10,30.83070257728595,27.26329629752192,34.27666468819281
2034-12-11,31.109264883054763,27.816927344585466,34.67732477257783
2034-12-12,30.994583907659575,27.34697409389651,34.20010601317288
2034-12-13,31.01347085420405,27.606005784903576,34.692587394521624
2034-12-14,30.864582895109223,27.448367498614957,34.169436344520676
2034-12-15,30.976037263022647,27.501173996969637,34.56362257067791
2034-12-16,30.905331630788133,27.037905773305138,34.241055286552246
2034-12-17,30.804172367520188,27.389316790946793,34.307520234521995
2034-12-18,31.10562900650998,27.76388485045272,34.551750444659
2034-12-19,31.015837574699262,27.584271383871492,34.49340593179374
2034-12-20,31.061330747535337,27.541377047983904,34.101511969257274
2034-12-21,30.940442599737274,27.406602232461832,34.690884092662
2034-12-22,31.080930473413893,27.56550989614659,34.53886523707206
2034-12-23,31.039904520251998,27.609615562130934,34.45268940182313
2034-12-24,30.968666272041887,27.519885430215844,34.49315849706072
2034-12-25,31.299874298943067,27.92491071991334,34.957845159308455
2034-12-26,31.239259292834937,27.912175623131525,34.66099098776079
2034-12-27,31.312966199874175,27.692830195305813,34.770387563678085
2034-12-28,31.21897081577019,27.756351905526504,34.91398512258449
2034-12-29,31.384713001399632,27.933916202892796,34.90807901002357
2034-12-30,31.367036716050816,27.850338023189305,34.76146471195335
2034-12-31,31.31703787869281,27.39589508763793,34.488535763021225
2035-01-01,31.667237799392222,28.220518870274066,35.10871788129627
2035-01-02,31.62330423782789,28.186518853738235,35.3234810366172
2035-01-03,31.711397479258107,28.103908332250818,35.344677940929664
2035-01-04,31.629588662293777,28.14567592359191,35.306577546267675
2035-01-05,31.805492398627546,28.43064109718889,35.35787389893552
2035-01-06,31.796203831097383,28.08194833998562,35.52213696424007
2035-01-07,31.753141159418927,28.099146209943658,35.189943618354754
2035-01-08,32.109211465441966,28.499388862547203,35.70517142445319
2035-01-09,32.07052205461694,28.58567225227939,35.73394830139268
2035-01-10,32.16371493033743,28.47120133233523,35.67035762931187
2035-01-11,32.08737192347449,28.630682457429554,35.41943138098612
2035-01-12,32.269632859489334,28.76585390020907,35.599713125234544
2035-01-13,32.26811729719647,28.834047297726084,35.73319251601417
2035-01-14,32.234751291138295,28.717800009051945,35.53197621388773
2035-01-15,32.602917455342364,29.074717137677567,36.146645565593985
2035-01-16,32.57915100162059,29.23928984025345,35.8018522108678
2035-01-17,32.690459823057836,29.096869234221806,36.25852425763853
2035-01-18,32.635716582989815,29.33672562612484,35.985674007467054
2035-01-19,32.843265600794176,29.47927814886581,36.4727026961504
2035-01-20,32.870835435917,29.49779814728652,36.22777814229853
2035-01-21,32.870358936249566,29.20652136033163,36.2178150477283
2035-01-22,33.275119279475696,29.866669922790944,36.7305292104156
2035-01-23,33.29144485950552,29.758445355186677,36.6690177428283
2035-01-24,33.44603118913501,29.83009844257811,37.01131721954389
2035-01-25,33.437337796882076,29.87626571889593,36.77171137447468
2035-01-26,33.69320284201705,30.18731436493437,37.11902989837534
2035-01-27,33.770766197276295,30.15700117693153,37.19158904658887
2035-01-28,33.821302531726225,30.270908927710913,37.32093082618803
2035-01-29,34.27738261204975,30.766785992368035,37.925929586036204
2035-01-30,34.344585295079156,30.948841447542936,37.66112619867304
2035-01-31,34.5488379438959,31.264609678175365,38.21056115866121
2035-02-01,34.58783275866864,31.36015696799927,38.23648166613388
2035-02-02,34.888661224557445,31.11251190214353,38.42887602829739
2035-02-03,35.00775688380962,31.40094164471226,38.20784723068125
2035-02-04,35.095747416422675,31.511288344267673,38.648056140993454
2035-02-05,35.584633709509056,32.095677804224024,39.071553834231516
2035-02-06,35.67951787505212,31.955176181029696,39.081121053193876
2035-02-07,35.90595747542403,32.25751543925603,39.5654169233564
2035-02-08,35.96139302888905,32.39811650839359,39.455759736340326
2035-02-09,36.27279064511464,32.76038491594576,39.97585979856277
2035-02-10,36.39658972304109,32.9162710536535,39.661557753104816
2035-02-11,36.48355650722932,33.136713793699336,39.79589672867836
2035-02-12,36.96596108734332,33.38669024206726,40.46333415169306
2035-02-13,37.04929980209094,33.72485026582046,40.59465546219388
2035-02-14,37.259640406743436,33.71836419878956,40.85011050597694
2035-02-15,37.295037273050276,33.982263897375276,40.72387395215713
2035-02-16,37.58315876073454,34.26307982260175,41.17492290885733
2035-02-17,37.68121706790322,34.03743651772871,41.137561097221145
2035-02-18,37.740801807767085,34.35600856001028,41.31164476035268
2035-02-19,38.19503541258852,34.87264766049898,41.894773395102085
2035-02-20,38.25027289356836,34.79080511776648,41.72792044163012
2035-02-21,38.43342391942902,34.96101291024981,42.041857363509344
2035-02-22,38.44334510594823,34.845758507037644,41.95405959512904
2035-02-23,38.70844528188646,35.175208616338104,42.00069550646584
2035-02-24,38.78659465033287,35.415255903461066,42.14603756427522
2035-02-25,38.82993967306279,35.029949686399995,42.13472872327547
2035-02-26,39.272042310946986,35.84259898021949,42.5614428570686
2035-02-27,39.31956661816276,35.97099565438843,42.79884805146709
2035-02-28,39.499591045198194,35.80884963904662,42.56221086764035
2035-03-01,39.51099464675249,36.02884909506334,43.04258993892135
2035-03-02,39.78206016620633,36.37641563447358,43.24474698371087
2035-03-03,39.87038501768033,36.415593393028,43.4178731254816
2035-03-04,39.92770198712813,35.98859470484911,43.33099393807604
2035-03-05,40.387028170492414,36.97312354589658,44.13096251144569
2035-03-06,40.45436492484468,37.06992423157771,43.93807415678903
2035-03-07,40.65602686396919,37.068952348307036,43.94816374852342
2035-03-08,40.69004767731908,37.36161356317267,44.166482544696265
2035-03-09,40.98380524367193,37.814195482416295,44.68861076093988
2035-03-10,41.09395649003129,37.60790799243963,44.41303963525826
2035-03-11,41.17128319158807,37.51037708613673,44.548403493467205
2035-03-12,41.64786656665836,38.08819299565996,45.0461335876367
2035-03-13,41.728812757580016,38.397177608760984,45.27182929606043
2035-03-14,41.93960654191706,38.2585160501538,45.39647829838852
2035-03-15,41.97754038214036,38.551749702891975,45.617909240229054
2035-03-16,42.26936064908457,38.8644433592832,45.50831692626341
2035-03-17,42.371220885954486,38.97914133362333,45.87685190758647
2035-03-18,42.43354279327748,38.88871993669446,45.87872258094121
2035-03-19,42.88820235607347,39.192846160892515,46.27864545866436
2035-03-20,42.94026286656862,39.80229061210824,46.609951928822944
2035-03-21,43.115331953811676,39.75947173859765,46.627269791066865
2035-03-22,43.110989606851476,39.506833656533516,46.42985165517867
2035-03-23,43.354429020748654,39.99759458914222,46.957835860440895
2035-03-24,43.40240024222648,39.76545694956864,46.9555197305039
2035-03-25,43.4060575192384,40.01426362029655,46.921749597701385
2035-03-26,43.79812810776204,40.29820994551508,47.401198275725164
2035-03-27,43.78462472110991,40.06586899302473,47.27057382430092
2035-03-28,43.892179253556016,40.45610449498264,47.4310797850641
2035-03-29,43.819445360547846,40.23968881928199,47.10616971733112
2035-03-30,43.99471237956216,40.73011402788495,47.62971927351182
2035-03-31,43.975821265335156,40.463796878806704,47.664115309593726
2035-04-01,43.914984164073196,40.59291725764267,47.34768542613129
2035-04-02,44.245926104753956,40.69394249988912,47.86711527819282
2035-04-03,44.17557170251789,40.396468989318706,47.65809738408561
2035-04-04,44.23135518193753,40.77428674446754,47.73756243020275
2035-04-05,44.11260192636117,40.69716756609763,47.56963633497399
2035-04-06,44.24812459289201,40.83849072616652,47.85767045875144
2035-04-07,44.196124938762686,40.742671545652975,47.760776522113694
2035-04-08,44.10900335990851,40.628690332669954,47.418922098917506
2035-04-09,44.42049489003168,40.76299623217033,47.887083306873265
2035-04-10,44.33735471239124,40.584667791140674,47.66672454847339
2035-04-11,44.386671532106746,40.653690933481464,47.987212443434125
2035-04-12,44.2672569371263,40.8165591976797,47.786707903314934
2035-04-13,44.40725359344562,40.805086892583546,48.00035385343903
2035-04-14,44.36405311583971,40.68545052427233,47.976128782674415
2035-04-15,44.28912520802592,40.68510263025775,47.78991106642548
2035-04-16,44.615176322369805,41.2762899803436,48.05959682416318
2035-04-17,44.547860315161174,40.68258900178954,47.89598141508281
2035-04-18,44.61311880650464,41.185204184988045,48.1793502749644
2035-04-19,44.508598688621106,41.00808661163272,47.791304833758765
2035-04-20,44.661288916440256,41.211766207124654,48.51355097534725
2035-04-21,44.627466701361634,41.087969967722266,48.3180086270078
2035-04-22,44.55755399207248,40.842350119543035,48.2720487185656
2035-04-23,44.88330181131785,41.380063400020916,48.42894096347101
2035-04-24,44.8095242899202,41.44507093643244,48.11674136531662
2035-04-25,44.861459535146174,41.290007283652876,48.393938463672214
2035-04-26,44.736204282540896,41.25171266835675,48.1169107189168
2035-04-27,44.86036406001057,41.24586986605203,48.30858485953216
2035-04-28,44.79000867936571,41.270024971562606,48.334605028629305
2035-04-29,44.675533740043306,40.86024875868101,48.064862062096495
2035-04-30,44.94884562540602,41.15236200111143,48.38797977583275
2035-05-01,44.815091856311085,41.41269307773008,48.381083172427786
2035-05-02,44.80001407244377,41.402347434082536,48.338237349620236
2035-05-03,44.601370829254,41.1178166117759,48.185352235406086
2035-05-04,44.64657227575391,40.92639183562076,48.14119323832335
2035-05-05,44.492616952617624,41.107031164022686,48.308526314233376
2035-05-06,44.290931894977255,40.50778068150438,47.976707510595226
2035-05-07,44.47453408132507,40.87251079342685,48.08090647976098
2035-05-08,44.24973569996594,40.67784300400233,47.79256816921024
2035-05-09,44.14347113934666,40.959448125038804,47.65710400627817
2035-05-10,43.85469353793423,40.47196564207043,47.37064974526696
2035-05-11,43.811983601510825,40.31061175670424,47.47456058391773
2035-05-12,43.57346154782533,40.06358087883662,47.285230799207724
2035-05-13,43.29160394560822,39.9771071132706,46.87749189815676
2035-05-14,43.400384019339036,39.817140724081234,47.0727108475471
2035-05-15,43.106958355642945,39.69468346406277,46.8335243828941
2035-05-16,42.93897830568317,39.37998809252458,46.399697854478674
2035-05-17,42.595974222161736,38.82119256073163,46.205760478356346
2035-05-18,42.50695545052769,39.08265299628527,46.06612322596565
2035-05-19,42.23031705143559,38.93927677937511,45.690165309706764
2035-05-20,41.918655043017644,38.34845299216911,45.27767351707598
2035-05-21,42.00590866229726,38.56661200295618,45.58456799783479
2035-05-22,41.699052420265545,38.132783928377165,45.27623294999453
2035-05-23,41.525416001238106,38.288707034400524,44.98401516719098
2035-05-24,41.184079827761316,37.523521982316154,44.813783326574466
2035-05-25,41.10348883064783,37.45173230306674,44.71128214271893
2035-05-26,40.84137497068192,37.27436984358554,44.280634673781144
2035-05-27,40.54958983303588,37.03217349965738,44.05598763814738
2035-05-28,40.66126530331751,37.22307536539705,44.0589513692717
2035-05-29,40.38252460086684,36.77625963427587,43.66698810899309
2035-05-30,40.23982122674939,36.621905614983866,43.916349055075536
2035-05-31,39.93135317408766,36.69847988775486,43.408088742547726
2035-06-01,39.884694498869486,36.45184665193488,43.65183480190513
2035-06-02,39.656734400025265,36.28876413711527,43.16689745318123
2035-06-03,39.39852478563261,35.91506116015933,42.96057918194308
2035-06-04,39.542454051326885,35.90363014397854,42.95132940280239
2035-06-05,39.29396913108866,35.58775407781802,42.82229159183447
2035-06-06,39.17892323333292,35.642918716359,42.71037339233635
2035-06-07,38.894996537723586,35.42128633926749,42.39136870728378
2035-06-08,38.869331950028595,35.265410655849976,42.22732662425607
2035-06-09,38.65847613138295,35.39391031182259,42.126496583662046
2035-06-10,38.41322690939069,34.65747275968152,42.14309932592548
2035-06-11,38.565804984043595,35.15026695542709,42.058016583071755
2035-06-12,38.32157222300017,34.78692948510993,41.74286238963528
2035-06-13,38.20637423121981,34.62054727665061,41.68260580786545
2035-06-14,37.917954769374305,34.498168657618436,41.50560493424509
2035-06-15,37.88358443280876,34.56087840565288,41.287178206152376
2035-06-16,37.65999412572672,34.0602083415624,41.12700387687792
2035-06-17,37.398214748931935,33.8467784915844,40.79799138685431
2035-06-18,37.530741306515345,34.097148569673976,41.17908702876127
2035-06-19,37.263243990167915,33.72482986041516,40.86891006674825
2035-06-20,37.121904153229494,33.87863494156006,40.75543200269148
2035-06-21,36.804822931641496,33.35165552704865,40.36610145122977
2035-06-22,36.73964505657167,33.149725117232045,40.09658795185002
2035-06-23,36.48348847295539,32.99848681690175,39.9066737575503
2035-06-24,36.187781206712195,32.63689280530431,39.977588070642135
2035-06-25,36.2854236558427,32.77947834307975,39.52342647264296
2035-06-26,35.98249878163625,32.36913950082757,39.35565699670603
2035-06-27,35.8056079815968,32.153260793892635,39.15979184955277
2035-06-28,35.453280228953034,31.985848078087113,39.10198740648335
2035-06-29,35.35359681690129,31.950644890225455,38.82860569831476
2035-06-30,35.06412208978017,31.438475829317067,38.32573802449456
2035-07-01,34.736741356461565,31.355827719042825,38.402087372244104
2035-07-02,34.804823908657276,31.262464085387442,38.14400831469509
2035-07-03,34.47493337363242,31.067697221214573,38.20492247753005
2035-07-04,34.274162952794136,30.86650246201142,37.65958257490019
2035-07-05,33.901542927623815,30.456373700511097,37.40809071254758
2035-07-06,33.78566260386181,30.392827371191196,37.33470055779863
2035-07-07,33.48459695352236,30.273000299213503,37.08732485596295
2035-07-08,33.15073907871048,29.698304842065454,36.685302005276945
2035-07-09,33.21795640512955,29.59041030587255,36.62447847974668
2035-07-10,32.8932928799024,29.562563781016276,36.27575319344803
2035-07-11,32.704294831217084,29.20411169796988,36.41547584458049
2035-07-12,32.35040803752635,29.15774694050859,35.77593885400125
2035-07-13,32.26058840071498,28.82049798621718,35.64588282275178
2035-07-14,31.99321675836233,28.643386148311436,35.40303375255354
2035-07-15,31.700919279732847,28.081133765498258,35.00937925199114
2035-07-16,31.817711710550228,28.04311389386054,35.45685465874218
2035-07-17,31.55069012425768,27.829294603902124,34.886241424724474
2035-07-18,31.427346235166823,27.865580094152776,35.06199892472752
2035-07-19,31.146955221352773,27.450367843957626,34.67222159220098
2035-07-20,31.138178841251776,27.44088793911963,34.571168946026745
2035-07-21,30.958974745192208,27.788084071554756,34.334523462900655
2035-07-22,30.761413756419685,27.13609654048887,34.1208207849114
2035-07-23,30.978823668385814,27.389716054062948,34.51790561384856
2035-07-24,30.81748243879563,27.538312236314166,34.287800721917165
2035-07-25,30.803938990009897,27.494762015664666,34.25613387162283
2035-07-26,30.636409641666944,26.899029468032538,34.24402855403138
2035-07-27,30.742392955628173,27.23706070304265,34.41468815396045
2035-07-28,30.67859380522177,27.170794066144744,34.30583372548452
2035-07-29,30.595758267777924,27.04604463926854,34.34422858511887
2035-07-30,30.925837626672546,27.27749749380299,34.26667346368943
2035-07-31,30.873704021845224,27.279020852708616,34.41545185733704
2035-08-01,30.964495542221073,27.13675208573554,34.77362371048644
2035-08-02,30.895038303760103,27.18327709673791,34.22686020049113
2035-08-03,31.091487755918788,27.38910189944341,34.33328116867775
2035-08-04,31.109279448604656,27.648812720893737,34.46117255481617
2035-08-05,31.09799025019899,27.461016215861488,34.71386362429583
2035-08-06,31.488527681321663,28.20415199465275,35.41100943752266
2035-08-07,31.48486928444538,28.078420129045167,34.85039710487373
2035-08-08,31.611429223048816,28.0153046734633,35.041531849962
2035-08-09,31.56449908948283,28.170455024679274,35.06938391281791
2035-08-10,31.769904650493327,28.207385511922556,35.27996413337081
2035-08-11,31.782968313842474,28.168877981828526,35.113681209671526
2035-08-12,31.753377936275495,28.32816182667776,35.31054638763576
2035-08-13,32.11237935651235,28.79866454558568,35.56057929442503
2035-08-14,32.06451439092078,28.490008012445927,35.38469151893587
2035-08-15,32.13498140811706,28.737974558868284,35.90095299590723
2035-08-16,32.02106549314722,28.48326274242816,35.41823823443611
2035-08-17,32.149780071817474,28.777333744505796,35.56921868808779
2035-08-18,32.07781002857332,28.48649248565387,35.72188022613778
2035-08-19,31.95635729190819,28.329480989983363,35.493959307542944
2035-08-20,32.21830672121786,28.475411805948433,35.789387640766044
2035-08-21,32.06993456960123,28.6503084895756,36.107402830156
2035-08-22,32.038237249975715,28.620891773955865,35.568786497825855
2035-08-23,31.822328086502747,28.435673726944838,35.284020145116074
2035-08-24,31.851044637325135,28.487832753846508,35.08451859465002
2035-08-25,31.682857364509886,28.25915668023843,35.08188158794783
2035-08-26,31.470681376666242,28.108057622488328,34.98471357655887
2035-08-27,31.649009820421675,28.27058648445964,35.04076309242313
2035-08-28,31.4255919099463,28.05373844956201,34.690740468550004
2035-08-29,31.32873399172749,27.84543131888538,34.91978341302619
2035-08-30,31.058671934827608,27.50366783343239,34.628410246296305
2035-08-31,31.04515796454479,27.76025303713406,34.56218742031046
2035-09-01,30.847353157804957,27.341577934705846,34.15412500874947
2035-09-02,30.618627668090795,27.062603754254624,34.18956279799634
2035-09-03,30.793687489909328,27.300943076442227,34.27242434629825
2035-09-04,30.580250872049703,27.235891499226632,34.20392124415238
2035-09-05,30.506352780363056,27.051983887731588,33.84234264430039
2035-09-06,30.271725587841402,26.59407682561707,33.5929657843497
2035-09-07,30.305398884648522,26.972010132836854,33.9323230572029
2035-09-08,30.165609294666268,26.751212226457707,33.65447513822017
2035-09-09,30.00462193672898,26.38837644723778,33.36050293528023
2035-09-10,30.255881824494566,26.9315841898426,33.83446228865292
2035-09-11,30.125717724919507,26.477029484646643,33.85284409254092
2035-09-12,30.140676228756558,26.653156311732968,33.688868120892714
2035-09-13,29.99893352188855,26.478874369761527,33.71499120274811
2035-09-14,30.127927036955736,26.60902023594056,33.8358518765851
2035-09-15,30.08429715207965,26.55134066273553,33.47671920465921
2035-09-16,30.01873986640069,26.322700122009536,33.55234466263412
2035-09-17,30.36318806635238,26.690213888914453,33.632890782086605
2035-09-18,30.3225432673837,26.77543300954776,33.62641954538268
2035-09-19,30.422035008978256,26.75241289914485,34.16778439665396
2035-09-20,30.358654889050925,26.822982318259903,33.77012176658262
2035-09-21,30.558806998359096,26.80539737464009,33.937656372538996
2035-09-22,30.57826459561789,26.934627259386964,34.10410812451703
2035-09-23,30.567033725755735,27.147246770088522,33.91026182907058
2035-09-24,30.95654127042103,27.60592323651223,34.24739629241698
2035-09-25,30.95136929382342,27.549323043749162,34.62871807220803
2035-09-26,31.076612941477446,27.63113746900207,34.43142568002875
2035-09-27,31.029309054452504,27.458771976283185,34.747724404506265
2035-09-28,31.236077526219727,27.67667924390783,34.85262822235005
2035-09-29,31.253065589912723,27.843639883751937,34.931279085077236
2035-09-30,31.23079615526753,27.727159355127004,34.38434753880836
2035-10-01,31.601338158129703,27.652321816272053,35.074244350785
2035-10-02,31.570021302522516,28.19112605881344,34.94561791444602
2035-10-03,31.662772998168084,28.036553106709036,35.20520366826782
2035-10-04,31.57752521478265,27.816640355185886,35.24908448741619
2035-10-05,31.741833837222895,28.283071544635078,35.16735470795329
2035-10-06,31.712801250076403,28.408533423564748,35.16879445691923
2035-10-07,31.64190378171022,28.03623378038966,35.389364083648196
2035-10-08,31.96214243887248,28.447869036203475,35.40201954057734
2035-10-09,31.879739726538123,28.15261772320907,35.295133456959306
2035-10-10,31.921460707818113,28.480281408733042,35.48124855391728
2035-10-11,31.786006307278456,28.1615442402718,35.40139399037924
2035-10-12,31.901621648840248,28.465178281407344,35.48339486418853
2035-10-13,31.826010286285744,28.48321239576052,35.20040372744805
2035-10-14,31.711156007678724,28.11143136693876,35.03355628068257
2035-10-15,31.99047061973289,28.50536969665592,35.62704258681673
2035-10-16,31.870490409312886,28.17290303261904,35.59838022504436
2035-10-17,31.878199272790134,28.305830020538224,35.296635791041666
2035-10-18,31.712426293518888,27.87639632713331,35.23819326572546
2035-10-19,31.801460285595425,28.409289769004996,35.297446873558414
2035-10-20,31.70297184921573,27.978489741687056,35.22381204228549
2035-10-21,31.568844277550756,28.1664270978874,35.208411167811136
2035-10-22,31.832331362659737,28.393016574208758,35.352872927779465
2035-10-23,31.699764433533986,28.140331694014126,35.124228939933104
2035-10-24,31.697886258781654,28.30447699772387,35.140135174319745
2035-10-25,31.5252592525613,28.052589587767635,34.89983770672487
2035-10-26,31.609890186823883,28.0043967510353,35.09521498721349
2035-10-27,31.509161675209118,28.245297099069788,35.2085216120316
2035-10-28,31.37467153105656,27.65741196622249,34.83582464283262
2035-10-29,31.639397857658466,28.275199856984706,35.15497740057672
2035-10-30,31.509412066574424,28.010824524728324,34.873549143787436
2035-10-31,31.511217373261495,28.32166960195041,34.88805983463134
2035-11-01,31.343160179871973,27.72520747511378,34.723801863330806
2035-11-02,31.433056572211296,28.053147429334874,34.98358097809934
2035-11-03,31.33812426978063,27.915818349006063,34.97492385632538
2035-11-04,31.209821249559518,27.689334115472963,34.97054299948895
2035-11-05,31.48100905846125,28.158014491379518,35.08850377166151
2035-11-06,31.357663198173995,27.929870754406682,34.67497428275043
2035-11-07,31.366208342633445,27.9898825327556,34.915906305644164
2035-11-08,31.204926023122454,27.785207340208252,34.82852462871168
2035-11-09,31.30157723845118,27.830117203186624,34.59878863005554
2035-11-10,31.21333055577777,27.871647717275774,34.54659124741167
2035-11-11,31.09159713707683,27.43705182846713,34.570809142084755
2035-11-12,31.369190900127023,27.9029748934524,34.96800264366607
2035-11-13,31.25203636427245,27.569366626922253,34.708580363387725
2035-11-14,31.26650207440334,27.89009179335697,34.77440544626325
2035-11-15,31.110807333305004,27.624144741201533,34.611900035134816
2035-11-16,31.212644753851656,27.7305232227073,34.849069022031834
2035-11-17,31.129109207886653,27.78816902769996,34.447925694320084
2035-11-18,31.011534575293716,27.315992014848117,34.087716963325796
2035-11-19,31.29265642945724,27.783422500685475,34.6969416491064
2035-11-20,31.17832309870519,27.727593688427092,34.68924845379067
2035-11-21,31.194832852804662,27.583333365125664,34.65137152528474
2035-11-22,31.040344772648854,27.387548640076584,34.17011846832733
2035-11-23,31.142505621424636,27.545003358535162,34.468539613900475
2035-11-24,31.05838308751136,27.683727541932967,34.35411727847296
2035-11-25,30.939306590611174,27.585292279127398,34.560256835993215
2035-11-26,31.218033578311903,27.508698729956414,34.5601987796758
2035-11-27,31.100463554780482,27.680270739718832,34.798477851962275
2035-11-28,31.112977412154628,27.542051921961747,34.69337264821453
2035-11-29,30.95384947053109,27.350849294768498,34.48684088127334
2035-11-30,31.05087442573495,27.483917410339398,34.89286057112328
2035-12-01,30.96129949416687,27.258305936257948,34.48487999837352
2035-12-02,30.836662907660955,27.398129806596618,34.297251274702525
2035-12-03,31.10995669175845,27.540205837033568,34.60608116234073
2035-12-04,30.987336021324765,27.37446334335314,34.63439274905473
2035-12-05,30.995452821410243,27.134463838481082,34.37725340054046
2035-12-06,30.83286115981268,27.65776969659826,34.22702090636217
2035-12-07,30.927636810259948,27.518752582552093,34.71252505500455
2035-12-08,30.837301489400524,27.57600721401552,34.01259709814363
2035-12-09,30.713653161928367,27.096192820588307,33.93055473581457
2035-12-10,30.989920608665436,27.447770673478654,34.52819058432292
2035-12-11,30.872464824407942,27.482639572720753,34.34367948116762
2035-12-12,30.888105188840854,27.479057731984728,34.44084707728991
2035-12-13,30.735518225492306,27.125958118040185,34.13614421145686
2035-12-14,30.84285158006074,27.42232389266886,34.45977714830311
2035-12-15,30.767643948523517,27.3333053192211,34.17000136208983
2035-12-16,30.66165254313798,27.297942089922884,34.40343633921103
2035-12-17,30.958006443993245,27.480165174953736,34.39179098140301
2035-12-18,30.862908508507434,27.29008577027905,34.09867093130372
2035-12-19,30.902963835766272,27.540083023442758,34.25557290172076
2035-12-20,30.776582598837212,27.375782402577553,33.962435339197384
2035-12-21,30.911599817641914,27.135529628160786,34.06444968353211
2035-12-22,30.865202687356337,27.293570892113834,34.30675509381362
2035-12-23,30.788766880358146,27.389193598575357,34.19199304949376
2035-12-24,31.115019948476796,27.618824276829194,35.021099225316526
2035-12-25,31.04975423191179,27.47498849106596,34.78026224988136
2035-12-26,31.119166967496422,27.442377411467294,34.9303366395661
2035-12-27,31.02127507573616,27.36475928637635,34.47202686525283
2035-12-28,31.183546845513014,27.849304037660797,34.60470606551275
2035-12-29,31.16284076830332,27.651160299075723,34.71241006470442
2035-12-30,31.110252578312313,27.659222754710516,34.62753602523852
2035-12-31,31.458288276535647,27.85606406578817,35.13052337374825
2036-01-01,31.412585220102816,27.82324603529751,34.93680083907201
2036-01-02,31.49925867910714,27.914164440599627,35.22890749860104
2036-01-03,31.416321094040338,27.78749788420325,34.89402699157444
2036-01-04,31.59131605925535,27.975865303980143,35.06584539889737
2036-01-05,31.581257150821482,28.17708789271233,35.19063728760508
2036-01-06,31.53747258730991,27.997815943154208,35.22995222529656
2036-01-07,31.8927735027401,28.260604624070098,35.09333184713862
2036-01-08,31.853167985154183,28.088290364017883,35.28421138064368
2036-01-09,31.945198425425858,28.48923818222431,35.20255453609131
2036-01-10,31.86734961951887,28.29097796919464,35.32256371113015
2036-01-11,32.04766992275732,28.491237223667873,35.73688922264246
2036-01-12,32.04369590392762,28.639744324679956,35.29732434450551
2036-01-13,32.0072818649767,28.54667115714073,35.70368061934196
2036-01-14,32.371752420517225,28.702345976743953,35.750247933788
2036-01-15,32.34360073183436,28.65443557792962,35.85804290610362
2036-01-16,32.44981039504961,28.936183842971513,36.01512486596836
2036-01-17,32.38924888254223,28.966423100284295,35.808172724211545
2036-01-18,32.590275279390724,29.309773952900876,36.24605515936963
2036-01-19,32.610653180079986,28.897811833522606,36.09182519840695
2036-01-20,32.60237049009296,29.183179910282114,36.21024099020728
2036-01-21,32.9987846550934,29.594359376230123,36.48847114537858
2036-01-22,33.00631617990148,29.74802230841454,36.64741291227252
2036-01-23,33.15176863458618,29.603762171999417,36.405254485754746
2036-01-24,33.13372316734858,29.66873015047178,36.79751819500299
2036-01-25,33.38015030463425,29.71114010097336,36.818444495905275
2036-01-26,33.448329857685444,29.94187959862607,36.87594144597424
2036-01-27,33.48968054927098,29.80557481399897,36.86202889420125
2036-01-28,33.93691766958045,30.11674389281679,37.19094894588162
2036-01-29,33.99576133181869,30.70084263002479,37.72345654883179
2036-01-30,34.192273161844284,30.395014685205403,37.44203690140656
2036-01-31,34.22426901662802,30.81126733144823,37.71027353017163
2036-02-01,34.51895003600682,31.077193665253734,38.12674940743795
2036-02-02,34.632842332702054,31.072380096251422,38.32139133897269
2036-02-03,34.71664639568948,31.27594090251113,38.00611473857235
2036-02-04,35.202413967934284,31.546934124714618,38.61553071419793
2036-02-05,35.29527442680957,31.50130346457664,38.81971162730888
2036-02-06,35.520787980827976,32.02665991451225,38.944015426159396
2036-02-07,35.576372793099296,31.882727130080852,38.94709368301429
2036-02-08,35.88894790226249,32.2905221669683,39.36337684082546
2036-02-09,36.01488187581708,32.43892100002027,39.69983889881541
2036-02-10,36.10484797591857,32.58905496336049,39.75763540404721
2036-02-11,36.59100338794526,33.037801113815924,40.213331165087446
2036-02-12,36.67871442113418,33.096750085843674,39.990297630434775
2036-02-13,36.893904971960524,33.438338925895785,40.12900239837915
2036-02-14,36.93447543592687,33.160746023244755,40.1099883739715
2036-02-15,37.22793411122067,33.75059655146839,40.4846722683848
2036-02-16,37.331331295709916,33.72482491030668,40.87989225042299
2036-02-17,37.396097211600505,33.81658692615724,41.03358787818562
2036-02-18,37.85520174136905,34.26879448199384,41.35574291599053
2036-02-19,37.914858385382644,34.01181372443141,41.426491527766046
2036-02-20,38.10185028789969,34.58996349586767,41.64118560960701
2036-02-21,38.11492611320173,34.36285495737833,41.63181073002288
2036-02-22,38.38240843532486,35.03431028167513,41.8318050437982
2036-02-23,38.46210547006587,35.06850785969398,41.89853719398172
2036-02-24,38.50612790055399,35.04719004893641,41.65539054391985
2036-02-25,38.94802936960495,35.31066529983389,42.306676137448804
2036-02-26,38.99449359489809,35.53555976388777,42.491827370501206
2036-02-27,39.172646439878974,35.94740570637719,42.520607073823655
2036-02-28,39.1814411346459,35.553288051581525,42.79363373780399
2036-02-29,39.44925963729274,35.89032624394626,43.20904703665596
2036-03-01,39.533821195689974,35.52136140728392,42.69345237318634
2036-03-02,39.586999989541184,35.96325679516866,43.078388290509906
2036-03-03,40.04197044700285,36.31986777157958,43.11670749725861
2036-03-04,40.10490310406674,36.3916846714526,43.52980636726066
2036-03-05,40.30228914403751,36.6891933371187,43.62107983077241
2036-03-06,40.33234151272401,36.85360563316464,43.90549209238633
2036-03-07,40.62261520507239,37.128763450285156,44.19642352266819
2036-03-08,40.72993730258597,37.10143054946555,44.3425887182188
2036-03-09,40.80524808707725,37.256529244449005,44.43791957608626
2036-03-10,41.280771211718466,37.6614751579156,44.79370247289757
2036-03-11,41.36173514141667,37.634551478069056,44.59009586981371
2036-03-12,41.5737233184753,38.03235393191172,45.03277153724937
2036-03-13,41.61410026077277,37.98335671976826,45.150028744738066
2036-03-14,41.90965551162864,38.18163541594669,45.48049520906552
2036-03-15,42.01655537432758,38.81803891271275,45.64414425712163
2036-03-16,42.085203158392694,38.653903738148244,45.611009095075886
2036-03-17,42.54742538467287,39.089017772366226,46.011579400259265
2036-03-18,42.608205706704275,39.059906481656284,46.26297519207834
2036-03-19,42.793043641851256,39.53476011439692,46.592974404476394
2036-03-20,42.7993850595864,39.27155058928517,46.49186813709328
2036-03-21,43.05426619620868,39.41955278347255,46.324630583340266
2036-03-22,43.1142610938347,39.49519353512721,46.688292250694865
2036-03-23,43.130333271959536,39.71444161611139,46.51589701770196
2036-03-24,43.535009274366125,39.849800736966785,46.960596886919795
2036-03-25,43.534096154608925,40.02909212838489,47.26545842262638
2036-03-26,43.65402040145419,40.13491418909351,46.957292722539485
2036-03-27,43.593235751165366,39.764707440779105,47.084055154325455
2036-03-28,43.779842234125155,40.4649983252388,47.48439892466925
2036-03-29,43.7715069952456,40.35917442927045,47.3525991507266
2036-03-30,43.72028838444798,40.34374566197431,47.27973274100829
2036-03-31,44.059781676383146,40.618334967217535,47.51893699568327
2036-04-01,43.996809207971864,40.64154897787614,47.63712489005655
2036-04-02,44.05873315054102,40.79750978222417,47.812023450507894
2036-04-03,43.94483904952591,40.41259090533906,47.499234740323985
2036-04-04,44.083933117849874,40.462724309683615,47.36010978798037
2036-04-05,44.03424439643901,40.549213474253484,47.57346757749455
2036-04-06,43.948233772416366,40.40653562688601,47.078821248956714
2036-04-07,44.259728615233435,40.44169191374109,47.786026868759855
2036-04-08,44.1756061168989,40.64362940001769,47.70874241505773
2036-04-09,44.223103738979326,40.682886142717535,47.81178712707269
2036-04-10,44.10120496889541,40.46884386756378,47.54705512254681
2036-04-11,44.23824332299485,40.694903694786355,47.83194557795694
2036-04-12,44.191815544516395,40.73872346276365,47.67926726710356
2036-04-13,44.113605709409725,40.568589066854685,47.64039504767512
2036-04-14,44.436538618108855,40.754529374259306,47.818212869083716
2036-04-15,44.36648508285977,40.79513068144929,47.89802883903331
2036-04-16,44.429596955208645,40.93466555130262,48.03227268944155
2036-04-17,44.32371947154369,40.7428172100703,47.68414753951603
2036-04-18,44.47602317953801,41.05994343494871,48.230940011430384
2036-04-19,44.44294568699719,40.917681151000245,47.799106563630794
2036-04-20,44.375044226081734,40.97749448214353,47.70196672823932
2036-04-21,44.70417669664061,40.95523169717462,48.20250936647289
2036-04-22,44.6352331080957,41.252952042032994,47.886113921688306
2036-04-23,44.693494616603516,41.130310488896704,48.153955147364954
2036-04-24,44.57606714625675,41.01952046972818,48.064343889147715
2036-04-25,44.709531341964535,41.07250328130402,48.21331379330509
2036-04-26,44.649898666974025,41.223022079588866,48.21262302165587
2036-04-27,44.54747430674756,40.802644253003145,48.11897088875553
2036-04-28,44.83404431655782,41.30852546040402,48.52990714159084
2036-04-29,44.71460881593932,41.34833230594751,48.164555293023355
2036-04-30,44.71473842210952,41.254212253200535,48.029291579887385
2036-05-01,44.53200101741618,41.07678944218422,47.96503378008899
2036-05-02,44.593600811401835,41.117679994853546,48.0732667298274
2036-05-03,44.45631982336193,41.104812253220025,48.04149106253064
2036-05-04,44.27136285042327,40.57542116335516,47.587030968767884
2036-05-05,44.47152384064352,40.89420026226658,47.770145047131976
2036-05-06,44.26289602130247,40.447920526590785,47.66138702401306
2036-05-07,44.17220357137663,40.81085309525017,47.54568062755756
2036-05-08,43.89820256338376,40.33675029787863,47.22852686613086
2036-05-09,43.869293781680575,40.196427433470895,47.302719287788534
2036-05-10,43.643438188539776,40.300148415217194,47.05760760622212
2036-05-11,43.37297673067253,39.92140964066205,46.95534645514173
2036-05-12,43.49177299915313,40.067826895457074,47.01449557424774
2036-05-13,43.20690163734959,39.64319164837878,46.81795584452732
2036-05-14,43.04596076779586,39.30638422085193,46.682019835102665
2036-05-15,42.70845657123495,39.25899829706522,46.29869466386368
2036-05-16,42.62340294975748,39.01171328720161,46.30464335049763
2036-05-17,42.34922728040504,38.91023259691218,46.04770305709294
2036-05-18,42.03858409277912,38.480586235737206,45.711786612013995
2036-05-19,42.12549522900787,38.37695666117243,45.563593145403736
2036-05-20,41.817039331716856,38.16356530346794,45.361777261715574
2036-05-21,41.64066879135274,37.96745793892412,45.321471055989946
2036-05-22,41.29560206214736,37.77842896768416,44.937060555628236
2036-05-23,41.210433978824284,37.80932536356963,44.81678146620005
2036-05-24,40.94305471490207,37.34279659860436,44.346581815882296
2036-05-25,40.645478797054956,37.28188778363822,44.25018878855689
2036-05-26,40.75100227434409,37.1096415437285,44.09892400146252
2036-05-27,40.46591040188388,37.02115898327435,44.07195705944406
2036-05-28,40.316813472171745,36.50736009202005,43.80330363328783
2036-05-29,40.0020582075015,36.68881825615257,43.66691623716932
2036-05-30,39.94935686572789,36.40206763512849,43.85377039718573
2036-05-31,39.71572424968423,36.25379758522246,43.33390914238322
2036-06-01,39.452323625045224,36.00134742905007,42.96380149920821
2036-06-02,39.59163928699955,36.337914719800075,43.17194148486102
2036-06-03,39.339197836549104,35.52315873546637,42.82190440617282
2036-06-04,39.22091556692305,35.80902648230287,42.66114029703798
2036-06-05,38.934519211016024,35.28713950001815,42.642518841206766
2036-06-06,38.907182111871954,35.490365013641316,42.582725561015025
2036-06-07,38.69546598803636,35.03149012581229,42.12948817501057
2036-06-08,38.450169349407865,35.11972565279804,42.02337920553963
2036-06-09,38.60350041944142,35.21172176284057,42.378134447879226
2036-06-10,38.36079679802493,34.73249844064537,41.94642097648585
2036-06-11,38.24786948891389,34.98486701298799,41.91637469422043
2036-06-12,37.96241880629067,34.37557388081554,41.61743666309737
2036-06-13,37.93166451576186,34.210906084482744,41.2811554791876
2036-06-14,37.71228069328095,34.21079229784941,41.25663055228294
2036-06-15,37.455236676111774,33.72236383680632,40.99381551135658
2036-06-16,37.59296227542144,34.08424782242898,40.83206574655854
2036-06-17,37.33105978285451,33.64535113311742,40.5798459133949
2036-06-18,37.19564066708226,33.38526871623558,40.75125174090359
2036-06-19,36.884734711939956,33.1526074791348,40.206719562061714
2036-06-20,36.82591414594797,33.34839930140471,40.33768588857228
2036-06-21,36.576223392537194,32.877690352631014,40.15287904632108
2036-06-22,36.28701590823664,32.79528165784774,39.576271623000096
2036-06-23,36.391116316672495,33.25062411989477,39.96123500428382
2036-06-24,36.094530354093806,32.62458463238642,39.58672112981735
2036-06-25,35.923780452611645,32.51664016187109,39.206681028831966
2036-06-26,35.577314593878555,32.14010907938239,39.08166989970392
2036-06-27,35.48313082041656,32.08082014572328,38.9857771117785
2036-06-28,35.19870783511696,31.72049144618136,38.66929372125379
2036-06-29,34.875842929568236,31.39482531996878,38.53295875363889
2036-06-30,34.947815204540184,31.626916959176707,38.45845969457953
2036-07-01,34.62109634595801,30.84066389608845,38.16043791071384
2036-07-02,34.42268653350938,30.641048196234806,37.753698387458684
2036-07-03,34.05152287921734,30.674719784216265,37.45583263077925
2036-07-04,33.93610257224315,30.373318762537615,37.48943883785972
2036-07-05,33.63441098331253,30.339586386964527,37.09839222973857
2036-07-06,33.29875583497264,29.63763514916036,36.962779307674154
2036-07-07,33.36292531623212,29.753970206762833,36.95356495721817
2036-07-08,33.033892375732115,29.30567603018542,36.58617451081924
2036-07-09,32.83914280039884,29.32698402797865,36.31489440435353
2036-07-10,32.47807456782076,29.203636788389765,35.64725955037072
2036-07-11,32.37961079998117,29.054204884302486,36.12305233987806
2036-07-12,32.1021167813379,28.547891258932612,35.31634917605432
2036-07-13,31.798222410555255,28.215416924279058,35.3174833935667
2036-07-14,31.901968274642048,28.338143895172642,35.26790429600595
2036-07-15,31.620497928503305,28.53955825708392,35.28040892232295
2036-07-16,31.481374364563614,28.092880278208128,34.98597782402967
2036-07-17,31.18396855600384,27.736221743877728,34.62799569417421
2036-07-18,31.1570628019694,27.67286291513856,34.70838121330744
2036-07-19,30.958759731195826,27.25322365790722,34.15947888289151
2036-07-20,30.74129870649844,27.15300158959526,34.37153870661407
2036-07-21,30.938198159003086,27.374511096235892,34.446886413353546
2036-07-22,30.755946729986224,27.319091219245397,34.49210716894954
2036-07-23,30.72132144344378,27.35916944642114,34.18980365877694
2036-07-24,30.532780965044257,26.914164483479524,34.021413911389345
2036-07-25,30.618076773548825,27.122571524187485,34.23603755160134
2036-07-26,30.53417311810985,27.086503669466797,33.965847615685355
2036-07-27,30.43207743624021,26.73780877701984,33.824654932799085
2036-07-28,30.743999607247684,27.08634578916374,34.223091956346934
2036-07-29,30.675062679472937,27.214518558911553,34.17011724696452
2036-07-30,30.750642972625545,27.33743154594073,34.40459594839684
2036-07-31,30.667787212665495,27.124079087137726,34.17357280302994
2036-08-01,30.8528490587127,27.26073044015111,34.12742743248022
2036-08-02,30.861435370788865,27.527236600758755,34.355815023512996
2036-08-03,30.843263322604503,27.24967024484693,34.48027333770267
2036-08-04,31.229346131580016,27.586769937804313,35.01839600248723
2036-08-05,31.223729424637934,27.810228449043194,34.92437793179959
2036-08-06,31.35085552004795,27.87931798512822,34.73452813731049
2036-08-07,31.307002676699796,27.785790091574267,34.875065155218046
2036-08-08,31.51794109547515,28.048109686347996,34.91303550940902
2036-08-09,31.538895493565832,28.03129946810685,35.24470723148633
2036-08-10,31.519414889781388,27.86971221027397,35.000698437944486
2036-08-11,31.89056698193523,28.12200892393189,35.332502768153205
2036-08-12,31.85667883063375,28.45640417895646,35.68029358133683
2036-08-13,31.94270092192409,27.989274659728483,35.31514299471651
2036-08-14,31.845641556006793,28.416407336537013,35.285188064343835
2036-08-15,31.992213350725994,28.285472071275276,35.623058104484244
2036-08-16,31.938781794820343,28.524377874698395,35.5232464057313
2036-08-17,31.836216712154453,28.183630563018955,35.248334654185065
2036-08-18,32.11706434640894,28.527845976789063,35.534221245993294
2036-08-19,31.98726220750406,28.499428289131995,35.39258483344167
2036-08-20,31.97347426841806,28.566554024361313,35.231588250405885
2036-08-21,31.7744940534853,28.39159396920387,35.39087937863444
2036-08-22,31.818858064562075,28.20100708125509,35.360739775630734
2036-08-23,31.664760186033405,28.16656577129952,35.47794088354747
2036-08-24,31.464868667280243,28.07028723879472,34.7920215542834
2036-08-25,31.65346414304814,28.135325953167044,35.19237189099431
2036-08-26,31.438121579225804,27.7121856138057,34.90436994425338
2036-08-27,31.34701445604538,27.78910664768697,34.82470836542601
2036-08-28,31.080289412350254,27.526802561025974,34.528495093332765
2036-08-29,31.067654422460844,27.233171779876255,34.42012380274116
2036-08-30,30.868271698902603,27.161967586485794,34.110014211664485
2036-08-31,30.63555738554279,27.07715432642383,33.980303927746185
2036-09-01,30.804306869756907,27.4758719621851,34.59505958844266
2036-09-02,30.582368862780495,26.97356137756215,34.11423007904161
2036-09-03,30.497946709050773,27.102879097118244,33.97286518689664
2036-09-04,30.250975180958868,26.855361349838375,33.66947466315038
2036-09-05,30.270715746871986,26.826608610258994,33.96847601174932
2036-09-06,30.115661308191314,26.561652556727026,33.74000041536268
2036-09-07,29.93835216404437,26.716203710052504,33.38745648295088
2036-09-08,30.172521626211257,26.68405485118052,33.65969694420488
2036-09-09,30.024793937726344,26.813999644319253,33.38700897455431
2036-09-10,30.022012383673452,26.471740698422437,33.479500106301145
2036-09-11,29.862645216288897,26.42109925355898,33.127358298435105
