ds,yhat,yhat_lower,yhat_upper
2026-09-15,30.72254805937943,27.31276475299121,34.56919982515429
2026-09-16,30.632285601524252,27.025120769335008,34.10696173956438
2026-09-17,30.787261505673474,27.272883391499178,34.732934775235606
2026-09-18,30.986097212884943,27.44672342809972,34.36651295512495
2026-09-19,30.904717299681653,27.34669276495677,34.40406158443652
2026-09-20,31.159170460690472,27.363668844346073,34.59882966320556
2026-09-21,31.005184208095063,27.28360817885818,34.698148440989364
2026-09-22,31.494646298079925,27.76780199489701,35.147220654596495
2026-09-23,31.41616273439067,27.731772988464847,35.344440942625184
2026-09-24,31.580305207511582,27.770360959853804,35.04438650637366
2026-09-25,31.785589035374564,27.845793228042314,35.5212095480049
2026-09-26,31.70783058243322,27.926616057101185,35.334939643634065
2026-09-27,31.962970193096396,28.084638350172156,35.870593409358335
2026-09-28,31.80662966870523,28.13609925592213,35.33838189562259
2026-09-29,32.29059721490282,28.586844485442686,35.922338710085185
2026-09-30,32.203389593085966,28.68921899445725,35.78256560690267
2026-10-01,32.35550418869626,28.765352664891235,36.055241639546
2026-10-02,32.545401892072846,28.763966595432677,36.4270769260508
2026-10-03,32.448869579648175,29.021116594624157,36.18456161049091
2026-10-04,32.681848030025904,28.779905304627295,36.51253557692773
2026-10-05,32.499994096957685,29.04035302011395,36.18582794172783
2026-10-06,32.95516986038866,29.33386346904293,36.924497897413545
2026-10-07,32.83600829211248,29.195673967104927,36.19001642958957
2026-10-08,32.95316796714733,29.243415573003777,36.52274109838632
2026-10-09,33.105317556954205,29.50546772396001,36.79376757488005
2026-10-10,32.96849876062204,29.46770884240624,36.61807181743231
2026-10-11,33.15895340994464,29.588049957402003,36.83777466609774
2026-10-12,32.93268350907053,29.311735889935864,36.6444181672313
2026-10-13,33.34193690873966,29.66418215507156,36.65239397915776
2026-10-14,33.175768172595156,29.292838441562512,36.70103141813781
2026-10-15,33.24528723022011,29.44772370212911,36.963789307428634
2026-10-16,33.34963665836199,29.80166052254028,36.85240085163196
2026-10-17,33.1653463915421,29.65184130347641,36.91235100028027
2026-10-18,33.30915177938728,29.679228687199302,36.86346561490812
2026-10-19,33.03754396460432,29.196043708702206,36.576978380089194
2026-10-20,33.40324552109964,29.752379583919357,37.07207404791289
2026-10-21,33.195761168943775,29.604936558571843,36.91763483635497
2026-10-22,33.22661643259787,29.205959464120735,37.102711151372496
2026-10-23,33.29532536045117,29.621391358837617,36.98093715404658
2026-10-24,33.078736380251165,29.352048199282088,36.9979279007981
2026-10-25,33.19384246993149,29.524237236354963,36.944883226168116
2026-10-26,32.89732486075992,29.4324959987142,36.83483544526988
2026-10-27,33.24202342872224,29.362374561669355,36.93239544721683
2026-10-28,33.017483773847815,29.311002656283506,36.61531051588069
2026-10-29,33.03519399744393,29.716381309242667,36.895477347505185
2026-10-30,33.09455239453199,29.329248243595362,36.81748911374063
2026-10-31,32.87221518712661,29.190148101459418,36.45687705884477
2026-11-01,32.98491047840679,29.159630458373204,36.849315227620494
2026-11-02,32.688987593567305,29.0912605036856,36.32279305445487
2026-11-03,33.036894860939945,29.402849834934315,36.551836815664245
2026-11-04,32.81773568135571,29.020537283370675,36.577371189391485
2026-11-05,32.84251569789171,29.099534951975038,36.49904484013404
2026-11-06,32.91012204392554,29.18550513588556,36.59039519758159
2026-11-07,32.69668352018268,29.027993956919186,36.452378108203234
2026-11-08,32.81839757701053,29.136777273880696,36.738498952372666
2026-11-09,32.53109294302047,28.959146291919236,36.10783186265683
2026-11-10,32.88672061652757,28.972745532022724,36.665942529169804
2026-11-11,32.67392272714033,29.12419932835737,36.222975757219075
2026-11-12,32.703291744689686,29.238372275335546,36.364469127622826
2026-11-13,32.77336069324772,29.240694972909406,36.697158735818235
2026-11-14,32.55997292436612,28.790840624190167,36.14220177030061
2026-11-15,32.67911706111474,28.852042052895424,36.24678961237975
2026-11-16,32.386495728757986,28.568460607513696,35.93030081720575
2026-11-17,32.734020609137595,28.83997600044284,36.5139234743056
2026-11-18,32.510383197948116,28.918045952709157,36.25860212677516
2026-11-19,32.52631366914092,28.985829270251486,36.16949443434323
2026-11-20,32.580568489038775,28.919419834704453,36.111015623131266
2026-11-21,32.34929537782549,28.66899539338217,36.04542353415758
2026-11-22,32.44886133173152,28.73110043576989,36.02780192455948
2026-11-23,32.13541247952786,28.68939760645999,36.1104503650411
2026-11-24,32.46135852047047,28.717596708138654,35.85042975436075
2026-11-25,32.21593138026281,28.637492884801322,36.203321590183926
2026-11-26,32.21043078745379,28.915014959765998,36.04755071058587
2026-11-27,32.24419774433295,28.566897769714394,36.01259762538268
2026-11-28,31.99396484625426,28.442884927093388,35.71519911225638
2026-11-29,32.07666953460274,28.151436748700135,35.86034300582745
2026-11-30,31.74899943477693,28.216816786179677,35.59575584854058
2026-12-01,32.06386290017933,28.539988184743198,35.84450711063957
2026-12-02,31.81093475876912,28.11328671941847,35.252600827304924
2026-12-03,31.801890301315787,28.165392201259877,35.50511428682644
2026-12-04,31.83636878979831,28.198555872040057,35.640798384486644
2026-12-05,31.591315703945796,27.695622539448916,35.53966734253302
2026-12-06,31.683790027641656,27.89731676649233,35.29557307165352
2026-12-07,31.370505889742077,27.569956455436657,35.160437715178645
2026-12-08,31.704301785663393,28.04869478468682,35.622043276768316
2026-12-09,31.474687420829653,27.82304731399359,35.08897950381543
2026-12-10,31.493081197512005,27.833674225333926,35.15617426020138
2026-12-11,31.55877954399498,27.90537661862203,35.42370747858846
2026-12-12,31.348307164522296,27.766812974034945,34.88897725880524
2026-12-13,31.47823431569264,27.71426780823857,35.25299456457802
2026-12-14,31.20473017619681,27.424781324388174,34.71818082767946
2026-12-15,31.580045243331277,27.910905057926062,35.29459871591321
2026-12-16,31.393072466727304,27.59464256653454,35.02193717655472
2026-12-17,31.454599780893464,27.68906488836065,35.25974303647009
2026-12-18,31.563294855624815,27.787868779557808,35.199818722925315
2026-12-19,31.3950707526521,27.55347523097911,35.11155959080124
2026-12-20,31.56591820396506,27.78007811373015,35.055506152305725
2026-12-21,31.33147319846109,27.90482562421767,35.17587281876502
2026-12-22,31.743512449762644,28.22497084556186,35.32036717827965
2026-12-23,31.590526124067786,27.91752122573116,35.047282720104945
2026-12-24,31.682980195543955,27.921364721222947,35.36863958800863
2026-12-25,31.81930899920562,28.022351032642025,35.16990361707601
2026-12-26,31.67528647189691,27.99672575299823,35.32266682845276
2026-12-27,31.866861655352995,28.161147720873117,35.555013636357515
2026-12-28,31.649727066377537,28.00976339510416,35.166678799227874
2026-12-29,32.07581248717206,28.71773585711261,35.39889209453645
2026-12-30,31.93385359702523,28.24011390860146,35.59139596935023
2026-12-31,32.034647916140834,28.327175201474887,35.61497884758829
2027-01-01,32.17703879293346,28.421140744898917,35.80404781283711
2027-01-02,32.037276140581895,28.466900702404544,35.71325481324314
2027-01-03,32.231839760234436,28.745945183704478,36.112931874060315
2027-01-04,32.01699416053724,28.768803017919044,35.65289078440036
2027-01-05,32.44526776464831,28.5049652605782,36.20479546786626
2027-01-06,32.306006288767406,28.568747808878143,35.88125766064261
2027-01-07,32.410613141223976,28.702206412678837,36.07645658852171
2027-01-08,32.55851795757342,28.562125805938553,36.4370571957083
2027-01-09,32.42652235771311,28.74109237911949,35.88256914713565
2027-01-10,32.63160912924869,28.81194940461415,36.5215462458895
2027-01-11,32.43048409108934,28.593091894909477,36.16598542554344
2027-01-12,32.87604384172632,29.214400632321386,36.603835413102814
2027-01-13,32.75791945087642,29.100827361178528,36.494647647391076
2027-01-14,32.88770917299478,29.45847768470525,36.607836498010286
2027-01-15,33.06494147692569,29.485636301828997,36.575470566389725
2027-01-16,32.96641760195505,29.581807021222748,37.000262611530616
2027-01-17,33.20901991137711,29.390515989367945,36.973178461913
2027-01-18,33.049255306096136,29.35851074965811,36.75577417615233
2027-01-19,33.539726853099026,29.949047693888016,37.25402352567826
2027-01-20,33.46968358155975,29.805847685967887,37.07715616719757
2027-01-21,33.650261366033,29.981531863177466,37.443752598344325
2027-01-22,33.88045598325734,29.984342870537755,37.757817256508055
2027-01-23,33.83647730209748,30.38706740400023,37.46434631298905
2027-01-24,34.1345705906141,30.602417168490945,37.7886031652154
2027-01-25,34.03057388672696,30.52940557602652,37.93772445082508
2027-01-26,34.576404250461245,30.698592280331876,38.46442939565586
2027-01-27,34.560622501351865,31.010766414926934,38.437006252316145
2027-01-28,34.79368900758748,31.217121946468573,38.586473565530746
2027-01-29,35.07395126561417,31.28007409700281,38.78397692577032
2027-01-30,35.07701189516165,31.47329606559313,38.680869557077095
2027-01-31,35.41856272051044,31.939589825702722,39.13121217825291
2027-02-01,35.353953599746674,31.614387205848814,39.16561194021593
2027-02-02,35.934688570257094,32.38286015981836,39.574919697246955
2027-02-03,35.94899870474074,31.864482944998123,39.47366702587759
2027-02-04,36.207104079725966,32.52336276916407,39.93547188706188
2027-02-05,36.507205478730725,33.00578681472166,40.12886878076964
2027-02-06,36.524854388307624,32.90864052349747,40.55293883547151
2027-02-07,36.875786941601746,33.21888027997798,40.72399966659567
2027-02-08,36.815490505056054,33.07378857542578,40.797304345516665
2027-02-09,37.39569555855607,33.939342883982945,41.054117166863335
2027-02-10,37.40494239067087,33.74176894145158,40.94655616862699
2027-02-11,37.65383517975293,33.95579819159467,41.24711201636424
2027-02-12,37.94102428826647,34.16966286111223,41.61052649696459
2027-02-13,37.94256556478608,34.23567762832702,41.708832805993495
2027-02-14,38.2747425690922,34.42438464816389,41.928005397990695
2027-02-15,38.19362069484363,34.47105662391166,41.695254143186865
2027-02-16,38.75152613002022,35.21817132312574,42.52132783912271
2027-02-17,38.73759947075504,34.96584579649453,42.65311882375872
2027-02-18,38.96303685052666,35.444400916580996,42.64812712132417
2027-02-19,39.22705969369949,35.59571365165046,42.90002110940149
2027-02-20,39.20626215384574,35.444533698198775,43.10535980501127
2027-02-21,39.51742239694682,35.773591091877094,43.19532809456918
2027-02-22,39.41704692214317,35.67165371083053,43.094963044853365
2027-02-23,39.957841047993455,36.36575485348966,43.43412889636198
2027-02-24,39.92925553367745,36.519777461933366,43.43613341895327
2027-02-25,40.14272231449542,36.34973015128017,43.83834359974497
2027-02-26,40.397620540336824,36.65457760409265,44.001413643519655
2027-02-27,40.370622018613666,36.45252131293256,44.211669829546
2027-02-28,40.67850222476011,37.12109074441748,44.17166433575465
2027-03-01,40.57768603909979,36.818661936393596,44.39848373561267
2027-03-02,41.120721269102575,37.18208518175729,44.65086601033268
2027-03-03,41.09682982537593,37.633045509262566,44.55562391132624
2027-03-04,41.31714940076476,37.58973011274424,45.209108863446936
2027-03-05,41.58070668604405,37.881819734628735,45.42405836021914
2027-03-06,41.56377104784854,37.788251194051014,45.34040114783974
2027-03-07,41.88267463961475,38.10675879537428,45.472543795030624
2027-03-08,41.79336790037415,37.86147931242635,45.24809193509856
2027-03-09,42.347903289494404,38.66782180533359,46.20397657776788
2027-03-10,42.3349969123979,38.45327108221368,45.84191680388562
2027-03-11,42.56528067535647,38.85704069262091,46.304539092428634
2027-03-12,42.83728579788907,39.155827221669284,46.73956030881107
2027-03-13,42.8268064133933,39.33158758502317,46.458985066135284
2027-03-14,43.14972904728504,39.45360552813922,46.67230364774773
2027-03-15,43.06159676229389,39.52587040833437,46.6960310467627
2027-03-16,43.614100672681694,40.07820443133914,47.18062615293377
2027-03-17,43.5956483567018,40.00839292368966,47.1834310785653
2027-03-18,43.81662170180425,40.3070727350514,47.3565480709125
2027-03-19,44.07536493051666,40.41845143024441,47.75661369977101
2027-03-20,44.047551480249375,40.622413653746925,47.85697634743549
2027-03-21,44.34901549232338,40.74521636345207,48.00704120889742
2027-03-22,44.235316688575516,40.52719244814895,48.05659050753251
2027-03-23,44.75823134794161,40.98075453451485,48.38950439700106
2027-03-24,44.70631894380585,40.777738482849635,48.304762046274924
2027-03-25,44.890177027397,41.16110508305608,48.3848511776469
2027-03-26,45.108425173641294,41.29826628418399,48.9519803609404
2027-03-27,45.037066747329796,41.4572967723983,48.71251218853701
2027-03-28,45.29231434342346,41.9785256747901,49.00420545947648
2027-03-29,45.13014779077651,41.549204379346214,48.94009372947687
2027-03-30,45.602797552822366,41.74865837650933,49.15258340970712
2027-03-31,45.49930321550279,41.741444801222016,49.24898782856027
2027-04-01,45.6307597837952,42.175664118549236,49.142527407940875
2027-04-02,45.796292743976196,42.2036950760704,49.43941420830764
2027-04-03,45.67241079311218,41.894984398928415,49.466911304978865
2027-04-04,45.87582223456282,42.177182079076964,49.60769270746857
2027-04-05,45.66298407321818,42.20617540144702,49.22467935037398
2027-04-06,46.0865767865608,42.51530583751209,49.69963663661622
2027-04-07,45.93605460081197,42.1784341720077,49.513632472254486
2027-04-08,46.02288412743154,42.318804902391015,49.73240439614668
2027-04-09,46.14651244447207,42.57487610857139,49.84804639855734
2027-04-10,45.98371364358313,42.39582094968385,49.7716961147477
2027-04-11,46.15139995117427,42.621663794470855,49.68113728336934
2027-04-12,45.9061665561603,41.9869940625292,49.84384385108737
2027-04-13,46.30076320645874,42.45722961631183,49.92704018689236
2027-04-14,46.12464247557939,42.62146652214368,49.74649629013998
2027-04-15,46.189197611109925,42.608833155671824,49.73348229484412
2027-04-16,46.29373108925427,42.461448788980576,49.899103276335744
2027-04-17,46.11480291763985,42.622769462990085,49.775675255901284
2027-04-18,46.26904479692321,42.60217856061308,49.93346256110216
2027-04-19,46.01270925521497,42.10097227652205,49.53957311965406
2027-04-20,46.398146777893395,42.6294973785511,49.91238161542388
2027-04-21,46.21436077275054,42.55789262779982,49.88973539109756
2027-04-22,46.27225319896981,42.59505096703933,50.0
2027-04-23,46.37060187888537,42.67603806101553,50.0
2027-04-24,46.1854184083247,42.39138671533199,49.80292501922111
2027-04-25,46.33277262927031,42.50236657354675,50.0
2027-04-26,46.068352613313,42.45533338649228,49.481961262357714
2027-04-27,46.443952995937565,42.57451496006611,50.0
2027-04-28,46.248041304642726,42.60541095780925,49.62811598950691
2027-04-29,46.291014900845205,42.58535873961951,50.0
2027-04-30,46.3711893378078,42.492963356386646,50.0
2027-05-01,46.1641668292412,42.35252517328828,49.592895728793074
2027-05-02,46.28567057096374,42.802315219277475,50.0
2027-05-03,45.99111364680952,42.136141099208835,49.723842821696365
2027-05-04,46.33209515048618,42.849143885506095,49.79620472773768
2027-05-05,46.096972971542534,42.335967753698164,49.93965972325646
2027-05-06,46.096125688941015,42.194153434084576,49.583724882314336
2027-05-07,46.12794422099668,41.96080176397228,49.769437707094305
2027-05-08,45.868201800240925,42.074978011636915,49.323359393520214
2027-05-09,45.93288792096302,42.00617235916184,49.26628298691092
2027-05-10,45.57777493105098,42.00361807396308,49.041337963470454
2027-05-11,45.85490987814984,42.195559339882344,49.55878291741969
2027-05-12,45.55318107698854,41.84413522509276,49.14664815894117
2027-05-13,45.483571901656276,41.70849121530476,49.30610047556897
2027-05-14,45.44514255421845,41.70964119946119,49.214399078069874
2027-05-15,45.11438852270971,41.19594771156608,49.01447248282223
2027-05-16,45.10806156125901,41.30246020001857,48.52191608652249
2027-05-17,44.68272208707113,41.15060723312414,48.35456294653067
2027-05-18,44.89121586221222,41.575732283448914,48.692638067312984
2027-05-19,44.52322471527174,40.869124684285644,48.212508459883225
2027-05-20,44.39050412018847,40.67764163026357,47.975147560928384
2027-05-21,44.292848716118336,40.68889862971195,47.917649771141136
2027-05-22,43.90743482630589,40.255239418591124,47.74298258082757
2027-05-23,43.85162615859437,39.99192717474492,47.659424685871194
2027-05-24,43.38251192951253,39.70017302459025,47.22168051336095
2027-05-25,43.55337061638002,39.91959885762116,47.23242027336126
2027-05-26,43.15420941035735,39.53680381634903,47.025341467619306
2027-05-27,42.996992479011496,39.652313993278646,46.56745431535518
2027-05-28,42.88159937953198,39.476187270782674,46.434236284825644
2027-05-29,42.485162896783734,38.63950577556747,46.22778806656823
2027-05-30,42.42487265782236,39.056639963800876,46.39874488567506
2027-05-31,41.95751388122917,38.30302858989472,45.445397813641065
2027-06-01,42.13593452534831,38.13467949726355,45.66347874643354
2027-06-02,41.74959090815613,38.313631075698325,45.619607018624066
2027-06-03,41.60978484560787,37.81279000242153,45.51111130464291
2027-06-04,41.51563352605939,37.728896539049856,44.98318651149439
2027-06-05,41.14342121073875,37.5675323102751,44.72932301326199
2027-06-06,41.109418869642326,37.21964995446756,44.68105794448701
2027-06-07,40.66944081505371,37.16168116636666,44.32956396697441
2027-06-08,40.8753312520154,37.152138609988384,44.781486670871374
2027-06-09,40.515530432042816,36.53078297781078,44.12327084821718
2027-06-10,40.40033303656341,36.608862896259886,43.94081662240004
2027-06-11,40.327879562373326,36.58472112970251,43.87378439550348
2027-06-12,39.973529338385845,36.16916335712119,43.61235809274076
2027-06-13,39.9527008173849,36.21442845517182,43.57465734329384
2027-06-14,39.520447744687516,35.916222880307295,43.57986930760751
2027-06-15,39.72796367909791,36.0440814713747,43.58242220954027
2027-06-16,39.36316413502567,35.69140262265452,43.12152272814756
2027-06-17,39.23595859169692,35.287800247188045,42.70927984820324
2027-06-18,39.14425280719834,35.66743819852694,42.73509668524557
2027-06-19,38.76332978677689,34.8696984971718,42.49554308945486
2027-06-20,38.708694830982736,35.07474748792793,42.24976597784529
2027-06-21,38.23565311538479,34.61945055709937,41.79445692140318
2027-06-22,38.39581219918151,34.8419402544403,42.00681418695942
2027-06-23,37.977658728701776,33.91052564514512,41.7420844898173
2027-06-24,37.7918216547977,34.086637477314454,41.5182889199901
2027-06-25,37.637062550479634,34.052977487700915,41.263155770501804
2027-06-26,37.189641599441,33.581434254229436,40.92506244195274
2027-06-27,37.06614497106838,33.464004506704406,40.75511246260336
2027-06-28,36.52304238608689,32.92869250778168,40.28931335677229
2027-06-29,36.61316767781872,32.948804760953976,40.40818161071127
2027-06-30,36.126272068859606,32.35637596009735,39.99501626550113
2027-07-01,35.87426297224486,32.10229652000254,39.64847492313113
2027-07-02,35.65716941859467,32.159402444268856,39.43754626324115
2027-07-03,35.152483208793804,31.422118252055764,38.71117673619785
2027-07-04,34.977962037865254,31.427606732269084,39.00025429138423
2027-07-05,34.39116391384655,30.549643174395186,37.975420898964195
2027-07-06,34.445906173388764,30.810224150984798,37.91937734053498
2027-07-07,33.93279927652877,30.211257004436952,37.640454035768066
2027-07-08,33.66446860737758,29.70154310907628,37.395774791353844
2027-07-09,33.441505745287394,30.034628547942773,37.40598293691295
2027-07-10,32.94179860589969,29.368759405605875,36.823848963732694
2027-07-11,32.78332692778317,28.845205983504652,36.17886573605531
2027-07-12,32.22369258294497,28.60079300330884,36.084904430228534
2027-07-13,32.31657808879151,28.578678992373664,35.891499513272166
2027-07-14,31.852283499330944,28.162082277166938,35.62650530154093
2027-07-15,31.64295481756919,27.79493146050735,35.40806326309374
2027-07-16,31.488545230994593,27.893643953894525,34.97984257748524
2027-07-17,31.066158333096517,27.420545589668176,34.92569894946105
2027-07-18,30.992859502125636,27.225222192876625,34.670707779961255
2027-07-19,30.525224550403536,27.027265771851688,34.35540276915501
2027-07-20,30.715818605116755,27.003222907842353,34.16068407165143
2027-07-21,30.353754940127164,26.777604134862642,34.193248228165764
2027-07-22,30.24994641198805,26.329555450528087,33.94221895108691
2027-07-23,30.203090294345294,26.51931560982423,33.77320922042578
2027-07-24,29.889035159183134,26.083192261507573,33.558594028939766
2027-07-25,29.923615466878637,26.03767464759554,33.43966730140103
2027-07-26,29.562222486415912,25.792096939334478,33.22019176535087
2027-07-27,29.856304043229354,26.39321750693529,33.56385061398204
2027-07-28,29.593942389943457,25.983120915449426,33.45766187859165
2027-07-29,29.58512247753106,25.841078056572513,33.05845244478586
2027-07-30,29.627731102264562,26.04297325109139,33.31724352174497
2027-07-31,29.396935321652997,25.87425446846862,32.8582468230875
2027-08-01,29.508025614695754,26.063434233970934,33.22801772015529
2027-08-02,29.215992293018196,25.551676267726037,32.916697989547934
2027-08-03,29.57202761905038,25.95349943286525,33.47303690306662
2027-08-04,29.364102958172797,25.948315293908752,33.068674861590466
2027-08-05,29.402233344881353,25.693230310322036,33.26236467236635
2027-08-06,29.48447010783028,25.81980183593149,33.231736515320776
2027-08-07,29.28627017783102,25.739263983499956,33.10374124238204
2027-08-08,29.423327839485985,25.722903502942934,32.93825303405642
2027-08-09,29.151137764646545,25.311408521548156,33.050083992012695
2027-08-10,29.52148215240946,25.822122107732444,33.110957165988296
2027-08-11,29.32299169821629,25.899913984622575,32.89538191095421
2027-08-12,29.36639318419901,25.7855609804067,33.14213292063859
2027-08-13,29.450484753587865,25.70907557952607,33.29174973117066
2027-08-14,29.25148790639194,25.380291546113284,32.63661616230192
2027-08-15,29.385862375092895,25.819635030075954,33.197850306684806
2027-08-16,29.109853091881316,25.374948287455076,32.869711186174904
2027-08-17,29.47596241201104,25.678737668148464,32.9347529491436
2027-08-18,29.27349761444473,25.502451129455572,32.9208641453091
2027-08-19,29.313806722977525,25.461486150904598,32.94103355250615
2027-08-20,29.396243909010487,25.5010811608649,33.24393461064599
2027-08-21,29.197513655426544,25.62778150190679,32.83167083442383
2027-08-22,29.334479924604512,25.70318322859098,32.655227063933886
2027-08-23,29.06370956805037,25.482267087485138,32.88389050802525
2027-08-24,29.437943111266208,25.780170469726322,33.18366833226807
2027-08-25,29.246642849961894,25.798842825084076,33.01642123638906
2027-08-26,29.301231165850947,25.823425502350453,32.71555749914316
2027-08-27,29.401060143920482,25.812785224786424,33.21713650213059
2027-08-28,29.222761453655714,25.66611211551698,32.819972457557725
2027-08-29,29.383062489948227,25.69473074414179,32.86117891431201
2027-08-30,29.138337741794583,25.451143227874937,32.69547470406382
2027-08-31,29.541088239409703,25.807815713057288,33.142013485788446
2027-09-01,29.38049872792519,25.526772462473172,33.01556068734686
2027-09-02,29.467685191656855,25.931082640861536,33.092619592043114
2027-09-03,29.601673538431466,26.033569487485256,33.00269219254074
2027-09-04,29.458758153558094,25.699727545284514,33.18224401858092
2027-09-05,29.6553260926778,25.67050306538742,33.605314432063324
2027-09-06,29.447415687335077,25.689781286283136,33.170747551573044
2027-09-07,29.88720225658958,26.4547657267044,33.42622906083443
2027-09-08,29.76356045601875,26.19029282219184,33.471950987222506
2027-09-09,29.88731581387639,26.11590061211875,33.875832455046286
2027-09-10,30.057226233096127,26.401530363103372,33.953352338209726
2027-09-11,29.949342180712467,26.2828060307582,33.92564253471148
2027-09-12,30.179831386782634,26.432264717013247,33.972473567398
2027-09-13,30.004536917260694,26.432660800943363,33.71157412353442
2027-09-14,30.47546143810583,26.746678819883428,34.43193140074546
2027-09-15,30.381327354106034,26.649405574695724,34.10835125804141
2027-09-16,30.532825546357927,26.722037897566924,34.41032717021666
2027-09-17,30.7285936765654,26.796995515690654,34.32681004959436
2027-09-18,30.644572977566813,26.977668954221514,34.515459377509266
2027-09-19,30.89682955105571,27.07497543886174,34.6289061947391
2027-09-20,30.741109229673093,27.09526023423264,34.63955453965448
2027-09-21,31.229319000616066,27.29039846419174,35.12988429044442
2027-09-22,31.150084834748945,27.572656801098407,34.85070914768136
2027-09-23,31.31399878071153,27.576550297015427,35.022894903241806
2027-09-24,31.51959639815003,27.9677549417546,34.85909173327297
2027-09-25,31.442713521887065,27.928335130696617,35.24544402500934
2027-09-26,31.699308414518768,28.450845855664863,35.48421625804947
2027-09-27,31.5450183637482,27.900833382744445,35.048903403758786
2027-09-28,32.03164368329333,28.37160390895546,35.72964995265142
2027-09-29,31.9477088867435,27.998147113945773,35.89229367627447
2027-09-30,32.10371378542372,28.50936634105535,35.65148044722581
2027-10-01,32.298115445515386,28.672902336252964,35.981938907236675
2027-10-02,32.20668983170498,28.52106371491989,35.960567278320056
2027-10-03,32.44535900992406,28.577283732359493,36.13576696094752
2027-10-04,32.26975276652022,28.502250365207303,35.764221917425644
2027-10-05,32.73169739627997,29.058019994202986,36.35580244688515
2027-10-06,32.61978122198799,29.18897646600773,36.57388408840769
2027-10-07,32.7446093966051,29.112246847626942,36.36982500079144
2027-10-08,32.904788737185946,29.283569548548588,36.49246975372413
2027-10-09,32.77629125210767,29.103353168162343,36.582093218310845
2027-10-10,32.97528209500123,29.370258332017215,36.708069470653165
2027-10-11,32.75768069543535,28.958144828412422,36.54420428800718
2027-10-12,33.17564774779499,29.171567225724665,36.796371153416096
2027-10-13,33.01814758959718,29.2329097978393,36.46321736969204
2027-10-14,33.09619853065963,29.24793118427518,36.99014458475751
2027-10-15,33.20885193516868,29.47675849276875,36.881594306602906
2027-10-16,33.03254881322291,29.378573996018634,36.7379758698881
2027-10-17,33.1839397906796,29.585594398395227,36.85013023732725
2027-10-18,32.91943738005615,29.38654415111156,36.46954100026761
2027-10-19,33.291693439675065,29.71013575318042,37.153584128914595
2027-10-20,33.09015158583037,29.453111651812677,36.97045915370678
2027-10-21,33.126287374296034,29.408617099835105,36.71669244113003
2027-10-22,33.19957732257773,29.55288156480293,36.900299517417025
2027-10-23,32.98684580559014,29.678034657324314,36.66553932273864
2027-10-24,33.10507596854788,29.286622751139152,36.937640619807325
2027-10-25,32.81095384552952,29.01109765416288,36.41922432718504
2027-10-26,33.157338819426435,29.63923868854386,36.93803882428189
2027-10-27,32.933810411782595,29.416834695656245,36.420325890722474
2027-10-28,32.95190441080127,29.24288210578113,36.54181534457173
2027-10-29,33.01107956282204,29.381888955492656,36.7979298660715
2027-10-30,32.78806397071022,28.95196189281214,36.45285293953542
2027-10-31,32.89966740631184,29.18239090586665,36.55781545842144
2027-11-01,32.60232873874623,28.922149553589612,36.40923812653151
2027-11-02,32.94859157609257,29.2958351357952,36.64148885062678
2027-11-03,32.72765801928959,28.82110782703732,36.357887534473605
2027-11-04,32.75063339692416,29.03041448774797,36.2264306922604
2027-11-05,32.816503019507806,29.139223258191347,36.52651158200426
2027-11-06,32.601489867215214,28.688603849900844,36.05925827097178
2027-11-07,32.721879151534644,29.11618795492631,36.47812997410388
2027-11-08,32.433578655358545,28.750298318950648,36.09840818414867
2027-11-09,32.78860762879637,28.950910960168596,36.63217175807226
2027-11-10,32.57566380472871,29.114246926282448,36.15821357555206
2027-11-11,32.60538106211393,28.964041058406348,36.08301858761633
2027-11-12,32.67631843846413,28.90881799184258,36.54865968608408
2027-11-13,32.464329080713036,28.83132861489106,36.346850370092234
2027-11-14,32.58539477170688,28.847878096347078,36.39160468260923
2027-11-15,32.29519466343406,28.792798303643483,36.148021875947975
2027-11-16,32.64560075852299,28.842202473529102,36.11083956197029
2027-11-17,32.42524951259942,28.588144828407767,36.02541200080242
2027-11-18,32.444801944151116,28.72357300360477,36.15899542980771
2027-11-19,32.50293286622938,28.900073823241268,36.37807865950325
2027-11-20,32.27569779948999,28.476871961710717,35.692656594876375
2027-11-21,32.379363232584986,28.71683570669881,36.12115211428392
2027-11-22,32.06996894842904,28.17552396350497,35.56096284594319
2027-11-23,32.3998151018597,28.774131712703795,36.12636754571465
2027-11-24,32.15802361874055,28.510199890958756,36.062573765976694
2027-11-25,32.15578654925394,28.49672342817488,36.04997986479417
2027-11-26,32.19234227835435,28.55509010904742,35.60188213540191
2027-11-27,31.944328476795768,27.996636987208692,35.62163910871748
2027-11-28,32.02859780970257,28.16413099406894,35.88035068149454
2027-11-29,31.701765490003805,27.770553362360967,35.34695586822645
2027-11-30,32.01668173954488,28.433821995955498,35.77161630472845
2027-12-01,31.76297910363768,27.73663145282999,35.696522593429265
2027-12-02,31.752307616172054,28.066169336188025,35.302750709408244
2027-12-03,31.78429906167161,28.294998645542645,35.51623064134017
2027-12-04,31.535909530939776,27.762268474644266,35.48266687117247
2027-12-05,31.62422656216016,28.120125536146986,35.21159228363673
2027-12-06,31.306010183746032,27.336090332002463,34.55680245044627
2027-12-07,31.63416109873549,28.01144551546383,35.179339966406886
2027-12-08,31.39826607666524,27.631831864944928,34.9631330501339
2027-12-09,31.40983360996617,27.852511881174266,35.154259995476224
2027-12-10,31.468261079228473,27.64382910894527,34.94352279446693
2027-12-11,31.250182559873586,27.382297357445,34.96674869680791
2027-12-12,31.37228343723094,27.361287008504696,35.01411246155251
2027-12-13,31.09085096403584,27.398439350521308,34.95974617792004
2027-12-14,31.45825376482921,27.705178607111243,35.06606608999425
2027-12-15,31.26350007091209,27.66906270990852,34.928145438061414
2027-12-16,31.317487420939965,27.663068174465437,34.6607704471218
2027-12-17,31.418984718042,27.645184916580728,35.51047641151773
2027-12-18,31.243995400182,27.499500076186806,34.85474405910642
2027-12-19,31.40858750232713,27.8136386258802,34.7927650643394
2027-12-20,31.168459353280248,27.53617917031737,34.93204459993252
2027-12-21,31.57543352797986,28.1643415109351,35.01565147686772
2027-12-22,31.418028472531002,27.870543275635047,35.29210287298316
2027-12-23,31.506720197382823,27.652382812794276,35.11822098994608
2027-12-24,31.639934625354144,28.246348563945933,35.261574964811736
2027-12-25,31.493419090194582,27.97011545284654,35.05339075930634
2027-12-26,31.683078553157333,27.933768161845617,35.15634421096058
2027-12-27,31.464545124500003,27.7503769664017,34.97020825681283
2027-12-28,31.889673413905495,28.438984586858986,35.48137857337406
2027-12-29,31.747111091725337,28.369866110173295,35.7787877231479
2027-12-30,31.84755708333864,28.146272526310963,35.55217007394859
2027-12-31,31.98974807152636,28.16734069475211,35.49674391102355
2028-01-01,31.849821949805126,28.289020221380355,35.49672646378143
2028-01-02,32.04414399635853,28.369984630478882,35.646602292264284
2028-01-03,31.82886460746391,27.95505344575594,35.58280736181121
2028-01-04,32.25640140942897,28.568151115674347,36.02486494530114
2028-01-05,32.11599546148475,28.330604579037892,35.92486022308948
2028-01-06,32.218954329411986,28.632521255167493,35.67680254108764
2028-01-07,32.36462308013521,28.49514325969927,36.07567334766987
2028-01-08,32.22973222375141,28.43510886734813,35.966552062404155
2028-01-09,32.4312087547662,28.009530080737697,36.06772613917556
2028-01-10,32.22571950246409,28.518425334119474,35.85015762636812
2028-01-11,32.666139960223425,28.831436686489514,36.331349405531995
2028-01-12,32.54209862798313,28.993358850574793,36.118841629265354
2028-01-13,32.66520993266285,28.9426145487589,36.32707114797012
2028-01-14,32.83503701800893,29.136422245015755,36.31896892818462
2028-01-15,32.7284336223242,29.05835045298396,36.47525830089644
2028-01-16,32.96235133399182,29.175400938727037,36.73177122196639
2028-01-17,32.793381516155215,29.08172004765592,36.57666291327694
2028-01-18,33.27422509347774,29.560440156027823,37.00311460809144
2028-01-19,33.19424020004228,29.41200255987639,36.93247877700496
2028-01-20,33.36468066105181,29.439435776925166,37.25252863430473
2028-01-21,33.5846664537289,30.053499837045496,37.26167989911921
2028-01-22,33.530535169754764,29.906988477177403,37.279687738884085
2028-01-23,33.81866052862305,30.281348882886636,37.52734095489957
2028-01-24,33.705006954544956,29.944124409000572,37.34542898080896
2028-01-25,34.241613100298565,30.336744685835548,37.86051550503315
2028-01-26,34.21715398462627,30.633053719217113,37.825747346667775
2028-01-27,34.4421943689299,30.76094797362319,38.31349682866242
2028-01-28,34.715174165922726,30.971949212750303,38.0534619205016
2028-01-29,34.71177455267083,30.899596523016722,38.3721110173914
2028-01-30,35.04775049878012,31.4838377878641,38.57352914964081
2028-01-31,34.978498403156735,31.281917419224747,38.47596016074657
2028-02-01,35.555551430210784,31.697415740659718,39.17597888881282
2028-02-02,35.56715195313704,31.82063901108481,39.38235750603064
2028-02-03,35.823513510115276,32.047941488348876,39.755199113789004
2028-02-04,36.12281288998406,32.59214606562435,39.67226361128695
2028-02-05,36.140560891027334,32.60821290717692,40.026484255627274
2028-02-06,36.49243738430379,32.92935967332935,40.14216310226442
2028-02-07,36.43385934612592,32.88651290241283,40.13490510282867
2028-02-08,37.01647447209493,33.39422982036323,40.394436181955115
2028-02-09,37.02872985048075,33.58121197460794,40.66229425264632
2028-02-10,37.281128217235135,33.49288716614199,40.878573218304865
2028-02-11,37.572212567999514,34.00493173043133,41.038100492725505
2028-02-12,37.57792786737702,33.85887506424021,41.22898466446112
2028-02-13,37.91444571591544,34.18553266854207,41.76174874710799
2028-02-14,37.83772089469139,34.094015045341514,41.421458915758656
2028-02-15,38.39997267481123,34.95957023730868,42.2666840405407
2028-02-16,38.39024065750559,34.66266477841229,42.32843146129586
2028-02-17,38.619627960633686,34.9228058070349,42.26193805880263
2028-02-18,38.88727281952003,35.36332393592415,42.52568031786981
2028-02-19,38.86969762700189,35.22640111792354,42.24566160976556
2028-02-20,39.183621543616376,35.45896988963415,42.85992771714759
2028-02-21,39.08550584825051,35.49253245907556,42.81066527875463
2028-02-22,39.62802514189366,35.934326599409445,43.33638343492371
2028-02-23,39.60061436580753,35.780822503407116,43.33985775261521
2028-02-24,39.81470461255313,36.3113070225828,43.4270275698539
2028-02-25,40.06968892443901,36.52875415176732,43.81251135711787
2028-02-26,40.04226719349033,36.5858844046709,43.35391747413632
2028-02-27,40.349256344555116,36.72988281760519,43.95144940184336
2028-02-28,40.24713498436725,36.572050754627604,43.78162870609012
2028-02-29,40.78851560432807,37.30505149797967,44.33264156330437
2028-03-01,40.76269423797805,37.249399025862395,44.457321309116885
2028-03-02,40.98089045824727,37.339177721518695,44.96542881025816
2028-03-03,41.24221878591606,37.367807870164334,44.97691228240968
2028-03-04,41.22304047417357,37.617000508674515,44.82456418932159
2028-03-05,41.5397816797374,37.742200908472334,45.00551754020659
2028-03-06,41.44848701473671,37.87794537368839,45.0830047454494
2028-03-07,42.001301365638746,38.3167638316353,45.58737790923717
2028-03-08,41.98702967055415,38.45506519950457,45.7741497673737
2028-03-09,42.21638732684283,38.49367725925542,45.60459276198666
2028-03-10,42.487982088337,38.95626395313083,46.21415124023694
2028-03-11,42.477676210059116,38.78989450686057,46.53666956410424
2028-03-12,42.80141465315071,39.02778152847797,46.31789948088291
2028-03-13,42.71478815900101,39.05093071201651,46.45567281679633
2028-03-14,43.26952390934049,39.55601937162503,46.8935381809924
2028-03-15,43.254053312393424,39.533611341103516,46.6694790100306
2028-03-16,43.47876945600786,39.760493760246554,47.256231527175686
2028-03-17,43.742014977840114,39.84823721010842,47.33825038438811
2028-03-18,43.71944902405933,40.268911413953795,47.29912589648476
2028-03-19,44.026879046145154,40.106579633112865,47.71732695166394
2028-03-20,43.91982620489057,40.184749067825344,47.61558036194552
2028-03-21,44.45001708155038,40.70939914254337,48.07817299257616
2028-03-22,44.40595124143224,40.85136650985069,48.00876334190214
2028-03-23,44.59815721726045,40.70082309301968,48.2227221609377
2028-03-24,44.82517770844833,41.31453897173572,48.51157503802715
2028-03-25,44.762932732030066,41.413490245608116,48.363736264939504
2028-03-26,45.02754655546453,41.53313582042507,48.58361376024985
2028-03-27,44.87490727575735,41.18693037634851,48.56782490102668
2028-03-28,45.357151852771885,41.68079889395299,49.109554157838275
2028-03-29,45.26322626082763,41.60150141858496,49.15825339946933
2028-03-30,45.40413345349616,41.648305972210785,48.829049097299574
2028-03-31,45.578910072334246,41.542435327810004,49.403145973260784
2028-04-01,45.463980774998575,41.83294970643928,49.166103486489206
2028-04-02,45.675976156108526,41.910929505135684,49.463026197092
2028-04-03,45.471283269987154,41.763673445372675,49.279870387669554
2028-04-04,45.902521707950655,42.37428547089238,49.673465687612534
2028-04-05,45.75909503737814,42.12427621408484,49.42965900891714
2028-04-06,45.852430437475235,42.374919552875866,49.38489631379517
2028-04-07,45.981947597819484,42.21438072419951,49.80798555369119
2028-04-08,45.82440588427808,42.18522469358767,49.401685947010684
2028-04-09,45.99671586706674,42.51955370422198,49.4829299053184
2028-04-10,45.755484332425354,42.101676569926404,49.3025492861146
2028-04-11,46.15348583210438,42.65749172026184,49.94072043698495
2028-04-12,45.98021066730748,42.32680534647933,49.559596571482004
2028-04-13,46.04710221772203,42.38636521367195,49.49284948308351
2028-04-14,46.153524742259776,42.548326569387136,49.96406825810617
2028-04-15,45.97611070011499,42.46041590465968,49.63646155721116
2028-04-16,46.13157371301233,42.6759185738833,49.66091143427934
2028-04-17,45.87625629706905,42.413187545856616,49.64669129193992
2028-04-18,46.26260540528232,42.56306213940694,50.0
2028-04-19,46.07972564302305,42.53736283298958,49.975075132143374
2028-04-20,46.13862301126457,42.34894103397506,49.730282528502784
2028-04-21,46.23818022635149,42.463521394804346,49.64971162194829
2028-04-22,46.054512565127766,42.39420771421793,49.878515676860246
2028-04-23,46.203790235128615,42.391959624503514,49.65941558591933
2028-04-24,45.94179625643771,42.33354313343055,49.81939745237031
2028-04-25,46.320412735194495,42.644715426582835,49.91979264792611
2028-04-26,46.128185212645434,42.472590086615035,49.745740946761465
2028-04-27,46.17557775087938,42.58266620559529,50.0
2028-04-28,46.26095959807975,42.61869192886775,49.95330713432438
2028-04-29,46.05997216715513,42.74093201940625,49.78410525914006
2028-04-30,46.18836210697617,42.405484306352726,49.38367041444942
2028-05-01,45.90154923115355,42.08665204438217,49.759820796596934
2028-05-02,46.25112196560195,42.71281222798337,49.815575479284334
2028-05-03,46.02540978775851,42.438666409055436,49.615928594495976
2028-05-04,46.03474511993208,42.35572196684828,49.816294147260756
2028-05-05,46.07745533814472,42.474401643315794,49.99597273819225
2028-05-06,45.82923347063734,42.04901458962712,49.63709205910636
2028-05-07,45.905973231980454,42.185976997317816,49.5444572880368
2028-05-08,45.56333705484076,41.600567009432844,49.430670658651366
2028-05-09,45.85324971201015,42.090335518737085,49.520482216794214
2028-05-10,45.56446697020136,41.94724186407116,49.4340567985123
2028-05-11,45.50783174647793,41.956255411639255,49.217445524176156
2028-05-12,45.48225847849152,41.83583537929095,48.9399852375218
2028-05-13,45.164094374754875,41.583183343558055,48.60074967304579
2028-05-14,45.16994332496734,41.40881627467514,48.94562651790848
2028-05-15,44.75622130752171,41.17726084534188,48.3004116396683
2028-05-16,44.97563610066118,41.1538371146934,48.7187242834828
2028-05-17,44.61774098834178,40.731101991495514,48.420194278948465
2028-05-18,44.49417521282997,40.58948012367138,48.14403344961273
2028-05-19,44.40463219289833,40.75232696953896,48.26182392802711
2028-05-20,44.02620450219373,40.46254919766732,47.60840897772506
2028-05-21,43.976191730300414,40.43791352810165,47.648920501885954
2028-05-22,43.51164041297598,39.623519748419476,46.980769831877524
2028-05-23,43.68580918661091,39.87500535383532,47.27319559230506
2028-05-24,43.288709197961694,39.70280093927462,46.88273754808659
2028-05-25,43.132332844384734,39.22407338868909,46.7278611681871
2028-05-26,43.01661216210881,39.34208635152515,46.869799732676604
2028-05-27,42.6187561235684,38.922351886787524,46.06275135466386
2028-05-28,42.556053193412694,38.922698980955076,46.220921485493356
2028-05-29,42.085408510965735,38.43326448890402,45.88664287899277
2028-05-30,42.25980898428032,38.80935378559889,45.95977863627032
2028-05-31,41.8688664009034,38.36672436929515,45.93894792756607
2028-06-01,41.72405164563694,37.94800078686997,45.79251828181442
2028-06-02,41.62466129652269,37.84541090893268,45.21640247889461
2028-06-03,41.24716575196142,37.609205446273876,44.88902011345266
2028-06-04,41.20802506932225,37.47129334877755,45.09609523248641
2028-06-05,40.763241654817186,37.121203418703764,44.42940324495938
2028-06-06,40.96484280653691,37.33455471622318,44.5728966424918
2028-06-07,40.60144288268204,37.182022388817295,44.3432771648135
2028-06-08,40.483497808487144,36.54188117138315,44.274272040933006
2028-06-09,40.40929278042514,36.71590753696104,44.16597888908811
2028-06-10,40.054311880621775,36.29507477734074,43.83760336709692
2028-06-11,40.03407532409878,36.4068385572422,43.81373628177576
2028-06-12,39.60371301312661,36.07011172375021,43.264901493896765
2028-06-13,39.81446693804281,36.1829491338705,43.55749930143473
2028-06-14,39.45427174747014,35.783908675620665,43.00666100712376
2028-06-15,39.3330257764442,36.00581035433235,43.149323968591624
2028-06-16,39.24859300036321,35.682932916633554,42.83708803358619
2028-06-17,38.876184280801624,35.29674792893977,42.524141837901226
2028-06-18,38.83120333151712,35.36745679944623,42.51033670087753
2028-06-19,38.368825844831036,34.71255207163798,42.41950015013925
2028-06-20,38.54050415000472,34.64888933331134,42.228851604359534
2028-06-21,38.1345466302136,34.47432069374512,41.70829127022102
2028-06-22,37.96138416474758,33.831199328692804,41.53237816495012
2028-06-23,37.819564118424125,34.13114034290268,41.34472005142937
2028-06-24,37.38512037417214,33.83899387578327,41.034899330486006
2028-06-25,37.27440504053715,33.211452775734436,40.869138245439515
2028-06-26,36.743650547519955,33.25438104646305,40.326000750327054
2028-06-27,36.845454839939926,33.05499190006191,40.44808072213734
2028-06-28,36.36933928946302,32.74278164362329,40.13746705485885
2028-06-29,36.12699203513325,32.58082523157314,39.82171941413022
2028-06-30,35.91823775640022,32.25771752422777,39.423983778506184
2028-07-01,35.42038288454338,31.747105477847548,39.254679776607745
2028-07-02,35.25102241078342,31.47718461139159,38.64639851923716
2028-07-03,34.66757753550322,31.05255107172177,38.35287912920107
2028-07-04,34.723757391077896,30.952228556565565,38.40607150720581
2028-07-05,34.21009496305891,30.63269003095699,38.14364528754899
2028-07-06,33.939170391783186,30.035667085538172,37.51966831559418
2028-07-07,33.71156308824811,29.83155363835756,37.31886666928642
2028-07-08,33.205182047697726,29.515963433391065,36.89886340762815
2028-07-09,33.03806083565099,29.185592002602757,36.7272590935817
2028-07-10,32.46788673875455,28.6266416006748,36.03896898706856
2028-07-11,32.548457486808445,28.90186889410666,36.00426401675703
2028-07-12,32.070215766426216,28.12482781781716,35.78482136115365
2028-07-13,31.845474723890202,28.29819243518445,35.66896118499808
2028-07-14,31.674375826169573,27.730753802599345,35.21855885057284
2028-07-15,31.234228320068834,27.490943648777176,34.8886422735819
2028-07-16,31.142316545665352,27.450637654581037,34.736158425026765
2028-07-17,30.65544430838114,26.93679973826067,34.26392208003756
2028-07-18,30.826409365349292,27.368092481563682,34.53397996000122
2028-07-19,30.444557841901847,26.764923907089432,34.177587957983555
2028-07-20,30.321031326918366,26.80399616370091,33.752812121692465
2028-07-21,30.25474753379101,26.516781403852914,34.071669893129865
2028-07-22,29.92176326281468,26.18967532511462,33.89837716545278
2028-07-23,29.938105407321178,26.270781523407315,33.50141563558302
2028-07-24,29.55933869614349,26.038110372179027,33.424354391679046
2028-07-25,29.837062730728185,25.99950640278358,33.60086432474526
2028-07-26,29.5594876611229,26.03719946259736,33.61856346868486
2028-07-27,29.536700814554468,25.841310307346795,33.21613507532199
2028-07-28,29.566664774703888,25.997336213630327,33.45069106612035
2028-07-29,29.32459531382189,25.598865482272306,33.085338882028296
2028-07-30,29.425804648262577,25.769274657090047,33.0990160369111
2028-07-31,29.12527850587517,25.611803224476418,32.4535087483106
2028-08-01,29.474179430609798,25.91666921744235,33.36403003354064
2028-08-02,29.260425608849296,25.59275812516262,32.813420587566746
2028-08-03,29.293957544719394,25.733585705165083,32.952275449595426
2028-08-04,29.37273316762,25.671887526324515,32.71132750389166
2028-08-05,29.17209992730986,25.740161454126557,32.73644393039346
2028-08-06,29.307629563243168,25.7702712949259,33.265459233620945
2028-08-07,29.034684309087567,25.37908080411077,33.143589892961465
2028-08-08,29.404907278638074,25.668273928353845,33.05090552062988
2028-08-09,29.206786677881464,25.54790094184768,33.036292741901164
2028-08-10,29.250906560308785,25.572804054842912,32.92869715228164
2028-08-11,29.33592511767693,25.1922572842639,32.84734311037397
2028-08-12,29.13792947906653,25.867558766213044,32.82313760364529
2028-08-13,29.273253120241858,25.69134738035453,33.07033447407464
2028-08-14,28.998025047011865,25.404514065745857,32.73263613203138
2028-08-15,29.364643879182577,25.81692696515067,33.24268834326839
2028-08-16,29.16232682885745,25.597322550284204,32.813420196484635
2028-08-17,29.20234659975529,25.526749911953086,32.75456649216491
2028-08-18,29.283997463227387,25.584106336618458,33.17581716548047
2028-08-19,29.08393969569496,25.62599374061205,32.72248169425644
2028-08-20,29.219008636082094,25.65705924674869,32.81533604633725
2028-08-21,28.945757625753863,25.09659015178537,32.66934355001043
2028-08-22,29.316927998059988,25.54645113363683,33.19262558306475
2028-08-23,29.121996094302602,25.550879294163074,33.008990390914214
2028-08-24,29.172410260887464,25.39183261650223,32.76508023981135
2028-08-25,29.26755896041332,25.45017905795809,32.96400257171663
2028-08-26,29.084119012661244,25.004248950301314,32.454588258023925
2028-08-27,29.238870015772672,25.879151342016876,32.9422534778234
2028-08-28,28.988243969744147,25.281604352545042,32.71620872282005
2028-08-29,29.384803004643302,25.58871924284857,33.11509081247708
2028-08-30,29.217794909966486,25.6933004401702,32.7325623776892
2028-08-31,29.298399132413714,25.457037491337008,32.95101344766417
2028-09-01,29.42570408883425,26.006836980209215,33.22932099948205
2028-09-02,29.276064534217497,25.52342118912681,32.85492625173719
2028-09-03,29.465924776577367,25.88914140748654,32.89459535081661
2028-09-04,29.251376527146725,25.551493088339193,32.766452270831955
2028-09-05,29.6846440854938,26.155125114990714,33.13117362759188
2028-09-06,29.554646389053815,25.820482623616307,33.00525646845264
2028-09-07,29.672248467149025,25.86422790578573,33.08948635531239
2028-09-08,29.83624306127083,26.122680171812057,33.706533796083406
2028-09-09,29.722711109813915,26.19901689929913,33.51721801788956
2028-09-10,29.94784689057661,26.23030522867671,33.861618177907545
2028-09-11,29.767516652277266,26.275054072807468,33.572308733890004
2028-09-12,30.233743516268472,26.461136644624478,33.88238464897112
2028-09-13,30.135268294000554,26.525643869645176,33.6964102660372
2028-09-14,30.282798905966807,26.33591097974162,34.07262396512785
2028-09-15,30.47498933312905,27.17628631617409,34.23063531799265
2028-09-16,30.387796985377072,26.202197205605355,34.31583210297152
2028-09-17,30.637304476690776,26.964273989679636,34.29892775825979
2028-09-18,30.479274837613616,26.74812129770614,34.21548250590486
2028-09-19,30.965633141093026,27.39730709309048,34.49544240002316
2028-09-20,30.885024370983068,27.14144717597303,34.32068797581949
2028-09-21,31.04806038478312,27.0947660381103,34.635849813138485
2028-09-22,31.25329704397589,27.517549923955073,34.96179038317306
2028-09-23,31.176590510165372,27.67480104738849,34.82339228782317
2028-09-24,31.43391877785886,28.07048265333439,35.10019892832376
2028-09-25,31.280937520112296,27.65559985862853,34.89779533312753
2028-09-26,31.76946323166958,28.144000105515023,35.69103657986141
2028-09-27,31.68803346983696,28.223745736419367,35.25234646229382
2028-09-28,31.847156979032363,28.277989410390763,35.408544480095344
2028-09-29,32.04529467200336,28.496759840879918,35.749247740323845
2028-09-30,31.958220334337987,28.203018966706637,35.6367398426871
2028-10-01,32.20184696447673,28.715948621420775,35.9727300044067
2028-10-02,32.03178764504662,28.510795681241724,35.51867438179822
2028-10-03,32.49984373408956,28.863945470453324,35.97905688830052
2028-10-04,32.39456997123283,28.744387119293783,35.98566139794881
2028-10-05,32.52652907741009,28.756963485038405,36.30113444138658
2028-10-06,32.69427661885435,29.224990752528246,36.36903569333717
2028-10-07,32.573724811738195,29.004181973865414,36.28673259309248
2028-10-08,32.780971008231504,29.00201142890565,36.38156756358755
2028-10-09,32.57185961352322,28.83212253029422,36.02473857677724
2028-10-10,32.99847010661884,29.142924693650752,36.72099054993362
2028-10-11,32.84968067956486,29.224912552802646,36.432654197351326
2028-10-12,32.936420032139466,29.444623034909664,36.42067447794436
2028-10-13,33.05764809249205,29.51028407485616,36.87759098483049
2028-10-14,32.88971438234424,29.110504974216518,36.41819330589782
2028-10-15,33.049179852173715,29.07145442963016,36.72427648377746
2028-10-16,32.79237106144719,29.367047981113608,36.557481782942155
2028-10-17,33.1718595404769,29.63040031782786,37.15673968471542
2028-10-18,32.97701604649393,29.113458071510475,36.70637039376778
2028-10-19,33.01925247812051,29.370126939888028,36.71923298396289
2028-10-20,33.09799246889475,29.302194864216357,36.77844792173748
2028-10-21,32.890019644959274,29.21328740987056,36.5326844140443
2028-10-22,33.01228964742077,29.51614164712317,36.61722743309531
2028-10-23,32.721475070493575,28.95789918413967,36.36753824165612
2028-10-24,33.070436420759975,29.527097524429806,36.95320592850837
2028-10-25,32.848769063692764,29.27004004270201,36.555442854950485
2028-10-26,32.86803915223321,29.254076407987235,36.57365167237352
2028-10-27,32.92774975860122,29.579295928748703,36.608214319914374
2028-10-28,32.70468635837101,29.224141082199694,36.48724139329834
2028-10-29,32.815727889330326,29.270527283856797,36.443681806075254
2028-10-30,32.517392611727075,28.822900927238727,36.202793189918005
2028-10-31,32.862311901279604,29.326574196511796,36.31593175699273
2028-11-01,32.639781915846925,28.77759482373871,36.090470052643745
2028-11-02,32.661006053648144,29.04012938982989,36.23451325660934
2028-11-03,32.725069296922875,29.10026301266803,36.6203281112755
2028-11-04,32.508293414713236,28.92364211493128,35.996047531124795
2028-11-05,32.62705902808883,28.961880907121852,36.28913061624195
2028-11-06,32.33736350643775,28.59017710257766,36.001756048953
2028-11-07,32.69130753587393,29.106144194904285,36.33937574778067
2028-11-08,32.477659985426044,28.59111355700654,36.56182699465168
2028-11-09,32.50711365690036,28.751912752712194,36.20459697191538
2028-11-10,32.5782726722259,28.95347876808742,36.1513969145853
2028-11-11,32.36702013312292,28.678875241063768,36.03616397954164
2028-11-12,32.48935172763427,28.818956438947918,36.26042601433338
2028-11-13,32.200943942757675,28.53665907497068,35.558528985531915
2028-11-14,32.553649442625684,28.966795479030456,36.247267337310596
2028-11-15,32.33606899201707,28.745081245508718,36.13623690420457
2028-11-16,32.358812308037656,28.41919339440884,35.99546916947408
2028-11-17,32.420488439436646,28.43165375648736,36.37688677404509
2028-11-18,32.19707420739324,28.512790874414073,35.54688155479005
2028-11-19,32.304746338076384,28.45386457017644,35.89973084149773
2028-11-20,31.99944596033005,28.59755107286942,35.428457262520396
2028-11-21,32.333368100766094,28.487324011030573,35.707692083175274
2028-11-22,32.095525686166866,28.27474027201906,35.84154598039711
2028-11-23,32.097000620503934,28.44551033553699,35.83309013058955
2028-11-24,32.136922770489164,28.316745965095656,35.77153118221491
2028-11-25,31.891825672160476,28.00233926437683,35.714139584044126
2028-11-26,31.97846490463218,28.299138880561785,35.73105203129738
2028-11-27,31.653368149361263,28.009946608689344,35.47182468431274
2028-11-28,31.969309932463254,28.371129435262564,35.574761790392074
2028-11-29,31.715860936038887,27.908179841032357,35.38685421850448
2028-11-30,31.704624822865966,28.18363271035365,35.495216295108996
2028-12-01,31.735203776506594,28.030167159402346,35.27118515411223
2028-12-02,31.484541918853715,27.565775798537487,35.139286582892616
2028-12-03,31.5697328728439,27.822633701872178,35.3392686471513
2028-12-04,31.247560773902364,27.387968723816773,35.062794267850336
2028-12-05,31.570967968727285,27.89898008289794,35.24782834499471
2028-12-06,31.32959947788799,27.53828032298162,35.35277714510172
2028-12-07,31.335037301311672,27.52409013312519,35.01108508698867
2028-12-08,31.386765843938655,27.801592820568192,35.30443895238265
2028-12-09,31.161517637105575,27.457560060176505,34.60560790274429
2028-12-10,31.276085574687357,27.584576215581848,34.88609008190508
2028-12-11,30.986870857704133,27.330268323248955,34.570236867128585
2028-12-12,31.346359717670524,27.51238582359659,35.12702781954872
2028-12-13,31.14367877259256,27.43488379366988,34.89906583613378
2028-12-14,31.18984182354143,27.628212788231245,34.61990873200339
2028-12-15,31.28372905628743,27.37778489144137,34.93869075788272
2028-12-16,31.101447477130744,27.608010437484946,34.80488725823903
2028-12-17,31.25915843088427,27.423909429848326,34.79139473953634
2028-12-18,31.012641008448462,27.29710475041596,34.88589781758448
2028-12-19,31.413784022867844,27.858377170418507,34.93530130580864
2028-12-20,31.25115602128292,27.657869218161366,35.06045009974527
2028-12-21,31.335265769070023,27.606409936674208,34.68203199824577
2028-12-22,31.46455382348467,27.826972320129816,34.95070816578757
2028-12-23,31.314763712092166,27.832466799788087,35.1523578379398
2028-12-24,31.501778291473617,27.78964548314543,35.03122019306437
2028-12-25,31.281189869501134,27.964741620533594,34.97778551647036
2028-12-26,31.70479659994022,28.056214424764953,35.52859591352055
2028-12-27,31.561174504892943,28.169257452486058,35.491072857873625
2028-12-28,31.66093751054951,28.08271710504807,35.100564636346796
2028-12-29,31.80272612484856,28.240464273815604,35.68868091913851
2028-12-30,31.66257334543377,28.20284274766617,35.318943933966736
2028-12-31,31.856733506116598,27.96822925259452,35.50212193770091
2029-01-01,31.64124283409687,28.05830221446546,35.200053779591904
2029-01-02,32.06840446674341,28.386472856497303,35.63969618035721
2029-01-03,31.92734756841702,28.542629435320826,35.357199163216166
2029-01-04,32.02927325521906,28.317942693108087,35.709596194624524
2029-01-05,32.17342830787513,28.320675453365915,35.87118517576605
2029-01-06,32.03645563285461,28.169115797425295,35.657376375483295
2029-01-07,32.235207562383195,28.585612623033498,35.96163497781365
2029-01-08,32.026291148921004,28.44857919737558,35.78377672859416
2029-01-09,32.46253857765764,28.990924372660487,35.83003060109738
2029-01-10,32.33355269415491,28.693048649403792,36.277445081481616
2029-01-11,32.4509406848487,29.05473675176885,36.10954194434879
2029-01-12,32.6142771854793,28.889027261234848,35.96888455259842
2029-01-13,32.500446030344044,29.01370256005774,36.07593762180811
2029-01-14,32.72644693777987,29.281359572355008,36.50530120495656
2029-01-15,32.54893643940352,28.843640527286855,36.29433005162367
2029-01-16,33.02069627243927,29.324197152470884,37.04808954611562
2029-01-17,32.931179270072946,29.22487164978239,36.582507975232794
2029-01-18,33.09174576681872,29.339592107435255,36.75560408866743
2029-01-19,33.30163171593483,29.654865912727452,36.819589793522546
2029-01-20,33.23729759879467,29.50053554450525,36.88717119977172
2029-01-21,33.51524423757684,29.912400888513268,37.27616906298834
2029-01-22,33.391564588816216,29.900702544865972,37.03163272030954
2029-01-23,33.918424467311524,30.302335250865788,37.387052243612615
2029-01-24,33.88462193274763,30.374729087372113,37.657301263843515
2029-01-25,34.100838028584924,30.329435919841472,37.84226587080831
2029-01-26,34.36561972607607,30.588367372626138,37.68714556874236
2029-01-27,34.35474380125409,30.572242322264746,37.84597374186025
2029-01-28,34.68404740485142,30.872037425549934,38.56181362622887
2029-01-29,34.60899406044234,31.236992075484554,38.046740214621984
2029-01-30,35.181167715524566,31.497988002265696,38.89934130548862
2029-01-31,35.188844278087394,31.282830749744647,38.893557891469854
2029-02-01,35.44225306021175,31.369803314641437,39.264919087951384
2029-02-02,35.73956875147929,32.14851965392585,39.38003535709737
2029-02-03,35.75628246258996,31.858448533964953,39.48588453804934
2029-02-04,36.10803745822361,32.23114949115584,39.97133674644968
2029-02-05,36.05019822265853,32.410581505089134,39.85862488053419
2029-02-06,36.63434544137347,32.97362449334533,40.42309933123829
2029-02-07,36.64884634018006,32.84459158459584,40.257101635480645
2029-02-08,36.9041128617123,33.403746914763936,40.37162813914392
2029-02-09,37.198588407160635,33.80708022411294,41.11770344820703
2029-02-10,37.20811183228702,33.44110481160637,40.79158873306608
2029-02-11,37.54874450444143,33.787517349491075,41.27557000615702
2029-02-12,37.47632928552669,33.812272535019495,41.35951773591239
2029-02-13,38.042974273452586,34.53364022227025,41.74183877282959
2029-02-14,38.0376110143223,34.370916208158306,41.666417723297066
2029-02-15,38.27123995038107,34.68514857710891,41.87220068912842
2029-02-16,38.542904124472074,35.13625208910598,41.929074071577716
2029-02-17,38.52904012344854,34.8094217665427,42.24783407547202
2029-02-18,38.84629235445825,35.332342842878205,42.59582311699023
2029-02-19,38.7510597936476,34.939127459047356,42.26670683184097
2029-02-20,39.29596829579698,35.57258409231621,43.053123109933445
2029-02-21,39.270418409114086,35.877171296328804,42.908667993963505
2029-02-22,39.485821663745796,35.54620639987214,43.191804366163666
2029-02-23,39.741566525806846,36.03607657772211,43.29684931842007
2029-02-24,39.7143631352935,35.994808376256685,43.22709576121529
2029-02-25,40.02105302044928,36.39097048200402,43.667462224356505
2029-02-26,39.91815298848706,36.319833854715526,43.48097623793286
2029-02-27,40.45832630314775,36.807675485053885,44.57260964735984
2029-02-28,40.43093107770527,36.785180220663186,44.25795424248943
2029-03-01,40.647258800190706,36.88532885098238,44.56658833909758
2029-03-02,40.90650409738431,37.481390404046785,44.76483697110684
2029-03-03,40.88511473981546,37.00181475861998,44.532611850882255
2029-03-04,41.19960793734119,37.56824332410145,44.89473948393823
2029-03-05,41.10612195909536,37.55562606798254,44.921830070879636
2029-03-06,41.65689600365354,37.98158391476862,45.65514633109909
2029-03-07,41.64082804924024,38.140974816984816,45.124851845439544
2029-03-08,41.868723392817444,37.980147722716204,45.50112237567129
2029-03-09,42.1392747717761,38.1505108239107,45.56037692768047
2029-03-10,42.128422857790454,38.5999492789614,45.91598874129223
2029-03-11,42.452182963659936,38.93305846009251,46.36803357763122
2029-03-12,42.36620679658223,38.69906716288652,45.98666208095512
2029-03-13,42.92227199498026,39.253130400490846,46.67922444748636
2029-03-14,42.90884900510306,39.29066319500048,46.66915417832144
2029-03-15,43.13635785012349,39.16690243274442,46.61622224114449
2029-03-16,43.40315554931242,39.47236009627927,47.1190758153038
2029-03-17,43.384902861986475,39.812075969700366,46.70685297384559
2029-03-18,43.697396104933105,40.0118095264439,47.418884793879414
2029-03-19,43.596132807697856,39.84377948675051,47.186402296782475
2029-03-20,44.132803897277775,40.497920325466076,47.557811231293904
2029-03-21,44.09586194582289,40.301299015840684,47.85478221578057
2029-03-22,44.29577803391072,40.713898905281745,48.105552443197844
2029-03-23,44.53102800818358,41.022553924060595,48.4592706198548
2029-03-24,44.47745684932621,40.74964397487729,48.55350819465148
2029-03-25,44.751106958972926,41.244590392389604,48.619538691191096
2029-03-26,44.60777920667715,41.03881078579996,48.010288253381994
2029-03-27,45.09951952026814,41.4921932004168,48.89679242955369
2029-03-28,45.015180658221524,41.37297007188304,48.41804639039869
2029-03-29,45.16567183283011,41.21477205655208,49.13698170852578
2029-03-30,45.34993708852638,41.295197540604356,49.14695733856823
2029-03-31,45.24431128439944,41.377664552876276,48.784928449253016
2029-04-01,45.46533962803824,41.94828462502686,49.515842212148556
2029-04-02,45.26932974429809,41.68772808886213,49.175323033857346
2029-04-03,45.70882920680166,42.141467447885645,49.19514616257961
2029-04-04,45.573178315675825,41.83723897981369,49.310479903364765
2029-04-05,45.67375093404969,42.02774715127561,49.45583017431508
2029-04-06,45.80992442858144,42.05253921943997,49.57602010881251
2029-04-07,45.6584276996926,41.68999723041578,49.524872055572
2029-04-08,45.83615337950787,41.74334478076339,49.520393756985506
2029-04-09,45.599703304562674,41.94682324774877,49.238796615632424
2029-04-10,46.001860305832786,42.59193447105691,49.71183550262524
2029-04-11,45.83213620397252,42.30996508089852,49.62473868730057
2029-04-12,45.90200891486155,42.220464343795825,49.41700849807602
2029-04-13,46.010889790001606,42.3710047743026,49.59157296297375
2029-04-14,45.83547024192331,42.10564011362273,49.4171879849693
2029-04-15,45.992533780856974,42.04625407975209,49.74442779085811
2029-04-16,45.73850260045188,42.00952091447257,49.378483313905555
2029-04-17,46.12591176692253,42.70716741096962,49.601503029494296
2029-04-18,45.943960891466084,42.400760749339206,49.53401750177
2029-04-19,46.0037561621017,42.28189493234085,49.457800664042274
2029-04-20,46.10428380905038,42.2130751840201,49.93948223692296
2029-04-21,45.921763981456714,42.23118021146913,49.5788505338668
2029-04-22,46.07247106741109,42.71359606623062,49.85249573476989
2029-04-23,45.81228947914521,42.111654597675425,49.64417756327417
2029-04-24,46.19319782104285,42.455954789471384,49.723893380216
2029-04-25,46.00383116389856,42.3622460731221,49.57466638265085
2029-04-26,46.0547341272926,42.52100978635791,49.5429180571067
2029-04-27,46.144345654112314,42.55757892433276,49.94056270073115
2029-04-28,45.948364251874736,41.951858112537124,49.60714394354911
2029-04-29,46.08257951976535,42.4572370829474,49.71903601368382
2029-04-30,45.802438763809384,41.860138043011055,49.345437614009406
2029-05-01,46.15954139602297,42.34122678069681,49.83458280009322
2029-05-02,45.94221062111403,42.080612220173606,49.84023170665384
2029-05-03,45.960754899185915,42.51900101618578,49.814943410728056
2029-05-04,46.0134598662748,42.46948494885777,49.81841080463453
2029-05-05,45.77595930117053,42.06750871444283,49.459049516465384
2029-05-06,45.864070791863014,42.23491626260552,49.325650397937856
2029-05-07,45.533364763726496,41.978273503618546,49.38476281546659
2029-05-08,45.835659454473046,42.23423873324419,49.414951365475176
2029-05-09,45.55959126188913,41.80091691254701,49.35125191504127
2029-05-10,45.51587291188775,42.022111651613564,49.051310512793094
2029-05-11,45.50328012697036,41.89157157230055,49.12862917801775
2029-05-12,45.19801542289655,41.55365157037722,48.84452721039084
2029-05-13,45.21653476834808,41.57336573129694,48.74135571683767
2029-05-14,44.815105893392925,41.35242689954134,48.1800055182232
2029-05-15,45.04629099671149,41.43588425255143,48.397803439097686
2029-05-16,44.69950348204527,41.19914710208805,48.650008359344405
2029-05-17,44.58625141238429,41.16723681678958,48.271172428121474
2029-05-18,44.50610863566467,40.92459670174801,48.06690901420645
2029-05-19,44.1360625113607,40.47647442035391,47.969915418290825
2029-05-20,44.093324296547166,40.58455323368008,47.68766329792746
2029-05-21,43.63487131682012,40.07536144386328,47.048336961206644
2029-05-22,43.81391402040562,40.05109616835858,47.516443455129405
2029-05-23,43.420437895431085,39.754411761752664,47.20215918765383
2029-05-24,43.26643328174564,39.65676417534275,47.03827309610516
2029-05-25,43.151854359216586,39.267327271018736,46.841766935658015
2029-05-26,42.753956547431045,38.705818440589056,46.18423026044437
2029-05-27,42.69009865055182,39.05209982957562,46.54463115398354
2029-05-28,42.21727911029795,38.48385578124691,45.76598676474393
2029-05-29,42.38859965868943,38.66691875775754,46.031829082838485
2029-05-30,41.99380649386109,38.40404522682627,45.58024198040368
2029-05-31,41.8445220987866,37.850116962067474,45.47719261626319
2029-06-01,41.74020901492558,38.20062751102568,45.52578589003429
2029-06-02,41.35751477478707,37.81668353714354,45.31848794124088
2029-06-03,41.31308423457313,37.61709943670823,45.099171491812406
2029-06-04,40.8631085156946,37.20136481606973,44.60699762112052
2029-06-05,41.059803633184096,37.536981402584345,44.6849206363144
2029-06-06,40.69196866449381,37.26529403926902,44.4036689786107
2029-06-07,40.57023625730066,36.81469565659453,44.4941117050844
2029-06-08,40.49305642180155,36.89691863856217,44.0476835133626
2029-06-09,40.13606240709446,36.64351035179943,43.66793413964096
2029-06-10,40.11490446871901,36.590957051524,43.796469689982864
2029-06-11,39.684820281988785,35.826091804176286,43.359213017813225
2029-06-12,39.897134614588836,36.29071078986136,43.534642530849936
2029-06-13,39.539837647631344,35.945715653759706,42.88690615702541
2029-06-14,39.42285429036262,35.75628562824318,43.04788521556515
2029-06-15,39.34404500200159,35.79625167036717,43.07230532372791
2029-06-16,38.978586520099945,35.172880142016524,42.758420951565505
2029-06-17,38.94181794387031,34.96279900596452,42.7280285385236
2029-06-18,38.48882061884799,34.803118640507044,42.265576266925414
2029-06-19,38.67092418661039,35.10045346695196,42.48586775421721
2029-06-20,38.27628800390273,34.92675372658885,42.22635547064384
2029-06-21,38.115170161803,34.58445078082523,41.663981236254486
2029-06-22,37.98592457768943,34.40169989936259,41.73699962909939
2029-06-23,37.56437459450764,33.93666275676138,41.39696021236415
2029-06-24,37.46664864676822,33.63586253582583,41.159162106426216
2029-06-25,36.948746625060615,32.85389398638303,40.50173323095242
2029-06-26,37.06302955900292,33.28875063495361,40.5248807546672
2029-06-27,36.59878214506707,32.69719041752193,40.23071145147025
2029-06-28,36.36746073096347,32.80937537163875,40.1451348674424
2029-06-29,36.16866766130273,32.42678400506012,39.50490918625196
2029-06-30,35.67950089220857,31.895399335920857,39.22417301017295
2029-07-01,35.517364938457185,31.564640041510046,39.26117301933017
2029-07-02,34.93951230833991,31.148975446298998,38.65871521129128
2029-07-03,34.99950857721858,31.297674116720152,38.72569167341352
2029-07-04,34.48777115261584,30.704314661657076,38.32776376920485
2029-07-05,34.216794852161485,30.406373841559287,38.089009115008366
2029-07-06,33.98710568018031,30.279150859340714,37.7968345018242
2029-07-07,33.47659215214476,29.869838292590618,37.5443664872366
2029-07-08,33.303300621954435,29.771214634779522,36.89493992167136
2029-07-09,32.72496409971812,29.177101835929893,36.63229633360997
2029-07-10,32.79545797677122,29.088421528110636,36.66937371408301
2029-07-11,32.30533290347567,28.462221767501067,35.73317681833452
2029-07-12,32.06703805671506,28.546021638399427,35.746986218435204
2029-07-13,31.88087621851247,28.463413154809306,35.691190024851075
2029-07-14,31.42433997006745,27.677912334747486,35.199574146113726
2029-07-15,31.31491533211782,27.774848119892468,34.828136581344644
2029-07-16,30.80962213910291,27.373940453525343,34.41512014791988
2029-07-17,30.961484292474374,27.11746865361018,34.7635297469247
2029-07-18,30.56007980306629,26.720686395109972,34.118217436462864
2029-07-19,30.41678346731638,26.970888022390398,34.04190667227294
2029-07-20,30.33074316006126,26.677546276093018,34.1331528631338
2029-07-21,29.978238573254902,26.03218493861945,33.64221367510499
2029-07-22,29.97550823177081,26.157890058116735,33.596456632551906
2029-07-23,29.57831356113998,25.743994795519917,33.27813536119358
2029-07-24,29.838432639238754,26.01967102589375,33.62883579477699
2029-07-25,29.544233039722066,25.82819068853655,33.0409780999935
2029-07-26,29.505936132942256,26.0454500384864,33.40501422989599
2029-07-27,29.52161338193361,25.89595363303163,33.29131033978481
2029-07-28,29.266563061759364,25.760972914126338,32.805571024990485
2029-07-29,29.35615288515814,25.641274757365327,32.88871208991066
2029-07-30,29.04539702164135,25.582952812330333,32.860466048916976
2029-07-31,29.385459920507472,25.701649383011663,32.96550199950724
2029-08-01,29.164236194604225,25.161865005981014,32.78494162691595
2029-08-02,29.19161885245831,25.642302695143066,33.05538190294865
2029-08-03,29.265496411666813,25.39607765150613,32.87161078317043
2029-08-04,29.061127389330824,25.23197536601469,32.89276187437382
2029-08-05,29.193977789100146,25.633130744098317,32.65334649132294
2029-08-06,28.91929027288178,25.138439391767996,32.458050941150404
2029-08-07,29.288577686823977,25.587231021916722,32.82986290538918
2029-08-08,29.09019050793688,25.16861911848847,32.5401344311547
2029-08-09,29.134570850284103,25.661885266386037,32.83933003811199
2029-08-10,29.22023394704202,25.564032800662886,32.884350215144366
2029-08-11,29.0231260093499,25.318048039811224,32.60756008415851
2029-08-12,29.159444497952208,25.787850810766287,32.627921065501006
2029-08-13,28.885189912497324,25.46673315569794,32.42190699236403
2029-08-14,29.25264217495267,25.57649165562633,32.784375802378555
2029-08-15,29.050911560385643,25.039947249477354,33.0427958875636
2029-08-16,29.091177171647686,25.272581386220082,32.91939695152928
2029-08-17,29.17265419438789,25.51292799734799,32.513379375309036
2029-08-18,28.97193910890433,25.36303371998289,32.519334404614376
2029-08-19,29.105819119980296,25.282289226362504,32.6998798258615
2029-08-20,28.830815080290716,25.27433137809081,32.737635152063014
2029-08-21,29.199651097204654,25.500666145676384,32.96161733788397
2029-08-22,29.001800831271048,25.38118461672494,32.9880296890844
2029-08-23,29.048723480202852,25.57704099481868,32.899805360225265
2029-08-24,29.139830626300153,25.396691789109255,32.86917754249327
2029-08-25,28.9518330131871,25.197925636882584,32.36951097207989
2029-08-26,29.101553355181025,25.479512098674974,32.583916958010406
2029-08-27,28.845474255816857,25.167688166588533,32.669800104060776
2029-08-28,29.236214192256615,25.74459485807498,32.90918610312807
2029-08-29,29.063081314485984,25.158156605286973,32.55943412922329
2029-08-30,29.13731777584219,25.403676080487585,32.96386635457824
2029-08-31,29.258075486253134,25.63908623788663,33.06240395471704
2029-09-01,29.101772066946637,25.583681739762746,32.85138314980456
2029-09-02,29.284912830574317,25.758048192478956,32.82850710469404
2029-09-03,29.063647599751025,25.28931261036416,32.51702921816599
2029-09-04,29.490255080235094,26.057231638359834,33.237862054767476
2029-09-05,29.35370432660004,25.71891565486225,32.841156468844716
2029-09-06,29.464905840644057,25.4323528578895,33.19939233770745
2029-09-07,29.62269305651072,25.96872771638387,33.52679945885593
2029-09-08,29.50318289555731,25.662621408975667,33.18858017685137
2029-09-09,29.722601162410072,25.899198283941548,33.43494725454688
2029-09-10,29.536841585954306,25.882218845289767,33.53218834046458
2029-09-11,29.99795125422088,26.344288361661295,33.74873151139986
2029-09-12,29.894692053224603,26.106981846725184,33.629423505381986
2029-09-13,30.037790757874063,26.16153472053674,33.89186639137445
2029-09-14,30.22591866771935,26.394907900434,33.66865201863805
2029-09-15,30.135049634493214,26.407519025120124,33.94559093855224
2029-09-16,30.381282435599303,26.759455528245752,34.162045332670054
2029-09-17,30.22039649183889,26.316172846938887,33.7167786941339
2029-09-18,30.70433387761266,26.940404227092966,34.33098041387918
2029-09-19,30.621757430314716,26.99458232499625,34.09730434815342
2029-09-20,30.783297794206316,27.25910783345558,34.41944120510279
2029-09-21,30.987530462411407,27.149710287736116,34.764281359881124
2029-09-22,30.910331812728785,27.419975669101483,34.65210996005346
2029-09-23,31.16770021268235,27.64953607118138,34.66286460142238
2029-09-24,31.015311281674677,27.579203719790875,34.581790375605614
2029-09-25,31.505000313203794,28.05091295042713,35.35530591620508
2029-09-26,31.425321681785288,27.817565182040475,35.0201729990881
2029-09-27,31.586798050179077,27.9391690849166,35.36452048518337
2029-09-28,31.787900383933877,28.191117781847577,35.69640689161105
2029-09-29,31.70440767699821,27.95274405331025,35.204023682513885
2029-09-30,31.952232339669074,28.360332309102642,35.70357480136948
2029-10-01,31.786980184416937,28.273896962364084,35.569328129076716
2029-10-02,32.260437837055726,28.469088873071012,35.88740465535929
2029-10-03,32.161137205158845,28.545423545381198,35.91440125389888
2029-10-04,32.29960961573808,28.705656029048942,35.94701687259008
2029-10-05,32.47437042179118,28.7659153960056,36.29544887237447
2029-10-06,32.36128277720757,28.397905428503865,35.97446493223413
2029-10-07,32.57638633741338,28.85708839589177,36.23043766621305
2029-10-08,32.37545964457917,28.782024518713662,36.26629035823278
2029-10-09,32.81050887168522,29.389954390557318,36.719779938461485
2029-10-10,32.67033243352422,28.870236161191166,36.22780615889732
2029-10-11,32.76577398704481,28.9678282270787,36.220683544316444
2029-10-12,32.895704569035445,29.22877442331743,36.67812893022501
2029-10-13,32.73638255997383,29.401789351236552,36.4056118893117
2029-10-14,32.90427726296645,29.027793585302373,36.61994340999003
2029-10-15,32.65562493072082,29.038197316612624,36.66822643275728
2029-10-16,33.042910030394715,29.363862265711315,36.67987846027663
2029-10-17,32.85542140888993,29.07548737860711,36.522998442445896
2029-10-18,32.9044960708439,29.443844637959344,36.364724949285
2029-10-19,32.98949153769955,29.282054994828318,36.61615082627808
2029-10-20,32.78713572169595,29.211981283305242,36.3650527545091
2029-10-21,32.91434036680483,29.383754268579136,36.65187162697435
2029-10-22,32.62774716322959,29.155195881209387,36.17507391477656
2029-10-23,32.98019960185819,29.383021686427046,36.89887893168701
2029-10-24,32.76129050259346,28.902235726010737,36.38160607592696
2029-10-25,32.782598186885366,29.005550959877162,36.41811889923678
2029-10-26,32.84365249990842,29.305113756063086,36.746162877252324
2029-10-27,32.62127982488306,28.792063279633172,36.53466841099974
2029-10-28,32.73241331522087,29.32461768573712,36.66879338219331
2029-10-29,32.43363758403899,28.566114896252444,36.094619192455184
2029-10-30,32.777661004895464,29.316453889261883,36.59433177760916
2029-10-31,32.553865596308874,28.922128104673902,36.063967191983295
2029-11-01,32.573547448038674,28.93679955530498,36.60491690569213
2029-11-02,32.63588883052659,28.97139799569379,36.38689280531563
2029-11-03,32.4173110151322,28.790749412411778,35.845196873652654
2029-11-04,32.53429386719539,29.089683645392643,36.13374573661393
2029-11-05,32.24293124276599,28.618836353665024,35.59988597746934
2029-11-06,32.59541509404397,29.16217594072448,36.24658717519184
2029-11-07,32.380597973164384,28.450333877179144,36.03554987021681
2029-11-08,32.4092465825917,28.485375026307086,35.85606545683194
2029-11-09,32.48002718488023,28.93510448242829,36.05914307914348
2029-11-10,32.268871560576855,28.39949350945759,35.959398765471605
2029-11-11,32.39180923621883,28.92714888290769,35.96532108716687
2029-11-12,32.10453468119472,28.477756803572063,35.743099329250306
2029-11-13,32.458902063383576,28.482241934208766,35.93441191369788
2029-11-14,32.243496963938014,28.40839421836048,35.85994505824116
2029-11-15,32.268897443921766,28.57162762047592,35.81689125789218
2029-11-16,32.333665061244346,28.616143712062645,35.94716229914282
2029-11-17,32.11371435959509,28.582019645120145,35.82247488137054
2029-11-18,32.22514643669758,28.458613238420412,35.575652327729685
2029-11-19,31.92381523193127,28.40001503752128,35.88519780581084
2029-11-20,32.26181912272892,28.830561683027426,35.75075704974195
2029-11-21,32.028067288305174,28.26615784606625,35.66209832084054
2029-11-22,32.03353334946031,28.395498340277534,35.60747178456654
2029-11-23,32.077237054116196,28.404136538108478,35.741145331037565
2029-11-24,31.835602752759012,28.468183567035815,35.62480822602574
2029-11-25,31.925280539313306,28.005445732372916,35.4363456257495
2029-11-26,31.602699004756886,27.94074741107137,35.37551980747925
2029-11-27,31.920542531390776,28.075385831960244,35.45281854691497
2029-11-28,31.66830294737821,28.006693589809295,35.61500147103573
2029-11-29,31.657518424574764,28.115211114893636,35.493070818265615
2029-11-30,31.687740767012,27.880032991428155,35.419449639552276
2029-12-01,31.435880205531138,27.47346752681406,35.444074091415835
2029-12-02,31.51901392911265,27.816798281311357,35.30288479214623
2029-12-03,31.193927629655914,27.517627012339627,34.591967080689784
2029-12-04,31.51358328318254,27.92757282706042,35.103548859074756
2029-12-05,31.26766323983635,27.559835810196994,34.86072576351076
2029-12-06,31.26780370939161,27.681893211607907,35.05361348219782
2029-12-07,31.31355893874168,27.83563713911442,34.97276472386943
2029-12-08,31.081745287170087,27.469360815084798,34.72029562860261
2029-12-09,31.189251459098127,27.460188036057634,35.053639474945996
2029-12-10,30.89258413783717,27.37532741842591,34.68994093376616
2029-12-11,31.244342148579594,27.558973248745435,35.00813792174412
2029-12-12,31.03376906894324,27.42775729815377,34.79412215623714
2029-12-13,31.0719971643014,27.41686021623128,34.81307560626183
2029-12-14,31.158023684763194,27.50278808899141,34.82904514418121
2029-12-15,30.968068426518474,27.06934288030323,34.638695095815606
2029-12-16,31.118398478390674,27.717841784109552,34.61342764553245
2029-12-17,30.864889031372456,27.378896577500427,34.41139854178947
2029-12-18,31.259512995966972,27.775065568095574,34.96173863768576
2029-12-19,31.090908954602487,27.729946987083576,34.80013908538153
2029-12-20,31.169639937696335,27.441785066597102,34.811853508187525
2029-12-21,31.294183683955417,27.589809739275445,34.957477612282844
2029-12-22,31.14030293349044,27.396252921085384,34.835159649174045
2029-12-23,31.323881351611615,27.569377274380006,34.63782297686811
2029-12-24,31.10049367756183,27.200958475850623,35.03721776383594
2029-12-25,31.521902606210844,27.95362988398777,35.25579514623201
2029-12-26,31.37663174587815,27.683053784357313,34.79581637316619
2029-12-27,31.475227014080872,28.00527294117754,35.204949199924535
2029-12-28,31.61624706554558,27.791520401196166,35.42630987881054
2029-12-29,31.475631296772633,27.7987856190816,35.01953662389113
2029-12-30,31.66953108281748,27.97605174445989,35.253505777351855
2029-12-31,31.453872958629823,27.522616043557672,35.230254531703906
2030-01-01,31.88084642829262,28.23796098081787,35.77543041994226
2030-01-02,31.739465973129803,28.045184044420175,35.19639929552998
2030-01-03,31.8408198948942,28.274592742124657,35.627080922596576
2030-01-04,31.984046902134455,28.344676269682694,35.4946925868642
2030-01-05,31.84568932921827,28.037959289487464,35.43747948231301
2030-01-06,32.042509011184016,28.348425629458685,35.87171238074802
2030-01-07,31.831034907467416,27.99409770179517,35.764949321504645
2030-01-08,32.26403554183813,28.42720400322529,35.9426681987841
2030-01-09,32.131066207314184,28.65563383637927,35.82946759693783
2030-01-10,32.24370393427125,28.07531235954374,35.99071784793899
2030-01-11,32.4015114672002,28.42516400630842,35.97104295109908
2030-01-12,32.28137944386461,28.594756650765405,36.099766733498825
2030-01-13,32.5003330639856,28.81859299545797,36.20840566836374
2030-01-14,32.315072557721585,28.659715126895073,35.859685153427314
2030-01-15,32.77844068682718,28.682948691719176,36.45881275687236
2030-01-16,32.67996733730896,28.890048221719898,36.401206978624835
2030-01-17,32.83110425418364,29.21601130974778,36.321310462283456
2030-01-18,33.03119115767741,29.312558804101517,36.88952261476442
2030-01-19,32.95680237071211,29.29922458429475,36.47488857897215
2030-01-20,33.224560125258755,29.648792242043715,36.807304340668175
2030-01-21,33.09068368612649,29.23520065154578,36.74644955697025
2030-01-22,33.6074673060029,29.842025469085275,37.175618318011594
2030-01-23,33.56383681008893,29.801515762874995,37.36523942526301
2030-01-24,33.77059756582777,30.096275638769736,37.70308323861013
2030-01-25,34.02641475505801,30.26502017745692,37.99386566162973
2030-01-26,34.007174737684984,30.19552574647681,37.64818021393532
2030-01-27,34.328813323520265,30.758476589574027,37.833201944896636
2030-01-28,34.24687973846961,30.62352343292011,37.99811737653786
2030-01-29,34.813028953600664,31.340438490932694,38.44657916432238
2030-01-30,34.8155918455132,31.12466791252991,38.319479665288505
2030-01-31,35.06483563678179,31.315073335848005,38.63332844966094
2030-02-01,35.35895525729641,31.76834373154097,38.93336405225783
2030-02-02,35.37344417545303,31.82788355165956,38.938749147941095
2030-02-03,35.72393031739281,32.13557188541094,39.42401925466682
2030-02-04,35.66574570762626,31.853896552600478,39.53539632924983
2030-02-05,36.250422395289995,32.77617416297662,39.83897520890132
2030-02-06,36.26626408040008,32.36387845381081,39.5516265552923
2030-02-07,36.52360588529471,32.69763468552812,39.92104694971592
2030-02-08,36.82080295817562,33.261890563693356,40.43998878235861
2030-02-09,36.83359655148696,33.312251472495376,40.63187857485278
2030-02-10,37.17794333137384,33.667271491911215,41.01708394259857
2030-02-11,37.1095767299732,33.42623174456295,40.732399046704145
2030-02-12,37.68049311834578,33.927919516176814,41.248278946150485
2030-02-13,37.67951245728734,34.27621670573414,41.416204445779364
2030-02-14,37.9175261372274,33.859285919953045,41.289396778893035
2030-02-15,38.19347297637307,34.40945336289826,41.80924614178517
2030-02-16,38.18369231137377,34.444523889660196,41.660882858353865
2030-02-17,38.504740230726696,34.795562783920644,42.266716776079356
2030-02-18,38.41293805204095,34.763005447212656,42.01585466353936
2030-02-19,38.96084609925427,35.52980317256288,42.6302714390238
2030-02-20,38.93781269824481,35.04744138643242,42.48944075068027
2030-02-21,39.155211340484925,35.51728635933993,42.791216252050056
2030-02-22,39.4124071948739,35.517907307258206,43.50477935328954
2030-02-23,39.38610208158173,35.87993680552424,43.03176495430112
2030-02-24,39.69314410299463,35.961497674841965,43.46796053081703
2030-02-25,39.59007114099233,36.02919410386825,42.89644674757327
2030-02-26,40.12958134665047,36.47970547161817,43.88320169369223
2030-02-27,40.101080572329195,36.35357097261023,43.484174240213335
2030-02-28,40.31591968941814,36.47580751961317,43.86309616061687
2030-03-01,40.573362929012774,36.850201982177786,44.10545561453894
2030-03-02,40.54993628213072,36.77892669898765,44.017984118738845
2030-03-03,40.862242045891065,37.30348246175975,44.343051054509864
2030-03-04,40.76650858821607,37.24551839101716,44.31600093878854
2030-03-05,41.31506829642764,37.658570197294715,45.091879071433915
2030-03-06,41.296913479237524,37.6403152633587,44.917984038131316
2030-03-07,41.52294296979243,37.56428020687075,45.22239269226781
2030-03-08,41.79194036086898,37.95692432732369,45.2896541638063
2030-03-09,41.779932696851915,38.18350910967277,45.429365414696335
2030-03-10,42.10301549578603,38.20603757456268,45.89235234310651
2030-03-11,42.01691296390529,38.19521173764093,45.81977023525502
2030-03-12,42.57346616523694,38.76002889298276,46.12831572562131
2030-03-13,42.56119872385798,38.90097106837082,45.904517790623686
2030-03-14,42.79057262872817,39.213367230169915,46.310233626023475
2030-03-15,43.059974911591596,38.99887731955876,46.853716899315884
2030-03-16,43.045083881189484,39.11570208329704,46.82202162536592
2030-03-17,43.3617006667759,39.73132516545386,47.050153687453914
2030-03-18,43.26531483550248,39.51900240702177,47.131661750197566
2030-03-19,43.807596771370136,40.136406218364506,47.602616110877854
2030-03-20,43.776966341880566,40.109519940838204,47.30481415960053
2030-03-21,43.983850394060546,40.138574178499454,47.75839870148684
2030-03-22,44.226669844582396,40.71513137053777,47.742730207230395
2030-03-23,44.18120506325757,40.55029280560901,47.84378199828899
2030-03-24,44.46342533928601,40.582649881745084,48.24998169179201
2030-03-25,44.32905125018624,40.584966059904,48.22715595653468
2030-03-26,44.83004269382542,41.1966486713863,48.36630768906243
2030-03-27,44.75516219789105,41.24034667752446,48.54955574991002
2030-03-28,44.91522615032586,41.31361501427364,48.71055568756926
2030-03-29,45.109084829106834,41.630310215315,48.54925329397994
2030-03-30,45.01298005402007,41.276611996026546,48.744048288092635
2030-03-31,45.24336638116555,41.83852718609841,49.1748316835827
2030-04-01,45.05646479749821,41.20626080306657,48.68697722631598
2030-04-02,45.504741817449876,41.935900738853626,49.398905964398914
2030-04-03,45.37746374009989,41.562307514878874,48.972823431383055
2030-04-04,45.485938855390664,41.58016829562798,49.12379333269301
2030-04-05,45.629488621886395,41.78334816159732,49.28358318737665
2030-04-06,45.484796780523396,41.9064839394716,49.14885173852339
2030-04-07,45.668722462952196,41.91866054918894,49.16724053712774
2030-04-08,45.43784638417603,41.806395736278986,49.213585829654775
2030-04-09,45.84494314703242,42.27522710603906,49.59349121060636
2030-04-10,45.67952953403706,42.14004838741056,49.39688522615403
2030-04-11,45.75310168217973,42.49161992986115,49.58749332792785
2030-04-12,45.86510225887133,42.17558800242455,49.64657615576588
2030-04-13,45.69226668622249,41.88889771639345,49.26862421292194
2030-04-14,45.851434540533816,42.05017653732315,49.496558490221815
2030-04-15,45.599095269198266,41.79698652675406,49.22171459240766
2030-04-16,45.98786128775647,42.55737309291565,49.420638243399196
2030-04-17,45.80701834928721,41.97438854260438,49.51401560511719
2030-04-18,45.86776607875728,42.27710330801046,49.43271185053796
2030-04-19,45.96918976685781,42.1297152877971,49.89559291462876
2030-04-20,45.7876124255168,41.944661614333874,49.43704293929575
2030-04-21,45.93941316510751,42.40203013515848,49.62293894182448
2030-04-22,45.6805809467269,41.79402193405075,49.12521724390066
2030-04-23,46.06319666171737,42.36998066884722,49.67969447760508
2030-04-24,45.8759932989951,42.210098052037914,49.48891787688382
2030-04-25,45.92960694116846,42.105689987518254,49.61023288223813
2030-04-26,46.02255951399093,42.547749677909444,49.45668880270191
2030-04-27,45.83062210493381,41.7974546490341,49.45996928441569
2030-04-28,45.9696447107911,42.54515510448384,49.9745536571626
2030-04-29,45.69512125674983,42.19628740950433,49.17813203730102
2030-04-30,46.058682620918646,42.11940971289142,49.849925934044265
2030-05-01,45.848667203279774,41.89339783575365,49.32996323629891
2030-05-02,45.875381559253555,42.34837117726014,49.71094729150481
2030-05-03,45.93709180698206,42.41299713610172,49.7449941574078
2030-05-04,45.709394418676816,42.06137327606888,49.46185510816822
2030-05-05,45.80805206523765,42.104309919912765,49.47031789264459
2030-05-06,45.48856318547807,42.01484841505041,49.11498311055001
2030-05-07,45.80265786688244,42.09128121081715,49.39788570649708
2030-05-08,45.538869458279464,42.11464446718486,49.287870068557055
2030-05-09,45.50779434846465,41.7052534682539,49.10966563848746
2030-05-10,45.508080569479844,41.9907606932274,49.20163213322164
2030-05-11,45.21579382317971,41.40575660348243,48.50816924020093
2030-05-12,45.24724662923812,41.5584841253796,48.838206989301945
2030-05-13,44.85855933680278,41.277926165900354,48.45345439605629
2030-05-14,45.10214569987882,41.61156618409679,48.53630090933015
2030-05-15,44.767272591618465,41.36822221321988,48.5733961275336
2030-05-16,44.6653064863234,40.89604496250057,48.497407049886434
2030-05-17,44.59568760004613,40.7702382623061,48.586935021025965
2030-05-18,44.2352805543364,40.48091696617639,47.88864807991674
2030-05-19,44.20118755642828,40.49785952490715,47.8574113955064
2030-05-20,43.750293156807025,40.21735580919283,47.479941200749046
2030-05-21,43.93573362061954,40.272584264923516,47.701362127076806
2030-05-22,43.54744083487058,39.8242736855614,47.05337106740465
2030-05-23,43.39737373022859,39.57851923852854,46.91344954443611
2030-05-24,43.285478453578,39.66163659074603,46.938097477523094
2030-05-25,42.88902648847007,38.944336307459004,46.3788683715537
2030-05-26,42.825417028654066,39.1845457868052,46.707585043936945
2030-05-27,42.351712949194756,38.9526456489804,46.165515952712774
2030-05-28,42.521103659131334,39.06372172486686,46.04786653565526
2030-05-29,42.123444962712654,38.3558415147916,45.74955096822088
2030-05-30,41.97048906423923,38.54648518412529,45.72675240185636
2030-05-31,41.86184605530198,38.12001111909981,45.68746693199773
2030-06-01,41.47432612642958,37.81793674494431,45.167428787108086
2030-06-02,41.424748792906584,37.617637428048525,44.79712196417505
2030-06-03,40.96948840198422,37.33619949781371,44.50801658274849
2030-06-04,41.160949066663,37.27965034175328,44.788320687026804
2030-06-05,40.78811895396483,37.19616893272225,44.70742833285334
2030-06-06,40.66181680665146,37.011924993361255,44.35990014638678
2030-06-07,40.580671728200656,36.922081554241906,44.24603554568282
2030-06-08,40.22048511731673,36.64236016617897,44.06136170813146
2030-06-09,40.19706064592004,36.36268673569825,43.875307702130165
2030-06-10,39.76577112048177,35.91903911383742,43.328680828120035
2030-06-11,39.97805492169101,36.36069678975138,43.57726847403443
2030-06-12,39.62199148755019,36.15040258373399,43.0340281836299
2030-06-13,39.50756825344247,35.7969396160598,43.13006337459028
2030-06-14,39.432679621876375,35.86391625313648,43.26291795041266
2030-06-15,39.072506409790314,35.454311720702194,42.90557801815486
2030-06-16,39.04236125834854,35.159720939563385,42.876704352665456
2030-06-17,38.597268475091454,34.74331547016175,42.49867363413044
2030-06-18,38.78847068189408,35.23840293547769,42.474182838784955
2030-06-19,38.40401146868813,34.62685779848212,41.87437444849129
2030-06-20,38.25400626492392,34.53725080672526,41.96119727654633
2030-06-21,38.13664186892519,34.63327969655533,41.96953305079603
2030-06-22,37.72755302360073,33.918715163291125,41.66761469083602
2030-06-23,37.64266153947648,33.947986380301955,41.54281539283885
2030-06-24,37.137746527078214,33.588788242837424,40.832604050172286
2030-06-25,37.26493827910301,33.63613294908362,40.97037643858211
2030-06-26,36.813285241304264,33.2631884623395,40.3835138662333
2030-06-27,36.594006590244504,32.64476500927682,40.25681928227319
2030-06-28,36.406471225069495,32.670549224288756,40.030670727438284
2030-06-29,35.92755198186701,32.52008062665259,39.4883801119352
2030-06-30,35.77444103541416,32.269926006458746,39.22549042123136
2030-07-01,35.20419554770827,31.723249931001433,38.812165634642334
2030-07-02,35.27020662350182,31.694332867262712,38.897386097218444
2030-07-03,34.76274154199478,31.458174740380095,38.55665845664679
2030-07-04,34.49417231154011,30.96445413504474,38.210420188956405
2030-07-05,34.264931869489715,30.411176056824765,37.80981777795666
2030-07-06,33.7528472250359,30.042710381039466,37.61698046752644
2030-07-07,33.57593596222879,29.899293965032292,37.39101226605838
2030-07-08,32.99193556746849,29.336462439795362,36.89969457131881
2030-07-09,33.05475898963286,29.333571909807958,36.49706503945497
2030-07-10,32.55502668507614,28.93355119902017,35.874828283679655
2030-07-11,32.305288405816675,28.586743612829927,36.167291621419814
2030-07-12,32.105976188270745,28.48879105955831,35.77275674673473
2030-07-13,31.634737896022898,27.961747896367722,35.331357566559376
2030-07-14,31.50923770915303,27.62534628835364,34.895332213405474
2030-07-15,30.98669291979652,27.494296986791625,34.828290350290345
2030-07-16,31.1203402605759,27.184950302107183,34.456483024511996
2030-07-17,30.69998176401905,26.767622722207047,34.75959827720312
2030-07-18,30.537223090957564,26.579347122552544,34.00775129320627
2030-07-19,30.43144540639513,26.95296208179453,33.96186423407879
2030-07-20,30.059159728442413,26.254072991336063,33.6248639250109
2030-07-21,30.036829675745707,26.53829823242782,33.84318649067152
2030-07-22,29.62043147857249,26.17437290140962,33.174977105610004
2030-07-23,29.86194396959568,26.284927018047366,33.584270979654136
2030-07-24,29.549918038191585,25.53054258633827,33.239955599628814
2030-07-25,29.49473798023463,25.833950604108026,33.41700257367572
2030-07-26,29.494615336010156,25.696748766106804,33.26704399609854
2030-07-27,29.2249636871776,25.47869841386756,33.06816170209226
2030-07-28,29.301239925326577,25.5111639800584,32.833637892322045
2030-07-29,28.978520495053232,25.393169751499872,32.59429272250272
2030-07-30,29.30800502415805,25.528376950564628,32.818027454047446
2030-07-31,29.077596586246923,25.34060855626798,32.78349267613496
2030-08-01,29.09717085880561,25.489465830875314,33.06066725790613
2030-08-02,29.16457467288762,25.524493553529563,33.04555476905399
2030-08-03,28.95500240239687,25.410915946708265,32.40323860311915
2030-08-04,29.083835755138015,25.297559532827194,32.65466831688346
2030-08-05,28.80621558828456,25.274803921604306,32.417461121107635
2030-08-06,29.173538346250453,25.252589540495364,33.02219272810261
2030-08-07,28.974026611479488,25.26096395114709,32.67212509181617
2030-08-08,29.017986328937514,25.187050473845424,32.510132101347295
2030-08-09,29.103791542204327,25.444818712023647,32.51938373918087
2030-08-10,28.9072454654579,24.999673398259347,32.462069655482665
2030-08-11,29.044403854223724,25.36232775806048,32.862089178233006
2030-08-12,28.771129712150064,25.24667731917008,32.494311347113815
2030-08-13,29.13957234951291,25.496470866022882,32.604906997789485
2030-08-14,28.93872069426563,25.22111132307918,32.56189787395137
2030-08-15,28.979643809187184,25.06902089411747,32.63276830343555
2030-08-16,29.0614598187762,25.4993966709718,32.83536395985653
2030-08-17,28.860682400397597,24.90163422777863,32.527063651226605
2030-08-18,28.994031089842835,25.446304880679772,32.50401116211735
2030-08-19,28.717974676825065,24.95262489084217,32.38797362831998
2030-08-20,29.085200890712407,25.067581631744343,32.932459558225496
2030-08-21,28.885162405196642,25.032278273712844,32.37531731148073
2030-08-22,28.929312185096236,25.053199148183225,32.27658846165772
2030-08-23,29.017069390508265,25.238330579421866,32.51578619588596
2030-08-24,28.82516494798362,25.31429908563485,32.05076085885858
2030-08-25,28.970452940919213,25.217641399950345,32.514715306565726
2030-08-26,28.709456948078955,25.165525090053226,32.31567613058187
2030-08-27,29.094844341201064,25.61484772031002,32.7202390503964
2030-08-28,28.91597834508786,24.929387183765506,32.60549128417562
2030-08-29,28.984160629779016,25.45224532228771,32.810869045520874
2030-08-30,29.098605376438908,25.470045610405652,32.627283415029574
2030-08-31,28.935793641580823,25.456928038413587,32.350581050594776
2030-09-01,29.112293884020545,25.369750470252665,32.73266696297737
2030-09-02,28.884317501407605,25.120564575335006,32.348667801705446
2030-09-03,29.304202119103515,25.235693309565207,32.912172339081046
2030-09-04,29.160972187881836,25.52316647051267,32.79967324908316
2030-09-05,29.265589441125048,25.124676717641012,32.89303970550464
2030-09-06,29.416933967692565,25.685722328581768,33.146798401061226
2030-09-07,29.291164577672237,25.699403820673272,32.72487540560814
2030-09-08,29.504544219035708,25.95053166827403,33.211177858075175
2030-09-09,29.312999228716013,25.693130581216145,32.93504011996067
2030-09-10,29.768605140836755,26.2144887598029,33.47829315630167
2030-09-11,29.66014863102356,26.055139842805243,33.18647398908909
2030-09-12,29.798378210103703,25.880705776140182,33.37310158963159
2030-09-13,29.98198452275738,26.329844603458994,33.77355482562932
2030-09-14,29.886959059856192,26.04947241659208,33.41959034096636
2030-09-15,30.129417200787422,26.52417764843912,33.78607496646221
2030-09-16,29.96515454786288,26.092707192307348,33.49743061899801
2030-09-17,30.44612946784912,26.727735486998455,33.93818497615168
2030-09-18,30.361021618276332,26.69984037600801,33.820939019188685
2030-09-19,30.520479269860886,26.58353831762381,34.22307378857025
2030-09-20,30.7230964707447,27.24123487764752,34.52417411322746
2030-09-21,30.64476903685768,26.896331630305408,34.23289696226902
2030-09-22,30.901515439487234,27.370485945481175,34.536162699632406
2030-09-23,30.749031680729605,27.16809390827601,34.543971646911295
2030-09-24,31.23917316968612,27.44574790224711,34.875362760742334
2030-09-25,31.1605134407655,27.585092754286766,35.071061263667396
2030-09-26,31.323592552613505,27.951751564216657,35.301526681816306
2030-09-27,31.526896203151537,27.899119675933857,35.31592680627812
2030-09-28,31.44621449746866,27.73881234312658,35.08997846216791
2030-09-29,31.6974663563105,27.95147234977507,34.998921000603666
2030-09-30,31.536258539424203,27.8629378567875,35.2274225939703
2030-10-01,32.01437215087272,28.293188650406485,35.50617811966761
2030-10-02,31.92032629746337,28.06372696974463,35.85892075291904
2030-10-03,32.064631549826984,28.413506512869173,35.728811013239735
2030-10-04,32.245774040080484,28.337964525130406,36.058828977649576
2030-10-05,32.13957892572026,28.48629872727723,36.03587588723186
2030-10-06,32.36203900179683,28.836324248942212,36.13896979603146
2030-10-07,32.168877238450676,28.543001044027633,35.72829547410327
2030-10-08,32.61203592932176,29.308034249681192,36.17961763633184
2030-10-09,32.480241962344856,28.717900465935625,36.17602683576056
2030-10-10,32.584260730802136,28.953095963826023,36.05305821155069
2030-10-11,32.72287941999899,29.200767364410634,36.3814764675551
2030-10-12,32.57226833783393,28.826381730006496,36.09630315896653
2030-10-13,32.74880605014778,29.17826017618361,36.52422406794872
2030-10-14,32.508637118933905,29.134840058241615,36.22738565871086
2030-10-15,32.904155192395436,28.922752193699516,36.964588295433565
2030-10-16,32.72456106375369,28.93478175561506,36.37661727222068
2030-10-17,32.78110836172209,29.192467245720884,36.42809417533546
2030-10-18,32.87307778944107,29.499627934114876,36.88317398490704
2030-10-19,32.67712879336711,28.75956888749953,36.35606791624677
2030-10-20,32.81011466250827,29.154057942615296,36.71456477668676
2030-10-21,32.52863011528272,28.682357964151183,35.96089229619479
2030-10-22,32.88548439477335,29.32560198200918,36.503692052687114
2030-10-23,32.67024976584279,29.07102901433346,36.12903067614005
2030-10-24,32.69449835043158,29.050683479033218,36.5404004988269
2030-10-25,32.75776847998662,29.00107061751838,36.4042476640739
2030-10-26,32.536909689523185,28.8421466797623,36.28500976300547
2030-10-27,32.64889257013107,29.201190519476203,36.45932486686011
2030-10-28,32.3503527201863,28.486879205907716,35.93710339638445
2030-10-29,32.69406195962023,29.267004863963546,36.35638399472031
2030-10-30,32.469476799922816,28.76455292465928,36.244516291205905
2030-10-31,32.48797715730587,28.492308799514078,36.27973141704126
2030-11-01,32.54883648846137,28.948529884021806,36.21723278879021
2030-11-02,32.328572422330545,28.698964349930762,35.86428431955631
2030-11-03,32.44376400234885,28.876904775281528,36.466990431313995
2030-11-04,32.15060462769537,28.747972067136505,35.838479002278625
2030-11-05,32.501383660066224,28.727866082287047,36.22019949459851
2030-11-06,32.28504644931755,28.700870251187613,35.65446620666807
2030-11-07,32.31244549036252,28.413187805957048,35.93015608787469
2030-11-08,32.382323587065116,28.5460935884285,36.32185561173952
2030-11-09,32.170677771782934,28.405867018435448,35.89984100164549
2030-11-10,32.29358975793554,28.726305207095105,36.039590027305614
2030-11-11,32.00679167347962,28.082564432315486,35.80357946724049
2030-11-12,32.362159706864986,28.544821786156593,36.03862779015598
2030-11-13,32.14828509863726,28.503498571757063,35.90794158680513
2030-11-14,32.17573489454608,28.64397007316465,35.97005888334486
2030-11-15,32.24304307116896,28.55259884000967,35.77647592195941
2030-11-16,32.026080557520736,28.466691027640724,35.5692308204023
2030-11-17,32.140889750546435,28.570441199998772,35.75561000596373
2030-11-18,31.843252144286858,28.03668762766008,35.49106227515937
2030-11-19,32.185181631316155,28.523185334097597,35.87189867712918
2030-11-20,31.955492894430513,28.222897455648116,35.50047869357925
2030-11-21,31.965057348005733,28.385232676134912,35.67948047458358
2030-11-22,32.01278734178698,28.127069260668964,35.60670751947621
2030-11-23,31.77499730829091,28.198753524133238,35.29266724554377
2030-11-24,31.868227661878432,28.32462880970959,35.65498693503363
2030-11-25,31.548800326601523,27.703041910141383,35.10069818189562
2030-11-26,31.869298749628513,28.376917764595177,35.61016226331347
2030-11-27,31.61912214972359,28.02329260105363,35.21153140256574
2030-11-28,31.609726816433525,28.071488063471563,34.89265050859381
2030-11-29,31.640595544657025,27.824852243967605,35.420844066690506
2030-11-30,31.38858426354024,27.901803702724965,35.069615337974746
2030-12-01,31.470732041587354,27.70869209516529,34.919728599019486
2030-12-02,31.143803705108517,27.085071664141907,34.81115594526832
2030-12-03,31.46075826349137,27.908624491849455,35.15422178137535
2030-12-04,31.211293195189157,27.363571446555113,35.14476339841066
2030-12-05,31.207077674127177,27.641168968805808,34.702481860168895
2030-12-06,31.247716037696314,27.521861781171587,34.98027340001805
2030-12-07,31.010090718504983,27.36867376955201,34.53843257551975
2030-12-08,31.11117092707129,27.72559328602488,34.99343706179084
2030-12-09,30.80755636716888,27.403797851091152,34.590712486009664
2030-12-10,31.15194915968761,27.30664152711963,34.53942580743438
2030-12-11,30.93370394938472,27.298200065443833,34.51200462149212
2030-12-12,30.96406913470184,27.173085227629926,34.65189796683584
2030-12-13,31.04216032574828,27.64984320995492,34.7432949142631
2030-12-14,30.844315004959682,26.96278475673015,34.47104057281631
2030-12-15,30.98691438473958,27.174892646976918,34.47047417857261
2030-12-16,30.725941413066458,27.092739094499816,34.3980486491951
2030-12-17,31.113467743069034,27.286185709295978,34.87681469348783
2030-12-18,30.9382192610166,27.15769298341458,34.33616768040553
2030-12-19,31.01083272283274,27.380464375372032,34.66802149254875
2030-12-20,31.129844214019666,27.631954268404396,34.76523965519513
2030-12-21,30.971058027224032,27.29910719178085,34.596849116507805
2030-12-22,31.15038159117076,27.526383237990412,35.00103981424222
2030-12-23,30.92339507040762,27.23019358208135,34.44913677059808
2030-12-24,31.341848157718665,27.679938916828384,34.760636010192485
2030-12-25,31.19423340459625,27.574163170493552,34.86968146234131
2030-12-26,31.29104844207707,27.636030281336463,35.12279137835453
2030-12-27,31.430787665407838,27.614254200060888,35.16816870494206
2030-12-28,31.289311895140624,27.710929310288154,34.86946999709647
2030-12-29,31.48268162858021,27.723623961023073,35.10118034669435
2030-12-30,31.26672254336357,27.52606355994195,35.00641853325061
2030-12-31,31.69351587831651,27.88659803372818,35.444824398137584
2031-01-01,31.551963198324117,28.067427143934893,35.02225144938737
2031-01-02,31.653038110760843,27.91014259768469,35.39728013080759
2031-01-03,31.79576577028887,27.981397875645207,35.11256181753664
2031-01-04,31.656578989299575,27.863933681980026,35.477212210762865
2031-01-05,31.852136906056096,28.17937913547513,35.48552431622462
2031-01-06,31.638875235105925,27.743186726176013,35.220743708717485
2031-01-07,32.06948110339963,28.626005208692135,35.91473048977553
2031-01-08,31.933442362963973,28.111882284096104,35.66090508368393
2031-01-09,32.04228432789344,28.41083495828966,35.74194486268429
2031-01-10,32.19553513930418,28.571552873420796,35.91387066363865
2031-01-11,32.07006891985258,28.620514561240437,35.6655731359922
2031-01-12,32.28291298313444,28.421979967755828,35.82067417046478
2031-01-13,32.09078839721535,28.41826865851498,36.026648883397435
2031-01-14,32.5465771351703,28.91874418768612,36.24165428138684
2031-01-15,32.439865882317086,28.698603424675692,36.00357725227017
2031-01-16,32.58217957213491,28.829619890788695,36.277648517049215
2031-01-17,32.77294592143108,29.245191517729545,36.241107191028505
2031-01-18,32.68884013485907,29.167315104857604,36.44380594344216
2031-01-19,32.9465959945066,29.43834183760882,36.5213552982527
2031-01-20,32.8025525278987,29.3465659069212,36.21351264823015
2031-01-21,33.309129328207476,29.701666179410452,37.05879237576857
2031-01-22,33.2553803886482,29.701392649298388,36.946680342157876
2031-01-23,33.452239272278504,29.848365480366425,37.19472192322764
2031-01-24,33.698496600669394,29.93743854240059,37.3337879031647
2031-01-25,33.67015871549067,30.082961061621226,37.143749300092416
2031-01-26,33.98327339187014,30.55893927104681,37.73641880512169
2031-01-27,33.89349144769012,30.336915490095457,37.553901378282326
2031-01-28,34.45255696976416,30.876499108195123,38.28097834781822
2031-01-29,34.44887567100449,30.74965229197388,38.347732271056685
2031-01-30,34.69277386534096,31.04713693478053,38.254974673897394
2031-01-31,34.98248873056533,31.186106490502617,38.80109128753181
2031-02-01,34.99353842850903,31.14721047895133,38.80238761767666
2031-02-02,35.34155771166573,31.64233350712894,38.895397139197996
2031-02-03,35.281867651079466,31.773774445957304,38.77125352692097
2031-02-04,35.86597204190012,32.30492544710486,39.32242613176352
2031-02-05,35.882129884122925,32.10644547762238,39.494445342171936
2031-02-06,36.140616358487996,32.37804553243973,39.815119957264955
2031-02-07,36.439712951656524,32.73714019690751,40.12344819679335
2031-02-08,36.455075333819096,32.92564728798492,40.053658093103714
2031-02-09,36.80256469996416,32.9753283689046,40.503845602836975
2031-02-10,36.7378113370095,32.92628517908931,40.24078253553351
2031-02-11,37.31270314192845,33.722462800575855,40.91458489511654
2031-02-12,37.315948693657624,33.473977240555925,40.73466373834569
2031-02-13,37.5583275349651,34.10740868780078,41.232283258968515
2031-02-14,37.83866857914552,34.051692755455456,41.56078220435178
2031-02-15,37.833205523607035,34.14102391822609,41.47909664818478
2031-02-16,38.15839527142721,34.50478969826568,41.818097048708786
2031-02-17,38.07046841709446,34.44758282321723,41.63634640828561
2031-02-18,38.62190481270351,35.072266332284606,42.20230848255869
2031-02-19,38.60198409909082,34.87192479045439,42.53148800681775
2031-02-20,38.82202412402645,35.46611662443509,42.24633744921329
2031-02-21,39.08134840700184,35.48237819484064,42.956543032912975
2031-02-22,39.056631750904465,35.45453612012602,42.67377680043244
2031-02-23,39.3647101894023,35.66596121894227,43.1149201877068
2031-02-24,39.262124480015096,35.54445300666091,42.96753246779585
2031-02-25,39.801590276671746,36.30981466767153,43.30817575502323
2031-02-26,39.77254494572776,36.319764088488064,43.427257253695224
2031-02-27,39.98638398879201,36.43885282847259,43.61998676701327
2031-02-28,40.242428234814156,36.71674229659045,43.98998757891325
2031-03-01,40.21727086786305,36.678019452199614,44.02886916521735
2031-03-02,40.52759041050955,36.82508801035136,44.29349015475685
2031-03-03,40.42969877171606,36.606233523776275,44.0544458702651
2031-03-04,40.97601736294065,37.123520520078934,44.70435446637
2031-03-05,40.955631091436445,37.082898471343974,44.72382523095069
2031-03-06,41.17953301802824,37.38682178606783,45.2739548755239
2031-03-07,41.4466006496691,37.880673290108454,44.96809639011435
2031-03-08,41.432952729135906,37.96352668396967,45.355306482318625
2031-03-09,41.75477243090274,38.00440390106973,45.574780642390664
2031-03-10,41.66786585873655,37.858419306916716,45.165016887420386
2031-03-11,42.22414863753081,38.68213731717374,45.78593369201827
2031-03-12,42.2122102032784,38.594012968714644,45.9711891073496
2031-03-13,42.44256838357372,38.74200831823742,45.950724854584365
2031-03-14,42.7136550573401,38.71126086897138,46.27181591257898
2031-03-15,42.70118159105727,39.17926835907539,46.428166334622404
2031-03-16,43.02096981409157,39.59111613992528,46.731670991412926
2031-03-17,42.92851730304099,39.18874666569496,46.75216707736669
2031-03-18,43.475489663980895,39.81019018767764,47.140759323877475
2031-03-19,43.450289335908025,39.845877707956845,47.21450405757205
2031-03-20,43.663313450429946,39.93151196766351,47.160559708475944
2031-03-21,43.9129415023783,40.14823092594638,47.75941296868733
2031-03-22,43.87490151733749,40.171835843297515,47.59114489008947
2031-03-23,44.16510048934971,40.35971792844551,47.98972922485878
2031-03-24,44.03918789014497,40.39518577819011,47.84754909922139
2031-03-25,44.54904498957022,40.8730866325428,48.25711373921022
2031-03-26,44.4833495790316,40.622703014103855,48.139379524960354
2031-03-27,44.652828717509614,41.09927492788567,48.62291729754348
2031-03-28,44.856240353478036,41.01362679979239,48.47137721767462
2031-03-29,44.769732619540086,40.72392043311105,48.594921635998645
2031-03-30,45.00966669423132,41.202005036112055,48.67847602700328
2031-03-31,44.832172161842294,40.85970080795098,48.36428325136799
2031-04-01,45.28962774597069,41.581105004392334,49.12145779314891
2031-04-02,45.17121714936604,41.73469462608714,48.942554209914746
2031-04-03,45.288172763293744,41.48192487619048,48.77772939661394
2031-04-04,45.439748244617434,42.081555612818576,48.98566165483638
2031-04-05,45.30256890198061,41.820156732622195,48.97762242947147
2031-04-06,45.49344592796858,41.511028856109974,49.12341108311756
2031-04-07,45.26892354715005,41.534928906450155,48.75775636446627
2031-04-08,45.68175208960586,41.99334245998064,49.53058143431949
2031-04-09,45.52143684986181,41.92796767818472,49.204543873068204
2031-04-10,45.59947561376308,41.93678481249278,49.23410036195535
2031-04-11,45.71532596123004,41.593888401079184,49.304787269638815
2031-04-12,45.54575138492328,41.75783092680897,49.13278901667523
2031-04-13,45.70763234786749,41.886028787827016,49.52437448528614
2031-04-14,45.45751142191866,41.70254176263395,49.30605605318401
2031-04-15,45.84806557328548,42.366228464947,49.996960820695676
2031-04-16,45.668655494645144,42.00794339538624,49.4212914251941
2031-04-17,45.730564887818325,42.14112025637331,49.501022094032145
2031-04-18,45.83297080697777,42.29748271308212,49.46894377478309
2031-04-19,45.65229408397822,41.93605567752719,49.31999478872636
2031-04-20,45.805015919301354,42.12926442429275,49.30506356220876
2031-04-21,45.547229719089486,42.23985142472759,49.417970537195636
2031-04-22,45.93112116114339,42.19918997822063,49.67327338788196
2031-04-23,45.74552628427587,42.028630536682506,49.487623134091
2031-04-24,45.80118037850575,41.8528837058293,49.716791209769006
2031-04-25,45.896698639325756,42.38219455990828,49.765072169966025
2031-04-26,45.70793744207613,42.05908557352715,49.19975952782355
2031-04-27,45.85082213734618,42.31008330007109,49.09399062233047
2031-04-28,45.58091025098238,42.012730042459125,49.12084180685767
2031-04-29,45.94988286302073,42.218185698713064,49.53061357496513
2031-04-30,45.74611374319761,42.1405687711681,49.63635916273936
2031-05-01,45.779928799420475,41.94132876532372,49.55252535201116
2031-05-02,45.84959658101802,42.18322588674452,49.61780858077009
2031-05-03,45.6306984755721,42.07547733239265,49.69593328520444
2031-05-04,45.73896429189431,41.98809047950138,49.44076160281062
2031-05-05,45.429841917881,41.788087648289505,49.25209283761584
2031-05-06,45.754993651116614,41.92481251136485,49.36360852930112
2031-05-07,45.502868626387055,42.00130886642405,49.07215203138285
2031-05-08,45.483963770421084,41.6058815350322,49.105841281791356
2031-05-09,45.4968139310195,41.83203489135924,48.918620423588564
2031-05-10,45.2173597598141,41.418581082414846,48.87308271995419
2031-05-11,45.261779019558844,41.648870199729025,48.99826053588028
2031-05-12,44.88605002332791,41.28863366728443,48.25974961666135
2031-05-13,45.142439863831484,41.486886755857995,48.76211935175096
2031-05-14,44.82006695960901,40.93476524819712,48.452548058697914
2031-05-15,44.73015049289006,41.03403688286893,48.37363470195946
2031-05-16,44.67198757131262,41.078225363446826,48.54956104837609
2031-05-17,44.32230691583428,40.83201300193737,47.97844386295299
2031-05-18,44.29808500362061,40.68118252137561,47.98163520734116
2031-05-19,43.8560936616104,40.209113793165734,47.74121324916815
2031-05-20,44.04937208236383,40.48542333140628,47.754022475517814
2031-05-21,43.66777312151101,39.92024708417656,47.38553972770362
2031-05-22,43.52319679648638,39.62398761898571,47.340917667265
2031-05-23,43.41555216864931,39.63697385113427,47.14394432908618
2031-05-24,43.02209675827552,39.16115067841232,46.63754849706828
2031-05-25,42.960239757788,39.17886271529567,46.495068104643224
2031-05-26,42.48707835669744,38.910488354433184,45.960877899237225
2031-05-27,42.65586044118741,39.03325390268511,46.248371427063226
2031-05-28,42.256523784922166,38.71347011721792,45.70611824877393
2031-05-29,42.100924866963496,38.37480705128435,45.90532305348651
2031-05-30,41.98879866787642,38.259430659274216,45.5605004029551
2031-05-31,41.59709870999174,37.727465591996605,45.32146697578163
2031-06-01,41.542803666756704,37.971957888575,45.20781460439671
2031-06-02,41.08245985449434,37.26194048172604,44.641344436495054
2031-06-03,41.26865280778322,37.68468019414205,44.98935405879373
2031-06-04,40.89055793145309,37.24997319032692,44.60055458290685
2031-06-05,40.75918318091872,37.15128435029135,44.58844007339889
2031-06-06,40.673344879696955,37.175522885157484,44.18643379599378
2031-06-07,40.3090256438164,36.66703584017938,44.33895711006954
2031-06-08,40.28220039342291,36.68167157332574,43.92865342480943
2031-06-09,39.84839937838072,36.20346547088855,43.61536254698933
2031-06-10,40.05920099873805,36.27724204852499,43.82031970951818
2031-06-11,39.70280396776392,36.046679087838946,43.17587509528331
2031-06-12,39.58929130856683,35.93297315004707,43.16707120518981
2031-06-13,39.51662682743833,36.08438962508675,43.14167935979917
2031-06-14,39.1600325734503,35.355062294352905,42.84512268241061
2031-06-15,39.13483282050587,35.16004135245926,42.68238279446595
2031-06-16,38.69603308136468,35.179545911231116,42.35688176171218
2031-06-17,38.89482655387315,35.33955062784063,42.77709537418538
2031-06-18,38.51917721259085,34.67012866471422,41.958999468016984
2031-06-19,38.379091756957195,34.685617591012196,42.07008940369644
2031-06-20,38.272620841037174,34.63465885007433,41.75140778435082
2031-06-21,37.87523794414744,34.18556523196335,41.505638992604446
2031-06-22,37.80268134058962,34.22662552339965,41.491497285049796
2031-06-23,37.31052767503911,33.402131136514825,40.780908904001585
2031-06-24,37.45068961697356,33.7441032367607,41.25728475562578
2031-06-25,37.01198695586998,33.280844474743574,40.65955796054539
2031-06-26,36.80540356962041,33.10703567224991,40.58408801742099
2031-06-27,36.630070981124234,33.18530342167611,40.57590225585781
2031-06-28,36.16262721484953,32.67307576248402,39.835322789048234
2031-06-29,36.02003681922675,32.27369680139097,39.7195074035342
2031-06-30,35.45914101519896,31.655387067273722,38.9483857226085
2031-07-01,35.53313093441974,31.99756123023727,39.20151513102124
2031-07-02,35.03209382398859,31.17760989963292,38.66308055124925
2031-07-03,34.76824517897329,30.98095946827657,38.518189825789634
2031-07-04,34.54188804791853,30.738166835154942,38.269920441931255
2031-07-05,34.0307487426098,30.23957794167061,37.916927146946115
2031-07-06,33.85277531479594,30.130054044191535,37.20954945064196
2031-07-07,33.26566822286662,29.690822790095872,36.99477802713504
2031-07-08,33.32333656955334,29.57391436940758,37.07270839985319
2031-07-09,32.81643015067636,29.126615554400406,36.6485307520603
2031-07-10,32.55756057607952,28.781606989735238,36.440426429316624
2031-07-11,32.34725293783971,28.340484891430236,35.707310368446784
2031-07-12,31.863277411707646,28.172700032802137,35.393574110056164
2031-07-13,31.723447230200513,28.019109856351445,35.2752688768379
2031-07-14,31.18515244567119,27.458635248145043,34.848642963527624
2031-07-15,31.301822779745255,27.473709705647344,34.855080862998996
2031-07-16,30.86346963638511,27.510446157374517,34.766419229365745
2031-07-17,30.6819203032767,27.092571697266603,34.48220236323293
2031-07-18,30.556785512180095,26.936023577474323,34.46554645564831
2031-07-19,30.164809379167398,26.369282518415798,33.82537498396503
2031-07-20,30.122687746524214,26.72323592978518,33.67530883442499
2031-07-21,29.68662388646608,25.823781621114826,33.406695260770306
2031-07-22,29.908814374161814,26.346833769195594,33.62671311057621
2031-07-23,29.578014699735757,25.874486275971687,33.24871219446901
2031-07-24,29.50479712936268,25.730115948345468,33.04818882881353
2031-07-25,29.487541476933814,25.691901389231358,32.983314892267934
2031-07-26,29.201807315179202,25.660455776855926,32.89656732924706
2031-07-27,29.263173184637825,25.591581673062176,33.045358467753495
2031-07-28,28.926811336283475,25.392753355003403,32.65257197402038
2031-07-29,29.243990439706607,25.19831967717008,32.706188761955
2031-07-30,29.002655507654218,25.323524530195957,32.64997931353403
2031-07-31,29.012697291832325,25.324624843798425,32.87732786012384
2031-08-01,29.07195162475015,25.269767696526824,32.714482522600775
2031-08-02,28.85557712178098,25.39132168181535,32.47140426524588
2031-08-03,28.97889676045794,25.343244819943337,32.863938322575216
2031-08-04,28.69697190451116,25.183851338154927,32.46283809092351
2031-08-05,29.061101307055647,25.50099143750161,32.446736077491586
2031-08-06,28.859394513219957,25.116177073936623,32.358656401973185
2031-08-07,28.902032148011024,25.37284727260401,32.53125005879088
2031-08-08,28.987253849541908,25.39310477609229,32.76630591152532
2031-08-09,28.79072259340942,25.185173402616016,32.25710982924598
2031-08-10,28.928351293818004,25.16852895643224,32.54182657912849
2031-08-11,28.655860644555744,25.155301447364394,32.24333675380708
2031-08-12,29.025261146374426,25.210229695293783,32.812740731423446
2031-08-13,28.825409158978587,25.11592651406498,32.45235583590798
2031-08-14,28.867249876570533,24.972105158922844,32.43178916221729
2031-08-15,28.949788385147347,25.195026912449244,32.87512615975564
2031-08-16,28.749437920644496,25.13068612582222,32.40162142919067
2031-08-17,28.882831553419646,25.07226606911366,32.53512962913145
2031-08-18,28.60636656078368,24.658678070388646,32.333654386290235
2031-08-19,28.972674685153287,25.445045107778324,32.628208393603664
2031-08-20,28.771168314401038,25.05660382212121,32.60783810843701
2031-08-21,28.81327562560767,25.314592793221856,32.61382420907481
2031-08-22,28.89840593465993,24.891232829839954,32.521652763452664
2031-08-23,28.703294396813572,24.99915300865661,32.12384354923001
2031-08-24,28.844812252674664,25.301291853443004,32.851501215517615
2031-08-25,28.57951179630171,24.893735854668044,32.268565673343375
2031-08-26,28.96009912802645,25.16197136768969,32.7204052740259
2031-08-27,28.77598454931041,25.388463893095455,32.28144356661178
2031-08-28,28.838523423834868,25.499959840291158,32.55528741386092
2031-08-29,28.94698850000255,25.395886936143008,32.65460179856306
2031-08-30,28.7779225705573,24.72229396825868,32.385777309012326
2031-08-31,28.94795738081759,25.206080194496636,32.92548589647163
2031-09-01,28.713367674263942,25.001562670477405,32.49199837425216
2031-09-02,29.126553153832546,25.271451866634926,33.1891115461133
2031-09-03,28.97659794382393,25.13771272665891,32.499295890473434
2031-09-04,29.07452012373855,25.35548288212959,32.72913069527241
2031-09-05,29.219252102732618,25.537680060923254,32.770245522117634
2031-09-06,29.08700051609781,25.588481750747775,32.79354767612773
2031-09-07,29.294071397998266,25.508617145964234,33.088795523982476
2031-09-08,29.09642940235796,25.358879653693673,32.853461110566826
2031-09-09,29.546183776051585,25.72888012549739,33.07149847621196
2031-09-10,29.432150638486892,25.752360488365458,33.021998627859894
2031-09-11,29.56510415089162,25.6702355843132,33.19031262139741
2031-09-12,29.74375739683653,25.895815826598753,33.386832212664366
2031-09-13,29.644121746023703,25.76998436108995,33.31258343931446
2031-09-14,29.882330579513425,26.163126717873627,33.60095042335228
2031-09-15,29.71419630044538,25.842965386594255,33.3881289596622
2031-09-16,30.191693508533877,26.64213307576078,33.907818327524154
2031-09-17,30.103518081956693,26.238283396883602,33.93055089087869
2031-09-18,30.26033494774802,26.555360480622376,34.126665932594015
2031-09-19,30.460755561110474,27.06400899810017,34.19865296673395
2031-09-20,30.380694058435374,26.9987383668035,34.0970926354776
2031-09-21,30.63618814202457,26.93353286830189,34.224263879534135
2031-09-22,30.482953781087033,27.00758088637643,34.097574496855515
2031-09-23,30.9728667428859,27.0070231030224,34.478059468766304
2031-09-24,30.894520803540868,27.43140002175857,34.18701573889031
2031-09-25,31.058475492067256,27.199542786576696,34.6405933075164
2031-09-26,31.263234424573238,27.586894215382983,35.12698157241492
2031-09-27,31.1846031925113,27.250350967335542,34.631209774269394
2031-09-28,31.43851282470104,27.835132826805513,34.836252350917405
2031-09-29,31.280577833082027,27.660003015579264,35.168923566116334
2031-09-30,31.762581747599306,27.835987419379254,35.2992244375541
2031-10-01,31.67303985090749,28.001463608790655,35.50507441406411
2031-10-02,31.822451801885382,28.157652632755067,35.540499499093094
2031-10-03,32.00928501997819,28.14441161172795,35.74181421907161
2031-10-04,31.909337595282338,28.292277829980588,35.74326051322477
2031-10-05,32.138566537687396,28.371504710330345,35.60821562085015
2031-10-06,31.952650168326375,28.204129522275924,35.74667306397134
2031-10-07,32.40347735877848,29.001298049816434,36.06182377937554
2031-10-08,32.27971314257675,28.62365515352356,35.87008456305216
2031-10-09,32.392053222288276,28.59523822234961,36.117404584008064
2031-10-10,32.53920810505646,28.876899922748688,36.11561134578979
2031-10-11,32.39726552419863,28.769101470887943,36.17043361237247
2031-10-12,32.58251688920415,28.737011030022384,36.473781783394735
2031-10-13,32.35101653593663,29.024550215642826,36.120612827113995
2031-10-14,32.75506649283618,29.160570405992477,36.40371117419003
2031-10-15,32.583776340560135,29.104338724440176,36.179142053113395
2031-10-16,32.64831078340356,29.167794320030342,36.188532169381546
2031-10-17,32.74786580073425,29.118310815454855,36.574569644432806
2031-10-18,32.55902220881847,29.006185265172537,36.08555631585937
2031-10-19,32.69856258108323,29.15800504658447,36.317301882173204
2031-10-20,32.42302053216809,28.969793474388556,35.84588788040324
2031-10-21,32.78515533647064,29.128424595262395,36.18219191108139
2031-10-22,32.57450172796848,28.870178602167904,36.08536262047749
2031-10-23,32.60260777576998,28.922028059861113,36.256189923657864
2031-10-24,32.66900197860321,28.918029440703766,35.860070612238545
2031-10-25,32.45053867429263,28.96301273907827,36.0499215888598
2031-10-26,32.56420796083491,29.02805791854214,36.309483337358145
2031-10-27,32.26667935812232,28.529166126714756,36.1688429953704
2031-10-28,32.61077237297667,28.93552238768008,36.26489311280394
2031-10-29,32.38600396821298,28.698312528391966,36.274014564107816
2031-10-30,32.40382594089047,28.886438065450072,36.20189170019311
2031-10-31,32.46359341636579,28.645712268533728,35.85188523145531
2031-11-01,32.241913567509165,28.65229265659373,36.00551263325455
2031-11-02,32.3554607175002,28.718815106861825,35.96896196557244
2031-11-03,32.060526965628256,28.162358587068617,35.69647253911177
2031-11-04,32.40950135909874,28.965970731893833,36.10473914273889
2031-11-05,32.19142742489724,28.780809386708263,35.969708244633736
2031-11-06,32.2172518373953,28.501843563258678,35.94306259781069
2031-11-07,32.28580516159047,28.519263669967305,36.021884378244344
2031-11-08,32.073163484121444,28.351734990313776,35.70094379585105
2031-11-09,32.19547677020538,28.773179655097668,36.103252415353104
2031-11-10,31.908532751067742,27.921322879394037,35.80909462314358
2031-11-11,32.26424902429015,28.614100186884105,35.90879703273927
2031-11-12,32.051242843854816,28.418698992480845,35.522470225447975
2031-11-13,32.08009105089131,28.308183734354962,35.361041568972816
2031-11-14,32.149320781761446,28.32965784231663,35.91450073622144
2031-11-15,31.934779492196927,28.322102787405314,35.49008018943171
2031-11-16,32.05246989993052,28.432895312536065,35.97302493637683
2031-11-17,31.758118458938636,28.177579462257196,35.4646541909755
2031-11-18,32.103669906324704,28.58747303048245,35.940929578875526
2031-11-19,31.877857271620023,28.41383150622693,35.63413874278325
2031-11-20,31.891459769669904,28.046787575104844,35.4366485168272
2031-11-21,31.943289242640056,28.425167450085258,35.633897493558166
2031-11-22,31.709553777192475,28.362182929681378,35.34708175792651
2031-11-23,31.806684243268137,28.10750626576322,35.38464805786347
2031-11-24,31.49089256508077,27.74194602975432,35.29235792999618
2031-11-25,31.81465451142944,28.10167635930516,35.295582756311525
2031-11-26,31.567266683743973,27.865743641330226,35.34046922508181
2031-11-27,31.56009044697535,27.580783636487336,35.15609243369613
2031-11-28,31.592523819756913,28.15388951437605,35.202836682857004
2031-11-29,31.341350318766573,27.43866739505237,34.97035561475242
2031-11-30,31.423550880953417,27.719713989184026,35.17250371663566
2031-12-01,31.09584804997612,27.54185015445836,34.74997929865384
2031-12-02,31.41117557834853,27.718036053666214,34.96942089168349
2031-12-03,31.15922346706118,27.587334890217853,34.82709006501776
2031-12-04,31.15167150111994,27.539369048044517,34.95192073261515
2031-12-05,31.188152572216154,27.70950729770482,34.90029861184597
2031-12-06,30.945595012508964,27.271545142300514,34.81889652510612
2031-12-07,31.04103024014382,27.704389321717855,34.65748481327393
2031-12-08,30.731135023004995,27.26475045747652,34.32971333500132
2031-12-09,31.068701572141606,27.238098306127483,34.80413096274192
2031-12-10,30.8431854846192,27.221416298300436,34.613528226421444
2031-12-11,30.865944530052317,27.558493519055293,34.4427601254957
2031-12-12,30.936209447285336,27.138803513950336,34.605302900964
2031-12-13,30.73043579279913,26.98703511780758,34.339854260701564
2031-12-14,30.865122906237666,27.207025103067426,34.68670498001582
2031-12-15,30.5963690172512,26.765730530841456,34.08202450027894
2031-12-16,30.976355383115656,27.36338331985015,34.47994029069421
2031-12-17,30.79390912343365,27.257856272053115,34.514303046183315
2031-12-18,30.859757370363248,27.09869763206118,34.55713885370601
2031-12-19,30.972513512381845,27.39804187750162,34.66987205007439
2031-12-20,30.80804418204258,27.53741995958743,34.33603213454578
2031-12-21,30.982302669388154,27.33856450973327,34.56634539741621
2031-12-22,30.750897418868743,27.26280363586125,34.46164794877622
2031-12-23,31.165588159558332,27.570508100776596,34.730920681162615
2031-12-24,31.01485903074401,27.395663103167088,34.421588689669214
2031-12-25,31.109181060373764,27.399898691787286,34.891162186268865
2031-12-26,31.247004563211686,27.59220582927378,35.0074491821074
2031-12-27,31.104129953262824,27.835152862607067,34.6752106682505
2031-12-28,31.296542555313078,27.64997513638834,34.77078932000434
2031-12-29,31.079980038064292,27.452346844115624,34.80964542973815
2031-12-30,31.50642504551429,27.832088384740715,35.69372136315801
2031-12-31,31.36467247691891,27.722582961818993,35.110105465879855
2032-01-01,31.46558391998566,28.062390200268805,35.2776731937335
2032-01-02,31.608070006413353,27.81683493459429,35.25144340588562
2032-01-03,31.468449436226717,27.790795402508376,35.43765979318411
2032-01-04,31.663270550837453,28.267241961053944,35.552428929429695
2032-01-05,31.44886440782316,27.923120276105127,35.1804211240392
2032-01-06,31.8778222915857,28.059272557138563,35.63578083887726
2032-01-07,31.739547485525947,28.052574050140517,35.17160029689731
2032-01-08,31.84549419393217,28.34580818766632,35.39066114412642
2032-01-09,31.99513476481994,28.40271677288302,35.58805712120974
2032-01-10,31.865304331227115,28.09943741157118,35.46839118200597
2032-01-11,32.0730091016308,28.33173245842679,35.645289232416275
2032-01-12,31.87496757432248,28.078013341101784,35.54400699984416
2032-01-13,32.32407789483855,28.753389657718113,36.24697716034247
2032-01-14,32.20996142340044,28.375046310553405,35.74710979686446
2032-01-15,32.344195592505415,28.75213926329408,36.232896897408
2032-01-16,32.52627734404644,28.58632200734219,36.343616151700985
2032-01-17,32.43296634491713,28.905299419641047,35.8623050236302
2032-01-18,32.68109423488588,28.944423982828347,36.40155136162295
2032-01-19,32.527109146380475,29.18755937649072,36.17939112712293
2032-01-20,33.02354862322622,29.384993313474,37.10334579880825
2032-01-21,32.959590859119615,29.42417967829677,36.71220404458112
2032-01-22,33.14629713993506,29.41650478127811,36.9510492643432
2032-01-23,33.38258653867856,29.66490154141527,36.776782109990364
2032-01-24,33.34459178330833,29.738318750029702,37.07157237689186
2032-01-25,33.64848224170776,29.846071267727176,37.17585743704142
2032-01-26,33.55002293096541,29.921605839742817,37.15543523633234
2032-01-27,34.101062331105744,30.71641022188864,37.70888002569894
2032-01-28,34.09009857131505,30.686116791711246,38.16217055987968
2032-01-29,34.32753652285159,30.600515955130238,38.00317474047373
2032-01-30,34.611676508834556,30.95891682805987,38.11085226132598
2032-01-31,34.618083231918334,30.869871131161524,38.526778672565705
2032-02-01,34.9624205716185,31.48891106759754,38.62604297511952
2032-02-02,34.900020899475734,31.135947598753734,38.60526073060022
2032-02-03,35.48238147228849,31.361353611440666,39.31786715849406
2032-02-04,35.49773729537514,31.82560792393185,39.16769209997081
2032-02-05,35.756322861208254,32.15771617153256,39.49212308470895
2032-02-06,36.05636339435801,32.08829996015435,40.06098662052495
2032-02-07,36.073444174889424,32.454490066273856,39.76144487842393
2032-02-08,36.42334361350421,32.82551551032478,40.17391028508755
2032-02-09,36.36159879681973,32.556829883739425,39.90155974070876
2032-02-10,36.93999617941183,33.116013782929045,40.846172623816486
2032-02-11,36.947136973390435,33.366745769909315,40.78735013555502
2032-02-12,37.19368983755806,33.582239322951146,41.02749692723269
2032-02-13,37.4783717259704,33.665080789312896,41.140898438267726
2032-02-14,37.47730572345335,33.832281534333916,41.304755311164165
2032-02-15,37.80684181621965,34.273743484641734,41.575220197980656
2032-02-16,37.72310960384382,34.55315064430031,41.49476683215232
2032-02-17,38.27849592280797,34.6647413793048,41.876559313900394
2032-02-18,38.26219722491095,34.99307001082084,41.71349261230138
2032-02-19,38.48545959718209,34.81488430239294,42.01241910150912
2032-02-20,38.74754755367065,34.95457337922427,42.220628629980595
2032-02-21,38.72509067701396,35.031330268395344,42.51931380225293
2032-02-22,39.034894283302116,35.398376664875265,42.671847889433316
2032-02-23,38.933483312146976,35.19952496039334,42.42449717523576
2032-02-24,39.473572574728706,35.858962464127785,43.20034019519002
2032-02-25,39.444613329830034,35.78812488691516,42.89272822952777
2032-02-26,39.65802916366851,36.11632224354153,43.37514506636412
2032-02-27,39.913182354609134,36.043078547907825,43.48273990294218
2032-02-28,39.88671981313044,36.268793224741366,43.55166526065117
2032-02-29,40.195384745735865,36.47068135781606,43.99402231610168
2032-03-01,40.09556318431711,36.20024740810928,43.82347699485525
2032-03-02,40.63975842042083,36.92235937803301,44.18743196104376
2032-03-03,40.61714319130599,37.05139263954598,44.19480862540906
2032-03-04,40.838802444354265,37.171725866434755,44.370571480802326
2032-03-05,41.10370768979298,37.68953055760284,44.627549730751994
2032-03-06,41.08807184350017,37.30316689982228,44.650915189626474
2032-03-07,41.40817050704814,37.78285150501824,45.050404510944645
2032-03-08,41.319898616892544,37.96859380384085,45.0527517105259
2032-03-09,41.87525528901953,38.36390625083394,45.64380610803857
2032-03-10,41.86290649372813,37.92990330358303,45.5625315020478
2032-03-11,42.093438180237406,38.41649330063871,45.64315472032889
2032-03-12,42.365340663205686,38.81048826175902,45.955262993937836
2032-03-13,42.35437298776441,38.94320252623878,45.86347879433739
2032-03-14,42.676393050748345,39.200711563744235,46.32997879318173
2032-03-15,42.58692225873301,39.07191114933793,46.27238753259785
2032-03-16,43.137637418183594,39.32123931620865,46.72690057583278
2032-03-17,43.11693938323175,39.22975031443358,46.58106357559074
2032-03-18,43.3352109942394,39.72678973156037,46.73467071540038
2032-03-19,43.59080505619939,40.0197630847704,47.54120522225201
2032-03-20,43.55941103365429,40.04853881197344,47.070498481026014
2032-03-21,43.856886222958835,40.15659656453846,47.816631501358856
2032-03-22,43.73882018777148,39.91507174031945,47.57199642218021
2032-03-23,44.257025179436205,40.62652421653679,48.0160446224213
2032-03-24,44.20010211383817,40.44728519256694,47.92366156061421
2032-03-25,44.378694702209394,40.847542537766245,48.260302422473494
2032-03-26,44.5914725655191,40.709854359522375,48.314880891287814
2032-03-27,44.51449210452051,40.533136335688496,48.34354300063666
2032-03-28,44.76402099417949,41.29827956382933,48.4065993047915
2032-03-29,44.59609520716643,40.95160054106899,47.996158741019094
2032-03-30,45.0630014156728,41.44869952875127,48.74514275978776
2032-03-31,44.95383447772592,41.41018700859103,48.43580741201235
2032-04-01,45.07974274517893,41.48808519665167,48.4892266237904
2032-04-02,45.23990216616346,41.580255911536234,49.24950009638123
2032-04-03,45.11086809874952,41.146638814263255,48.88930238476542
2032-04-04,45.30939084935892,41.66690515431429,49.281262314753754
2032-04-05,45.09196398371682,41.495894643712596,48.708164662774806
2032-04-06,45.5112983996506,41.79322646062358,49.06812883075176
2032-04-07,45.35687200321024,41.7405100605244,48.787163170235324
2032-04-08,45.44016785445675,41.61281897497804,49.1921926156347
2032-04-09,45.56064187712122,41.96796178333986,49.22369203777359
2032-04-10,45.39506916118875,41.81302796484678,49.1154992359666
2032-04-11,45.56035497351265,41.68429081144683,49.14602998380088
2032-04-12,45.313079613646856,41.961392017519685,48.92260421868612
2032-04-13,45.705970179897776,41.76669911292806,49.09409305883226
2032-04-14,45.52844914765137,42.055560149181694,49.263507355514335
2032-04-15,45.591872670296354,41.83422179263087,49.30931484541358
2032-04-16,45.695499723067044,41.895151546047195,49.244707577817955
2032-04-17,45.5158411258316,41.58820610481706,49.237797440281625
2032-04-18,45.6694745466904,42.00810874219587,49.36749858816935
2032-04-19,45.41259458936098,41.92787424453754,49.29521410557871
2032-04-20,45.797490973439075,42.13734221819551,49.529106140563385
2032-04-21,45.61310463174127,41.855076398475,49.267375307342554
2032-04-22,45.670274535307485,41.81210136202315,49.33183284948027
2032-04-23,45.767716245182804,42.07810678481617,49.43103435590002
2032-04-24,45.58138108520052,41.89479201245906,49.39206511702533
2032-04-25,45.72728187660216,41.901802019285995,49.4432931189495
2032-04-26,45.46105415898441,41.90282993235974,49.19289933145391
2032-04-27,45.83444571305487,41.9757670237596,49.56589993596436
2032-04-28,45.63588400347239,41.789817801202716,49.307973333741046
2032-04-29,45.67573413733575,41.98742295609624,49.08937092717096
2032-04-30,45.75228811703082,41.89216656976477,49.6615399781886
2032-05-01,45.541134059916686,42.21484504699126,49.05200600500239
2032-05-02,45.657991107010204,41.80814946950723,49.36052099225175
2032-05-03,45.35827873409693,41.69981702220536,49.104058590765014
2032-05-04,45.69361308210586,42.1647202102435,49.37483621764227
2032-05-05,45.45237974353528,41.589830058581995,49.24321614558595
2032-05-06,45.44499544081811,41.77700349014488,48.99650256035635
2032-05-07,45.46989924203635,41.62469854639938,49.2660966459474
2032-05-08,45.20292188360362,41.85231062730037,48.72630107873918
2032-05-09,45.26011885341905,41.38200305718316,48.92654802905693
2032-05-10,44.897335916540676,41.15412991941946,48.64350769285697
2032-05-11,45.1666997086534,41.566673993484855,48.91141161690771
2032-05-12,44.85718288388348,41.15744401785681,48.75652680363209
2032-05-13,44.77985634493632,41.28509690443218,48.53963274590431
2032-05-14,44.73386933502171,41.084680205248475,48.21160410715935
2032-05-15,44.39580613628494,40.792416659796224,47.926647972429784
2032-05-16,44.38250524206872,40.73568531950459,47.95624438341735
2032-05-17,43.95060993467967,40.01780535260635,47.515433546435425
2032-05-18,44.15304317500488,40.308522900585366,47.70501897705116
2032-05-19,43.77955659828915,39.9574391515174,47.393548098514096
2032-05-20,43.64196647237341,39.809399212594,46.94211675539254
2032-05-21,43.5401177403574,40.101250496073646,47.1106659745314
2032-05-22,43.151225241738686,39.515256729287366,46.75470270629606
2032-05-23,43.09267832801973,39.40449703606304,46.64143131446056
2032-05-24,42.6215781443008,39.21465112498296,46.69119565674942
2032-05-25,42.791200806559786,39.36798910731268,46.31330807584835
2032-05-26,42.391536567499145,38.63358221645706,46.05276518972362
2032-05-27,42.23451809374849,38.23152679673544,45.73360870860917
2032-05-28,42.119979203466215,38.42760227410411,45.846883645802556
2032-05-29,41.72499333972923,38.307412680261066,45.365027836415074
2032-05-30,41.66667812568724,37.855737029351175,45.35135017180348
2032-05-31,41.201735347241765,37.54004929538331,44.90212264043274
2032-06-01,41.38291960781087,37.60629305736989,44.922173874290095
2032-06-02,40.99958570191396,37.31327298378172,44.67341201458054
2032-06-03,40.86292772214194,37.23784720065587,44.392217632387194
2032-06-04,40.77195107937861,37.05516913123973,44.44572238588634
2032-06-05,40.402826483580256,36.72275931721063,44.15290940034392
2032-06-06,40.37171194794549,36.47171247815362,44.04541913934213
2032-06-07,39.93431182902184,36.32565287809209,43.7367733361901
2032-06-08,40.14236577066403,36.04521707028083,43.762889572568895
2032-06-09,39.78421718581551,36.14191519771575,43.458304962060105
2032-06-10,39.670073850801174,36.19406790788238,43.30916202546782
2032-06-11,39.59800133415307,36.10611553753456,43.15429035502552
2032-06-12,39.24329784188919,35.71385691670932,43.13812472965198
2032-06-13,39.22133607945153,35.97440738128397,43.0622526461373
2032-06-14,38.78714069380861,35.229493568997555,42.63889308069871
2032-06-15,38.99189373861959,35.249579561273826,42.57033294185192
2032-06-16,38.62351740575356,34.779967707777985,42.42522933949355
2032-06-17,38.49194625098139,34.74144172442049,42.2452649432977
2032-06-18,38.39512934157319,34.78753106510107,42.3321994292244
2032-06-19,38.00841067359407,34.29127587091649,41.6805406738755
2032-06-20,37.94737329141249,34.354520864899015,41.82599287722485
2032-06-21,37.4674155765539,33.7160797002888,41.04482725616003
2032-06-22,37.62025212692252,33.964708102181746,41.226403176650244
2032-06-23,37.19448852381465,33.382515282845176,40.90680280862307
2032-06-24,37.00088234435264,33.5337804028531,40.60611389461468
2032-06-25,36.83833105059044,33.13400960838016,40.548086144026534
2032-06-26,36.383235376282514,32.6259299297733,40.280456182897666
2032-06-27,36.25232398134856,32.71320073904063,39.8820763376234
2032-06-28,35.702208235802146,32.033427618574606,39.285935219197476
2032-06-29,35.78585999730928,32.06011314328305,39.218560314221946
2032-06-30,35.293162161793106,31.58051369491572,38.80129104624217
2032-07-01,35.036144854723204,31.398252353688886,38.54206729225058
2032-07-02,34.81494842083763,31.215229045915954,38.64617854500464
2032-07-03,34.30716236426579,30.797854593330637,38.39971581149811
2032-07-04,34.13062653248689,30.451567207970406,37.71356426483642
2032-07-05,33.54296390939887,30.311867866204782,37.14582785169958
2032-07-06,33.598038353959126,29.803408464222585,37.06278282021172
2032-07-07,33.086487493638465,29.689988240658515,36.96529410391085
2032-07-08,32.820944017877714,29.149759823432436,36.661836608940234
2032-07-09,32.601986845705134,29.00443210287738,36.26374805279528
2032-07-10,32.107471567518004,28.579478494107942,35.93533401354085
2032-07-11,31.95532662821715,28.33405359200203,35.626059991472935
2032-07-12,31.403084712765416,27.736407969413353,35.1247097850993
2032-07-13,31.504342686065343,27.707898295303117,35.33310284339796
2032-07-14,31.0493002315635,27.276980189247098,34.55700176029155
2032-07-15,30.849990290248453,27.145822096147167,34.56169542281505
2032-07-16,30.706242555719083,27.090333770851135,34.307812604075295
2032-07-17,30.295029137144205,26.60791208077512,34.15294085416303
2032-07-18,30.233278506757237,26.12765076640585,33.82991301252747
2032-07-19,29.777426788239758,26.174996347665733,33.44165252277362
2032-07-20,29.979899289093517,26.219555715843686,33.5060792168517
2032-07-21,29.629671939180355,25.915908856264082,33.34072049703845
2032-07-22,29.537525232994874,26.036449851044335,33.180780528031605
2032-07-23,29.502031417375267,26.047942712669226,33.18425179025879
2032-07-24,29.19892352490657,25.233089390702904,33.01921015492746
2032-07-25,29.243931872136248,25.337372939589155,32.75595945682514
2032-07-26,28.89235660746158,25.165371619869823,32.53809731925805
2032-07-27,29.19556877673078,25.49554014384716,32.91726409463164
2032-07-28,28.94158918009589,25.394406007008612,32.46558967502201
2032-07-29,28.940357284002104,25.164329871134,32.59240906960532
2032-07-30,28.989730658317526,25.402483766762934,32.72496120659901
2032-07-31,28.76486333463791,25.075231840979434,32.1924251781868
2032-08-01,28.881048572017725,25.038972212797653,32.52635432660295
2032-08-02,28.59329455518803,25.168032068120187,32.16320721757006
2032-08-03,28.952825506893063,25.17592037408334,32.49943188068839
2032-08-04,28.747657573010663,25.093549756486762,32.42321918967013
2032-08-05,28.78786189748934,25.159980904420205,32.62606311407482
2032-08-06,28.871555573297513,25.181834130724674,32.273555721812436
2032-08-07,28.67426913785093,25.01654916935767,32.33047973888604
2032-08-08,28.81177642004622,24.844039480926277,32.53926937097584
2032-08-09,28.539655624220842,24.86279505774359,32.21080938079152
2032-08-10,28.909774522484472,25.24839115154981,32.770507904464694
2032-08-11,28.71084952306858,24.81122268773387,32.30258391919967
2032-08-12,28.753691449247846,24.980258160133246,32.36605157163032
2032-08-13,28.837179130296363,25.080766342586415,32.162739978691725
2032-08-14,28.63760987577445,24.991094308599035,32.70994092902149
2032-08-15,28.771513020590465,25.283393415252057,32.64177424264767
2032-08-16,28.495195775195477,24.716465890030424,32.36224637370944
2032-08-17,28.861214561929867,25.43065371474828,32.31861518788705
2032-08-18,28.65892186861717,24.852831452994728,32.40407299949739
2032-08-19,28.699701665874855,25.09666375376857,32.38625904706766
2032-08-20,28.782934646138088,25.023978915498944,32.75572252387986
2032-08-21,28.58534245451672,24.83703180999894,32.14599003271827
2032-08-22,28.723797139468974,25.093714504973033,32.69146113709615
2032-08-23,28.454865040641813,24.866963876118845,32.02279390925473
2032-08-24,28.83127822306299,25.285054513669248,32.56990441092356
2032-08-25,28.64248336580593,24.87962622228323,32.30983422697925
2032-08-26,28.699880982841847,25.072375714355537,32.601528062579156
2032-08-27,28.802796025827337,25.085850109666836,32.65958781284631
2032-08-28,28.627828798507124,25.028346082645154,32.186226030110674
2032-08-29,28.79167214605144,25.42987039961384,32.43730716194448
2032-08-30,28.550663856305157,24.843321243483214,32.28519909398535
2032-08-31,28.957267094587287,25.16229686903597,32.34392027100871
2032-09-01,28.800628494224867,25.316735398741567,32.36293906953582
2032-09-02,28.89182650439844,25.19393358886821,32.63525798808129
2032-09-03,29.02985078663273,25.260350830561467,32.90671539078229
2032-09-04,28.890961355909866,25.254467853468103,32.66916691362826
2032-09-05,29.091513226902666,25.5094538235824,33.02663838008321
2032-09-06,28.88751533539293,25.070459632893677,32.686540690809736
2032-09-07,29.33111642932469,25.677064467394057,33.07954334484356
2032-09-08,29.211167466660847,25.622588717558518,33.00905957413663
2032-09-09,29.33847307999286,25.71913918175589,33.02990864885673
2032-09-10,29.511772900631108,25.71459342055493,33.11105138445138
2032-09-11,29.40710148104005,25.507594649526336,33.13767723318877
2032-09-12,29.64061265767638,26.066657614291927,33.080159348168785
2032-09-13,29.46813724033909,25.441301379953757,33.24332418726601
2032-09-14,29.941666868140977,26.275521754096474,33.77901253067526
2032-09-15,29.84991373851973,26.039855444756174,33.33269480522234
2032-09-16,30.00355895555746,26.126691454849862,33.61006591420266
2032-09-17,30.201230486746706,26.63589704057642,33.857360298958596
2032-09-18,30.118859666376935,26.504655591664513,33.85373223000997
2032-09-19,30.37250228250231,26.687046463487043,33.8841158587809
2032-09-20,30.217893317321654,26.48800585262706,34.070159181233265
2032-09-21,30.706928346958833,26.768110264342695,34.30780402769698
2032-09-22,30.628221449366837,26.98538652857991,34.36277143838168
2032-09-23,30.79235248034453,26.78936133465224,34.6544933022685
2032-09-24,30.99784478791287,27.53901356725569,34.51027408973693
2032-09-25,30.920522348875203,27.301143540076087,34.67097149567487
2032-09-26,31.176332373077173,27.460157272954174,34.81362052701167
2032-09-27,31.020902416175847,27.115241419720547,34.62140834634022
2032-09-28,31.506024941208274,27.457290175648232,35.118247941452
2032-09-29,31.420219077394172,27.886386780773385,35.36279688828896
2032-09-30,31.573982304518857,27.904591585072176,35.262685947894994
2032-10-01,31.76577297453152,28.26376177213229,35.57546418604175
2032-10-02,31.671372473810056,28.23619015875105,35.11786051694703
2032-10-03,31.906712875498247,28.254571334167448,35.530884157067305
2032-10-04,31.727438917572087,28.175167077777267,35.34494764225384
2032-10-05,32.18539703958645,28.605177708526355,35.92837513999448
2032-10-06,32.06920102424504,28.667048885294705,35.564823774015984
2032-10-07,32.1894867819167,28.25420480462608,35.724940949600615
2032-10-08,32.344897018286154,28.66740016623395,35.79448073956111
2032-10-09,32.21144444228626,28.4631008664299,35.5712951130693
2032-10-10,32.40533924802708,28.606580499105306,36.01005398618476
2032-10-11,32.18254962590325,28.33314095367399,35.59062242151543
2032-10-12,32.595287994315186,28.664262832869962,36.37660292580775
2032-10-13,32.43257249788469,28.99475332522886,35.815305624451646
2032-10-14,32.50547635252444,28.896769683730852,36.20448667823631
2032-10-15,32.613105862227876,28.84268038127315,36.52573566042351
2032-10-16,32.43195589021054,28.880338191782034,36.29799491531365
2032-10-17,32.57872868188475,29.056172391671073,35.91356049542889
2032-10-18,32.30988499283406,28.580020114167528,35.96780341664883
2032-10-19,32.678120440295764,28.995323659411838,36.332544267642525
2032-10-20,32.47291687428556,28.96333616389207,36.03638389033271
2032-10-21,32.505781615138694,28.609915849107104,36.26528603049529
2032-10-22,32.57621565747456,29.08927594287809,36.36679967113651
2032-10-23,32.361059899256674,28.683596243709584,36.23992153651822
2032-10-24,32.4773055621681,28.64008747870863,35.92677996019628
2032-10-25,32.18163801003184,28.66010404899021,35.94011661444803
2032-10-26,32.52690711440982,28.895707715599457,36.13195252615303
2032-10-27,32.30267416399292,28.59697067294315,35.813977788119075
2032-10-28,32.32044832855148,28.66533164258247,36.31433632959006
2032-10-29,32.37965389938511,28.583527887107063,35.76023163779515
2032-10-30,32.15697744048936,28.656673913456288,35.93772361878348
2032-10-31,32.26918104268835,28.663742782581842,35.97153295436151
2032-11-01,31.972650862184416,28.343300743727205,35.65919550361103
2032-11-02,32.31987401582423,28.418887723104497,35.8103002668745
2032-11-03,32.099993702313476,28.503288981131796,35.77573501893958
2032-11-04,32.12405538489176,28.731474684070697,35.95391534397372
2032-11-05,32.19098503814315,28.731873257046505,35.98437126896019
2032-11-06,31.97694833520072,28.433387870371558,35.88666327648593
2032-11-07,32.098176677281785,28.419777327696107,35.771427892718414
2032-11-08,31.81052893176562,28.037488269640356,35.34421950190657
2032-11-09,32.16598161907567,28.71622357005133,35.746222660569344
2032-11-10,31.95319707761849,28.163550786217098,35.41094502166483
2032-11-11,31.98278210330284,28.337767948535795,35.71983116004999
2032-11-12,32.05327773768813,28.4965673583318,35.52843291493063
2032-11-13,31.84052877152037,28.22197822636317,35.42461943093718
2032-11-14,31.96051858403374,28.40390250959574,35.76465957774734
2032-11-15,31.668937938355413,28.31119770580609,35.48340658878082
2032-11-16,32.01768027021238,28.12804190655294,35.500039769170186
2032-11-17,31.79541284482623,28.067959158737953,35.49121421740461
2032-11-18,31.812836177573292,28.38354531372593,35.50687773496892
2032-11-19,31.868672348130673,28.20199257570197,35.28338599622523
2032-11-20,31.639030789093027,28.14034862398133,35.405070224380744
2032-11-21,31.740237242173933,28.135490684622106,35.235356520754145
2032-11-22,31.428394632505746,28.02125078699862,34.90331229381145
2032-11-23,31.755868582680367,28.170898084448794,35.65469857658989
2032-11-24,31.511847175881176,27.67066397132663,35.42747131366622
2032-11-25,31.507587642340816,27.889407613323364,35.05476831052757
2032-11-26,31.54239091468685,28.116258498133206,35.223459890088996
2032-11-27,31.292952978124156,27.59025769474785,35.11467447131739
2032-11-28,31.37617907387104,27.707972925821025,35.248489038288035
2032-11-29,31.048729882377703,27.36806200678622,34.984986094557584
2032-11-30,31.363492785039703,27.64778027761271,35.4150676667596
2032-12-01,31.110128181897206,27.06319085905736,34.80480467845749
2032-12-02,31.100303889033178,27.468179261325954,34.87507357171024
2032-12-03,31.13365888289917,27.328133330121613,34.46913114208383
2032-12-04,30.88714560266571,27.254733518472275,34.64926900362819
2032-12-05,30.977837110136115,27.494457968597377,34.942742513179134
2032-12-06,30.66246842422774,27.099731841229598,34.25370007116477
2032-12-07,30.993905263487264,27.297909924577777,34.47386604183706
2032-12-08,30.76169024933038,26.88160026311291,34.31755925500648
2032-12-09,30.777279607287024,27.002103813667286,34.59712717990991
2032-12-10,30.84001158474178,27.09092725466927,34.34216327127056
2032-12-11,30.626455686466787,27.3078223404444,34.43651401331096
2032-12-12,30.7532288590782,27.00564667582319,34.487410636647574
2032-12-13,30.476547718930753,26.847428237633338,34.24356235945024
2032-12-14,30.84870978571586,27.089607926076123,34.72890839775154
2032-12-15,30.65865346167714,26.825220682685345,33.928368352806025
2032-12-16,30.717209447310648,27.178141025683594,34.33952063399892
2032-12-17,30.823084440940182,27.219740185900765,34.36484763731409
2032-12-18,30.65222583721139,26.97220069099255,34.34327037216088
2032-12-19,30.820653164276592,26.882659123262645,34.56804907961216
2032-12-20,30.584024967621986,26.871786632151718,34.197256271661885
2032-12-21,30.99413373124552,27.081901927861644,34.91675416115249
2032-12-22,30.839478228875517,27.255847315405074,34.445990286683156
2032-12-23,30.930525682270545,27.194469462989417,34.617282129245616
2032-12-24,31.065704301528264,27.1611955689011,34.83574205263842
2032-12-25,30.920774698264378,27.171633341030756,34.63363731870189
2032-12-26,31.111665741348176,27.14504036475557,34.99159129344827
2032-12-27,30.894043451231816,27.12628135913346,34.45677191341802
2032-12-28,31.319805472723026,27.47208709203062,35.14871564859485
2032-12-29,31.177650530239227,27.685856521387485,35.07071493749125
2032-12-30,31.27833531561488,27.448366222848758,35.02089181836057
2032-12-31,31.42065951617184,27.637161160711965,35.15347457537529
2033-01-01,31.280827662860005,27.820816952688684,34.89458242637432
2033-01-02,31.475273608152165,27.583757401944524,35.10815005317096
2033-01-03,31.260216514756426,27.46649158695296,35.04825395528014
2033-01-04,31.68814121739461,28.462613892215384,35.37181511338167
2033-01-05,31.54835271326509,27.81736014147883,35.17829047051424
2033-01-06,31.652217603033662,28.114508548475108,35.509591960931964
2033-01-07,31.79913357243756,28.20116903070403,35.55625702705136
2033-01-08,31.66587597768366,27.92680525549865,35.37497599176379
2033-01-09,31.869407719065453,28.13352098356243,35.53408456015746
2033-01-10,31.666421640493507,27.895588039665544,35.27506577909788
2033-01-11,32.109808647024494,28.522508178016647,35.45786815230966
2033-01-12,31.989201590869868,28.46735611876287,35.607741709101234
2033-01-13,32.11620800052433,28.48299405731526,35.81811395420649
2033-01-14,32.290372947835635,28.807795711885326,35.811064069680405
2033-01-15,32.18852126816682,28.366792433344102,35.860179259003274
2033-01-16,32.427565413848214,28.806001229239357,36.21733177398183
2033-01-17,32.26404821641155,28.578853142742172,35.8557450925913
2033-01-18,32.75061372899434,28.779429462234734,36.32661062638376
2033-01-19,32.67655612132581,29.177540608327117,36.4393199468469
2033-01-20,32.853059568974004,29.142525955045013,36.499401601431494
2033-01-21,33.07917024763058,29.55257582595494,36.74922734491553
2033-01-22,33.03114941757937,29.527443123706615,36.66704958058213
2033-01-23,33.32529360871886,29.80135506143328,36.62111897715718
2033-01-24,33.21749087908687,29.45865599991785,36.89276447034464
2033-01-25,33.75970599076103,30.084139445981187,37.34664905938804
2033-01-26,33.74054413146769,30.049898798680584,37.60188413813788
2033-01-27,33.970505771434816,30.13024480262772,37.85612575952396
2033-01-28,34.247973414906404,30.722807236147357,37.99129955197453
2033-01-29,34.24857888920594,30.2537599460559,37.71892761787537
2033-01-30,34.5880368569333,30.87074213449319,38.1875246587365
2033-01-31,34.52171322442615,31.084399298357873,38.08282583973691
2033-02-01,35.10112102238828,31.666610496710412,38.98310625152252
2033-02-02,35.11449315686948,31.511215587452597,38.72732236270141
2033-02-03,35.37204443276831,31.59180734026811,39.174557894471974
2033-02-04,35.67196346827841,32.131972997626285,39.51771824227323
2033-02-05,35.68978305142171,31.77071631069372,39.12072740548493
2033-02-06,36.0412145827806,32.185429582837756,39.8098564867948
2033-02-07,35.9817152865187,32.56494979434609,39.918524135554485
2033-02-08,36.562980823888225,33.06228636210817,40.26949739437314
2033-02-09,36.573512812552984,32.764496929765805,40.0104954589215
2033-02-10,36.82387380246747,33.31155388900704,40.525571915384056
2033-02-11,37.112670514495825,33.60150682001892,40.58235645644248
2033-02-12,37.11591411428803,33.192870415986356,40.6637618611988
2033-02-13,37.449843414860645,33.93839840360364,41.32273416117048
2033-02-14,37.37047996066071,33.65459581116261,41.19690374004975
2033-02-15,37.930107912556565,34.41710055273227,41.34652419691246
2033-02-16,37.91782852986253,34.39527913248821,41.54514604054777
2033-02-17,38.144802093627646,34.573683429840784,41.92254073649559
2033-02-18,38.410218364512176,34.95479875615494,42.329162121480856
2033-02-19,38.39064462241099,34.5914940581478,42.0390252583871
2033-02-20,38.70283743720385,35.437106553362526,42.55638844573633
2033-02-21,38.603287355453496,34.932833384168,42.09556749795703
2033-02-22,39.14468962592191,35.05928846214859,42.79510264043778
2033-02-23,39.1164909311981,35.175650235467266,42.761289928623995
2033-02-24,39.33012510547442,35.550793406294524,42.934666230716246
2033-02-25,39.5849790305043,35.76571222471591,43.40235669660882
2033-02-26,39.557737817248466,35.9748992728257,43.04800193977348
2033-02-27,39.86519544455662,36.11798363846354,43.32316848063559
2033-02-28,39.76380002404264,36.27214965006532,43.52670527586709
2033-03-01,40.30612676236516,36.760697789521686,43.92761721625013
2033-03-02,40.28142850277531,36.75119801310938,44.149753610736575
2033-03-03,40.50087670999564,36.9514684477546,44.23442088107448
2033-03-04,40.76353394739603,37.041790802368226,44.64639546427849
2033-03-05,40.745706787858936,37.00301836400625,44.429216572791596
2033-03-06,41.06376514506036,37.25119532438299,44.60432227654709
2033-03-07,40.97369699558044,37.11443401144937,44.4170730419045
2033-03-08,41.52759135499329,37.90152968883165,45.39160378968289
2033-03-09,41.514199177168535,37.993511321484455,45.4689977425084
2033-03-10,41.74418482797098,37.99332248067223,45.33074899907289
2033-03-11,42.016108973714026,38.174893554129355,45.6144339526921
2033-03-12,42.005791625343804,38.5083001610059,45.52307506231449
2033-03-13,42.329141136388245,38.60517718468476,45.797530636913166
2033-03-14,42.24171795144096,38.454381636546906,46.035708623126574
2033-03-15,42.79522581229764,39.20734507240216,46.68663232648896
2033-03-16,42.778079954702214,38.968404275402435,46.29192725672303
2033-03-17,43.00066483216677,39.25649157294593,46.6505150264235
2033-03-18,43.261322114988005,39.40285781229482,46.50777415904982
2033-03-19,43.235717636461096,39.68237613705414,46.81326101451558
2033-03-20,43.539673038686686,39.93980825766689,47.504700210122316
2033-03-21,43.42873089216147,39.93477858283825,47.32235686370433
2033-03-22,43.95464599608738,40.35959031148879,47.620303935160855
2033-03-23,43.90595241357474,39.996615338938334,47.57184036530166
2033-03-24,44.09321881950699,40.36387593808728,47.78672383374746
2033-03-25,44.315032969027854,40.47008019393604,48.03073870124514
2033-03-26,44.247364035439304,40.94209137631456,48.26867176036301
2033-03-27,44.50638866167601,41.03885284910322,48.13787512098748
2033-03-28,44.34804960456082,40.675822280139755,47.91882989047821
2033-03-29,44.824539795003474,41.349915993563954,48.49394723243137
2033-03-30,44.72486149391717,41.175386479071825,48.67572518107662
2033-03-31,44.86007325457922,41.07644624908764,48.46707415585389
2033-04-01,45.02926563809295,41.055772208220986,48.916522691227044
2033-04-02,44.90891457306169,41.20875788575261,48.39457429880489
2033-04-03,45.11569834821043,41.404496397172316,48.62591826759462
2033-04-04,44.90604726201541,41.30203432408852,48.87579650044916
2033-04-05,45.33261889622538,41.620929179109616,49.04431097885742
2033-04-06,45.18484883397129,41.33501386604228,48.86660809234938
2033-04-07,45.274189669871745,41.77197613299875,49.03614275924239
2033-04-08,45.40007938956245,41.82596958938181,49.25592217162928
2033-04-09,45.239288133325445,41.4149812513273,48.81818024086371
2033-04-10,45.40872944724044,41.63589632851035,49.157628942185156
2033-04-11,45.165005150310904,41.862123384821054,48.82207241592956
2033-04-12,45.56087687703598,41.78771828073461,49.290778522463064
2033-04-13,45.3858141953914,41.88558503222579,49.04859970108079
2033-04-14,45.45123221210335,41.964247862701946,49.17727271368248
2033-04-15,45.55645979091278,41.913587743487895,48.81988196208582
2033-04-16,45.378087429214894,41.70147453646077,48.76779798580177
2033-04-17,45.5327809083312,41.598644748707294,49.223599091700635
2033-04-18,45.27682983780538,41.61708230868648,48.860006691126834
2033-04-19,45.66262412427709,42.08009805283916,49.38927964683436
2033-04-20,45.47920821444118,41.50337415187267,49.269675973117955
2033-04-21,45.53752595163529,41.94205767192918,49.144296120806075
2033-04-22,45.636397077465624,42.262081173116194,49.427799935640344
2033-04-23,45.45187430790837,41.880942520712416,48.934335999073724
2033-04-24,45.60006696245142,42.00161664441437,49.35211387099198
2033-04-25,45.33670011023753,41.824067325204915,49.291684758986605
2033-04-26,45.713602089468395,41.876307316904914,49.35793048481418
2033-04-27,45.51927005950286,42.08945660188587,49.04125773779089
2033-04-28,45.56412622205577,41.837966125478324,49.51857445922538
2033-04-29,45.646505529820786,42.32237838924298,49.63756027962858
2033-04-30,45.442023592572475,41.5510778984378,49.304268655446755
2033-05-01,45.566410537431395,42.0896090118313,49.00196939239434
2033-05-02,45.27507956745387,41.78852035264739,48.880287954649205
2033-05-03,45.61962286136139,42.085867338268585,49.53665508706091
2033-05-04,45.38838427166459,41.83786732874032,48.69544139347392
2033-05-05,45.39172127135008,41.835046392105475,49.22528888126372
2033-05-06,45.42799680191726,41.60687036959948,49.31544194853962
2033-05-07,45.17294959248909,41.65692724554636,48.541969681101044
2033-05-08,45.242528595881126,41.69774742377895,48.92075408769049
2033-05-09,44.892460208227675,41.08293891040744,48.89083464814137
2033-05-10,45.17474087406331,41.68107687202597,49.01411439874338
2033-05-11,44.878204532363725,40.95230968668833,48.20619528583361
2033-05-12,44.813777393076705,40.939900727155056,48.45283567300204
2033-05-13,44.780460778402684,41.113784715256905,48.482517954269134
2033-05-14,44.45469072215589,40.75416872237829,48.29364173893891
2033-05-15,44.45316013811992,40.75739793183748,47.97669228616883
2033-05-16,44.03237242838536,40.09522570783786,47.779024816486206
2033-05-17,44.24511937455929,40.52188196895552,47.939152636442316
2033-05-18,43.881033041054984,40.25364699803718,47.760352270916385
2033-05-19,43.7518244815406,39.90698515471951,47.49176889199303
2033-05-20,43.657250306600666,40.03780406148544,47.47009899298346
2033-05-21,43.2744561455826,39.50802525505183,47.05333919170275
2033-05-22,43.22078316181372,39.52870925069585,46.87602005723236
2033-05-23,42.75330684176975,39.14996801097638,46.41855549916988
2033-05-24,42.925301243921005,39.24634147038675,46.60574540496601
2033-05-25,42.52677876460934,38.687470937982916,46.29135530053816
2033-05-26,42.369718517611645,38.640571893513275,46.15528273543123
2033-05-27,42.25402466060603,38.370163671022375,45.91448704997222
2033-05-28,41.85686393906073,38.15379018726251,45.562112808999835
2033-05-29,41.79546880009743,37.99547080055393,45.79535642200025
2033-05-30,41.32667544019871,37.50600995332733,44.91035755451276
2033-05-31,41.50339006096262,37.93550528185532,45.27744764617474
2033-06-01,41.115133420315914,37.44340034889527,44.54499600952672
2033-06-02,40.97327674496625,37.38717442024749,44.71383717742911
2033-06-03,40.87701024462733,36.93249814202986,44.522894396560154
2033-06-04,40.502693344457356,36.85642384180118,44.35537197098167
2033-06-05,40.46667277459317,36.556893845029336,43.98021462436599
2033-06-06,40.0248376108321,36.271252999128535,43.91045619892977
2033-06-07,40.22910421947601,36.55919834278468,43.9042683380828
2033-06-08,39.86798082719436,36.21472536902669,43.77782882724615
2033-06-09,39.75182437727444,36.06190770610552,43.43306238685059
2033-06-10,39.6788304787727,35.81945664824508,43.2906246781665
2033-06-11,39.32440511075204,35.50649644394633,42.631417352822275
2033-06-12,39.304003755996106,35.45196152478941,43.004345499298836
2033-06-13,38.872706593969326,35.35239097112529,42.83617686278701
2033-06-14,39.08172225253649,35.158708502056214,42.510150171783366
2033-06-15,38.718969407392024,34.991957733295216,42.1894766866268
2033-06-16,38.594348490280225,34.796119306402254,41.92688379165095
2033-06-17,38.50574395392606,34.87041613645531,42.31588875015349
2033-06-18,38.1284054476109,34.29867000249187,41.99716910839442
2033-06-19,38.0777933280192,34.30890599101422,41.839401840315155
2033-06-20,37.60915695024181,33.931700459876346,41.490351535150175
2033-06-21,37.77403812397917,33.80486212007419,41.2975273155795
2033-06-22,37.36084898308138,33.888791094273806,41.091902812105175
2033-06-23,37.180136564687835,33.4067591213375,41.113279282563454
2033-06-24,37.030574656822466,33.68710877779612,40.793894983091725
2033-06-25,36.58833145382405,32.99502496573118,40.165553260931596
2033-06-26,36.469898700410766,32.92911269137848,39.962882682774065
2033-06-27,35.93165109140432,32.24709624954887,39.54766136412896
2033-06-28,36.02632869313859,32.558628621419984,39.6421985241898
2033-06-29,35.543592066692824,31.79560047724954,39.308717091125835
2033-06-30,35.29526286238784,31.462619361132546,38.82056535394583
2033-07-01,35.08129094851372,31.844418730281536,38.943496675002244
2033-07-02,34.57909713710255,31.027998612070135,38.20803649734162
2033-07-03,34.40637771862642,30.66262426532704,38.26392504942825
2033-07-04,33.82064009895613,30.156004690615635,37.26411879309866
2033-07-05,33.87566281433644,30.229602901046057,37.646839434713876
2033-07-06,33.36203008557089,29.574096615753128,37.109925118797804
2033-07-07,33.09235412232534,29.210962555974504,36.80584416905133
2033-07-08,32.86722663200791,29.343527437193504,36.67115138495158
2033-07-09,32.36454892848228,28.5597192595489,35.862139177758806
2033-07-10,32.20232711817843,28.57375594134327,35.87698130155188
2033-07-11,31.638201849813946,28.14991568106697,35.07559471897617
2033-07-12,31.72590601889014,28.267554153182687,35.393836408544374
2033-07-13,31.255800623901706,27.709215618133957,34.797765293676584
2033-07-14,31.040101940247382,27.537837718027987,34.7502020520568
2033-07-15,30.878841342174905,27.080707255126082,34.794486322290346
2033-07-16,30.449206967865706,26.66399526164208,34.210607330594726
2033-07-17,30.368353433883307,26.718718910421106,33.96353168866899
2033-07-18,29.89294874940579,26.101128370813232,33.494685849217696
2033-07-19,30.075651429492382,26.330795688564,33.61943821341823
2033-07-20,29.70566756545173,26.12641407345054,33.192150004614085
2033-07-21,29.594000543433918,25.80625246066566,33.1623981884059
2033-07-22,29.539434241825177,25.698391313944093,33.170402570771884
2033-07-23,29.217898389902686,25.439153812084893,32.744454380165024
2033-07-24,29.245301780646066,25.28312053453257,32.899202005970245
2033-07-25,28.877101986061113,25.29490719013967,32.34190058960327
2033-07-26,29.16480409511578,25.706182999608373,32.62592591955836
2033-07-27,28.896537787324384,25.1308638801033,32.62789937392211
2033-07-28,28.882325031938983,25.327157656165905,32.42410213745703
2033-07-29,28.92007889521341,25.474215271847886,32.78827640853529
2033-07-30,28.684981850404792,25.053350139461273,32.33982501941815
2033-07-31,28.792329061915968,25.04177272814684,32.403515087185
2033-08-01,28.49710514094402,25.01927540635199,32.55178405671211
2033-08-02,28.850486814633932,25.282245545585294,32.39129002353141
2033-08-03,28.64042081705651,25.035730104168557,32.26024260999022
2033-08-04,28.676889359510366,24.732923838785545,32.18577089653257
2033-08-05,28.757903799154594,24.928891753207473,32.44102242550098
2033-08-06,28.55887510164451,24.832816751729034,32.08876276539909
2033-08-07,28.695446828232317,24.927287557039207,32.37153522407063
2033-08-08,28.423059454275347,24.76496201918304,31.949159998672446
2033-08-09,28.793438812460586,25.406453102149015,32.59921261439738
2033-08-10,28.595158352431596,24.744900229142363,32.26989743435554
2033-08-11,28.638887979529958,24.817459209325733,32.53105415304242
2033-08-12,28.723370508008056,25.13874033367364,32.3118779784894
2033-08-13,28.524774741260334,24.728426924587914,32.21526121088973
2033-08-14,28.65951131636109,24.970283445764714,32.15575444220474
2033-08-15,28.383780506725238,24.669939184654883,32.01971474381846
2033-08-16,28.75004513382317,25.199976934398236,32.49022071661262
2033-08-17,28.547578599778667,24.721525054461374,32.094876246674076
2033-08-18,28.587701079083057,25.01823767677939,32.17436769690667
2033-08-19,28.669745130034787,25.081825015376534,32.44946340491686
2033-08-20,28.470399909053985,24.870429774157934,32.204264034106174
2033-08-21,28.606520238613168,24.927935612356947,32.18764832815716
2033-08-22,28.334669777610184,24.425092204738643,32.11299754566472
2033-08-23,28.70759144237869,24.780682329012294,32.34481692912906
2033-08-24,28.514755031691802,24.945183987398902,32.27811669363595
2033-08-25,28.567594983368238,24.583868649078607,32.05215376091002
2033-08-26,28.665479365235715,25.0086732539422,32.481163579661256
2033-08-27,28.485059084580037,24.871659971416676,32.08317520092666
2033-08-28,28.643083333664975,24.933269516535248,32.38769372286944
2033-08-29,28.395950260825842,24.57804204205018,31.963742698721322
2033-08-30,28.796185738017652,25.141517705477927,32.62270525564257
2033-08-31,28.63299989164304,24.879177698081126,32.10434659869305
2033-09-01,28.71753403712578,25.243712459872405,32.47584010815295
2033-09-02,28.848838840628606,25.13204692374654,32.42171772168031
2033-09-03,28.70323242851379,25.151424592352768,32.37398406774805
2033-09-04,28.89712422164281,25.048726846555745,32.20540352244863
2033-09-05,28.68657327293899,24.759076624691005,32.336934976588864
2033-09-06,29.12377380281975,25.5527401723042,32.682162788516315
2033-09-07,28.997617461903044,25.136109156787043,32.515229730853605
2033-09-08,29.118944865737863,25.237337594826684,32.71818917840014
2033-09-09,29.286527172464996,25.723021163811737,33.117123982818384
2033-09-10,29.17642641471717,25.24909461545199,32.846021962966255
2033-09-11,29.404820395629272,25.654309938307954,33.43773357233196
2033-09-12,29.2275609995631,25.471260997027255,32.911732906547634
2033-09-13,29.696658720047406,25.964874675353705,33.359177497332716
2033-09-14,29.600843073110195,26.078780284476693,33.3885092629578
2033-09-15,29.750811604674162,26.182528595257626,33.42944167161714
2033-09-16,29.9452084456533,26.43823284308676,33.53080636778818
2033-09-17,29.859981320601765,26.310542958047066,33.44498261366159
2033-09-18,30.111203019020184,26.4186078370903,33.8605640952884
2033-09-19,29.95462637665402,25.927147464100003,33.54181190403101
2033-09-20,30.442165756382146,26.784110500236185,34.15417978649248
2033-09-21,30.36245486780261,26.68546410607093,34.18035116528488
2033-09-22,30.526093782909996,26.887243574874404,34.41159881655259
2033-09-23,30.73162622273662,26.887856250458466,34.371966237136135
2033-09-24,30.65489611043684,26.559333359857522,34.455069078427066
2033-09-25,30.91186945461202,27.275409735304972,34.61015617270649
2033-09-26,30.758190628123337,27.22727531701331,34.396314608374105
2033-09-27,31.245666012353208,27.49942165834627,34.84892974954558
2033-09-28,31.162824789324546,27.444659929431,34.920631977405236
2033-09-29,31.320169647178297,27.697086830447272,34.6918802613556
2033-09-30,31.516158349724908,27.85082389449826,35.004898976285745
2033-10-01,31.426565013180014,27.748088466072193,35.04397506188524
2033-10-02,31.667306978465206,27.97227317726,35.250173271875475
2033-10-03,31.49400615149765,27.86010917581285,34.979702878538774
2033-10-04,31.958477577913783,28.145600042549997,35.415081213955666
2033-10-05,31.849294827183506,28.403557594550463,35.68888592979248
2033-10-06,31.977044747388117,28.449962598325154,35.74290250991044
2033-10-07,32.14031234746748,28.314769311951622,35.86391226931108
2033-10-08,32.01504447334151,28.386743195510864,35.50865280280362
2033-10-09,32.21737801309275,28.655865035000748,35.66099569615389
2033-10-10,32.00320137986279,28.223457819352774,35.51253848111369
2033-10-11,32.424641949218355,28.50795668437198,36.16962413323399
2033-10-12,32.27062897442626,28.647696879378305,36.05537481938524
2033-10-13,32.352144530154476,28.64360268031576,36.20660934523471
2033-10-14,32.4682032730218,28.953763988412867,36.134725571938446
2033-10-15,32.295209759484095,28.230764145296448,36.39411569371118
2033-10-16,32.449779171803684,28.46357381971256,35.79845633957384
2033-10-17,32.188290355229164,28.64631785627084,35.854765548023565
2033-10-18,32.56336403302038,28.77959224700565,36.12532185018115
2033-10-19,32.3644159430903,28.604294198941353,36.12841716871866
2033-10-20,32.40289769187666,28.5865188023,35.98427700449141
2033-10-21,32.47826637685945,29.087768222043913,36.07647202064362
2033-10-22,32.267331991992094,28.77474081410696,35.944301220327674
2033-10-23,32.387068743266425,28.357344542092218,35.91940890387953
2033-10-24,32.09415944893137,28.334638074196228,35.675857436974276
2033-10-25,32.44146614905999,28.680950039957423,36.12231399757653
2033-10-26,32.21857690529906,28.81569108478854,35.88311696615828
2033-10-27,32.23704179506291,28.441567171691513,36.01801861496795
2033-10-28,32.296339325276286,28.822152236355308,36.06342286460122
2033-10-29,32.07322241280227,28.400810807965374,35.632460874103344
2033-10-30,32.184530146303594,28.337792382901235,35.99940991332928
2033-10-31,31.88673454264853,28.0789662056625,35.462133059323
2033-11-01,32.23241541021392,28.436141393115467,35.96737524453527
2033-11-02,32.01081323591722,28.54831520081274,35.9151412070016
2033-11-03,32.03307298531135,28.17233467219562,35.604823547253424
2033-11-04,32.09821987724905,28.38424884983743,35.833342979000435
2033-11-05,31.882516071528805,28.186704862459667,35.744760215093955
2033-11-06,32.00228423545128,28.53804769726396,35.63736236010514
2033-11-07,31.713466919502984,28.039743561753863,35.30964702196974
2033-11-08,32.06811454476607,28.245723875352002,35.659774137771436
2033-11-09,31.854951590269657,28.187807892348186,35.61617503060238
2033-11-10,31.884633530756957,28.127244639564992,35.60714190297374
2033-11-11,31.955735246274813,28.134823271326386,35.638109441854475
2033-11-12,31.744119509957933,28.15691354822683,35.305937576810535
2033-11-13,31.865771204792637,28.07851633470211,35.426689329189756
2033-11-14,31.576365910277335,27.879653630314998,35.451383552883144
2033-11-15,31.92776540609813,28.35344166026714,35.73445428498072
2033-11-16,31.708589466635175,27.829866334433067,35.523714281638625
2033-11-17,31.729476329773572,28.072246890589003,35.3285361974218
2033-11-18,31.789072446752137,27.856948821288004,35.36052128187673
2033-11-19,31.56340006069429,28.04847961004718,35.46706703768312
2033-11-20,31.66868826413748,28.183738428871607,35.31300603726375
2033-11-21,31.360936234644566,27.879109921451917,35.21767545853897
2033-11-22,31.692401311635983,27.911588434425738,35.358682360387206
2033-11-23,31.452161459506726,27.607061997008586,35.07791726942463
2033-11-24,31.45136472293879,28.139271914054756,35.054993372764336
2033-11-25,31.48920654936838,27.981850752007244,35.30174256523393
2033-11-26,31.242283833520347,27.73777022271851,34.932736251321266
2033-11-27,31.327411672798963,27.955863583319005,35.06840446648085
2033-11-28,31.001171893718485,27.357863088576288,34.42903149302948
2033-11-29,31.31638638675019,27.34872573355852,34.842919192530985
2033-11-30,31.062665172401605,27.364447930930627,34.82338104848624
2033-12-01,31.05164217571081,27.263028847606282,34.60978986097244
2033-12-02,31.082939939166963,27.41820418495725,34.83607834197273
2033-12-03,30.83351245841872,27.06125326982521,34.505486285311896
2033-12-04,30.920452424590906,27.162902373867546,34.89071752804316
2033-12-05,30.60053218617496,27.12275427275714,34.171232893731954
2033-12-06,30.926671671568137,27.09977915762996,34.78148080222107
2033-12-07,30.688483344133473,26.916577445838378,34.24963879625696
2033-12-08,30.697507257350154,27.24552472562695,34.46007622151856
2033-12-09,30.75317746915295,27.05400877370314,34.462942143005534
2033-12-10,30.532168966599947,26.811121410187916,34.2644345484487
2033-12-11,30.651211289987774,27.05753448807025,34.54703887678408
2033-12-12,30.36663801528174,26.527980327298113,34.06633337130923
2033-12-13,30.73086512647671,26.854381189990406,34.498679894668975
2033-12-14,30.532948090153965,26.90136072092624,34.27199733333126
2033-12-15,30.583830396697238,26.984746540582258,34.48583584362038
2033-12-16,30.682324488445033,26.67536353965422,34.21015129421666
2033-12-17,30.504473860135725,26.710325650706697,34.17634816920371
2033-12-18,30.666382137375212,27.157734600422614,34.322738294438025
2033-12-19,30.423777900941793,26.578465495728693,34.48969760318589
2033-12-20,30.8285078998721,27.153531876532025,34.41771772697842
2033-12-21,30.669108089346967,26.54305225454177,33.9143002473025
2033-12-22,30.75606490367176,27.10634339113731,34.54883149179732
2033-12-23,30.88780736166639,27.125127370193667,34.64936113209247
2033-12-24,30.74007850632423,27.04059961196593,34.438215707359824
2033-12-25,30.928771747619116,27.21596408896203,34.34918843996096
2033-12-26,30.709500692216082,27.069574283123476,34.617238374714574
2033-12-27,31.13409497625528,27.718338188250733,34.91208365788756
2033-12-28,30.99117147093545,27.431064370109237,34.5711474336376
2033-12-29,31.091393266952473,27.498888404390865,34.89372224489217
2033-12-30,31.23345709287179,27.55493110952371,34.94979218440727
2033-12-31,31.09345778739265,27.488770185598558,34.879623666108394
2034-01-01,31.28771556970007,27.850069956747287,35.03451402121937
2034-01-02,31.07233491946888,27.500515976545877,34.576852597953945
2034-01-03,31.499687857069876,27.703735452354795,35.45928904251986
2034-01-04,31.358971307526893,27.547906714684558,35.2307761170921
2034-01-05,31.461451299398774,27.572283320771085,35.266978118172915
2034-01-06,31.606435021238788,27.93543755319774,35.30756020746803
2034-01-07,31.470619736230272,27.810722556623727,35.02288427925265
2034-01-08,31.670904683246544,27.949804480437617,35.54314734211971
2034-01-09,31.463935153652656,27.61018894335598,35.063206806950106
2034-01-10,31.90257189644476,28.21055029621449,35.58483380676203
2034-01-11,31.77643587259091,28.27474806210184,35.6325702933828
2034-01-12,31.897141414045514,28.066744133811834,35.65254793965376
2034-01-13,32.0642590740407,28.548421190188467,35.68434094911246
2034-01-14,31.95465738648461,28.176189078942603,35.440374907773496
2034-01-15,32.18530982823632,28.62541112601088,35.90036533075264
2034-01-16,32.01283628364856,28.267403923830763,35.90391078580884
2034-01-17,32.48997221635952,29.004007047575513,36.26629772169503
2034-01-18,32.40611556306868,28.6530382252897,36.36484818273282
2034-01-19,32.57256434089349,28.96989899766086,36.24698151062148
2034-01-20,32.788486135313484,29.265783814556368,36.562640889375245
2034-01-21,32.73026851488875,29.285317896439274,36.50160969097179
2034-01-22,33.01433644741113,29.340064117502042,36.79688046099071
2034-01-23,32.896705756427444,29.162024957115392,36.662128105779914
2034-01-24,33.429465528001735,29.675050456839585,36.96997046099287
2034-01-25,33.401339160448885,29.592750415091363,37.0439704858329
2034-01-26,33.62293670786543,29.83926353280552,37.34187134179383
2034-01-27,33.892739333576024,30.27002077160422,37.31942621174532
2034-01-28,33.886464567232906,30.20863727550927,37.48934480871361
2034-01-29,34.21989809501008,30.45536754242925,37.608585634648755
2034-01-30,34.148460791851,30.284361206321414,37.69252400996014
2034-01-31,34.72370359895757,30.80347423016715,38.21446719733439
2034-02-01,34.7338796626874,30.89235109206547,38.59670514482204
2034-02-02,34.989206145633716,31.4244915818267,38.72863277905369
2034-02-03,35.287856327447024,31.68667428471942,39.10364437800209
2034-02-04,35.30533053638836,32.05192652738892,38.95433450973565
2034-02-05,35.65729153669753,31.945414428213017,39.50536213276259
2034-02-06,35.59913302673894,31.64328686907183,39.2816193558402
2034-02-07,36.18247384746721,32.46024428498523,40.12318595413012
2034-02-08,36.19572736356663,32.70029348078692,39.96733494602234
2034-02-09,36.44935852166803,32.37403351349841,40.07795496723566
2034-02-10,36.74186934142879,33.05427088629615,40.48325476867739
2034-02-11,36.74916155873681,33.18750130190353,40.31817009914837
2034-02-12,37.08736225975491,33.58683344222104,40.87177917629507
2034-02-13,37.01238140362583,33.44461864298362,40.4176782768125
2034-02-14,37.576394099404105,33.978955452303616,41.066660856085264
2034-02-15,37.56839738176402,33.69398604721075,41.33346976814034
2034-02-16,37.799454281552045,34.284233418871075,41.71919435525926
2034-02-17,38.06866624078153,34.66673891369323,41.66628761272931
2034-02-18,38.05252288080402,34.47576327581954,41.616847591170014
2034-02-19,38.36771524066191,34.57489564831745,42.21608396769038
2034-02-20,38.27068164458311,34.45457166925277,41.75715641816528
2034-02-21,38.81407930265861,35.12420982116458,42.64090750008812
2034-02-22,38.78733160026482,35.14270125494467,42.41767238233305
2034-02-23,39.00186405176206,35.17542082355742,42.68132572803239
2034-02-24,39.257070113049565,35.53183577114691,43.058354537012235
2034-02-25,39.22965596975538,35.61257974747862,42.8891865236169
2034-02-26,39.53645048805885,35.69793679866698,43.1128026970373
2034-02-27,39.4339495186682,35.64424837967887,42.97013323443931
2034-02-28,39.97478765159384,36.195984535750114,43.5683480179928
2034-03-01,39.948287334404014,36.50584071109525,43.527107679048484
2034-03-02,40.165698252309745,36.541698803235164,43.706744381788845
2034-03-03,40.42616805594514,36.91872839809654,44.09830469240561
2034-03-04,40.40609341697946,36.82432848521747,43.90576347245063
2034-03-05,40.72193743783501,37.18395866711135,44.40876444430449
2034-03-06,40.62978242557679,36.50235023799963,44.18942442507708
2034-03-07,41.18181093196935,37.59152708696928,44.940163743590695
2034-03-08,41.1668647662604,37.17789631616324,44.657030835828884
2034-03-09,41.39569466703248,37.830728306152196,44.86407638533045
2034-03-10,41.66694150584109,37.86337835533612,45.18575879977767
2034-03-11,41.656497792667906,37.76752737459111,45.29644343685286
2034-03-12,41.98033530664599,38.2993460456858,45.78473269666748
2034-03-13,41.89406767019626,38.32640481154371,45.86223483883192
2034-03-14,42.44944059090462,38.76481401708463,46.447855534339006
2034-03-15,42.43489931698255,38.70042293346357,46.37006633119964
2034-03-16,42.660845851367654,38.93091394626063,46.501019796794736
2034-03-17,42.92562667682996,39.30864618922323,46.54202543832345
2034-03-18,42.904899664265706,39.160630763013806,46.563100011741
2034-03-19,43.214465912777435,39.43048148585416,46.8708521536904
2034-03-20,43.10983528822043,39.33051971767233,46.99252075384384
2034-03-21,43.64271835623634,40.02719546386527,47.23898813980204
2034-03-22,43.60159424997487,39.815821291506246,47.135224858400264
2034-03-23,43.79696703343717,39.94861056853982,47.34797202453648
2034-03-24,44.027351349340364,40.36163662562586,47.7984272278798
2034-03-25,43.96863607894813,40.19350968900595,47.31136759547009
2034-03-26,44.236911835233784,40.90689533879989,47.74294062899875
2034-03-27,44.088031144229305,40.53007973175555,47.671789953894084
2034-03-28,44.57409411250151,40.79605666987384,48.24417067631397
2034-03-29,44.484009234496725,41.115576917921935,47.78887932281831
2034-03-30,44.628742024199596,40.8210898632785,48.53535251222141
2034-03-31,44.807292391220024,41.17593370858896,48.531307510988796
2034-04-01,44.696049626261235,41.40888546373744,48.213552886552506
2034-04-02,44.911610958857494,41.16584017263991,48.574587565903826
2034-04-03,44.71033268643881,40.837482724400076,48.11149933262991
2034-04-04,45.14480681756724,41.48455354650143,48.94999698934016
2034-04-05,45.004413027278034,41.473086047579635,48.6593634706058
2034-04-06,45.10055875070361,41.39660768995649,49.08888079169187
2034-04-07,45.232648473007124,41.42412937328028,48.69405956358061
2034-04-08,45.07743121293859,41.10778137985384,48.64682196959004
2034-04-09,45.251812288440576,41.57657957296175,48.78141699789263
2034-04-10,45.01239848037585,41.28787360632461,48.610851947515165
2034-04-11,45.41196964435326,41.59050147902981,48.97565883541428
2034-04-12,45.240026664262075,41.62882341855175,49.23395902659199
2034-04-13,45.308028656402044,41.62516159609087,49.29605242983974
2034-04-14,45.415360550588204,41.69695544081325,49.01633870121671
2034-04-15,45.238680097961584,41.57672219210215,48.822776570956876
2034-04-16,45.39473042916455,41.906617835446006,49.11102544724152
2034-04-17,45.13988729562664,41.42443843101673,48.99853162665361
2034-04-18,45.52663404093299,42.019858446471,49.24072241778031
2034-04-19,45.34411417224934,41.65065112018341,48.76774077490665
2034-04-20,45.40337439569808,41.65390207319209,48.864495866251424
2034-04-21,45.50333917516211,41.729076231323376,49.0941953823016
2034-04-22,45.32016577548956,41.6166352056112,48.89705057743627
2034-04-23,45.47006580312532,41.98992735530172,49.12415006112786
2034-04-24,45.208862245333,41.41891399006077,48.996574653977184
2034-04-25,45.58847490334289,41.77520897625835,49.3908982369825
2034-04-26,45.39748391938076,41.62633887795511,48.9283200932097
2034-04-27,45.44638407511364,41.80208964713406,48.96371543395641
2034-04-28,45.533570720847074,41.9302550079306,49.149041639980595
2034-04-29,45.33470608551263,41.69695131788318,49.097791520902916
2034-04-30,45.46555176232763,41.76226878722315,49.05586943328508
2034-05-01,45.18153614961887,41.51775599928851,49.03055229555573
2034-05-02,45.53424952142921,41.816057480393134,49.30938041329416
2034-05-03,45.312016212374736,41.33398313161155,49.176361410940615
2034-05-04,45.325156388857344,41.90720923034989,48.98845227026152
2034-05-05,45.371978075292226,41.725910571659846,49.15437316209449
2034-05-06,45.12814801424145,41.653923226259366,48.66341741663895
2034-05-07,45.20952700829053,41.482154548965504,48.620608442337414
2034-05-08,44.87173840461825,41.198800771468505,48.53697899233972
2034-05-09,45.166662310638515,41.41885258958879,49.07733469944516
2034-05-10,44.88300497487024,41.42282787905229,48.637770531236185
2034-05-11,44.831555793360465,41.366689837878084,48.41667396418904
2034-05-12,44.811172639294185,41.19685714479891,48.63842671145166
2034-05-13,44.498144165565535,40.58091331530179,47.791744613122894
2034-05-14,44.50901484128742,40.84487478792509,48.29716878103437
2034-05-15,44.100141537958166,40.743912003849125,47.84645521398536
2034-05-16,44.324174448498745,40.61634747506078,47.866600578279694
2034-05-17,43.97061200543572,40.255568538145354,47.3023153409545
2034-05-18,43.85104252451731,40.07473258890466,47.529089639199015
2034-05-19,43.76511356648236,39.96975889948906,47.32395804069682
2034-05-20,43.38987798557047,39.66401380869869,47.03897447172779
2034-05-21,43.34260276202698,39.5763534293356,47.23891456599475
2034-05-22,42.88030978120918,39.40906433690125,46.8739313409865
2034-05-23,43.05624169240345,39.56847866303146,46.543251416358814
2034-05-24,42.660402858968176,38.95389707504168,46.333460384084745
2034-05-25,42.504788458650005,38.81696861250665,46.122915657690406
2034-05-26,42.38934303871126,38.69097799043496,45.92094136860011
2034-05-27,41.99129777795763,38.42619690268752,45.62301495470736
2034-05-28,41.927972800540914,38.1512611225867,45.73213103625092
2034-05-29,41.456313909052014,37.81002742469477,45.082576365939374
2034-05-30,41.629357026414425,37.96057744988663,45.10549043572254
2034-05-31,41.236770460692476,37.697360680246256,45.006781945648314
2034-06-01,41.09008809661012,37.4939413150334,44.713871684621985
2034-06-02,40.98867480296025,37.39700058074604,44.78453415010443
2034-06-03,40.609073230747526,37.21168816032456,44.57058093690803
2034-06-04,40.56781820807158,36.78293561225582,44.20492929523266
2034-06-05,40.12098790030334,36.531827206248394,43.901185327165074
2034-06-06,40.32068476882514,36.71436404572144,43.8098596382475
2034-06-07,39.95559613359099,36.3249446752717,43.57844762431162
2034-06-08,39.836247087497235,36.348624964770195,43.482606452302825
2034-06-09,39.76098665597622,36.089468119097,43.57794541267359
2034-06-10,39.40535594924479,35.59544853277089,43.22159439983063
2034-06-11,39.384924063099284,35.78571690164049,42.993354401787364
2034-06-12,38.95486043388995,35.148990321022055,42.42412781965076
2034-06-13,39.16643621561853,35.24860428219264,42.87737035193621
2034-06-14,38.80760402726674,35.27542432413059,42.444061824148136
2034-06-15,38.68826837996982,35.10392921200848,42.57214735737394
2034-06-16,38.606287268402724,34.84728080864035,42.20705048824572
2034-06-17,38.23685330385475,34.440240248117846,41.72843561804134
2034-06-18,38.195339823302824,34.49862953312635,41.91877547264293
2034-06-19,37.736880415026015,34.15441486594223,41.671602402226405
2034-06-20,37.912874227099174,34.125194026793224,41.67849087161892
2034-06-21,37.51156627431891,33.778183986549244,41.03380412481604
2034-06-22,37.343314993780446,33.9773316670873,40.96407617907894
2034-06-23,37.206587549530916,33.37545597243982,40.842307592900966
2034-06-24,36.7773313558411,32.73431585344971,40.46818946203
2034-06-25,36.67180742051048,33.15815603890749,40.300592847521884
2034-06-26,36.146154187644726,32.7572143192145,40.14187068356037
2034-06-27,36.252874552419286,32.32496883821697,39.73922778950415
2034-06-28,35.781395630459826,32.012395941035635,39.46149382927552
2034-06-29,35.54331395204757,31.9617199356804,39.246192592667924
2034-06-30,35.33836704546733,31.3576649153884,39.10021961779374
2034-07-01,34.843780376470775,31.09684147288005,38.48829093479119
2034-07-02,34.6770757649106,30.93786024436675,38.04640677608539
2034-07-03,34.09561048833347,30.14971224299043,37.8105971013382
2034-07-04,34.15304027371626,30.384186697261832,37.96415110664212
2034-07-05,33.6398562748828,30.22314612105395,37.231255033643244
2034-07-06,33.36860919521594,29.924747822012485,36.92669623131142
2034-07-07,33.139861972283235,29.218465704314323,36.872170493725875
2034-07-08,32.63152039623143,28.934918121987884,36.08697067484759
2034-07-09,32.461628131041174,28.82626929803771,36.30687011810174
2034-07-10,31.887895631413134,28.30007796453543,35.496935057154985
2034-07-11,31.964156367992622,28.357656074513113,35.506680469371155
2034-07-12,31.48090059366119,27.893328323238933,35.03159283467968
2034-07-13,31.250499866202794,27.714174503512925,34.8122231509874
2034-07-14,31.073163719207194,27.69923858084579,34.8784383407894
2034-07-15,30.62627774855935,26.981736409643243,34.432692158398034
2034-07-16,30.52720940198423,26.547148606061402,34.26408370946556
2034-07-17,30.032850710358275,26.38048130823348,33.80453764618668
2034-07-18,30.196091053132626,26.466599555356087,33.921234638171
2034-07-19,29.80636981178857,26.012825280539936,33.4341911079175
2034-07-20,29.67492169862209,26.106321759465065,33.16320346921905
2034-07-21,29.600755685799367,25.772277720298845,33.2742671634612
2034-07-22,29.26001630733524,25.49944253181118,32.62549771179621
2034-07-23,29.268813111003443,25.89910978491656,33.30124334397623
2034-07-24,28.882786984529556,25.228169993258668,32.66655443455013
2034-07-25,29.15360594240965,25.414379868250126,32.64355544721644
2034-07-26,28.869539741399628,25.3754260946623,32.52190731619951
2034-07-27,28.84072565735746,25.149597464022232,32.17819879851502
2034-07-28,28.865165935380812,25.18523560878585,32.27786694098454
2034-07-29,28.618105323816074,24.82082330141353,32.15275004442374
2034-07-30,28.714874165566087,25.286988027906467,32.434703043742246
2034-07-31,28.410465532585796,24.603916097900115,32.123067849773776
2034-08-01,28.756038820982017,25.216363925662282,32.35007217508357
2034-08-02,28.539499078279277,24.819373535381768,32.21848010425049
2034-08-03,28.570764372577138,25.178368089872304,32.25573572949639
2034-08-04,28.64776176519277,24.794402534372626,32.06212073733315
2034-08-05,28.445800417047373,24.343631009907007,31.963992814833162
2034-08-06,28.58040748765827,24.91532539575327,32.30759780737792
2034-08-07,28.30689555781828,24.769517749274296,32.5219075720555
2034-08-08,28.67685429111107,24.861180565993262,32.30162905705377
2034-08-09,28.478715947595013,24.766016313590242,32.19004933259022
2034-08-10,28.523007435637396,24.911583192445985,32.37735136534135
2034-08-11,28.60832986427885,25.0857754245269,32.403384600357974
2034-08-12,28.410714540913492,24.684364024476363,31.99691218192548
2034-08-13,28.546441490921836,24.609231793173613,32.04140239427354
2034-08-14,28.271589640605235,24.85161808792278,31.824170653702016
2034-08-15,28.638511771362843,24.939977150431005,32.34937850048252
2034-08-16,28.43638422416782,24.558113412912807,31.878212620275747
2034-08-17,28.47644437057904,24.590516631783597,32.10442504418904
2034-08-18,28.5579570998974,24.87086101507713,32.079842201772536
2034-08-19,28.3575595055878,24.986973147960686,31.97167076635099
2034-08-20,28.492070032120242,24.911194997784296,32.07214703564639
2034-08-21,28.21803135153477,24.271716925555314,31.80179732697871
2034-08-22,28.588180147270634,24.756704020882378,32.076447309664715
2034-08-23,28.39199379589797,24.587126560455737,31.929528504533064
2034-08-24,28.440926918163555,24.45273640815784,32.13238506656429
2034-08-25,28.534378950975153,24.882799945571858,32.1711375155654
2034-08-26,28.349041776841787,24.52286119029256,31.853416840327853
2034-08-27,28.50171348260983,24.945151539949023,32.13207728189391
2034-08-28,28.248847291427076,24.609049218570437,32.06126965844495
2034-08-29,28.643028591954575,24.742980184952152,32.214457488881706
2034-08-30,28.473529781829708,24.726789302704603,32.03639281463748
2034-08-31,28.551555611761483,24.88256785732117,32.36935455382739
2034-09-01,28.676219894075214,24.86198604010415,32.38983492467859
2034-09-02,28.52390233017052,24.67594012998275,32.25095340813706
2034-09-03,28.711071260511556,25.03665478324334,32.257405327312014
2034-09-04,28.49384113422064,25.062256036841934,32.347477227037395
2034-09-05,28.924457403298646,25.2365496519025,32.44593895390456
2034-09-06,28.791858373083304,25.198205057677452,32.50909118709398
2034-09-07,28.90692654785334,25.46059169807702,32.893575998382076
2034-09-08,29.06847022909077,25.35473696287436,32.73864314685004
2034-09-09,28.95258405747923,25.095562553379953,32.62033428778562
2034-09-10,29.175474282245617,25.828232937899553,32.862729957105195
2034-09-11,28.99301757736308,25.380981021382084,32.50783751046199
2034-09-12,29.457246172279447,25.759938468288006,33.25117388147981
2034-09-13,29.356908928147437,25.569203969826994,32.90927823498402
2034-09-14,29.502721030034902,25.857837201160873,33.22604077384943
2034-09-15,29.693343210841988,26.27767754890819,33.392455935433915
2034-09-16,29.60473937662577,25.892252156380437,33.459055445363845
2034-09-17,29.852998609257114,26.14056020817898,33.706598137994874
2034-09-18,29.69389056461492,25.939348554618014,33.38676176979965
2034-09-19,30.179347232036687,26.463653895297718,34.02199514479661
2034-09-20,30.09802087613488,26.549158225890725,33.78813354756393
2034-09-21,30.26053100703802,26.793276626169042,34.308618294382406
2034-09-22,30.46544144954274,26.60510283386295,34.2876882133302
2034-09-23,30.38861650949283,26.676804024362845,34.11883619672187
2034-09-24,30.64604231109506,27.031941193401956,34.39773281237318
2034-09-25,30.493382387104333,26.89283751718689,33.95158658230188
2034-09-26,30.982460514789036,27.419944398300625,34.43444550460698
2034-09-27,30.9018206085423,27.332120135436583,34.768986566650874
2034-09-28,31.06197646764759,27.265796802365802,34.61186848784986
2034-09-29,31.26139236636447,27.438582468690903,34.76506210609774
2034-09-30,31.175843368187138,27.624915495508123,34.777775717525635
2034-10-01,31.421241292280435,27.58928862409063,35.370744632122914
2034-10-02,31.25319524380241,27.77760748094543,34.93087333917241
2034-10-03,31.723499512002974,28.11558150072148,35.30902243449287
2034-10-04,31.620698445472073,28.001741480600092,35.07740115634047
2034-10-05,31.755340895901337,27.827128447278934,35.38645628562839
2034-10-06,31.92596501185163,28.058148431242167,35.7793331219476
2034-10-07,31.808462067214215,28.11008843737409,35.21455225128657
2034-10-08,32.018905070730426,28.394782200751774,35.49294667752188
2034-10-09,31.813110908684507,28.32446538342031,35.65424780707454
2034-10-10,32.24312869297849,28.41747469755557,36.12141242731563
2034-10-11,32.09780382538973,28.59621936140273,35.587158576208445
2034-10-12,32.18803030801247,28.431065547022744,35.986141952106415
2034-10-13,32.31273206020225,28.506770272697825,35.71601965273213
2034-10-14,32.148221947696854,28.4416476537371,35.77085459505998
2034-10-15,32.31102433380366,28.79123470417802,35.93278725850159
2034-10-16,32.0574300100921,28.16950256514645,35.614759530885564
2034-10-17,32.43997632389769,28.624229838349187,36.58174055946776
2034-10-18,32.248002194833674,28.560915559154694,35.86469166705782
2034-10-19,32.292890763547376,28.540476958430425,36.22720609797821
2034-10-20,32.37404067256246,28.336117044035007,35.97130455104924
2034-10-21,32.16821494404513,28.330907133302112,35.840814927587765
2034-10-22,32.2923535361811,28.543725599867276,35.90545974367137
2034-10-23,32.003118712180935,28.551125298971574,35.697718848230544
2034-10-24,32.35336631260687,28.62499431721048,35.988512376347735
2034-10-25,32.13269288537742,28.410000103581776,35.87998121618341
2034-10-26,32.15267165970264,28.256484969629902,35.78981968440641
2034-10-27,32.2128185801846,28.548872388676006,35.80003058635577
2034-10-28,31.98993754894935,28.04708955342239,35.71597230644024
2034-10-29,32.10093110102817,28.41766053283032,35.85002775085419
2034-10-30,31.802345746261746,28.008995531904482,35.47389994876493
2034-10-31,32.146845119482236,28.365931741186717,35.82529145377366
2034-11-01,31.923760893852844,28.1095125409633,35.50335752440598
2034-11-02,31.94433439251092,28.179207882002444,35.497858871875856
2034-11-03,32.00769001240342,28.22672982431712,35.904990856148174
2034-11-04,31.790189456457572,28.038442337399886,35.32927555169377
2034-11-05,31.908252801474557,28.270968915661104,35.6117861105451
2034-11-06,31.617915395654965,27.937110565695775,35.35614869157738
2034-11-07,31.971313452537306,28.268611483978848,35.7905912851837
2034-11-08,31.757247992455913,28.234940061219266,35.4803762047742
2034-11-09,31.786439741962756,28.01630849404805,35.556142838466364
2034-11-10,31.857515767990026,28.344076106178385,35.550272002431335
2034-11-11,31.64637650224279,27.658804386558554,35.344407832640655
2034-11-12,31.7690288482729,28.180132058217385,35.45977083336988
2034-11-13,31.481154044977156,27.64999659062715,35.13119693927313
2034-11-14,31.834602856721517,28.273271235457216,35.20850840303842
2034-11-15,31.61796747656168,28.03697761222349,35.08109516244795
2034-11-16,31.641842527700874,27.832541525233744,35.20343575244858
2034-11-17,31.704815760600415,28.053896453394966,35.290740452617015
2034-11-18,31.482836973049576,27.566664527596973,35.196632799813294
2034-11-19,31.592050772724093,28.092507858572485,35.49029363163335
2034-11-20,31.288361840768946,27.631903427402076,34.806104508326804
2034-11-21,31.62392531018055,28.019047879625127,35.352499992790314
2034-11-22,31.387711747176496,27.670134250597673,35.03530376956975
2034-11-23,31.390759278470842,27.638911195608458,34.99519342410809
2034-11-24,31.432153671934344,27.65866107627196,34.97694971106968
2034-11-25,31.188385155364603,27.578103992156777,35.172878822416976
2034-11-26,31.276167891037847,27.74950683725007,34.920517211131596
2034-11-27,30.951991096062592,27.36115843932308,34.857316080796416
2034-11-28,31.26859477860983,27.452088634273377,35.258791431345145
2034-11-29,31.015519950048947,27.090802592552123,34.621527177291135
2034-11-30,31.0043462337206,27.257249851503342,34.71658582945142
2034-12-01,31.034658051642133,27.330882776115622,34.72707826798145
2034-12-02,30.783388533871502,26.933618566884586,34.53048424060509
2034-12-03,30.86762740489905,27.281783602970833,34.704170646739634
2034-12-04,30.54416214152805,26.977345789984533,34.33308266241175
2034-12-05,30.865945636300786,27.454636141892454,34.59953142642983
2034-12-06,30.622640443086905,26.98998887867966,34.13079695995554
2034-12-07,30.625852688684546,27.040520461040522,34.42358327309099
2034-12-08,30.67509693712644,26.97698767300828,34.42326050466637
2034-12-09,30.44714119593224,26.493645205801926,34.04903129183963
2034-12-10,30.558818301096316,26.879558900176956,34.25109674903607
2034-12-11,30.26657289572448,26.593227591456632,34.36242209740381
2034-12-12,30.622937096877408,26.732547057595557,34.13264177552149
2034-12-13,30.417084731137972,26.714235009372093,34.112010887576666
2034-12-14,30.460076975139025,26.6567647858365,34.1205695676691
2034-12-15,30.55084039479406,26.845221359723748,34.06930880060665
2034-12-16,30.365526241829173,26.699120236292476,34.20317066728704
2034-12-17,30.520336884476645,27.01251981468735,34.183653632489374
2034-12-18,30.271088207354907,26.42714318022706,34.014478159644256
2034-12-19,30.669700685007072,27.144818756428705,34.49716971764504
2034-12-20,30.504768619409518,26.947945826106178,34.14537887872768
2034-12-21,30.586819997404007,26.628160927770466,34.03328173575027
2034-12-22,30.714307601226572,27.194824788956158,34.421157846622926
2034-12-23,30.562979899170614,26.91488321708968,34.10981935211174
2034-12-24,30.74871729912741,27.2443693852498,34.55495058354155
2034-12-25,30.527102350935465,26.7810644945545,34.35655637224615
2034-12-26,30.949916404252605,27.14749737537,34.72375562369701
2034-12-27,30.805712070798652,27.456664013306824,34.6488772994755
2034-12-28,30.905073865319032,27.196675395434433,34.699864119152316
2034-12-29,31.046607638634793,27.45689494502332,34.68903438412329
2034-12-30,30.906307372126843,27.149174322865125,34.45206828736461
2034-12-31,31.10038501972506,27.456604212506676,34.78607717975098
2035-01-01,30.88483214466308,27.06715333691357,34.49715112800731
2035-01-02,31.31190607293671,27.696477260704757,34.90324844864018
2035-01-03,31.1706901756795,27.281450747621523,34.853531251992486
2035-01-04,31.272340959480722,27.680634889663253,34.980171331255725
2035-01-05,31.416062916111237,27.820750345024795,35.18809534036718
2035-01-06,31.27846006386903,27.776898831861654,34.86436365946855
2035-01-07,31.47635024480823,27.628087796864452,35.14473318147398
2035-01-08,31.26631130930352,27.285375461028142,34.89702494354584
2035-01-09,31.701152290069047,28.150259030070274,35.40465919699968
2035-01-10,31.57045954469392,28.065909954844354,35.22456825410024
2035-01-11,31.685830890031575,27.96640826043991,35.14769953979269
2035-01-12,31.846838993188854,28.051214967455905,35.42338101378154
2035-01-13,31.73037322597822,27.87252339191121,35.26626922508843
2035-01-14,31.95344627657798,28.17538022629282,35.51914336261998
2035-01-15,31.772734828655878,28.00233478797237,35.42315526035013
2035-01-16,32.24104753431056,28.942149223620778,35.895141744861334
2035-01-17,32.14787032682368,28.458059529213948,35.57428262092657
2035-01-18,32.304602105039585,28.78554329595295,35.83965516034397
2035-01-19,32.5105220045616,29.012789712515183,36.08585965742207
2035-01-20,32.442137356662194,28.96424759962031,36.31022908318894
2035-01-21,32.71599846961647,29.126717872092588,36.366047857966585
2035-01-22,32.58824933498688,28.62688849641134,36.244169823091916
2035-01-23,33.11110723445419,29.12741271213546,36.69325889862182
2035-01-24,33.07342100606043,29.514903119905497,36.7000545031276
2035-01-25,33.285920685669865,29.752736812538064,37.0874981465719
2035-01-26,33.547199401924125,29.945150661217156,37.0772899647317
2035-01-27,33.53307627645323,29.797211415922504,37.09947916011042
2035-01-28,33.8594261111711,30.228931740516796,37.570191743657304
2035-01-29,33.781744617343726,29.94615174428678,37.531165944239824
2035-01-30,34.35164182751689,30.79635474594455,37.84612979740523
2035-01-31,34.357413135956726,30.484786609650516,37.83316690316105
2035-02-01,34.60930039869033,30.88760032668492,38.43647531716552
2035-02-02,34.90548372172056,31.06529346548865,38.55110040127168
2035-02-03,34.92145247984073,31.265290562989918,38.713299975259545
2035-02-04,35.272841183308685,31.7478841547219,39.040803593153164
2035-02-05,35.21499883046043,31.25436218555455,39.095413442822114
2035-02-06,35.799484320664604,32.09867131195912,39.566474130829526
2035-02-07,35.814637357047346,31.86542579987322,39.310764520991356
2035-02-08,36.070837303997564,32.28654281214586,39.68347893600261
2035-02-09,36.36649071001895,32.46008582579188,40.02383259602284
2035-02-10,36.37739616577284,32.71550603874221,39.99274811529924
2035-02-11,36.71957228333561,32.90081035877986,40.33753779220685
2035-02-12,36.64881763999647,32.938673267880745,40.68913442217529
2035-02-13,37.21719549714101,33.081259095481464,41.00828436039997
2035-02-14,37.2135929845379,33.468838615082014,41.018508280959345
2035-02-15,37.448967493787585,33.69107352387115,41.14637828690851
2035-02-16,37.72232128148158,34.20322489926264,41.492974499822324
2035-02-17,37.7100532458559,33.56139482902316,41.362141245982365
2035-02-18,38.028773954111344,34.06009313735998,41.77208573462749
2035-02-19,37.93485304542927,34.23906359657338,41.4949925760682
2035-02-20,38.480892086199916,34.80749285788142,42.30142348556724
2035-02-21,38.456272812392946,34.56674617872946,41.92781248198137
2035-02-22,38.672393721085264,35.03436859709548,42.31335941746541
2035-02-23,38.92863619945621,35.25167579918568,42.49009713431457
2035-02-24,38.90170930877861,35.09204526055496,42.79466876068547
2035-02-25,39.208459418079286,35.53755256003686,42.60667482004609
2035-02-26,39.10541389206745,35.56659449684163,42.91359882881759
2035-02-27,39.64525195096876,35.980363483348114,43.35430287156801
2035-02-28,39.617352640205475,36.2267985680972,43.34636301826639
2035-03-01,39.833032838044,36.296982498048884,43.60033734479471
2035-03-02,40.09151642056461,36.53787861309616,43.980407888295154
2035-03-03,40.06928360047745,36.286466712070094,43.903493074511324
2035-03-04,40.38288650434933,36.590369131272794,44.18750334600931
2035-03-05,40.288500037774575,36.73452902642223,43.90076996605561
2035-03-06,40.838400980202536,36.97979602412313,44.46575273796092
2035-03-07,40.82152505506001,37.37808869499493,44.46812908921337
2035-03-08,41.04871469931589,37.538226830964774,44.62922375928898
2035-03-09,41.31869844095686,37.63656690720394,45.127208223498606
2035-03-10,41.307450687499944,37.4947623812703,45.02623080270659
2035-03-11,41.63101777893948,38.07365944740668,45.162603564367046
2035-03-12,41.5450791496175,37.949802451799535,45.357232549616754
2035-03-13,42.1014363457493,38.53030216743222,45.59216368322997
2035-03-14,42.08857946273122,38.53621045688682,45.83324783389485
2035-03-15,42.31694356123762,38.53096291227966,46.20633903596714
2035-03-16,42.584895824145654,38.876848578939565,46.39092920009573
2035-03-17,42.56810213180352,38.92839829852814,46.549259977198645
2035-03-18,42.882358805388925,39.12898425951354,46.578750527029975
2035-03-19,42.78315828224691,38.97084494604133,46.56284569896213
2035-03-20,43.32218141260365,39.71782637258164,47.06770148488096
2035-03-21,43.28786590776823,39.505039647240906,46.914450971620376
2035-03-22,43.49066348751795,39.894374504815794,47.26553331186084
2035-03-23,43.72902649940535,40.06114977185657,47.45119957166448
2035-03-24,43.67877271890826,39.97043939840736,47.61075332867082
2035-03-25,43.955914130979785,40.20928525236065,47.81039009255729
2035-03-26,43.816218525370495,40.08520957414403,47.76029166520748
2035-03-27,44.31169667968618,40.642945028481215,47.9751429747768
2035-03-28,44.23116475886904,40.550622915058575,47.81126645052542
2035-03-29,44.38549458971793,40.5946799694763,48.27351323811932
2035-03-30,44.57359270428621,40.906798919930104,48.404989249037364
2035-03-31,44.47175699060537,40.67829067094275,48.27023522780037
2035-04-01,44.696496887378366,40.79641454599009,48.36115603367835
2035-04-02,44.50408609570531,40.787197759152505,48.25016404812499
2035-04-03,44.94704072546683,41.44233390922293,48.42257627957435
2035-04-04,44.814672650008205,40.94593499593618,48.48205013982913
2035-04-05,44.9183308721604,41.04064223546389,48.2825745042785
2035-04-06,45.05737193802356,41.332056530315626,48.531792020593045
2035-04-07,44.908508375913655,41.20154919110068,48.86018926816641
2035-04-08,45.08862123101451,41.34869792407981,48.994342285085544
2035-04-09,44.85430579620151,41.06676835686016,48.684745396929785
2035-04-10,45.258343575938746,41.565542525823126,49.263182059433774
2035-04-11,45.09025036661981,41.3898389324351,48.94937949197968
2035-04-12,45.16151335510259,41.27066601756201,48.58554213062541
2035-04-13,45.27155835792194,41.653003114468724,48.57612944307323
2035-04-14,45.09709625068146,41.3745342180806,48.74212653312337
2035-04-15,45.25493471469372,41.76206989118838,48.85204810277834
2035-04-16,45.001524440983516,41.21228118162365,48.73783744243578
2035-04-17,45.38943284999491,41.70051989788804,49.05344667748599
2035-04-18,45.20789521236748,41.5482052621943,48.92730251747163
2035-04-19,45.26805605415831,41.63514952881585,49.12795419708304
2035-04-20,45.36894192935708,41.49262851601412,48.83985240497739
2035-04-21,45.18681454785239,41.52177132412371,48.50100914776716
2035-04-22,45.337990302551844,41.88688263934278,49.155442598941605
2035-04-23,45.07839523061541,41.56792145432071,48.85606593873152
2035-04-24,45.4600483406812,41.626674676385676,48.642429369508
2035-04-25,45.271623044716485,41.6510423634056,48.87103413335887
2035-04-26,45.32369941225464,41.75238915029216,48.97383306578392
2035-04-27,45.41474814740071,41.91030854794103,48.927109175490735
2035-04-28,45.220495079745646,41.68469599539018,49.07632654125415
2035-04-29,45.35675200442936,41.50913126642578,49.170776717484394
2035-04-30,45.07898268953665,41.49612175295612,48.4813400979444
2035-05-01,45.438796761596315,41.86787000173073,49.45262837736189
2035-05-02,45.22452098640975,41.45217114542437,49.0208532122693
2035-05-03,45.2464604457532,41.75031407139615,48.931973906228286
2035-05-04,45.30289030194898,41.74065005638724,48.922838132110826
2035-05-05,45.0694267466443,41.61964703555751,48.87933151320152
2035-05-06,45.161862792524886,41.46125942748848,48.907911791236366
2035-05-07,44.83573757272731,41.35198446694967,48.779673476079424
2035-05-08,45.14283173259644,41.64364184517313,48.63928349777349
2035-05-09,44.87173833640916,41.32351084712873,48.81192322870761
2035-05-10,44.83312172999351,40.9846491251929,48.54227858538411
2035-05-11,44.82570502961289,41.141457373029375,48.42713103879332
2035-05-12,44.52563485209048,40.872093450867744,48.16172996462424
2035-05-13,44.549309005239934,41.215340434234875,48.33763561456424
2035-05-14,44.1529359059475,40.528722030954,48.022966865352736
2035-05-15,44.38901845506542,40.57254321518411,48.17204988108222
2035-05-16,44.04691197670559,40.407378160862464,47.51777912344525
2035-05-17,43.938068886014406,40.3793685097009,47.33337820606154
2035-05-18,43.862011013675,40.248384294483266,47.60403782602327
2035-05-19,43.49567849037414,39.85281891835332,47.089978343366624
2035-05-20,43.45624122377199,39.84686400882521,47.15122733688486
2035-05-21,43.00064206784894,39.41601202262716,46.54472732693225
2035-05-22,43.18206475866154,39.62778213574124,46.85702205192401
2035-05-23,42.7904765740397,39.23656431592337,46.47508717020365
2035-05-24,42.63785872845554,39.10071947086526,46.494207698585285
2035-05-25,42.52416576784228,38.99805471804312,46.433972878847406
2035-05-26,42.12666318546014,38.51874379655957,45.79354666420775
2035-05-27,42.06272958259625,38.22898141332436,45.742953006316505
2035-05-28,41.589392731261086,38.06181238910401,45.30363041876526
2035-05-29,41.759792829138945,38.27360586561919,45.23756776241788
2035-05-30,41.363723073268595,37.63058232011945,44.98100818144623
2035-05-31,41.21286068017332,37.44584109269582,44.799242977715906
2035-06-01,41.106729676811,37.44406322240866,44.72690293930413
2035-06-02,40.72204468325772,36.96201749570789,44.465602709529826
2035-06-03,40.675521949190966,37.1377520938394,44.30105794645121
2035-06-04,40.22342687779069,36.28730816719781,43.798086788641136
2035-06-05,40.41805114309363,36.89196712350311,44.145269589657815
2035-06-06,40.04826928508719,36.11753925463222,43.805324960256385
2035-06-07,39.92478761399596,36.190950273268484,43.200542309605375
2035-06-08,39.84612640347995,36.420159615049826,43.77588152472269
2035-06-09,39.48798420714344,36.00223669735813,43.24543040820868
2035-06-10,39.46607014014719,35.649008077841415,43.039520600808515
2035-06-11,39.0356729141023,35.16156365308856,42.63439248955331
2035-06-12,39.248159270741986,35.81139994761498,42.814599519788935
2035-06-13,38.89155123283111,35.10030544801621,42.71768340051374
2035-06-14,38.77579454363108,35.133552413560416,42.36500604130489
2035-06-15,38.69875883055961,35.125609801545195,42.45333870257058
2035-06-16,38.33561791012798,34.716166840726686,41.79880784150454
2035-06-17,38.30169569528023,34.618364374173176,42.16389963004923
2035-06-18,37.85204615892892,34.146989882247595,41.67068676683716
2035-06-19,38.03795971913115,34.49689655933267,41.491186071012564
2035-06-20,37.64754524642824,33.97483835033877,41.27059818571057
2035-06-21,37.49099991432766,33.71766919709442,41.204722969175776
2035-06-22,37.36660735064607,33.91115096676504,41.11623582028562
2035-06-23,36.950112503801925,33.239464051372984,40.662684310965695
2035-06-24,36.85755875838213,33.10452164220858,40.37442563109934
2035-06-25,36.344855902209645,32.692356173253394,40.00703489309359
2035-06-26,36.464271531797095,32.49460760671377,40.157325874505084
2035-06-27,36.004995386514416,32.302975617842506,40.06866310258593
2035-06-28,35.77838918502989,32.31216579499811,39.41718817500987
2035-06-29,35.58396282928105,32.0201630880351,39.22045715632216
2035-06-30,35.098725843962725,31.456148020726804,38.70211797992202
2035-07-01,34.940000075827555,31.279099913070393,38.84306399006462
2035-07-02,34.36496277032607,30.937210780988067,37.877404729659744
2035-07-03,34.42711314114867,30.868601288386245,38.17305402629538
2035-07-04,33.91681245330882,30.401681534669834,37.49062195787943
2035-07-05,33.64651071278931,29.829124764598912,37.46403007568391
2035-07-06,33.416701324852596,29.616906297980346,36.85655767273832
2035-07-07,32.905253051629415,28.964858587962528,36.5563160604873
2035-07-08,32.73020571096133,29.02103516016889,36.525686672898765
2035-07-09,32.14929909701679,28.40719963809813,36.05373649269854
2035-07-10,32.21642853825521,28.544886720581445,35.87924661580852
2035-07-11,31.722177343230225,28.08357345053378,35.246785457662256
2035-07-12,31.47903938188821,27.720448539401765,34.947011430804544
2035-07-13,31.28737324025385,27.899536104240916,35.19214667316991
2035-07-14,30.824737274433637,27.170393932376655,34.46248222867168
2035-07-15,30.70869192115224,27.106973365857904,34.430725743436476
2035-07-16,30.19633858272399,26.378785661803423,34.13361520263518
2035-07-17,30.340788265451494,26.289456729313535,33.99714392974413
2035-07-18,29.931709917569236,26.433583980527324,33.67365777831913
2035-07-19,29.780571349347255,25.887218642723223,33.46691558341351
2035-07-20,29.686613756580787,25.94743089429718,33.320433669600256
2035-07-21,29.326208715228873,25.712103208077618,33.045952723727
2035-07-22,29.315683515571045,25.856102283436694,32.91113251269894
2035-07-23,28.91088364607509,25.55986778592254,32.69714497741865
2035-07-24,29.163665091538768,25.51918748854529,32.79332798436515
2035-07-25,28.862465882324432,24.981593115779077,32.78107715080568
2035-07-26,28.81756928535808,25.113027874289767,32.44954583191409
2035-07-27,28.827099194692344,24.881211063203466,32.186014493810305
2035-07-28,28.566396165046385,24.656327460007006,32.4071297664473
2035-07-29,28.650859581114947,25.0294052870228,32.44316443042998
2035-07-30,28.33552445399345,24.75575903878851,31.80179128962189
2035-07-31,28.67156525400785,24.829928021351012,32.310869331202284
2035-08-01,28.446876030140746,24.831970492126217,32.36729525271338
2035-08-02,28.47133909196079,24.635230479878423,32.33534387147333
2035-08-03,28.542822770513016,24.777975950791404,32.38104669994524
2035-08-04,28.336556733274602,24.570451364991314,31.91111738242324
2035-08-05,28.467970448464147,24.600182133028493,32.09065169157612
2035-08-06,28.192263459559932,24.465381280976906,31.602946623539335
2035-08-07,28.56090011018648,24.983402097893322,32.19826296202033
2035-08-08,28.362178254931578,25.039470507301523,32.03448289131363
2035-08-09,28.406484563589007,24.850636751535657,32.38666193092453
2035-08-10,28.492277303872452,25.069251271156748,32.202799155910625
2035-08-11,28.295445473318654,24.648176352246402,32.088314905112334
2035-08-12,28.43213028778264,24.824179279207794,32.10613435079623
2035-08-13,28.1582781053172,24.36672386081383,31.93533572609156
2035-08-14,28.52611783874709,24.75564159022258,32.175911670841195
2035-08-15,28.324712790539195,24.718678860950604,31.978473311796225
2035-08-16,28.365199890824677,24.84227687203707,31.787211805231227
2035-08-17,28.4467575634746,24.780961494211414,32.11207105753874
2035-08-18,28.245951389546704,24.396077583886868,32.090158372339516
2035-08-19,28.379543826561587,24.6035706030435,31.668812502976827
2035-08-20,28.104037260740697,24.747585960617283,31.72103259418216
2035-08-21,28.472143587783037,24.727579469364283,32.21792128445178
2035-08-22,28.273330340050634,24.35102683580503,31.8854137411039
2035-08-23,28.31905636699226,24.901470460242276,31.995537789755137
2035-08-24,28.40873826272906,24.560435617517502,32.22155946941764
2035-08-25,28.219096625065035,24.48745064813091,31.898393689040613
2035-08-26,28.36696826943482,24.591896728613037,32.01659172592956
2035-08-27,28.108853495649612,24.32103823439423,31.88967810028862
2035-08-28,28.497391386010598,24.80500631324827,32.22093349809625
2035-08-29,28.3219129053941,24.50636287826239,31.772544862237375
2035-08-30,28.39368454073862,24.868182207060627,31.972014043077188
2035-08-31,28.511883390872182,24.576272432944553,32.34965115424206
2035-09-01,28.352952503026337,24.567358793188916,31.807793966738675
2035-09-02,28.533422295240815,24.916105445108435,32.301675673990204
2035-09-03,28.309466890161858,24.815293340400082,32.04221175991487
2035-09-04,28.733388085912832,25.302529968415918,32.60594126843874
2035-09-05,28.594176508122505,24.693851871633463,32.05634833458129
2035-09-06,28.702762486277503,25.12044577369283,32.5295164522359
2035-09-07,28.85799740805265,25.26596685136924,32.335229899217325
2035-09-08,28.736014231120862,25.037927947572697,32.47078844948162
2035-09-09,28.953052917459132,25.50043451108066,32.55913251245145
2035-09-10,28.76501958482598,25.121423525852716,32.275537398365444
2035-09-11,29.223972113067404,25.487906999541146,33.0031678763355
2035-09-12,29.11868180222883,25.355310202266697,32.922613886840594
2035-09-13,29.259883716204367,25.465234977025084,32.94939228562042
2035-09-14,29.446256589568346,25.47072062222777,32.95538850966833
2035-09-15,29.353781129208173,25.527568690382143,32.93772072666447
2035-09-16,29.598562649942327,26.38085509113369,33.116939330405415
2035-09-17,29.436387028295268,25.663823668017066,33.36224695274559
2035-09-18,29.919202909921275,26.213539480777168,33.50998715627648
2035-09-19,29.83567996650123,26.12398369482039,33.47799360484985
2035-09-20,29.996456028616237,26.186433568807036,33.590322556368264
2035-09-21,30.200114152079795,26.5968390252854,34.08452918843755
2035-09-22,30.12253860985018,26.40914416991354,33.76609930489225
2035-09-23,30.379735884295094,26.558777855174824,34.030770654793216
2035-09-24,30.227389749880274,26.568228002892248,33.73162116894477
2035-09-25,30.71734345424297,27.056873919117628,34.256895319296696
2035-09-26,30.638158829964453,27.05044970688486,34.23359869201362
2035-09-27,30.800365162692586,27.017705113070107,34.366760300263614
2035-09-28,31.00243883475558,27.59037457474744,34.57464135141343
2035-09-29,30.920162661844273,27.202358450636805,34.524976077232296
2035-09-30,31.169450889007525,27.44615609474022,34.77023515000505
2035-10-01,31.005908797245866,27.30341465205148,34.84484152591631
2035-10-02,31.48131976405971,27.801513925679046,35.100513536521866
2035-10-03,31.3842094253689,27.50331432704994,35.07884913148484
2035-10-04,31.525099565462572,27.537171877943134,35.41907244591401
2035-10-05,31.702492547743468,27.8888396161322,35.320458953697575
2035-10-06,31.592234997089648,28.005223519087775,35.39271071203203
2035-10-07,31.810346500187872,27.933080042675417,35.559580042922576
2035-10-08,31.61258208891531,28.015523700738367,35.39579705609189
2035-10-09,32.0509211844639,28.23301154224261,35.809940761139686
2035-10-10,31.914132510447324,28.212207465056714,35.27740534102023
2035-10-11,32.01302749437907,28.464680941503037,35.473543792447614
2035-10-12,32.14644289925819,28.549648729670277,35.94115690069915
2035-10-13,31.99060136469901,28.225139722688432,35.885802550071254
2035-10-14,32.16193563424342,28.313209132612297,36.080792824849624
2035-10-15,31.916645286898664,28.3589086437695,35.533754376310725
2035-10-16,32.30717874557714,28.546971375808404,36.06371186367179
2035-10-17,32.12279020612505,28.627062311264208,35.69488578219358
2035-10-18,32.17478417899915,28.24004642572888,35.83263563028644
2035-10-19,32.2624885911386,28.61177350805914,35.912208187850425
2035-10-20,32.06260536093142,28.43812095076532,35.64506001180988
2035-10-21,32.192024477879556,28.447109251999738,35.688070437665814
2035-10-22,31.907370674307884,28.091809525187394,35.57760469166155
2035-10-23,32.26147573794638,28.78398006438497,36.13736469755025
2035-10-24,32.04392638399396,28.289919884744744,35.57433366121469
2035-10-25,32.06630064447138,28.757748985404362,35.986637306423205
2035-10-26,32.12813397088938,28.544564644133832,36.02531510942769
2035-10-27,31.906264186885018,28.281645934397275,35.59901945717835
2035-10-28,32.017641514384565,27.941841529017545,35.73899934337185
2035-10-29,31.718872914550918,28.09067696044417,35.34215349290783
2035-10-30,32.06269390306509,28.40026897124891,35.71450323053918
2035-10-31,31.838517821756255,28.23213290389165,35.261645859986594
2035-11-01,31.857675537689012,28.407974892880247,35.744336810533746
2035-11-02,31.91938672755524,28.164837383637334,35.62347165903366
2035-11-03,31.700111794391407,28.269788184996127,35.404710651820345
2035-11-04,31.816370500506753,28.31222697871083,35.16001158470077
2035-11-05,31.52429637123727,27.67261777494093,34.972320371662605
2035-11-06,31.876119799570706,28.037682508957285,35.662444295250005
2035-11-07,31.660729566981395,28.032316432288248,35.331455215396446
2035-11-08,31.688925454300822,28.08796162296455,35.682828154345174
2035-11-09,31.759402780259233,28.10214899265343,35.64014030630778
2035-11-10,31.548117579830848,28.122718393883613,35.12251245563712
2035-11-11,31.671118165698495,27.988088076598892,35.59078878085557
2035-11-12,31.384111790193653,27.6107015660308,35.23311139315365
2035-11-13,31.73895901306796,27.882163882173995,35.35291856958661
2035-11-14,31.524245187151063,27.712611804354538,35.185449082138454
2035-11-15,31.550541462377247,27.707325272744544,35.06797066119021
2035-11-16,31.616395909986434,27.885427984239023,34.98212429045539
2035-11-17,31.397703287701862,27.708968894640687,35.163352271401
2035-11-18,31.510539047733666,27.793130147756713,35.15078088374144
2035-11-19,31.210726217959408,27.565304439823183,34.82129897023691
2035-11-20,31.550327731846,28.152525041425495,35.14436744744121
2035-11-21,31.31821364803071,27.6865256566521,34.956895975764354
2035-11-22,31.325315747371167,27.53634632937734,35.10484907408768
2035-11-23,31.37061025332262,27.83923185919753,34.885661295420306
2035-11-24,31.130477393843638,27.562878937310977,34.837282181483
2035-11-25,31.221523652837636,27.650387152188028,35.00741868889227
2035-11-26,30.900135630083383,27.180177145180537,34.846384883986275
2035-11-27,31.218958409150762,27.38155833599845,35.0309035440592
2035-11-28,30.967448225149848,27.26468946958023,34.40237464296391
2035-11-29,30.957112288946377,27.24334678903476,34.53350529329247
2035-11-30,30.987476891007358,27.399881637348997,34.70361254718204
2035-12-01,30.735432878739587,27.10946174227012,34.39839419025358
2035-12-02,30.81804471975666,26.855568153714053,34.64054460187768
2035-12-03,30.492092413401423,26.829811649843258,34.09928720486386
2035-12-04,30.810539463295335,26.949907534381918,34.40281216998198
2035-12-05,30.563076977605693,27.07356530099726,34.353115349040436
2035-12-06,30.56135698268865,26.893412770064227,34.188142006437246
2035-12-07,30.604956250198132,26.98061622496762,34.37887331907717
2035-12-08,30.370719851767884,26.470192513372183,34.289098266226304
2035-12-09,30.475570713549697,26.543746973380244,34.135830303909415
2035-12-10,30.176054430957855,26.45958240715112,33.68090201573516
2035-12-11,30.52481249222881,26.881581909627958,34.02726012250715
2035-12-12,30.31113385267711,26.68100089995645,34.029120188185445
2035-12-13,30.346197762979298,26.819237151099266,34.30997695274494
2035-12-14,30.42904891629245,26.691431446745074,34.233028092931924
2035-12-15,30.235953846013935,26.492401001352274,33.6065943559522
2035-12-16,30.38322452452389,26.638897232315873,34.06749952862978
2035-12-17,30.12677806977237,26.370927162696034,33.741661326906986
2035-12-18,30.518625332536672,26.560673526523626,34.199985893803955
2035-12-19,30.34743791777257,26.752567533931067,34.21170988197294
2035-12-20,30.423806152222163,26.75328514413751,34.019133213250655
2035-12-21,30.546228679442645,26.873926082904212,34.33072227225217
2035-12-22,30.390482247632157,26.70042190178812,33.96922411724067
2035-12-23,30.57245730096646,27.007195638665618,34.28120500820159
2035-12-24,30.347727977083377,26.605908546639704,33.862344430443684
2035-12-25,30.76804902254956,26.872636777949253,34.54011429669561
2035-12-26,30.621928968603086,27.14878661456773,34.43947417577642
2035-12-27,30.719891923444216,27.30597347566915,34.46893113954979
2035-12-28,30.860468565367754,27.134647033830493,34.32257085874116
2035-12-29,30.71956486682674,27.021151002766356,34.63284083973379
2035-12-30,30.913294186922364,27.46900158214251,34.5387930431826
2035-12-31,30.697541423256936,27.172839404571086,34.393129762208176
2036-01-01,31.12445188216001,27.4019428244614,34.947243885931606
2036-01-02,30.982994411803148,27.506822133042593,34.785025423416805
2036-01-03,31.084211406406528,27.430689419670166,34.72627851943483
2036-01-04,31.227196560893304,27.398720386392306,34.60508080795106
2036-01-05,31.088449236586044,27.579159834782516,34.51169981350577
2036-01-06,31.28469143299471,27.91321619396124,34.69217352252884
2036-01-07,31.072416431864973,27.290861809409577,34.72949015940452
2036-01-08,31.504362156107806,27.75094820828377,35.44274093850198
2036-01-09,31.370059170212382,27.919206821498737,34.92449474368649
2036-01-10,31.481066301407836,27.6668135937701,35.17943628416458
2036-01-11,31.636935111685524,27.942080279880887,35.30743814617223
2036-01-12,31.51455240308536,27.64710610648809,35.2144339624604
2036-01-13,31.73094703624678,28.06206608682156,35.239372597888874
2036-01-14,31.542830369739217,27.927196807785588,35.41420305977565
2036-01-15,32.003063554678754,28.089474380624615,35.5927957936322
2036-01-16,31.901201749437195,28.179517225573786,35.62741183169034
2036-01-17,32.04872831509822,28.208476721882892,35.625938729145986
2036-01-18,32.24502024494121,28.54951393162085,36.184470388332606
2036-01-19,32.16669397514343,28.670449661614725,35.877146623638396
2036-01-20,32.43041776463538,28.69780467391218,35.82434000789441
2036-01-21,32.2924598054585,28.603774995087544,35.954692234333244
2036-01-22,32.805165102110834,28.865484321760313,36.52333839971177
2036-01-23,32.75751094406864,29.356137510125606,36.638999594636566
2036-01-24,32.96035375348973,29.15510074671324,36.68679315045941
2036-01-25,33.2124082517624,29.28093868605561,36.721209908034375
2036-01-26,33.189607759727494,29.606236311043112,36.73425484291809
2036-01-27,33.50793147251373,29.883880326959755,37.07316446682192
2036-01-28,33.422967517653596,29.728360816486266,37.05241510649801
2036-01-29,33.986404485025254,30.63713896835115,37.53118357066079
2036-01-30,33.98660091422528,30.075471795994247,37.98795743795859
2036-01-31,34.23384520209867,30.370671446005346,37.99260759919967
2036-02-01,34.52634658167422,30.74566669079852,38.156560371338735
2036-02-02,34.53960572823855,30.888796432336886,38.2436541970806
2036-02-03,34.88925061369784,30.985761950024997,38.192352660181335
2036-02-04,34.830606241712935,31.190652020536312,38.443220575503055
2036-02-05,35.41519082338407,31.783987888206145,39.194635948773275
2036-02-06,35.43128779974918,31.799240145833103,39.09711391792184
2036-02-07,35.689206145068525,32.067448082302,39.60266305980739
2036-02-08,35.98726962355782,32.42559390251193,39.74954347832442
2036-02-09,36.00118362558288,32.10177102708906,39.58925564392583
2036-02-10,36.34686532081927,32.634243416376506,39.8033656053402
2036-02-11,36.28000591972954,32.69967514012908,40.080003623861465
2036-02-12,36.85255779973071,33.09767227010635,40.44293399115989
2036-02-13,36.8532961313614,33.176606345157886,40.653858443837045
2036-02-14,37.09306769363381,33.578713225326446,40.727326510505215
2036-02-15,37.37076782627466,33.70898065524836,40.82579081672047
2036-02-16,37.36269443260739,33.60349174272275,40.96895659502601
2036-02-17,37.68536506421693,34.39807792457895,41.439418345469555
2036-02-18,37.59506617124964,33.85241698289176,41.01045474193038
2036-02-19,38.14432755935875,34.34067215274241,41.86018084194313
2036-02-20,38.12247195906155,34.57390428351511,41.78825680773344
2036-02-21,38.34085264719239,34.6685080756107,42.02798444852492
2036-02-22,38.598820293357,35.13316448112504,42.16437052322838
2036-02-23,38.57306814091013,34.478074107466135,42.15981620871436
2036-02-24,38.88044171613633,35.03687599766345,42.62103428139002
2036-02-25,38.77748227616856,35.15732707864095,42.87735949732124
2036-02-26,39.316897125844534,35.963956413937105,43.071465806157455
2036-02-27,39.28810676000009,35.52746007400536,43.016500026722426
2036-02-28,39.50248178331014,35.50230357083018,43.144775267848246
2036-02-29,39.759310755790736,36.210451123679476,43.57735438071613
2036-03-01,39.73514801308083,35.99202020130358,43.4065627926918
2036-03-02,40.046627561828984,36.32582478673701,43.67933334275599
2036-03-03,39.950012137644954,36.35474824735393,43.87402987811825
2036-03-04,40.49767040652971,37.0110580036515,44.337226828034474
2036-03-05,40.478632095183336,36.80209242843825,44.10129855990022
2036-03-06,40.70383381367909,36.59535732138168,44.67606636679739
2036-03-07,40.972096517102074,37.28792018475238,44.74634453980094
2036-03-08,40.959483445655735,37.041609542691816,44.61470456310025
2036-03-09,41.28212443042646,37.58264033926896,44.92255652621276
2036-03-10,41.19577544006733,37.50279662046052,44.61210871654614
2036-03-11,41.75230614241345,38.095552864063066,45.64478351140611
2036-03-12,41.740265068596884,37.582164138468144,45.452735278766916
2036-03-13,41.97013495794503,38.26037516924495,45.57992586728818
2036-03-14,42.24031906080352,38.605013127963495,45.96570903752898
2036-03-15,42.226507087494284,38.582571467646034,45.98004778254961
2036-03-16,42.54450655959275,38.73135712917469,46.252788432245204
2036-03-17,42.44980832956952,38.80584171269112,46.01895742195463
2036-03-18,42.994078956415976,39.289786392748766,46.75943657035811
2036-03-19,42.96572946159044,39.41080212625163,46.60027054293341
2036-03-20,43.17517300383271,39.338589540664245,46.78065378148216
2036-03-21,43.420812233013685,39.93894958273598,46.98302192349832
2036-03-22,43.37840501653483,39.80307124962705,46.92363299139393
2036-03-23,43.66389432084341,39.834000337921395,47.14793813747779
2036-03-24,43.532971060178056,39.757566145457886,47.13261361632874
2036-03-25,44.0375626643847,40.22068810818183,47.79303087724305
2036-03-26,43.96639697091165,39.891194495994235,47.545287330368794
2036-03-27,44.13025407470065,40.4739851588979,47.67632605088805
2036-03-28,44.32794700423361,40.61209130145913,47.82538629433685
2036-03-29,44.23568003592851,40.581465410345004,48.08749636040746
2036-03-30,44.46987055708104,40.67528890563838,48.2811513437631
2036-03-31,44.28670342406387,40.66669217364767,48.11392347515531
2036-04-01,44.73861070735336,41.00435316971374,48.04479514898283
2036-04-02,44.6148265715532,41.064706439579965,48.38022286111793
2036-04-03,44.726630068929616,41.26473815719391,48.40644520263853
2036-04-04,44.873316859413364,40.96186561480205,48.53679949997575
2036-04-05,44.73154881247988,41.03722456875561,48.16194029714731
2036-04-06,44.91816754105827,41.1741749434151,48.86906189052849
2036-04-07,44.689740949549225,41.08205291277332,48.30709815586106
2036-04-08,45.09903581663329,41.40453238887512,48.7974974679059
2036-04-09,44.93556628251284,41.21592221444532,48.78317050749613
2036-04-10,45.01083113136907,41.37745389591778,48.74101675356312
2036-04-11,45.12428098356739,41.54417930619424,48.7114993446158
2036-04-12,44.9526644424095,41.54506028139827,48.41127533104186
2036-04-13,45.112839321305756,41.332465018665545,48.796034285813526
2036-04-14,44.86131809399021,41.38403431145364,48.64015221343875
2036-04-15,45.250740632469764,41.6708399627007,48.920352242805244
2036-04-16,45.07042412845769,41.279880111517876,48.70413227387064
2036-04-17,45.13160309601117,41.52748726800791,48.880601533422436
2036-04-18,45.23340055674555,41.57420208412209,48.87426946303407
2036-04-19,45.052179418124354,41.41098786897972,48.764347741244656
2036-04-20,45.204360114848,41.67497754314708,49.24036560027213
2036-04-21,44.94597357808077,41.27864840195241,48.733490052496855
2036-04-22,45.32914249748314,41.508159432602405,48.97257518742673
2036-04-23,45.14264065057443,41.45765642968588,48.868385984084355
2036-04-24,45.19714305538199,41.435267318376255,48.81985931687265
2036-04-25,45.29120788665668,41.67796613463822,48.86837598471584
2036-04-26,45.10063898774713,41.2581339028456,49.14265269119496
2036-04-27,45.24131485446278,41.38621263535047,48.8161868100696
2036-04-28,44.96875294981051,41.3607558252558,48.75997374647936
2036-04-29,45.33460209951019,41.656568335140435,49.19048215636541
2036-04-30,45.12721252242053,41.28662318322631,48.98493666306602
2036-05-01,45.156896030096554,41.45518326808073,48.98911079953227
2036-05-02,45.22191711706634,41.58775235025123,48.813425562313284
2036-05-03,44.997863562859735,41.31088562385478,48.83008403439131
2036-05-04,45.10048222351463,41.644108805667514,48.9223780530698
2036-05-05,44.78524868987451,41.017711056027075,48.23066376039803
2036-05-06,45.10386340299351,41.43080753564134,48.93301729305187
2036-05-07,44.84482364742705,41.23885134926215,48.47072177163271
2036-05-08,44.81868385378415,40.99459530693496,48.31908634092378
2036-05-09,44.82404486347345,41.1188094955319,48.08981506742932
2036-05-10,44.536920745304194,40.77041656523592,48.19317099591158
2036-05-11,44.57356885006121,40.8524271941584,48.00763046452162
2036-05-12,44.19005183022202,40.67538121715065,48.02973454719952
2036-05-13,44.4387243071102,40.51643495493406,48.215703414949836
2036-05-14,44.108793740412,40.33034476903502,47.6703602624701
2036-05-15,44.01156810646559,40.11061798532544,47.57595794446017
2036-05-16,43.94643125212492,40.60513692358278,47.49268436060561
2036-05-17,43.59019476344241,40.107921432184284,47.524998415478635
2036-05-18,43.559912316413275,39.618785679753884,47.11560219816117
2036-05-19,43.11242554462895,39.37295909307628,46.86672637863883
2036-05-20,43.300834434548726,39.515442190952996,47.17307748954241
2036-05-21,42.915042145747115,39.44506101008903,46.651488479955816
2036-05-22,42.7669872119189,39.144667259292916,46.55141875047422
2036-05-23,42.65660433807381,39.195838996500235,46.34314765811518
2036-05-24,42.261162973063136,38.630905122574895,45.898112265261396
2036-05-25,42.1980699479672,38.498338342982336,45.79785950902841
2036-05-26,41.724405513837354,37.91020843222003,45.4614176055732
2036-05-27,41.89338605592424,38.49972619968545,45.51655809905703
2036-05-28,41.49490360885645,37.912193727928795,45.10260322323213
2036-05-29,41.34075530990919,37.559811472757985,45.04264801466413
2036-05-30,41.230604135743526,37.47470002504446,45.15414020935408
2036-05-31,40.841320176004544,36.99422041325572,44.104256827782486
2036-06-01,40.78978874921942,37.06682233744625,44.55649760979866
2036-06-02,40.33245464825322,36.72229047505469,44.0338101574825
2036-06-03,40.521795684316956,36.67976147289906,44.23823317702672
2036-06-04,40.146875484768984,36.54718382239338,43.81071764795184
2036-06-05,40.01858845376066,36.37525446879052,43.75967064883472
2036-06-06,39.935637957999035,36.09315422549516,43.328960364253376
2036-06-07,39.573896657784275,36.18511961824938,43.17048429000735
2036-06-08,39.54923491207228,36.137669797768694,43.31247525837686
2036-06-09,39.11708613215408,35.37891246504535,42.75697544384024
2036-06-10,39.328941812976694,35.620208500057295,43.08043026115663
2036-06-11,38.97292573954575,35.31412024400341,42.804294587685746
2036-06-12,38.8590598120697,34.92522891253104,42.43885530316395
2036-06-13,38.78526208950591,35.14062141155821,42.16294271572299
2036-06-14,38.42672552257172,34.67779994984367,42.051260123093584
2036-06-15,38.398762880027846,34.96226045020022,42.02975325509461
2036-06-16,37.95638635209418,34.3214804682787,41.56731312405744
2036-06-17,38.15081421315733,34.60644714832212,41.722775959714106
2036-06-18,37.770053746963505,34.00305762105144,41.42361421010887
2036-06-19,37.624172643773115,33.89211620915829,41.2601143218534
2036-06-20,37.511299301466586,33.90849493838191,41.108375554566784
2036-06-21,37.107000405316406,33.33238407204677,40.7407828588302
2036-06-22,37.0271212683319,33.62519961560678,40.780216499609686
2036-06-23,36.52735747015255,32.9134760412089,40.151479824932316
2036-06-24,36.65975030652778,33.177360120829306,40.05604191502411
2036-06-25,36.21325545598365,32.49613155906498,39.697970132492664
2036-06-26,35.998997346462325,32.319842467968684,39.37643450993232
2036-06-27,35.8162499914023,32.69974077364095,39.33044892943124
2036-06-28,35.341793064565124,31.61396035612936,38.90669099228522
2036-06-29,35.192729138716714,31.949611905796907,38.654032137030065
2036-06-30,34.626031108130746,30.819828710199715,38.29665352623701
2036-07-01,34.695012816898064,31.196379922334845,38.12743547455639
2036-07-02,34.18987282622803,30.448091206681696,37.89269616159178
2036-07-03,33.922924334445945,30.09564947256371,37.70773287581994
2036-07-04,33.694552542540244,30.271441803283786,37.50013774954592
2036-07-05,33.18254873816152,29.701045956469105,37.17420841980109
2036-07-06,33.00490749536847,29.206163249217045,36.71720943935205
2036-07-07,32.419356439977214,28.750797029530393,36.092439409218436
2036-07-08,32.479811980053945,28.81407283237625,36.300979955005396
2036-07-09,31.976911251097466,28.18788971763013,35.59556476408651
2036-07-10,31.723233537697947,28.010737159505595,35.17067011782491
2036-07-11,31.51925263827134,27.705764710280434,35.056324343427235
2036-07-12,31.042669541528802,27.534881601026097,34.76084057258996
2036-07-13,30.91121182747347,27.202489331058523,34.686363989974
2036-07-14,30.382169177900543,26.450102939287916,34.07727217427173
2036-07-15,30.508858252423504,27.035686788848885,34.366932066102045
2036-07-16,30.081166961109385,26.362408951853695,33.55528801990913
2036-07-17,29.910791107323497,26.03516649859045,33.889783515762545
2036-07-18,29.797204516811853,26.117066241679836,33.42924741664796
2036-07-19,29.417011617002515,25.792855828097682,33.026647145273984
2036-07-20,29.386768430502165,25.93405754629681,33.185230687341914
2036-07-21,28.962540885519953,25.353677552915226,32.90661718980297
2036-07-22,29.19639319517016,25.58763973157309,33.06724228491007
2036-07-23,28.87695582276812,25.42268926825297,32.38500142888245
2036-07-24,28.8146854950865,25.293224299840404,32.462681490131075
2036-07-25,28.807857882190067,24.90301236433119,32.56330952389121
2036-07-26,28.53194143622462,24.952489050420848,32.13256485610372
2036-07-27,28.602437918138563,25.03856229732957,32.33522404436727
2036-07-28,28.274458126434183,24.3922889566887,32.02402500101885
2036-07-29,28.599225246176665,24.95960804784164,32.19127171911765
2036-07-30,28.36465506370703,24.273331756282563,32.06414780165961
2036-07-31,28.38062530481796,24.700946938987645,32.33617144499184
2036-08-01,28.444974582073847,24.763334010281525,32.1695738633724
2036-08-02,28.23287938395101,24.516211051582534,32.021798498530764
2036-08-03,28.359694648302423,24.405189403192633,32.316425268099
2036-08-04,28.080526519349664,24.37535092600307,31.705015532614993
2036-08-05,28.446729859665783,24.843197841861198,32.08515779132272
2036-08-06,28.246479978689212,24.510594656452017,31.725960031712674
2036-08-07,28.290031108031403,24.95955468522713,32.199837879059544
2036-08-08,28.375702430100922,24.913800562853194,31.967537119889776
2036-08-09,28.179240452983766,24.544394161470553,32.002025859351136
2036-08-10,28.316643663892297,24.222508702850035,31.853091787569415
2036-08-11,28.043718469407544,24.572098000351897,31.66646676946365
2036-08-12,28.41255941142134,25.078028442632135,32.13320647377279
2036-08-13,28.212103535687117,24.49202211025686,31.853898678204068
2036-08-14,28.253371845954103,24.740206821177537,32.02965923345483
2036-08-15,28.335439030645652,24.783432462114444,32.05920358801817
2036-08-16,28.134780603958877,24.52215241570009,31.78167253423946
2036-08-17,28.26808370333859,24.664333489510586,32.228154898780815
2036-08-18,27.99179081495676,24.275892618294176,31.81752842064902
2036-08-19,28.358569628050446,24.500026955480706,31.974688503924014
2036-08-20,28.157859051527826,24.40147619775359,31.762527324284545
2036-08-21,28.20110442469821,24.44519987411196,31.70739955409913
2036-08-22,28.287723149523455,24.54253999871192,31.826233117885078
2036-08-23,28.09444986940448,24.234054178403554,31.728861250154644
2036-08-24,28.238147364470624,24.464573671354586,31.779544878854086
2036-08-25,27.97535231214419,24.293603580597264,31.88513418922746
2036-08-26,28.358748945015638,24.67953377255191,31.84923249302088
2036-08-27,28.177720431217956,24.399079917112704,32.040659475916875
2036-08-28,28.243590768686012,24.63531876888994,31.738191641252282
2036-08-29,28.35559815610622,24.67316037619269,32.05187294010578
2036-08-30,28.19024868506891,24.504073866142505,31.952443747384333
2036-08-31,28.364136235995993,24.52007032601387,32.008490920152475
2036-09-01,28.133497440564092,24.543873922248075,31.810136971307454
2036-09-02,28.550694466573916,24.94750633390763,32.40510058436507
2036-09-03,28.404775192023603,24.8470443255295,32.15448136486717
2036-09-04,28.506723326088125,24.809199912976574,32.456412338852495
2036-09-05,28.65543923695731,24.993186464607813,32.38805690308795
2036-09-06,28.527100164155577,24.78785252860579,31.81723367352063
2036-09-07,28.737985570733677,24.971285458242093,32.15276203425053
2036-09-08,28.5440364129998,25.211046014752704,32.47210948983125
2036-09-09,28.99734104216946,25.386714194860698,32.71011306261433
2036-09-10,28.886697306020913,25.46903361762721,32.72222275816523
2036-09-11,29.022863451221234,25.367258492225915,32.57968774102579
