ds,yhat,yhat_lower,yhat_upper
2026-09-07,44.72000576417558,43.69678465344292,45.77604970182425
2026-09-08,44.690677703312176,43.5901334342409,45.75721715174102
2026-09-09,44.674436907179064,43.63740712561811,45.71604957123531
2026-09-10,44.66480284968217,43.56793948596268,45.741667511603254
2026-09-11,44.65314492784902,43.56089612600248,45.727179908582656
2026-09-12,44.70125010621785,43.66467618645826,45.745246051648294
2026-09-13,44.61363759807299,43.57094292062178,45.65957794745068
2026-09-14,44.71876414590348,43.706465648773374,45.73786962480606
2026-09-15,44.7183324805255,43.61436455837933,45.78266295827973
2026-09-16,44.73735094051527,43.68449769531675,45.73636553254256
2026-09-17,44.768285167900885,43.683605306827374,45.839055940528034
2026-09-18,44.80126552616779,43.834390908979934,45.87268984365556
2026-09-19,44.896691833328994,43.7931701473533,45.86880030248101
2026-09-20,44.8575903140178,43.869693158884935,45.84115451549299
2026-09-21,45.01086506850882,43.99346331708435,46.008611059276575
2026-09-22,45.056655235674135,44.007970843005666,46.14092644810002
2026-09-23,45.11844433306702,44.10794207225127,46.195400027459876
2026-09-24,45.18726114089063,44.09954566004187,46.27358777342793
2026-09-25,45.251934223447705,44.2019486207986,46.27353328907484
2026-09-26,45.371740173127286,44.32729228555061,46.489750362408614
2026-09-27,45.34879906517814,44.26642679565504,46.397587394747234
2026-09-28,45.509358142449095,44.38413278149962,46.4821470274182
2026-09-29,45.55317380661957,44.39468553399015,46.55247104476629
2026-09-30,45.6036375131843,44.56631096495665,46.658806314085666
2026-10-01,45.651984295768266,44.56640415499936,46.646810966707534
2026-10-02,45.68754563994039,44.66923475777456,46.72639976307912
2026-10-03,45.770386701053454,44.7941090643857,46.84603893465252
2026-10-04,45.7036815533801,44.61603435872507,46.734736267117896
2026-10-05,45.81496797617468,44.7103018582602,46.89506096615354
2026-10-06,45.80549261613495,44.78715331265635,46.843404214875186
2026-10-07,45.80029314348377,44.767104770359126,46.82781609565572
2026-10-08,45.792357376580405,44.719415791249176,46.796886207846434
2026-10-09,45.772822538987135,44.755189505372236,46.84142332611632
2026-10-10,45.803556240329065,44.6788596418458,46.80968639741103
2026-10-11,45.68947457151686,44.729147759505004,46.735521409094936
2026-10-12,45.759740579261276,44.68490377796328,46.79390435450108
2026-10-13,45.71705572181281,44.66094108560777,46.78040083689111
2026-10-14,45.68769263504515,44.67906168880072,46.82113537227131
2026-10-15,45.66561079216436,44.67282212147475,46.705325678151695
2026-10-16,45.642619675271455,44.641771209610056,46.66338444479161
2026-10-17,45.68093230365209,44.57758872919707,46.75653826584487
2026-10-18,45.585465520839435,44.496885158238605,46.705003814912615
2026-10-19,45.68503104021717,44.59031050385373,46.71787190357213
2026-10-20,45.68163028241553,44.59377844237649,46.731098577369565
2026-10-21,45.70050144338696,44.6969934749142,46.77828174004723
2026-10-22,45.73426015589687,44.6736490011715,46.827438782561345
2026-10-23,45.77309781282926,44.725634247428694,46.85383181851032
2026-10-24,45.87737952896132,44.816971637710466,46.8964461490424
2026-10-25,45.84999697723825,44.84034611364037,46.898450852508006
2026-10-26,46.01761866523018,44.987863507103405,47.15177339077141
2026-10-27,46.080049021146806,45.067511655686545,47.187417724618975
2026-10-28,46.16034288020474,45.148573448062784,47.17644479501689
2026-10-29,46.24901475368688,45.13536575003719,47.31184015247849
2026-10-30,46.33430489292053,45.25244424297596,47.37116476304163
2026-10-31,46.47484205267868,45.39032532871509,47.59322628425921
2026-11-01,46.47205616299625,45.364157991460395,47.597489508409495
2026-11-02,46.651481554069164,45.579916830075845,47.66624749813151
2026-11-03,46.712160347250816,45.66228267715159,47.72454876018761
2026-11-04,46.776791066108444,45.69408576388668,47.80208284650631
2026-11-05,46.83596058182096,45.802861068471046,47.909408927939786
2026-11-06,46.87842044813227,45.842305592609506,47.895465794798135
2026-11-07,46.96374691821835,45.894692700221384,48.05804767478303
2026-11-08,46.89473760957864,45.85853768055475,47.91957469565264
2026-11-09,46.998685602018,45.88182046668779,48.0477001218203
2026-11-10,46.97674110859021,45.88688036982444,47.97152707960429
2026-11-11,46.954006678808035,45.904207488021164,48.06721197473523
2026-11-12,46.92370531319685,45.896367492483584,47.962898346429455
2026-11-13,46.8773841390061,45.79820669526988,47.948877276956765
2026-11-14,46.87749482413834,45.79957385355512,47.92353507036613
2026-11-15,46.72970582170512,45.67967268938752,47.80234027497253
2026-11-16,46.764089541769756,45.752392552552706,47.83109993043961
2026-11-17,46.68439702446183,45.589534837478304,47.67896636815184
2026-11-18,46.618068563837205,45.52983391350663,47.6959758539408
2026-11-19,46.56032213786476,45.486472159796755,47.56977503338071
2026-11-20,46.50428468646615,45.44223664203363,47.515946298580516
2026-11-21,46.51350965368745,45.47220572019481,47.54258688764516
2026-11-22,46.39423790640662,45.33919193308646,47.42834868591806
2026-11-23,46.47654686662939,45.347026514421,47.5214726219367
2026-11-24,46.463601838754165,45.42406313172481,47.47505462467168
2026-11-25,46.481659009977946,45.511649498825186,47.521447891946124
2026-11-26,46.52416259435063,45.38456846101811,47.54630835432392
2026-11-27,46.581901339650656,45.45240459035156,47.59914873146538
2026-11-28,46.715567540111394,45.70282450371185,47.79207265923726
2026-11-29,46.728074944024456,45.69750434363044,47.763351110873636
2026-11-30,46.945779231930175,45.830471272060514,48.02389138034134
2026-12-01,47.06781347217646,46.07896185152107,48.201886294662394
2026-12-02,47.21618608054868,46.23533676285937,48.25252957218758
2026-12-03,47.37998147340306,46.354708029861364,48.49075825353771
2026-12-04,47.545626079712676,46.57209560898921,48.66586114449803
2026-12-05,47.76956009368084,46.73510910806503,48.809310706573555
2026-12-06,47.85066845961382,46.79240226557624,48.93325731961808
2026-12-07,48.11161180756065,47.000582103892555,49.2178285188163
2026-12-08,48.248266808197826,47.2351788813647,49.347921852245264
2026-12-09,48.379920633276164,47.32133784566611,49.384063459009774
2026-12-10,48.493557045988865,47.47791630271105,49.494469513649335
2026-12-11,48.5741943702304,47.52055434894489,49.60907010854428
2026-12-12,48.67761362016513,47.6329733784627,49.75678506493668
2026-12-13,48.602828557305706,47.51514180530514,49.68295374201327
2026-12-14,48.673437095041066,47.623039505843266,49.743457689519936
2026-12-15,48.58706268553052,47.502600791555665,49.688324947955294
2026-12-16,48.46553003382089,47.318883324024355,49.47005919090965
2026-12-17,48.299112828186175,47.258993265230224,49.36717874301624
2026-12-18,48.076814407185125,46.97299040900311,49.112467641178746
2026-12-19,47.85902081034669,46.831724657398915,48.926139336467585
2026-12-20,47.44987961307815,46.325910490828875,48.47347189052351
2026-12-21,47.17854602829014,46.162653289213196,48.21588282800376
2026-12-22,46.748507350993584,45.74237867332277,47.764002468939026
2026-12-23,46.287632850029944,45.19821798133772,47.38036074175028
2026-12-24,45.79228980371934,44.72135386108669,46.76939502445214
2026-12-25,45.257489779602345,44.17162244415582,46.31459802680373
2026-12-26,44.74940787540447,43.670607373672404,45.81307246964742
2026-12-27,44.07763159824601,43.020146346354196,45.148221486203106
2026-12-28,43.576284062628496,42.56589288234755,44.6432460288086
2026-12-29,42.95323562002576,41.95402378433127,43.95859205375444
2026-12-30,42.3400538203653,41.29561882013407,43.41132857716097
2026-12-31,41.73603488498127,40.64869437700127,42.87036598325544
2027-01-01,41.13828289588539,40.045792541244566,42.206495702558854
2027-01-02,40.614181089838354,39.63467420127526,41.66265402435746
2027-01-03,39.97361312884075,38.90802608879708,41.04253051186864
2027-01-04,39.55007971387722,38.48166135172789,40.59481750185177
2027-01-05,39.0499248150304,37.96083350497421,40.1545739622967
2027-01-06,38.60232104833843,37.55022637416852,39.64013721943253
2027-01-07,38.20335648862293,37.14441104730454,39.27704853358461
2027-01-08,37.84618773587155,36.80732186010324,38.91391091270595
2027-01-09,37.593601775868486,36.56130029226379,38.65390795866135
2027-01-10,37.250342246882155,36.25178776635525,38.33969315708225
2027-01-11,37.14434286664185,36.10120128679946,38.24502628271478
2027-01-12,36.97607939554307,35.84503233373975,38.08303221496628
2027-01-13,36.868686560385946,35.80157809413348,37.8977111143157
2027-01-14,36.812178993658755,35.755034600057286,37.81301666530619
2027-01-15,36.79373772742272,35.74224816475674,37.832974474999304
2027-01-16,36.87040154444468,35.74631248914483,37.9341141725757
2027-01-17,36.841515683904824,35.8592817654104,37.90607635878323
2027-01-18,37.03007774464655,35.99928854065421,38.11028436365678
2027-01-19,37.13218952756188,36.03731247331237,38.244642761554736
2027-01-20,37.26725895005503,36.230685342373036,38.33802534399431
2027-01-21,37.42228919574712,36.3469919304225,38.39353786218489
2027-01-22,37.58221519183731,36.54586160458467,38.725073061158206
2027-01-23,37.802625748848016,36.6432622257932,38.868028699038724
2027-01-24,37.882223391581206,36.81922381483181,38.93462340380274
2027-01-25,38.1441617623734,37.11588846765301,39.1636711049646
2027-01-26,38.2854698768538,37.25118349592732,39.31503738512106
2027-01-27,38.42720838471333,37.393028042060976,39.44323773124276
2027-01-28,38.55869646720728,37.46207787945528,39.584914644213995
2027-01-29,38.667771337590366,37.65829158974469,39.75752840416367
2027-01-30,38.813420904274594,37.78136664370729,39.85315223335327
2027-01-31,38.798144138875365,37.73653861948955,39.822239305624784
2027-02-01,38.949181762053996,37.82119466638807,39.929026175030025
2027-02-02,38.96782940256244,37.83432811649428,39.982135771378154
2027-02-03,38.97948132261586,37.93618283446434,40.00381383513678
2027-02-04,38.97774626846651,37.84463551633046,40.03200626617583
2027-02-05,38.95460024845946,37.951696259504125,39.98856475391623
2027-02-06,38.972919469187346,37.88560853425917,40.00522112983134
2027-02-07,38.83875040868118,37.790999338632304,39.93001438263044
2027-02-08,38.882461780621256,37.853281135745405,39.92448036173665
2027-02-09,38.80799233755577,37.701397629019006,39.84306378234923
2027-02-10,38.74284400769193,37.74792694568331,39.81753517946784
2027-02-11,38.68216290299019,37.638872581228206,39.669950744088126
2027-02-12,38.61887353761709,37.56046620796327,39.68789381263478
2027-02-13,38.61620957492328,37.555299438113245,39.56091158194004
2027-02-14,38.4799977254789,37.44750368084107,39.55224684210306
2027-02-15,38.53983876708747,37.464693072195175,39.602831864558176
2027-02-16,38.49839845393884,37.48952984767442,39.585101843678096
2027-02-17,38.481456270173,37.42053094252655,39.53032841510563
2027-02-18,38.48205271650852,37.4234593821935,39.601105659520094
2027-02-19,38.49069836665845,37.42016185535359,39.526202482063404
2027-02-20,38.567985718734136,37.5072321399734,39.573695825821126
2027-02-21,38.51695804757008,37.440583906718146,39.61471205247575
2027-02-22,38.66437675811321,37.662174362944796,39.756193175214946
2027-02-23,38.71009755182395,37.67721643083935,39.79597977348048
2027-02-24,38.777200990095054,37.6560671301762,39.797150492363734
2027-02-25,38.85621592081085,37.79932457058781,39.980060597767476
2027-02-26,38.935396990678996,37.902268229619416,39.997232946558206
2027-02-27,39.07339551567718,38.03748834227301,40.14286587370741
2027-02-28,39.07167646853676,38.032595687992284,40.12149707205116
2027-03-01,39.25582197747954,38.18227920955405,40.3480511438451
2027-03-02,39.32493090830316,38.268583486695945,40.304323625600155
2027-03-03,39.40175975421802,38.36882536910716,40.491715334303514
2027-03-04,39.47694332339047,38.421708994233505,40.481449091255115
2027-03-05,39.5392568461501,38.45758397887846,40.590019418867946
2027-03-06,39.64825953061965,38.58193858372425,40.7536245258082
2027-03-07,39.606673410785454,38.54325878667635,40.71618776541019
2027-03-08,39.7416392575761,38.61439617219767,40.75081364984809
2027-03-09,39.754060747559315,38.74011639941706,40.78993547431776
2027-03-10,39.76868393078363,38.73838098920144,40.87209751498043
2027-03-11,39.778252443129375,38.724248073933765,40.86092100756045
2027-03-12,39.77370211945185,38.692142500196255,40.813587252264895
2027-03-13,39.81673708875674,38.79031609458221,40.8420735166145
2027-03-14,39.71214320572867,38.70792894000613,40.82835804152429
2027-03-15,39.78898249927856,38.83235507732236,40.813142660383726
2027-03-16,39.74988158825183,38.61003793598822,40.77155203420699
2027-03-17,39.72106265797302,38.61270282797003,40.81039421434101
2027-03-18,39.696458749545734,38.69560584799637,40.75503614007032
2027-03-19,39.6678780448692,38.59761951977289,40.68264003202597
2027-03-20,39.69755994982238,38.60758353411175,40.7414385040628
2027-03-21,39.5904792295883,38.49381502087051,40.672355296911505
2027-03-22,39.67554194832008,38.65319307930563,40.64615743564196
2027-03-23,39.65488591019285,38.58717043888819,40.64945353258033
2027-03-24,39.65393363055621,38.65660061791356,40.74371846102872
2027-03-25,39.66553873433461,38.615816893596644,40.7064745899737
2027-03-26,39.68018935017662,38.5458336003607,40.7528521031049
2027-03-27,39.7586099662468,38.61427131172383,40.79770464188796
2027-03-28,39.70411648640728,38.57915872182778,40.783223572298525
2027-03-29,39.843866593500536,38.75237424060809,40.788066359589166
2027-03-30,39.87821639230708,38.79363508295446,40.91960600510523
2027-03-31,39.93082961067464,38.852881018090144,40.95719055005736
2027-04-01,39.99287853297426,38.90513747443954,41.06277825678843
2027-04-02,40.05329859031438,39.02785332994249,41.083858603411336
2027-04-03,40.17143655658805,39.19165554602873,41.26943199844684
2027-04-04,40.14944574369889,39.09953906476177,41.219211271949916
2027-04-05,40.313569166817786,39.287852655367345,41.35857174328425
2027-04-06,40.3635207574624,39.233971846728956,41.31591109617657
2027-04-07,40.42261027292063,39.38209101370753,41.475049898605135
2027-04-08,40.48195072649043,39.467925952746874,41.534749148417106
2027-04-09,40.530710200367004,39.465790252276705,41.648269601509
2027-04-10,40.628748212816724,39.534741422875705,41.70031780788593
2027-04-11,40.57899053010734,39.44112118252491,41.63850881568164
2027-04-12,40.70868414699383,39.76718977419357,41.64652010811117
2027-04-13,40.71874349606751,39.711302898998746,41.71876011726271
2027-04-14,40.73383471359435,39.593495910188466,41.77757172325065
2027-04-15,40.746538123549925,39.66162876653324,41.85549843194248
2027-04-16,40.74755225411979,39.56923017036333,41.7692884376691
2027-04-17,40.79828108012559,39.72958305223053,41.85796188958985
2027-04-18,40.70315992550556,39.655469401717916,41.82316969248878
2027-04-19,40.790863267629014,39.683998476515406,41.810940362697735
2027-04-20,40.76360694967336,39.73227824569773,41.77908137583173
2027-04-21,40.74719295903599,39.71705725827986,41.827209913149716
2027-04-22,40.735138108613164,39.690063909221195,41.816435055262204
2027-04-23,40.71885092078104,39.68003313473595,41.83495672497213
2027-04-24,40.76019917517115,39.75937300029902,41.761566577262926
2027-04-25,40.66382408292042,39.501805211629005,41.68606964475198
2027-04-26,40.758344604752814,39.808801831206736,41.75360321121529
2027-04-27,40.745664435993035,39.71381389576522,41.77519895750225
2027-04-28,40.75102957669679,39.730361842068575,41.83682721779751
2027-04-29,40.76717733738956,39.652841152682264,41.78248682366303
2027-04-30,40.78454036468686,39.76802245743075,41.77363179577377
2027-05-01,40.86384722768293,39.7834701743718,41.896804219518174
2027-05-02,40.808474433147126,39.78599751479649,41.93307451348823
2027-05-03,40.945692153531276,39.98762035307688,42.03411472965759
2027-05-04,40.97601485817045,39.993073659434586,42.075155166223425
2027-05-05,41.02330337607645,39.92778370428309,42.01928375675615
2027-05-06,41.07895783746187,39.94310326045619,42.14517226150039
2027-05-07,41.13216370511513,40.09594919960847,42.22725075136232
2027-05-08,41.24253113574281,40.14048347568536,42.32955960009166
2027-05-09,41.212481350876025,40.13099321154448,42.23646445388946
2027-05-10,41.368521261045046,40.344403707353365,42.50363220161761
2027-05-11,41.410616672678415,40.37857052474477,42.5670980736799
2027-05-12,41.46230994981723,40.38651611832713,42.56611719499425
2027-05-13,41.51492114493881,40.36822869649298,42.62711621513466
2027-05-14,41.55779461234853,40.48323562732036,42.574156777456814
2027-05-15,41.65093138616689,40.584944352364666,42.69826423064728
2027-05-16,41.59736128089479,40.4834845522274,42.60829324590813
2027-05-17,41.72439646276335,40.63548328927748,42.8063580896201
2027-05-18,41.73297753457995,40.64166563515913,42.76924759160947
2027-05-19,41.74775890452104,40.62645103020586,42.76937263431693
2027-05-20,41.76127350734798,40.68776173277158,42.79486530712195
2027-05-21,41.764140067555594,40.73858079296924,42.863832786153225
2027-05-22,41.81765444698532,40.745484678098634,42.83639908585675
2027-05-23,41.72612033987102,40.640852126227365,42.758247727093504
2027-05-24,41.81806237203288,40.759060426405306,42.84396091959933
2027-05-25,41.79553391805164,40.756580234113486,42.92885688458443
2027-05-26,41.78416760109567,40.71622639442234,42.78903168493816
2027-05-27,41.777309624322776,40.728025856177226,42.763883298032525
2027-05-28,41.76620205693857,40.73143725472644,42.7783172330699
2027-05-29,41.81255537566294,40.769799196098006,42.92754159609052
2027-05-30,41.720867084755625,40.690620325112114,42.759686959933575
2027-05-31,41.81962981687394,40.790998591663254,42.91177682222322
2027-06-01,41.81064134985453,40.740666630427334,42.853362113370096
2027-06-02,41.81906439830429,40.884620381933274,42.85710686418618
2027-06-03,41.83757700052756,40.77618114968331,42.96459228102857
2027-06-04,41.856577084133555,40.803048565799834,42.93770799856481
2027-06-05,41.93678277787669,40.815085611817395,42.99783001973186
2027-06-06,41.88158339002833,40.78592416739119,42.92029713465109
2027-06-07,42.01828341204642,40.97049307250684,43.12177404522322
2027-06-08,42.047450831753466,41.022767986440925,43.05958382431118
2027-06-09,42.093016393192904,41.022728487568244,43.16481280030095
2027-06-10,42.146463369669604,41.092478352152966,43.23070719933962
2027-06-11,42.19707018649375,41.102728983186836,43.257840451106226
2027-06-12,42.30454626045463,41.26488750544245,43.3293714717265
2027-06-13,42.27141485954395,41.23264023343217,43.342103897161444
2027-06-14,42.42428434356566,41.39338514025126,43.40262704959088
2027-06-15,42.463218221225596,41.4496978724579,43.51436906886168
2027-06-16,42.51184998803634,41.42009462118573,43.51729674412106
2027-06-17,42.561581835132685,41.494957057332634,43.64353503995432
2027-06-18,42.60182929995024,41.51983574384631,43.65206716232388
2027-06-19,42.69265217887153,41.63643431931924,43.74185622614865
2027-06-20,42.63712567811981,41.57297034995772,43.739503386578576
2027-06-21,42.76259354993348,41.79816026752415,43.85080464260666
2027-06-22,42.77001423716862,41.73599150992432,43.83516874022543
2027-06-23,42.78404676045036,41.65525031398819,43.860317571603616
2027-06-24,42.79721636545787,41.76931634754205,43.881993738096035
2027-06-25,42.80012305706538,41.75158541312075,43.87359022094864
2027-06-26,42.85403449112695,41.906536983869934,43.889584203025095
2027-06-27,42.76321840936628,41.75378377879343,43.854136240083996
2027-06-28,42.85615759409074,41.789220649643205,43.8972792870752
2027-06-29,42.83485957726134,41.70376502767671,43.89890577748305
2027-06-30,42.82490899307915,41.776743052795695,43.86641675413891
2027-07-01,42.81960365407128,41.803995180587684,43.89037521727638
2027-07-02,42.81013841376465,41.83268490736549,43.878496695756844
2027-07-03,42.85817906769997,41.76485164013816,43.977428120679384
2027-07-04,42.76818207929473,41.75253960720759,43.9346823738839
2027-07-05,42.86860350954047,41.823094211882776,43.920442153093084
2027-07-06,42.86120957592261,41.744599180692774,43.88749591127438
2027-07-07,42.871136703196704,41.77211183097377,43.89769525319005
2027-07-08,42.89104190286164,41.858965399977926,43.94344526592178
2027-07-09,42.91130709233756,41.8192598240231,43.958369875431295
2027-07-10,42.9926389586658,41.915970830239715,44.136498239428654
2027-07-11,42.93841933181069,41.92232613942417,43.889816478122135
2027-07-12,43.07594847629194,42.12881027983477,44.181399938447456
2027-07-13,43.105792637990255,42.046572517938976,44.178443904705254
2027-07-14,43.1518825360196,42.19044427250075,44.16716030653534
2027-07-15,43.20570241648209,42.15269826895299,44.26599003315152
2027-07-16,43.2565320501407,42.10872511268032,44.36592138326149
2027-07-17,43.36408207963133,42.25714366736179,44.36942914106674
2027-07-18,43.33087654964816,42.218586151973376,44.36405160849592
2027-07-19,43.483524000574924,42.462340266788864,44.580242197579054
2027-07-20,43.52208757000293,42.53537225416346,44.54195433241516
2027-07-21,43.570200063929974,42.60546888490445,44.600311928111864
2027-07-22,43.619263073881825,42.56102482733661,44.61688493379265
2027-07-23,43.65869218639835,42.604602261917776,44.64342674753347
2027-07-24,43.74854857090815,42.72277318712388,44.86159323401196
2027-07-25,43.69191088014945,42.64333620216467,44.770201745742504
2027-07-26,43.81612916200928,42.717994825507695,44.83499989682365
2027-07-27,43.822171753887396,42.78099315870282,44.722479864631836
2027-07-28,43.83471184030463,42.71051174184013,44.76994264576724
2027-07-29,43.84629363911162,42.73383778083754,44.83615460116346
2027-07-30,43.8475412945664,42.726831459708954,44.94369335480214
2027-07-31,43.89975190582136,42.77104113427586,44.90605539749404
2027-08-01,43.80722784259322,42.76855387254951,44.88058412928216
2027-08-02,43.898491301476675,42.89145878301027,44.93212547968714
2027-08-03,43.875593326272146,42.81756462615042,44.920286478974376
2027-08-04,43.86416518346627,42.85417409482927,44.94254544966365
2027-08-05,43.85755318859152,42.771373515350014,44.931261951080415
2027-08-06,43.847001076072644,42.77925956000055,44.83188482275307
2027-08-07,43.89422220703497,42.80144329581798,44.91209848019673
2027-08-08,43.803717456409224,42.732472194767645,44.76483004737094
2027-08-09,43.90398222352817,42.86898160922863,44.99366688176885
2027-08-10,43.896815065053964,42.83350755773372,44.956921557691615
2027-08-11,43.90737589191811,42.83629042078564,44.97086624553512
2027-08-12,43.928334648843745,42.86846447021218,45.07966605395491
2027-08-13,43.95007416866321,42.90166786890542,44.95911633064986
2027-08-14,44.03328888360433,42.9836790862099,44.99557707142815
2027-08-15,43.98133442886835,42.99297992350245,45.01200431327764
2027-08-16,44.12147060713666,43.09143736694174,45.1902977649027
2027-08-17,44.15420909751797,43.13036557116132,45.18038904348608
2027-08-18,44.20341262969439,43.181827279525585,45.27565830121472
2027-08-19,44.260485253120116,43.17499801590748,45.25427650160059
2027-08-20,44.31461607696064,43.20037134497156,45.35234832701459
2027-08-21,44.425416859922336,43.26085122545202,45.525346218731755
2027-08-22,44.395307236664706,43.34339679958679,45.51809389204293
2027-08-23,44.55078889487373,43.54938857548333,45.5680298480502
2027-08-24,44.5918190628634,43.52537130330486,45.697687202605444
2027-08-25,44.6419291688003,43.54083684405135,45.67514869100203
2027-08-26,44.69242763384168,43.64905711145827,45.73930856327919
2027-08-27,44.73264872183997,43.71042014108539,45.81539074263936
2027-08-28,44.82258760193982,43.7874706135075,45.87988930732484
2027-08-29,44.76527542699588,43.695417357093696,45.84871614811629
2027-08-30,44.888035998478024,43.88042206778404,45.97022224263488
2027-08-31,44.89183486851385,43.883499672673715,45.97788604172706
2027-09-01,44.90136745169271,43.90394491505858,45.90358014271713
2027-09-02,44.90922602070903,43.84878473293455,45.84466538804164
2027-09-03,44.906108593616565,43.852706079052325,45.98983885781442
2027-09-04,44.95341109508055,43.87075012247713,46.05668626393294
2027-09-05,44.85555792430715,43.817083246977,45.853214896624465
2027-09-06,44.941213893142404,43.871112179789186,46.01965219493624
2027-09-07,44.91258979787918,43.93025898903957,46.04288585068998
2027-09-08,44.89548958636094,43.88798638733995,45.90913351356576
2027-09-09,44.88344031584231,43.874758642003776,45.92184742203745
2027-09-10,44.86786912132772,43.86602931020362,45.85208147102598
2027-09-11,44.910669640296355,43.80062956499762,46.00515482453548
2027-09-12,44.81651390699654,43.78866212843471,45.753898579233024
2027-09-13,44.91405334795531,43.82632829688708,45.98532539223012
2027-09-14,44.905221575050945,43.84180025145272,45.944248504216844
2027-09-15,44.915287119272065,43.90924131715801,45.99913211915643
2027-09-16,44.936997222609804,43.894950898339104,45.99962104612913
2027-09-17,44.96077656987581,43.96565634200496,45.99641348949275
2027-09-18,45.04732281620907,44.02836140357525,46.04830899419258
2027-09-19,44.99995409673081,43.88807476884692,46.08725189657445
2027-09-20,45.14585110966001,44.11966916215534,46.19631799532446
2027-09-21,45.185405245291896,44.044505367517814,46.21259891860249
2027-09-22,45.24231953226211,44.12977325433121,46.30970457182985
2027-09-23,45.30780203993913,44.18996308714336,46.40274050814389
2027-09-24,45.37081407784077,44.29179632510405,46.371787626927535
2027-09-25,45.490713491718274,44.43986164705812,46.60191690964599
2027-09-26,45.469646719358934,44.3771698662611,46.51887554901633
2027-09-27,45.633830754412536,44.48496629785076,46.67949967382723
2027-09-28,45.68293517363122,44.68176241509276,46.738517702858815
2027-09-29,45.74020985026428,44.74806237300577,46.81093189111027
2027-09-30,45.79669704982239,44.723062871710006,46.881029896844055
2027-10-01,45.841489544269734,44.793723234592846,46.921662993142064
2027-10-02,45.93437460218315,44.84144137505358,46.983093487645114
2027-10-03,45.87821735572035,44.799477752108224,46.91543902439538
2027-10-04,46.00022481918872,44.98268554584706,47.16979986280738
2027-10-05,46.001301129864444,44.93380733160692,47.01745590997723
2027-10-06,46.006140329157006,44.87619858450757,47.01072426514781
2027-10-07,46.00739633828929,44.9551803957676,47.048146672280375
2027-10-08,45.99589295956996,44.94537630973228,47.000120367464284
2027-10-09,46.03321515957953,44.87835975494903,47.05491079900966
2027-10-10,45.924036697860224,44.860698201224736,46.9518065657798
2027-10-11,45.99732705716255,44.902010964872815,47.09269793854489
2027-10-12,45.95564999610635,44.84856730813326,47.04012470327046
2027-10-13,45.925201809028074,44.936168018007365,46.913175757623094
2027-10-14,45.89993067677436,44.95959531496722,46.99975168194424
2027-10-15,45.87170157859434,44.78846687449432,46.94039990943613
2027-10-16,45.902849518870816,44.88253735673164,46.822997778513425
2027-10-17,45.79847744006706,44.67140547134518,46.800421641951175
2027-10-18,45.88764285350189,44.846187135203984,46.97885379036289
2027-10-19,45.87264631560641,44.8033146077833,46.957013527736905
2027-10-20,45.879070343720095,44.83418607353265,46.9627387988409
2027-10-21,45.89991034649599,44.76323369927338,46.89515339391139
2027-10-22,45.92576190143794,44.9018488191781,46.87733588525265
2027-10-23,46.017406665106364,44.82127085630826,47.113318509145564
2027-10-24,45.9781524972422,44.9157250421041,47.01107351537563
2027-10-25,46.135070736385714,45.079206717252475,47.14099763765401
2027-10-26,46.18834238432136,45.21164936497863,47.26135293353275
2027-10-27,46.26136018294875,45.15261048947371,47.36613015978845
2027-10-28,46.344926351998765,45.26385381968138,47.34142838983074
2027-10-29,46.427508367620845,45.46969467397849,47.47983040520793
2027-10-30,46.567893024674895,45.50230513782767,47.538062227169014
2027-10-31,46.567592290083006,45.526163440578394,47.58940289181372
2027-11-01,46.752141840775,45.66183197906501,47.83485270587664
2027-11-02,46.82050209041182,45.75618785185104,47.897320264031144
2027-11-03,46.895206885652335,45.87256468456243,47.95123179731556
2027-11-04,46.96659804378743,45.93479295993195,48.0216175277904
2027-11-05,47.02310677227048,45.985481937269725,48.177428462048596
2027-11-06,47.123921174681605,46.064726958861556,48.25132216328831
2027-11-07,47.07139264943755,46.06711826284257,48.02415152202197
2027-11-08,47.19232173785768,46.207958389494294,48.25801082505866
2027-11-09,47.187333269622485,46.16665986639077,48.30400963714832
2027-11-10,47.18098641693718,46.12456520529849,48.22824322437326
2027-11-11,47.165958641308066,46.16978138523764,48.22266548362122
2027-11-12,47.13326575076885,46.0950461073164,48.24134671534615
2027-11-13,47.14485878756668,46.13070675173357,48.15084283895693
2027-11-14,47.005952369057766,45.92814844265859,48.05946751535854
2027-11-15,47.046227109287166,45.96672664209543,48.14626456647023
2027-11-16,46.969118240151964,45.9214197031052,48.017831191118105
2027-11-17,46.901838453186976,45.841870869204094,47.94040483747258
2027-11-18,46.83947642848244,45.81138560206752,47.915535493613405
2027-11-19,46.77513575489517,45.68932890648319,47.83864105548095
2027-11-20,46.77245738130123,45.746555273858085,47.804132130915406
2027-11-21,46.637882505239546,45.56273279633724,47.69003966027643
2027-11-22,46.70180060709911,45.68274065390895,47.716968385813615
2027-11-23,46.66779656445056,45.59255369660724,47.81740055132396
2027-11-24,46.6626463626701,45.528417660566,47.6359070522982
2027-11-25,46.6804039954708,45.66637933279416,47.7108101603072
2027-11-26,46.71254498077735,45.59098977038133,47.70802396971779
2027-11-27,46.82050992003468,45.73055009900841,47.85377094195457
2027-11-28,46.80800484731517,45.72525269946103,47.797141980407126
2027-11-29,47.00220246491702,45.813299262938365,48.07367270887612
2027-11-30,47.10305714635041,45.98704058475619,48.10276475936297
2027-12-01,47.23338174860591,46.147070909679265,48.29119693694622
2027-12-02,47.383026966064854,46.31945185995018,48.412187880879316
2027-12-03,47.53912644780567,46.49815854886189,48.58223359429454
2027-12-04,47.758748615002446,46.744951928380885,48.79198023432322
2027-12-05,47.84130920883866,46.884865398827415,48.88162948111925
2027-12-06,48.10988579525129,47.03905320296439,49.1856591445507
2027-12-07,48.260644157888024,47.226462673427164,49.296114017577274
2027-12-08,48.413021670685495,47.274025652640475,49.492033068050844
2027-12-09,48.55400551021158,47.465255566149125,49.5988693105245
2027-12-10,48.66846621356008,47.55289241484924,49.57539112190569
2027-12-11,48.811885033311555,47.79076536845628,49.88951489444357
2027-12-12,48.7828269347361,47.67921583690449,49.894729434479004
2027-12-13,48.904298638081244,47.79964653039213,49.901647083427214
2027-12-14,48.87320022810294,47.82161323996565,49.94169622895856
2027-12-15,48.810514469462134,47.757699219900566,49.84865027498238
2027-12-16,48.70557122176059,47.68453474781765,49.758923719238766
2027-12-17,48.54634749757096,47.47462532149253,49.66347865815039
2027-12-18,48.392142160416824,47.32526724592607,49.44622139799154
2027-12-19,48.04597815184971,47.0493894914255,49.103889033441746
2027-12-20,47.835873170000994,46.808137662317435,48.855701856890036
2027-12-21,47.46418928136593,46.40373277637298,48.5395412150509
2027-12-22,47.05770795634133,46.02326005969588,48.12327504306142
2027-12-23,46.611770608380276,45.60515578125678,47.68338747136121
2027-12-24,46.12044813265352,45.05136287946076,47.13978763011638
2027-12-25,45.6490815854008,44.571525620630645,46.71866102179616
2027-12-26,45.006550148517036,43.9739603758918,46.047440342476406
2027-12-27,44.52641058457702,43.451500530984404,45.589658690740606
2027-12-28,43.91612188958944,42.89872576518332,45.027942715686606
2027-12-29,43.30700471856155,42.13544221331621,44.421325493011466
2027-12-30,42.698278527002245,41.638613907012214,43.78554224350477
2027-12-31,42.08714249192693,40.989016430333095,43.1173910062077
2028-01-01,41.54124455821564,40.48332865054492,42.569357397208826
2028-01-02,40.87089653915446,39.84199898218357,41.857240565785425
2028-01-03,40.41018079359901,39.402408006984295,41.44162486622705
2028-01-04,39.86616300262305,38.85061043550421,40.85799151122886
2028-01-05,39.368860913416036,38.24072609297967,40.40364667198121
2028-01-06,38.91531175591949,37.81337510474209,39.926020802156465
2028-01-07,38.499703633737845,37.47364727971556,39.54173721940994
2028-01-08,38.185913969274026,37.16250219085498,39.24901503793113
2028-01-09,37.779811195174226,36.73085184959372,38.91706198497395
2028-01-10,37.610463052542976,36.56289295625233,38.61782449646387
2028-01-11,37.37946348827104,36.31993779326648,38.42108819591603
2028-01-12,37.21102518647461,36.1997089292045,38.2178166700122
2028-01-13,37.09617737816871,35.984126399653285,38.06616692899085
2028-01-14,37.02303102081555,36.006811663007205,38.03855543918894
2028-01-15,37.04945115230463,35.98888819646311,38.06603280845417
2028-01-16,36.97548935534629,35.9072407903909,38.02346300462958
2028-01-17,37.124716539754054,36.04144246083981,38.226558320069785
2028-01-18,37.19366506572245,36.1138360428273,38.246285422820904
2028-01-19,37.302024532974286,36.20320304506801,38.32339039657258
2028-01-20,37.436928497110614,36.40901286823571,38.54137656469043
2028-01-21,37.58329220833414,36.50364985347455,38.67455357709029
2028-01-22,37.796539615543935,36.709469705975216,38.77910067640203
2028-01-23,37.87507148171612,36.80510875954781,38.86980764790138
2028-01-24,38.14161422348318,36.99909138411422,39.261154293107566
2028-01-25,38.292658409561426,37.22592176018375,39.37626982660284
2028-01-26,38.448631657667065,37.38688731004394,39.54302112831131
2028-01-27,38.59814409314639,37.52592544899838,39.650514839422236
2028-01-28,38.728267824435804,37.72105643086877,39.830114089296984
2028-01-29,38.89719045551614,37.798602452787264,39.99735079334507
2028-01-30,38.90659662411699,37.894757640321586,39.989225655650706
2028-01-31,39.082919626138825,37.97716507068207,40.14322504686651
2028-02-01,39.12667474502314,38.08206789764365,40.14240464318721
2028-02-02,39.16252187231017,38.152017587634504,40.227410569533454
2028-02-03,39.183398514250854,38.06027580500888,40.25216004716783
2028-02-04,39.180687577477904,38.09945541429267,40.2101771560905
2028-02-05,39.21676281987917,38.09534196276804,40.2817391366184
2028-02-06,39.097268674241704,38.01980687702657,40.05223762241557
2028-02-07,39.152279006538265,38.04388600809248,40.180401830246154
2028-02-08,39.08554864787945,38.008995853591486,40.13512386945998
2028-02-09,39.024507170496705,37.9944981614727,40.09405891556616
2028-02-10,38.96433750526813,37.97128417789058,40.048733939946615
2028-02-11,38.8981048805722,37.82894026764426,40.03739495577452
2028-02-12,38.88927961707495,37.81784103876624,39.93437813958601
2028-02-13,38.74401068587284,37.65369838794361,39.73711424891256
2028-02-14,38.792294345265354,37.77421754818047,39.79747971061521
2028-02-15,38.737251016535026,37.64133953749166,39.78071894673012
2028-02-16,38.70515878440399,37.65555428143835,39.7485274265747
2028-02-17,38.68958466577846,37.68821519714571,39.756325332916276
2028-02-18,38.68157734993058,37.63263705788544,39.74630366745778
2028-02-19,38.742262900030816,37.70290872306079,39.71786769298161
2028-02-20,38.67519807199607,37.637441329675056,39.768096111316304
2028-02-21,38.8076231738089,37.73241086093216,39.81095374504275
2028-02-22,38.83982516186485,37.83394498961488,39.870475365095075
2028-02-23,38.895256894442475,37.889533915359216,39.89740642324269
2028-02-24,38.96475128738157,37.92330962394643,40.04933320442255
2028-02-25,39.036791809606086,37.98394895483476,40.13278976698346
2028-02-26,39.170178736940244,38.150421665378296,40.22532250715816
2028-02-27,39.16644399749701,38.11163639000544,40.234182743513614
2028-02-28,39.35115500464256,38.253574481213555,40.38848540275605
2028-02-29,39.42331698013339,38.36815617932366,40.48828474298659
2028-03-01,39.50551885438249,38.44395592024795,40.601841196001054
2028-03-02,39.58816103357923,38.564527095405744,40.633954014426756
2028-03-03,39.65972639953985,38.622510033461246,40.792114124749425
2028-03-04,39.779434267548744,38.71684227787597,40.83593674085031
2028-03-05,39.7496308048997,38.667260993577514,40.82854786846148
2028-03-06,39.89705731221377,38.801504505971785,40.95612904714035
2028-03-07,39.92220717765193,38.86998127526422,40.968041517659586
2028-03-08,39.94941815654511,38.890199317175174,40.990543660966566
2028-03-09,39.97104003974624,38.91495438388013,41.033458409393276
2028-03-10,39.977641002923264,38.8758933065315,40.978874712970956
2028-03-11,40.03059438230693,38.90591644869861,41.06669784698718
2028-03-12,39.93440143323486,38.89497314057713,40.94508235042263
2028-03-13,40.01789350001249,38.934347691466684,41.053833425386344
2028-03-14,39.98352634758497,39.01400644444914,41.07607472233317
2028-03-15,39.95741510655788,38.88962779957994,40.950847399032924
2028-03-16,39.93345150209632,38.91255988024945,41.03339663903615
2028-03-17,39.903468030417486,38.86454931898667,40.96093393357139
2028-03-18,39.92979192777732,38.887156043816645,40.950257814005134
2028-03-19,39.81754528778736,38.76591968822834,40.870662069887885
2028-03-20,39.895835236572275,38.8455995318799,40.937868199825104
2028-03-21,39.867047069931104,38.80269253542369,40.94257866021288
2028-03-22,39.85688863123336,38.83220012394965,40.97004743196058
2028-03-23,39.85852711188411,38.75867937816062,40.88760989703332
2028-03-24,39.862782153211406,38.80108170592012,40.86451235281643
2028-03-25,39.93071704191789,38.84962497964356,40.987882149322765
2028-03-26,39.86598306998964,38.78211984602397,40.897717691634455
2028-03-27,39.996059493697,38.944696269365345,41.06035636124455
2028-03-28,40.021600378159214,38.9719427089759,41.14304311185488
2028-03-29,40.06653489657003,39.024624598020125,41.16131379772188
2028-03-30,40.122260517106454,39.06145673368907,41.158780343787
2028-03-31,40.17789122168356,39.135043267614606,41.21491141452379
2028-04-01,40.29290088017396,39.22620552840662,41.36484138949902
2028-04-02,40.26951529805935,39.19294815461297,41.284718010967396
2028-04-03,40.433993980042544,39.41723513265583,41.47089818469628
2028-04-04,40.486011704621035,39.396624448685124,41.58593525624911
2028-04-05,40.54878552113579,39.477391634080554,41.59238619850174
2028-04-06,40.613285904346384,39.57710337062702,41.66194921307459
2028-04-07,40.668493789961715,39.61203304120507,41.691754262443524
2028-04-08,40.77404348021732,39.6531651549668,41.86858679227306
2028-04-09,40.732605089407244,39.60755783551045,41.84439471836839
2028-04-10,40.871148001807285,39.82776559752009,41.84237825572465
2028-04-11,40.89029612819626,39.8682838031674,41.88803414000252
2028-04-12,40.91442150042627,39.87096628273539,41.94719900093976
2028-04-13,40.9358160724888,39.864452317960755,41.98794955459776
2028-04-14,40.944904753060875,39.864918637990044,42.05323596047985
2028-04-15,41.002841086479485,39.938275696921686,42.09337230934793
2028-04-16,40.91384076092828,39.907361267179965,41.97765114612757
2028-04-17,41.00639595897099,39.97337313337757,42.10283024802219
2028-04-18,40.98258286543941,39.912091650811185,41.96200545883573
2028-04-19,40.96811034028793,39.89204919606669,41.97816453657463
2028-04-20,40.956450987978535,39.9365134850266,42.067707602014494
2028-04-21,40.93901886577403,39.90757766652316,41.95871047104322
2028-04-22,40.977736283731105,39.91653587085248,41.999526429701454
2028-04-23,40.877345699588126,39.74762683378457,41.97668028978232
2028-04-24,40.96661031358083,39.83401527481583,41.99765388457331
2028-04-25,40.94761601788825,39.899499888644186,42.07629805840064
2028-04-26,40.945822789968446,39.886259106522864,41.96222792729534
2028-04-27,40.95420658510487,39.863343227726645,41.95171973517706
2028-04-28,40.96345554446257,39.91590940768212,42.01366499578798
2028-04-29,41.03456231118204,39.97664643630478,42.01968857787809
2028-04-30,40.971167586016456,39.952434138065996,41.949229741302176
2028-05-01,41.10079747336783,40.09218819164499,42.10524039640804
2028-05-02,41.12420607017628,40.04739164788274,42.19278654851957
2028-05-03,41.165470075186505,40.133091900348674,42.26610033755353
2028-05-04,41.21617509431592,40.09208329595422,42.25521624712054
2028-05-05,41.26565605437097,40.254783014243095,42.40686032794505
2028-05-06,41.37363213288098,40.32447634743599,42.42230405644115
2028-05-07,41.34259001284047,40.24783552634673,42.30951924887995
2028-05-08,41.499056793154395,40.44333097485491,42.500075786366416
2028-05-09,41.542972926781225,40.51721046845498,42.59627993255153
2028-05-10,41.59781105570639,40.57718015362227,42.68291334969578
2028-05-11,41.65477970899183,40.576466687854875,42.70961976765629
2028-05-12,41.70307378605112,40.590094963127,42.70327988578236
2028-05-13,41.80251197574691,40.74443808990976,42.7870869392739
2028-05-14,41.75591490214384,40.616005217154154,42.8199020245256
2028-05-15,41.890365547646994,40.820417685696924,42.929820485133014
2028-05-16,41.90656277486975,40.855714717832896,42.974182227223096
2028-05-17,41.92891447941002,40.85249563545361,42.88979015239803
2028-05-18,41.94971019441023,40.845183311966274,43.053590464338
2028-05-19,41.95933608727439,40.894042738349725,42.95953049613601
2028-05-20,42.01887364815181,40.881830823744,43.09251815912145
2028-05-21,41.93243710403787,40.8723641958811,42.937122967024436
2028-05-22,42.02839240694472,40.85916672546387,43.082802251900496
2028-05-23,42.008669928953026,40.98948668932842,43.066977785169534
2028-05-24,41.998818680580925,41.01289834198084,43.04034354511765
2028-05-25,41.99214309036019,40.95327128810146,43.00785053958085
2028-05-26,41.979886398174585,40.9171008901278,43.09089981409276
2028-05-27,42.02380293509934,41.03717141218952,43.08043678204354
2028-05-28,41.92847512803635,40.93010466559036,42.95931409639097
2028-05-29,42.02251868908202,41.044995447083956,43.04496552382871
2028-05-30,42.00788852284167,41.004900105143626,43.06989791181746
2028-05-31,42.009933345990845,41.018243904614266,42.96665097762725
2028-06-01,42.021540007805456,40.89696300757501,43.08180482384181
2028-06-02,42.03333129069207,40.95876763660498,43.11279005203031
2028-06-03,42.106258975106336,41.03236717603278,43.14905477865312
2028-06-04,42.04394732033839,41.0026439560135,43.12975032441172
2028-06-05,42.173929558101065,41.17964310418301,43.21007532370009
2028-06-06,42.19698892084977,41.128052122081854,43.240606784051934
2028-06-07,42.23725107175178,41.24294522438425,43.30684640533407
2028-06-08,42.286367717500674,41.26054295686163,43.31647593318237
2028-06-09,42.33375393332897,41.28692440167897,43.328209755316
2028-06-10,42.439219732341954,41.351851807218296,43.50969808521834
2028-06-11,42.40534981488055,41.3248988000336,43.44322013629981
2028-06-12,42.558772953820075,41.463935131025295,43.62973402890867
2028-06-13,42.59953150680934,41.48554319346461,43.6177052981806
2028-06-14,42.651197033754364,41.648606566053225,43.60233387954898
2028-06-15,42.70507108177826,41.64763748470679,43.800429969557904
2028-06-16,42.75043313990323,41.71711697830691,43.812633446487766
2028-06-17,42.8471759762739,41.79272272902852,43.917859471995634
2028-06-18,42.798182191735464,41.709871076963196,43.80585709896734
2028-06-19,42.930583563747675,41.89881686046343,43.95588918818928
2028-06-20,42.94511400559241,41.93876534003822,43.965768231964944
2028-06-21,42.96620265795842,41.851388557538925,44.0488732153124
2028-06-22,42.986146901450795,41.84931401885234,44.00562525179717
2028-06-23,42.995328182924375,42.01192161528062,44.021760409176416
2028-06-24,43.054811895155986,41.92491191893602,44.099080083395464
2028-06-25,42.9686862739192,41.88818436203714,43.99906767851068
2028-06-26,43.065283084537406,42.01423121308226,44.105858431289384
2028-06-27,43.046492151057734,42.000774414258196,44.092511190139895
2028-06-28,43.03781746468872,41.92447891586906,44.05502296020297
2028-06-29,43.03251583269714,41.94317136435777,44.04022120358802
2028-06-30,43.02178204944895,41.8772266350446,44.04853736769614
2028-07-01,43.067322799942346,41.88733422217022,44.16477171655109
2028-07-02,42.97367508218743,41.90418414398911,44.013282260857274
2028-07-03,43.0694125685617,42.01741680161654,44.201790654927436
2028-07-04,43.05645241264749,42.03776596280365,44.1538120063534
2028-07-05,43.06011048277536,41.96040893225741,44.12967591672009
2028-07-06,43.073246011418874,42.0167055448463,44.17854300416893
2028-07-07,43.08645945275483,42.084059965724464,44.082235646381676
2028-07-08,43.160685357745535,42.02696279479395,44.2363674998853
2028-07-09,43.09953545326636,42.06424394417731,44.18130828673565
2028-07-10,43.230534565335326,42.15655174439051,44.27893312647137
2028-07-11,43.254460957261855,42.2562077456142,44.33516698048204
2028-07-12,43.29543800184393,42.159336435257345,44.41066979409776
2028-07-13,43.3451170217507,42.308946824604554,44.379473476425645
2028-07-14,43.392913878582235,42.40935262374838,44.4238266059085
2028-07-15,43.49863988965143,42.48678110971975,44.54358459259312
2028-07-16,43.46488104872034,42.43423966404429,44.57615995875308
2028-07-17,43.61826703880013,42.55703951019463,44.77012934008329
2028-07-18,43.6588405505055,42.53760724005094,44.67838628075364
2028-07-19,43.71017289590931,42.630602726572334,44.78756732702408
2028-07-20,43.76356498043672,42.7595998445776,44.88707077028687
2028-07-21,43.80829562399954,42.811604505006535,44.79710440832788
2028-07-22,43.90425742225134,42.88523776405982,45.008950651421536
2028-07-23,43.85433394994671,42.87298051015748,44.92545604598516
2028-07-24,43.985659840128214,42.948805840011445,45.05716324851879
2028-07-25,43.998974517229996,42.93852243500103,45.047488937983715
2028-07-26,44.01871604989719,42.9645363738856,45.06302861955278
2028-07-27,44.03719485876283,42.95806450358498,45.09655498969868
2028-07-28,44.0448101193277,42.968268310062484,45.156109995053974
2028-07-29,44.10265004980036,42.98526401470473,45.161219208442915
2028-07-30,44.01483100397153,42.86116460703563,45.01189018688021
2028-07-31,44.10971810514018,43.049501871507815,45.17617200808081
2028-08-01,44.08923944822453,43.01445652659924,45.07572535737221
2028-08-02,44.07894159238752,43.01521489797965,45.12538412631802
2028-08-03,44.07212730397998,43.046120778202805,45.199048889089624
2028-08-04,44.060039543783226,43.02827133093543,45.09985921147676
2028-08-05,44.104433934978495,43.109809415427385,45.218754470211195
2028-08-06,44.009895537728994,42.98407057032658,45.045376545743764
2028-08-07,44.1050434024206,43.06135544794742,45.114829936151324
2028-08-08,44.09183547088102,43.04326062673042,45.15628513040307
2028-08-09,44.09562187841057,43.038945658154475,45.11478194536118
2028-08-10,44.10928772369393,43.08811192531963,45.161645895414644
2028-08-11,44.12344918024782,43.054560987746335,45.10578554030893
2028-08-12,44.19904484041051,43.1874705274031,45.18228287230652
2028-08-13,44.13967755702441,43.05038224754669,45.17294240581914
2028-08-14,44.27284949519789,43.21077937924734,45.28464363579761
2028-08-15,44.2993020277384,43.250954815071125,45.356452350961014
2028-08-16,44.343107443626565,43.28661696894165,45.40959688575581
2028-08-17,44.39585233868924,43.30161227572258,45.377014909060826
2028-08-18,44.44687528662814,43.39317307983485,45.52533785649048
2028-08-19,44.55589936805042,43.53155676461322,45.65950200342171
2028-08-20,44.52541351233275,43.51712313743812,45.63510207984802
2028-08-21,44.68194409871911,43.65831755659745,45.81688084111606
2028-08-22,44.72542726856311,43.704340800060805,45.811227934995905
2028-08-23,44.77932785845936,43.75195753627475,45.78291557124482
2028-08-24,44.83484391989652,43.712453802898466,45.919209554942064
2028-08-25,44.88115870569988,43.85585352926405,45.947443312199745
2028-08-26,44.978080192447266,43.85419804750205,45.95885415421491
2028-08-27,44.92842181225032,43.88331883143568,45.958929362773276
2028-08-28,45.05926579633363,44.05682791590082,46.175544363205816
2028-08-29,45.07131977911524,44.000922133440866,46.12997227666565
2028-08-30,45.08901300574376,44.05493125061025,46.11267769447055
2028-08-31,45.10467176673339,44.061143823842315,46.13755670383428
2028-09-01,45.108736803946734,44.0460364049126,46.15173340262585
2028-09-02,45.16236380176343,44.10847247144875,46.21777810548623
2028-09-03,45.069761830952984,44.07349491644264,46.00217381282369
2028-09-04,45.15941245521917,44.163427825542236,46.26796096433133
2028-09-05,45.133381530126165,44.02776647474007,46.21651582783439
2028-09-06,45.117371449359574,43.97284345383339,46.13044941959322
2028-09-07,45.10485486101599,43.99182466517502,46.16892524422603
2028-09-08,45.08725394049168,44.06977642305459,46.20010538864156
2028-09-09,45.12650757688788,44.09061605018854,46.2200043021431
2028-09-10,45.027382444514906,43.911608595566484,46.0827548274713
2028-09-11,45.11867159869516,44.133341488692764,46.13400640915383
2028-09-12,45.102493349251155,44.103863009484975,46.15728272691603
2028-09-13,45.10433866002066,43.96738090317624,46.20425877620739
2028-09-14,45.117208342569,44.10991377186262,46.11444498736402
2028-09-15,45.13180411786292,44.00465654859568,46.17489032585234
2028-09-16,45.20911562946803,44.193787274219275,46.27955098636665
2028-09-17,45.15275885161808,44.06467519766773,46.13062890788836
2028-09-18,45.290208761880514,44.21402861291959,46.35237146272085
2028-09-19,45.32213804232834,44.19637323099015,46.394525677774304
2028-09-20,45.372508876382,44.3105976079974,46.440676246346804
2028-09-21,45.43275777105486,44.35260939026488,46.52034710972167
2028-09-22,45.49203602244072,44.4314517821647,46.539035140292796
2028-09-23,45.60984637835342,44.55664661146617,46.6787772604996
2028-09-24,45.58842978463916,44.48748475474951,46.626123617194544
2028-09-25,45.75404354882577,44.74527177022074,46.762256811697675
2028-09-26,45.80634121750916,44.78401467225609,46.8720301301651
2028-09-27,45.868499882013474,44.860718202980145,46.97702323242727
2028-09-28,45.93143364756826,44.836645969185405,46.951224948034344
2028-09-29,45.98405488645395,44.94459657326405,47.07817759965263
2028-09-30,46.08592306213081,45.00587305289699,47.13205450851727
2028-10-01,46.039634501162276,45.013984601876714,47.1236109670291
2028-10-02,46.17209421324099,45.10959923571598,47.33110508369787
2028-10-03,46.183880109693284,45.062751552008436,47.21420373024402
2028-10-04,46.19934567853237,45.11104281800421,47.1853719033447
2028-10-05,46.210800477925076,45.20416632693138,47.273887623172335
2028-10-06,46.20873096293678,45.17266619211081,47.22594042251953
2028-10-07,46.25440257113431,45.223776210194075,47.22962209967853
2028-10-08,46.15219779521402,45.071545101236055,47.19435377784335
2028-10-09,46.230832868763606,45.16611624097703,47.30922700998654
2028-10-10,46.19266507168833,45.20691778579299,47.20795577148435
2028-10-11,46.163738451167674,45.08861053627206,47.111221565604524
2028-10-12,46.13790908758343,45.17351015106704,47.24965780908321
2028-10-13,46.10701416416202,44.994700405779916,47.17312976025228
2028-10-14,46.133427432568936,45.06684467169057,47.19938376950111
2028-10-15,46.022357340052096,44.95325413593902,47.10852509130623
2028-10-16,46.1030318037107,45.07823017594118,47.197824299286225
2028-10-17,46.07798277568379,44.95195525493504,47.137130414468025
2028-10-18,46.073079272160776,45.0274335516996,47.14059480076742
2028-10-19,46.08165058154162,45.05384034551233,47.15766218505584
2028-10-20,46.09466418273799,45.030392208311554,47.17286326420009
2028-10-21,46.17330091094588,45.16464567084256,47.27720438229011
2028-10-22,46.12128325054526,45.00365015060739,47.096329743171545
2028-10-23,46.26610002971656,45.19474820421871,47.37086504186077
2028-10-24,46.30833964028768,45.310831916363306,47.40018245130009
2028-10-25,46.371779151382725,45.345095258510966,47.45799928809286
2028-10-26,46.44756947797212,45.46725060122291,47.48074505074352
2028-10-27,46.5244793731858,45.53920888048647,47.58785322508345
2028-10-28,46.661538860665964,45.61002828533477,47.6540966468779
2028-10-29,46.660435961044094,45.63193393244178,47.73855251292619
2028-10-30,46.84680791533815,45.766512930180326,47.8566582654646
2028-10-31,46.91963697154404,45.91146695684678,47.945370066804564
2028-11-01,47.00139612145905,45.936794979913735,48.02438454887614
2028-11-02,47.08228310298917,46.10230153020471,48.14295132450002
2028-11-03,47.15050378368251,46.03495054907743,48.15883134031
2028-11-04,47.26494413356887,46.213821686944456,48.34834307937456
2028-11-05,47.22758352404242,46.195865214665275,48.22212068637164
2028-11-06,47.36478976737811,46.30695784385677,48.48243496573902
2028-11-07,47.376705533203776,46.30646961038875,48.43524054285175
2028-11-08,47.38737147663783,46.34161036755181,48.41974931716685
2028-11-09,47.38892472728334,46.2873226038359,48.480965572452625
2028-11-10,47.37183457261148,46.26479252912263,48.4172124277485
2028-11-11,47.397515631916605,46.352936367317014,48.40005763506706
2028-11-12,47.27067269166725,46.230244344694384,48.366482311064885
2028-11-13,47.32051936200536,46.334285896796885,48.421152003415045
2028-11-14,47.25008220282179,46.12702061529093,48.31930213736887
2028-11-15,47.18623788046767,46.098695503625315,48.275010715708326
2028-11-16,47.12382438533105,46.09978431901006,48.14397972343546
2028-11-17,47.05579061458127,46.02245506601994,48.09470973495501
2028-11-18,47.045727108248094,45.95040386018962,48.0583991613144
2028-11-19,46.90013455241663,45.877963199008896,47.926659681721226
2028-11-20,46.94957453333923,45.860942465308256,48.012137247174955
2028-11-21,46.89791632831997,45.83221333483719,47.943686459501585
2028-11-22,46.87232918189107,45.858676747393254,48.02742512979936
2028-11-23,46.867362677538424,45.82889903303756,47.81650542340876
2028-11-24,46.87508073234786,45.74152352095215,47.93403467197602
2028-11-25,46.95759282843773,45.91839790365076,47.96141785486116
2028-11-26,46.91933949344377,45.84058281744007,47.94786615948215
2028-11-27,47.088276466746024,46.108070965126934,48.108754627221636
2028-11-28,47.165170838313294,46.107328237859896,48.22161698990098
2028-11-29,47.27365766398847,46.19739214065162,48.34862448503155
2028-11-30,47.40439829567483,46.349677933004564,48.5302745013622
2028-12-01,47.54530418549881,46.50979155102588,48.54519349852916
2028-12-02,47.75416765501338,46.72027492775745,48.82140199670715
2028-12-03,47.83105421661409,46.72383514766584,48.862152501430344
2028-12-04,48.09959821770071,47.03770647628674,49.19174973939658
2028-12-05,48.25641225584083,47.2515509610726,49.24801861328574
2028-12-06,48.42125593173741,47.331520788754155,49.508353195969505
2028-12-07,48.58130222081404,47.56643472395963,49.629859049368875
2028-12-08,48.72146232332335,47.616057374779885,49.77416151317998
2028-12-09,48.897107721823424,47.797463772299594,49.94327772236912
2028-12-10,48.90654148361202,47.834482904480346,49.96828358359381
2028-12-11,49.07235831231364,48.04770834942146,50.0
2028-12-12,49.09090187761067,48.08568576555325,50.0
2028-12-13,49.08246347280331,48.04423069018991,50.0
2028-12-14,49.03555921076318,47.99932399346577,50.0
2028-12-15,48.93724602810928,47.828984646961345,50.0
2028-12-16,48.84581513709945,47.82772260688976,49.98349839059287
2028-12-17,48.56321538167882,47.523629719833224,49.66500885735321
2028-12-18,48.416346922834805,47.41148131429549,49.45155814996134
2028-12-19,48.106435185750975,47.04540461614798,49.20481654234186
2028-12-20,47.759130972019946,46.74610191908293,48.913241849917
2028-12-21,47.368676206441826,46.295862837154246,48.42294511924208
2028-12-22,46.9280981966691,45.82748256026787,47.978857203025356
2028-12-23,46.50177393799485,45.421811858729704,47.5866555619555
2028-12-24,45.89772002333252,44.90086039801469,46.98430882288266
2028-12-25,45.448751818879614,44.41816484156747,46.52977329680366
2028-12-26,44.86172512193681,43.74923018653414,46.02104953030159
2028-12-27,44.267509451899905,43.252545394954616,45.28208811743917
2028-12-28,43.66503557136471,42.643152131778045,44.716859860492896
2028-12-29,43.05138304162656,42.01559088086122,44.164009400030885
2028-12-30,42.49425199284519,41.47324152004285,43.47576067536981
2028-12-31,41.80417697027601,40.76837012055557,42.846887154233585
2029-01-01,41.31562841126053,40.29329041458441,42.385811625827664
2029-01-02,40.736216407097345,39.72457847402836,41.823754191644326
2029-01-03,40.196646844364444,39.119552424194616,41.27007914197949
2029-01-04,39.69477294737271,38.65290372197958,40.74516654176303
2029-01-05,39.22570792072727,38.20715613874822,40.331232984859895
2029-01-06,38.85434224020645,37.88399713425351,39.92691788476309
2029-01-07,38.38762231067295,37.43077868221916,39.45748244654314
2029-01-08,38.15573442287855,36.991179831698574,39.2694492413272
2029-01-09,37.86140660275802,36.78052091558434,38.94814807870179
2029-01-10,37.629976003522344,36.546361748111025,38.5884724382331
2029-01-11,37.45356209829888,36.44298055821754,38.47365627885175
2029-01-12,37.321308360913264,36.304966836594964,38.365086646583634
2029-01-13,37.29203280246324,36.32680368074468,38.37437931913484
2029-01-14,37.16664081545774,36.17308036566163,38.26037959195055
2029-01-15,37.26944098859304,36.20995815798318,38.295313764214015
2029-01-16,37.29757329921466,36.264693059485644,38.33071507925008
2029-01-17,37.37119431130423,36.341689171162194,38.45757265916792
2029-01-18,37.477756855152656,36.34901383125026,38.52913796326752
2029-01-19,37.60234440575007,36.52495276471332,38.601272683366034
2029-01-20,37.800398429513386,36.81725529912225,38.91665415604378
2029-01-21,37.87019047692854,36.886001106270115,38.8749816411073
2029-01-22,38.13417847347747,37.10149806123708,39.155235239660506
2029-01-23,38.28845589593951,37.271333291532954,39.405054689363375
2029-01-24,38.45293824665059,37.4381145519984,39.45345099252542
2029-01-25,38.61562459188264,37.677970843277336,39.698537496031356
2029-01-26,38.76289516366647,37.598830825902574,39.776664154951916
2029-01-27,38.9521845435157,37.88480667596813,40.00998093815845
2029-01-28,38.98438388296318,37.81209844458671,40.05009529532998
2029-01-29,39.18511367000504,38.14687473215543,40.22164341609661
2029-01-30,39.25407810612303,38.15805131619578,40.37149529440965
2029-01-31,39.31514813814777,38.25221842388885,40.32435709073409
2029-02-01,39.36051372422724,38.27556211934346,40.436172283945446
2029-02-02,39.38086925101962,38.32145471944489,40.52787698880675
2029-02-03,39.43797456427107,38.41870124923551,40.488922953356585
2029-02-04,39.33694795881673,38.330606974866775,40.418790860137236
2029-02-05,39.40743539958108,38.38229695200002,40.413947986530445
2029-02-06,39.35286960020687,38.35534502697131,40.50517381944611
2029-02-07,39.30046829969597,38.2862238806119,40.40916315587269
2029-02-08,39.245314289147366,38.24567700299487,40.278087370824686
2029-02-09,39.1804827073826,38.0703492347994,40.273514779759076
2029-02-10,39.16955926094742,38.120276959146054,40.22672692549064
2029-02-11,39.0189064740347,38.00764219824045,40.07701819324039
2029-02-12,39.05882255216287,38.00466587826386,40.10788501523295
2029-02-13,38.9928063504016,38.034000184596174,40.00304863736993
2029-02-14,38.94757721388017,37.93751943814802,40.10326628186299
2029-02-15,38.91719125644817,37.89316298688665,39.911773223480786
2029-02-16,38.89321823065707,37.81114675038789,39.96665145722734
2029-02-17,38.937320943790496,37.903144233979695,40.07164408708465
2029-02-18,38.85359234227122,37.75397958526346,39.954229893190956
2029-02-19,38.96979264248492,37.85228659184897,40.04632433248868
2029-02-20,38.986697635467856,37.950471743821595,40.044584070311245
2029-02-21,39.02820448075333,37.955555325446774,40.07648607607719
2029-02-22,39.08553408356311,38.09344069135596,40.09334221687539
2029-02-23,39.147491786926295,38.09815615152679,40.23153932372892
2029-02-24,39.27312602871118,38.25907186720975,40.32681458587084
2029-02-25,39.264137960540225,38.18836307722768,40.3655303697533
2029-02-26,39.44618251702901,38.45814161051379,40.53902111888816
2029-02-27,39.51827045783516,38.49728743616839,40.61906413883613
2029-02-28,39.6029164175895,38.53615605840371,40.6256057775098
2029-03-01,39.69037113251364,38.67870545652897,40.75277659903558
2029-03-02,39.76889902452445,38.721773383213645,40.742782067767955
2029-03-03,39.897440625209846,38.84177608438248,40.960000589944734
2029-03-04,39.878013049882114,38.766957428443774,40.93593217038972
2029-03-05,40.036989590976354,39.0384043574438,41.11062523041576
2029-03-06,40.07446887817585,39.03783866681168,41.12662084238134
2029-03-07,40.114379876227275,39.15956508817671,41.16564058525302
2029-03-08,40.14866239479824,39.092945435304095,41.24981392636951
2029-03-09,40.167486017733566,39.1643519385209,41.28900455535506
2029-03-10,40.231848827664315,39.23004838175958,41.32599121260805
2029-03-11,40.14591113858329,39.09909433493482,41.101591132614374
2029-03-12,40.238207356659466,39.177910203036724,41.231215907216196
2029-03-13,40.21094845551765,39.121809683508296,41.23721866500252
2029-03-14,40.1900633042028,39.19005433511555,41.3057394408603
2029-03-15,40.169320361466404,39.10724828412329,41.30556650515
2029-03-16,40.14049430331767,39.1404992775164,41.17498045278029
2029-03-17,40.16592039392259,39.168729604399374,41.24108301238746
2029-03-18,40.050792982852,38.99745236197829,41.16544571661323
2029-03-19,40.124352125528,39.05042947808354,41.13615272158022
2029-03-20,40.08917137491169,39.03112960369775,41.08984639529827
2029-03-21,40.0711952184641,39.08829123150471,41.11031675329647
2029-03-22,40.06386758221257,38.97272407641633,41.15608352300983
2029-03-23,40.058315557616396,39.05566417102684,41.14738097612448
2029-03-24,40.11593044820431,39.08128616275802,41.141271853184385
2029-03-25,40.04070153007903,38.98753838114185,41.02676203878937
2029-03-26,40.160445292551906,39.02039251145588,41.27927817879842
2029-03-27,40.17614177528787,39.13115343073168,41.21751102651118
2029-03-28,40.21202488935926,39.12142394576375,41.23374708572935
2029-03-29,40.25976645248827,39.2753247119103,41.39545776915672
2029-03-30,40.30871635016795,39.233416225114674,41.35063783570837
2029-03-31,40.41853917643465,39.277707236132684,41.47434011656427
2029-04-01,40.391601058582275,39.425103841535716,41.56405926545399
2029-04-02,40.55424784581009,39.53531517156763,41.654703328849315
2029-04-03,40.6061848419229,39.50946213310486,41.63941492606629
2029-04-04,40.670603724457436,39.541354705539106,41.640033291105716
2029-04-05,40.73839536173069,39.643454533778765,41.771076207618336
2029-04-06,40.798410174667644,39.73171546792135,41.81893219830219
2029-04-07,40.91010590592512,39.83067290321441,42.00099401819054
2029-04-08,40.87593629419663,39.822485679023885,41.88500235424919
2029-04-09,41.02262191443325,39.99567650078128,42.05415770304518
2029-04-10,41.050513725796975,39.998590196007946,42.10858891045418
2029-04-11,41.08369559758462,39.96570427811434,42.075699638691795
2029-04-12,41.114165396090264,40.00796163168265,42.13072737149926
2029-04-13,41.13205736453377,40.141299566336365,42.1585386126101
2029-04-14,41.198246921896235,40.19536170177957,42.23649806156448
2029-04-15,41.11669277893455,40.054694111154646,42.11897696002032
2029-04-16,41.21565912511949,40.12351239237271,42.20569211343869
2029-04-17,41.19702996702947,40.193273761832955,42.25935986548809
2029-04-18,41.186363425166576,40.11784674150625,42.21744155260391
2029-04-19,41.17702705974055,40.133805544341236,42.27957192058992
2029-04-20,41.160378350941386,40.12077533443442,42.257257713306096
2029-04-21,41.19833271689893,40.06203032107151,42.24380408319181
2029-04-22,41.09567505189922,39.99926358128801,42.16391825615596
2029-04-23,41.181258418314016,40.04875826413642,42.20909298372469
2029-04-24,41.15730262306624,40.11526509330295,42.11521653979819
2029-04-25,41.1494408888935,40.09292001326878,42.23970597376287
2029-04-26,41.15085583740632,40.12045342260952,42.1830334914998
2029-04-27,41.152468797249696,40.00193046182117,42.28920080494558
2029-04-28,41.215524455761155,40.167588831111246,42.259134805670676
2029-04-29,41.14392623312113,40.024359144213264,42.1701069303585
2029-04-30,41.26546519111522,40.237431440263144,42.31640612268276
2029-05-01,41.28115419576325,40.25485935171267,42.39326895997678
2029-05-02,41.315314375358184,40.224815593704825,42.33818406998746
2029-05-03,41.35975380275668,40.27817559114395,42.241062946890466
2029-05-04,41.404001048558904,40.386218058038025,42.44698601927397
2029-05-05,41.50793422154345,40.4548287566717,42.56808134710405
2029-05-06,41.474159481668444,40.444246680004284,42.43037149562973
2029-05-07,41.629280495662776,40.579035530625234,42.71239358689078
2029-05-08,41.67326930507209,40.64818924336254,42.75103621819457
2029-05-09,41.72958452972968,40.62989343888758,42.768372650655806
2029-05-10,41.78937588132595,40.733960949507875,42.90991120125096
2029-05-11,41.84173687233221,40.7754471981359,42.91548447048677
2029-05-12,41.946345790134295,40.87172503869789,42.991086941735205
2029-05-13,41.905848605454764,40.82124973842,42.955950167214354
2029-05-14,42.047125207085635,41.082211818900284,43.14897133448457
2029-05-15,42.07064959383342,41.028568235305855,43.12220238555639
2029-05-16,42.100590339813216,41.04838906176958,43.16355124771425
2029-05-17,42.12899091922778,41.054841295812516,43.134945616762046
2029-05-18,42.14599258502332,41.10043199216371,43.21197503112909
2029-05-19,42.21244085153301,41.06536536511001,43.23706816348527
2029-05-20,42.1322303697648,41.05675508656616,43.212131548237394
2029-05-21,42.233530810539435,41.18055256927629,43.369506525569356
2029-05-22,42.218105674171866,41.20997028665341,43.343107898529134
2029-05-23,42.21137165475539,41.098093395295656,43.18773438234646
2029-05-24,42.20653944004404,41.157457251236124,43.29288165747881
2029-05-25,42.1947998787915,41.14750598174563,43.258278295225224
2029-05-26,42.23789770740862,41.20974180256296,43.25545689102868
2029-05-27,42.14044863545689,41.1631246525564,43.16939687586464
2029-05-28,42.23114325430179,41.20577239060889,43.25987492915993
2029-05-29,42.212050349296625,41.127549455731504,43.2599196396724
2029-05-30,42.208667698063834,41.145228593022985,43.322357666770664
2029-05-31,42.214061470066746,41.07906496293319,43.27596310590296
2029-06-01,42.219058166956415,41.144941261215436,43.27643167553008
2029-06-02,42.28483107747225,41.20917669644694,43.32432203581307
2029-06-03,42.21523661053027,41.30187242625816,43.297580899500474
2029-06-04,42.33804333170644,41.28804898173279,43.37204304323793
2029-06-05,42.35426546216941,41.25476604078161,43.41482712028893
2029-06-06,42.388247945507565,41.3283730405382,43.40333567116188
2029-06-07,42.43184309608216,41.4173613670603,43.419883988724386
2029-06-08,42.474641577357374,41.429301484498495,43.513185744571715
2029-06-09,42.57659844121937,41.45688472501564,43.59650307601331
2029-06-10,42.54040833655153,41.49256000537932,43.68063077653176
2029-06-11,42.69277148379372,41.62885497144328,43.720930522344915
2029-06-12,42.73376101131312,41.68112492989159,43.739753783662216
2029-06-13,42.786937697487545,41.745381352745454,43.839041704734704
2029-06-14,42.843551205113386,41.80453089808135,43.88213708225118
2029-06-15,42.89278979296715,41.86803158749574,43.93612101394961
2029-06-16,42.994418658670696,41.86937930453176,44.09878375173479
2029-06-17,42.9511606487535,41.85784824432725,44.038225783702764
2029-06-18,43.089960775838655,41.96682392372077,44.1285275236812
2029-06-19,43.11134520202963,41.97984313299683,44.24557960668407
2029-06-20,43.13952101310354,42.07477668405121,44.22370615170685
2029-06-21,43.16655635912663,42.147449323817355,44.24236058291358
2029-06-22,43.18260362767095,42.097747374351236,44.2704217544701
2029-06-23,43.24850665584223,42.129371094158095,44.25433277127466
2029-06-24,43.16814671258776,42.187763919680215,44.27218851431313
2029-06-25,43.269669798809446,42.31995938376175,44.42420841449676
2029-06-26,43.254807108981765,42.15578678981036,44.297296718331225
2029-06-27,43.248936203145604,42.22104902747442,44.320878094954594
2029-06-28,43.24522369024001,42.31346477682025,44.37027366893651
2029-06-29,43.23481327686475,42.16747600508439,44.28871907877612
2029-06-30,43.27940130076419,42.23554190721554,44.31042276237191
2029-07-01,43.183555483825025,42.13793864382312,44.28202222899381
2029-07-02,43.27592031419288,42.22515349044705,44.33796489422039
2029-07-03,43.258521594906505,42.219756900873904,44.305584717886696
2029-07-04,43.256818211580566,42.20801414427842,44.29093423623081
2029-07-05,43.26384221782603,42.28851570482709,44.408927076202836
2029-07-06,43.27039117498363,42.20027765548463,44.34896310929844
2029-07-07,43.33761473010303,42.264862181135676,44.42907486901922
2029-07-08,43.269350817984126,42.201888584688824,44.30010195112859
2029-07-09,43.39335434520123,42.327564749915666,44.408966799375555
2029-07-10,43.410630156445976,42.277762166328564,44.44051884389878
2029-07-11,43.4455174363331,42.42235888691499,44.54214824927532
2029-07-12,43.489865611899255,42.449391619140165,44.59866892672174
2029-07-13,43.53326455726095,42.47229382754463,44.679438537575955
2029-07-14,43.63566988325683,42.5672882465621,44.708881224193675
2029-07-15,43.59977746854036,42.51337581143832,44.6815081439458
2029-07-16,43.75228887115018,42.69504345478982,44.834548915258765
2029-07-17,43.79327825085102,42.785600832238934,44.75992236106571
2029-07-18,43.8463068711451,42.85731178767185,44.91732290367722
2029-07-19,43.90262428201008,42.89216769278553,44.971157536107725
2029-07-20,43.95141817135428,42.849664238278,45.04759348262843
2029-07-21,44.05245303109989,43.08402765559919,45.16655590463294
2029-07-22,44.00845135449428,42.97340576742079,45.090508553400426
2029-07-23,44.14635877512075,43.00551818196099,45.14737214224689
2029-07-24,44.16670376835321,43.183435602058786,45.26225815765932
2029-07-25,44.193698194463984,43.13712510092712,45.22747291142818
2029-07-26,44.2194182085999,43.1002966664307,45.29868818069117
2029-07-27,44.234028150775046,43.24326548073813,45.39801067973434
2029-07-28,44.29838836893829,43.20258196021406,45.33845871227629
2029-07-29,44.21640165593507,43.13678488477145,45.238657807488686
2029-07-30,44.316240802241005,43.265432422995836,45.3941758118884
2029-07-31,44.29966906991705,43.22995325989944,45.28448025530684
2029-08-01,44.292101107978816,43.14644708100622,45.30767872786082
2029-08-02,44.28674509275105,43.21280290193245,45.380035919009536
2029-08-03,44.27478994260401,43.23815796482999,45.30455959526045
2029-08-04,44.31797973518885,43.2883991679131,45.423034933312834
2029-08-05,44.22093108461966,43.16716959027436,45.29597379102425
2029-08-06,44.31233692444772,43.24061682880291,45.36227957424275
2029-08-07,44.294269282763175,43.18581970973978,45.36875436717825
2029-08-08,44.29222916222829,43.24463118160735,45.214051803384365
2029-08-09,44.29928469335083,43.243970122505374,45.35802073043347
2029-08-10,44.306261574184134,43.15201169143487,45.38572027945726
2029-08-11,44.37432786115387,43.28961258691393,45.48439305269789
2029-08-12,44.307328578703846,43.23186749616424,45.468048878841
2029-08-13,44.433013085380495,43.43448968737621,45.54764796874973
2029-08-14,44.452367070903826,43.494296129396965,45.518526147001054
2029-08-15,44.48969640281891,43.41599735223593,45.64371802965007
2029-08-16,44.53680294160363,43.49105232931531,45.54820961284977
2029-08-17,44.58321516475013,43.610886897793215,45.65509867531707
2029-08-18,44.68881440481927,43.63178205193658,45.75097959828195
2029-08-19,44.656210861424896,43.603342621276795,45.74618537533154
2029-08-20,44.81201100983477,43.747141744999944,45.86625258092715
2029-08-21,44.85618699982484,43.77250652536957,45.8893058355684
2029-08-22,44.912194057001116,43.7533341567283,45.98113327807264
2029-08-23,44.97117491194234,43.88859782524545,46.08839777291726
2029-08-24,45.02221315219577,43.98072897993491,46.10102155786615
2029-08-25,45.12497553532662,44.04701199787327,46.19849345209262
2029-08-26,45.08209686029231,43.98525715239535,46.09353834930703
2029-08-27,45.220448680332495,44.138881481551984,46.31767639557738
2029-08-28,45.24050234710787,44.19726529054876,46.244641278064854
2029-08-29,45.2664325349928,44.17286249584437,46.3055735784461
2029-08-30,45.29030064581676,44.273939769270456,46.3911268391778
2029-08-31,45.30228059234904,44.28126943345837,46.37179233232815
2029-09-01,45.363267813388426,44.35344955456219,46.44791710258142
2029-09-02,45.27722611988942,44.22282147792549,46.29581258270937
2029-09-03,45.37241481530377,44.27865014481957,46.35600621557587
2029-09-04,45.350707862651376,44.33217014896656,46.40664716299777
2029-09-05,45.33765261378599,44.21621404031285,46.4387222405882
2029-09-06,45.326608909463204,44.28340669316272,46.40397882839439
2029-09-07,45.30893245495268,44.25875305009843,46.29572264377017
2029-09-08,45.346544684600616,44.25561382332388,46.40539913491941
2029-09-09,45.24424498652243,44.1200122955401,46.38450606819555
2029-09-10,45.33090887296269,44.24631112768154,46.31288663276963
2029-09-11,45.30878484488121,44.33926392022,46.35525472795524
2029-09-12,45.30353824383636,44.242941190077886,46.36884008442498
2029-09-13,45.30838345270525,44.278469655677206,46.44011765891939
2029-09-14,45.31426865868812,44.27612884510779,46.27404531865402
2029-09-15,45.38245544429477,44.308205474077084,46.45607020365901
2029-09-16,45.31684886907021,44.2963561972443,46.3480307946439
2029-09-17,45.445221162100594,44.379901546047535,46.48122919809176
2029-09-18,45.46854106298132,44.45793697131755,46.536406155115266
2029-09-19,45.51105616747571,44.44260321785079,46.62875378115261
2029-09-20,45.564468503127664,44.48797060934225,46.62878617862324
2029-09-21,45.618166245624344,44.50017854303836,46.66846520147618
2029-09-22,45.73185241107574,44.65906989757469,46.77945415586211
2029-09-23,45.70792467148659,44.66362296219571,46.752706538652085
2029-09-24,45.872747858940706,44.88250234001869,46.95010898421655
2029-09-25,45.92602965043137,44.842776287960696,47.01688992293469
2029-09-26,45.99094530049479,44.880834730732225,47.084857712499115
2029-09-27,46.05835026135397,44.96874034803548,47.09701487104395
2029-09-28,46.1170423635013,45.0384944412082,47.162661650573405
2029-09-29,46.226413341875144,45.156735337311694,47.2384166070237
2029-09-30,46.18884302757408,45.153112763256146,47.272980281519395
2029-10-01,46.330977194548055,45.23309772118014,47.39879059425122
2029-10-02,46.3530992493913,45.26602883214618,47.42573140891081
2029-10-03,46.37924161296154,45.284239240298945,47.39351475622484
2029-10-04,46.40137590496878,45.37218359885171,47.507493486111244
2029-10-05,46.40964416139352,45.41164180197592,47.48402483785685
2029-10-06,46.46497169924626,45.353652086832795,47.532169634245236
2029-10-07,46.371416028812796,45.27016521843856,47.41610905418205
2029-10-08,46.457394104295496,45.40361699654869,47.572051445830645
2029-10-09,46.42499958710787,45.26171834428791,47.48179693639993
2029-10-10,46.400057598525976,45.38120882600949,47.4962169725567
2029-10-11,46.37625779497968,45.31632914217695,47.383635538266034
2029-10-12,46.34532976095593,45.32413028169879,47.42084118181517
2029-10-13,46.36960308888287,45.301052881925735,47.422004827485154
2029-10-14,46.254308237037996,45.19097767329464,47.29787985791765
2029-10-15,46.328762030882345,45.276430751562934,47.34719050770189
2029-10-16,46.29565089036098,45.30395829539499,47.38159248963892
2029-10-17,46.281060456530604,45.18785121006767,47.342900301914206
2029-10-18,46.278593396077746,45.13126971849788,47.36916031762565
2029-10-19,46.279540039833584,45.23769539194473,47.27292964098937
2029-10-20,46.34544457693534,45.25347870032569,47.47227401463419
2029-10-21,46.28042292331138,45.18745598326049,47.354981559929314
2029-10-22,46.41237582652889,45.39051558526201,47.41853388933974
2029-10-23,46.44230965872383,45.28801213340349,47.53473240608178
2029-10-24,46.49441262601228,45.44339538740736,47.51387214224459
2029-10-25,46.560226936761715,45.495360738169445,47.60096587055519
2029-10-26,46.628880089422466,45.573584538861084,47.670371572270014
2029-10-27,46.75971628707928,45.61397192557407,47.81673837878404
2029-10-28,46.75468221116374,45.646839192424835,47.848311610800565
2029-10-29,46.93960871157741,45.87199106593158,48.00846692161755
2029-10-30,47.01359879908611,46.005730433537494,48.04292926595986
2029-10-31,47.099167601754054,46.072649550627915,48.11670952672679
2029-11-01,47.18647282162778,46.12063771990717,48.27690480367447
2029-11-02,47.263596967128194,46.20598888283443,48.2933487193077
2029-11-03,47.38922066188289,46.325424041430836,48.413809321826776
2029-11-04,47.36503978843015,46.29769993940301,48.491427932423704
2029-11-05,47.51706683009795,46.43221184604502,48.51370105337417
2029-11-06,47.5450259233036,46.416998216533,48.636892685098175
2029-11-07,47.57248676030598,46.49379170927405,48.71719414186005
2029-11-08,47.59107573068094,46.575102465038675,48.717074202062555
2029-11-09,47.59072581411244,46.53432913936982,48.56910838197951
2029-11-10,47.63230514789558,46.62172420472131,48.72248486643616
2029-11-11,47.51997802500364,46.50864179761956,48.56520354473642
2029-11-12,47.58244003644781,46.51838735389256,48.61442079759296
2029-11-13,47.522238541379046,46.505606983819014,48.642471671814626
2029-11-14,47.46582555497555,46.421370885486326,48.527392319254716
2029-11-15,47.407683620491795,46.3703767304665,48.418452806156196
2029-11-16,47.34048852634585,46.26008504312474,48.45814314650348
2029-11-17,47.3276512463066,46.30383702367964,48.45760815029958
2029-11-18,47.175595351842645,46.09018026857436,48.2244800581571
2029-11-19,47.21491407219409,46.22143919323476,48.28957663688043
2029-11-20,47.14962054584578,46.10829824449904,48.21729035012789
2029-11-21,47.10714054368088,46.11301607083407,48.207728897864236
2029-11-22,47.08239018577502,46.017691100236135,48.149845820261795
2029-11-23,47.06790417459541,46.090739816235335,48.17834801603239
2029-11-24,47.12635823912457,46.045548863155986,48.21371889416562
2029-11-25,47.06284296724439,46.032276712245526,48.12653307440215
2029-11-26,47.20603370942583,46.166527036789454,48.252059879203976
2029-11-27,47.25747016274728,46.200266499786615,48.329849997431225
2029-11-28,47.34159452942548,46.2863640516081,48.36017269818503
2029-11-29,47.44988993728394,46.36596487338944,48.500754420385924
2029-11-30,47.57108337750123,46.50797601118032,48.64363550949378
2029-12-01,47.76375518146523,46.68444801232257,48.784027664567084
2029-12-02,47.828710175396395,46.77954605430917,48.84592452700115
2029-12-03,48.09025284082994,47.069500778173044,49.23145559113137
2029-12-04,48.24557747794082,47.21691877634683,49.30395908451996
2029-12-05,48.414919463594785,47.357527233186865,49.50763333470423
2029-12-06,48.585806371995126,47.57117829856392,49.56373222548157
2029-12-07,48.743370253325665,47.72045403453995,49.82849475007519
2029-12-08,48.94306017104695,47.91068841028108,49.95226667419681
2029-12-09,48.98310733279651,47.89807096713175,50.0
2029-12-10,49.18588253338292,48.19815181262596,50.0
2029-12-11,49.247354563432424,48.251633103849755,50.0
2029-12-12,49.287293664023075,48.263607846022865,50.0
2029-12-13,49.29355717285571,48.21887707189109,50.0
2029-12-14,49.25241747185918,48.19791764824622,50.0
2029-12-15,49.22127062429269,48.15421370283516,50.0
2029-12-16,49.001077820557335,47.958276767476534,50.0
2029-12-17,48.91767964305036,47.80898726015242,49.98843339089265
2029-12-18,48.67119260035165,47.52344524501198,49.722396664738454
2029-12-19,48.38613329650337,47.342267906308045,49.38683328839106
2029-12-20,48.0556091257131,47.05205843401785,49.04605971999732
2029-12-21,47.67153776480809,46.63561658284532,48.782218374577454
2029-12-22,47.29723637837675,46.19692830425203,48.2902981064214
2029-12-23,46.73973548406418,45.71239714296327,47.78499896637172
2029-12-24,46.33096054652701,45.14701220043418,47.320052473216215
2029-12-25,45.77699396044232,44.733297417017695,46.892322469704105
2029-12-26,45.20806606799309,44.14894212106409,46.277663798947465
2029-12-27,44.622617366016414,43.55292972997412,45.691940103481315
2029-12-28,44.017397340372526,42.97056823169106,44.90540496171965
2029-12-29,43.4599438261629,42.35259451944351,44.54778965857442
2029-12-30,42.76080056565379,41.64737633449869,43.75934273424703
2029-12-31,42.25461842636154,41.14929578680279,43.298248321950055
2030-01-01,41.64935494071324,40.66295594243105,42.743121783485854
2030-01-02,41.07622236867737,40.041432526201454,42.13279608323567
2030-01-03,40.53372750826346,39.476874731858025,41.5786942588124
2030-01-04,40.017769247579785,38.87241133602328,41.15396341868202
2030-01-05,39.59413778458433,38.53998303841229,40.68016551093716
2030-01-06,39.070772684876275,38.09977328780544,40.1519736819822
2030-01-07,38.778924222726204,37.76641796775881,39.898353811205496
2030-01-08,38.422431160479654,37.39163805647093,39.44669991622218
2030-01-09,38.127763211840566,37.05422707674453,39.2403054468866
2030-01-10,37.88816906014388,36.84508560033908,38.88492697427697
2030-01-11,37.69389323469746,36.56571315189577,38.8259814954269
2030-01-12,37.60480281468439,36.5597918479777,38.72543827888427
2030-01-13,37.42277798512534,36.355481775994214,38.50423324422583
2030-01-14,37.47300763684553,36.47724393368575,38.59711902193593
2030-01-15,37.45339988926615,36.387661850006104,38.4760103250122
2030-01-16,37.48475256669891,36.431431410244684,38.566256685070115
2030-01-17,37.5550214282618,36.496268350159696,38.52659723916871
2030-01-18,37.649646605858116,36.55960538278527,38.62027153283382
2030-01-19,37.82427566524658,36.77802039820705,38.85027286004029
2030-01-20,37.87723511831035,36.7690942714426,38.91279952514202
2030-01-21,38.13088979410297,37.14204482432914,39.25262770569145
2030-01-22,38.281098617891686,37.2568817994501,39.30434723408802
2030-01-23,38.447410984374834,37.3691195715942,39.446131496290384
2030-01-24,38.61734118319886,37.49175873564256,39.6176007349635
2030-01-25,38.776681495572134,37.75865620132269,39.82733666453049
2030-01-26,38.98219303817731,37.967586463848676,40.124296478787585
2030-01-27,39.034027317780364,38.01614681237381,40.10476353502347
2030-01-28,39.25701947850393,38.11738027261635,40.318282515149114
2030-01-29,39.35006375804308,38.24699306494971,40.316175854010304
2030-01-30,39.43621764230099,38.32570782188478,40.44355123642519
2030-01-31,39.506874751358446,38.47733790633335,40.629152992961075
2030-02-01,39.5519698503915,38.552547633594074,40.59757884884896
2030-02-02,39.632557960700474,38.640495016101035,40.73724767813245
2030-02-03,39.55312347886617,38.49269655320987,40.56643333868867
2030-02-04,39.64276319757515,38.54455075160863,40.615884571606955
2030-02-05,39.60445654592068,38.48906957049662,40.689601312835656
2030-02-06,39.56507215719195,38.54804110813872,40.632349892391765
2030-02-07,39.519453165345105,38.47630230923987,40.56332947145915
2030-02-08,39.46054668232692,38.408966435959904,40.53797304427342
2030-02-09,39.451921129755405,38.358798986568075,40.51675769334565
2030-02-10,39.30002863129021,38.210005519152475,40.24618098796762
2030-02-11,39.33535722889091,38.21008371051628,40.41368804994686
2030-02-12,39.26168666544157,38.226048290675585,40.33313740572452
2030-02-13,39.206096817332934,38.140257506422316,40.238233284494015
2030-02-14,39.163070713051546,38.097065645987755,40.22850082888234
2030-02-15,39.124656704286174,37.98703179599099,40.14238286386913
2030-02-16,39.153032188563856,38.077813602779585,40.20879169235833
2030-02-17,39.05282446809307,37.95273738743373,40.123259695228384
2030-02-18,39.15233159006738,38.1018867148798,40.26178005841074
2030-02-19,39.15285475483299,38.05010891525198,40.18403631352603
2030-02-20,39.17878904523208,38.16222240786851,40.237078207059376
2030-02-21,39.22181197646735,38.186827779855896,40.198066896297824
2030-02-22,39.27113195959545,38.236557504189975,40.34976318390506
2030-02-23,39.386136637139785,38.32819641448856,40.30229476299865
2030-02-24,39.36879433549112,38.334382293537956,40.42349741425898
2030-02-25,39.54494930360566,38.48873521907111,40.558874929104626
2030-02-26,39.61372037094417,38.63287713925165,40.73988321615998
2030-02-27,39.69764809774896,38.6310874985314,40.76006352755156
2030-02-28,39.78692855233622,38.70541904926564,40.80440434612964
2030-03-01,39.869694792196256,38.83737187282958,40.93571574297986
2030-03-02,40.00468536166349,38.96941529152478,41.19938176783692
2030-03-03,39.99365278727011,38.92005344946983,41.07093049562485
2030-03-04,40.16265285911089,39.07656968665401,41.22691774494102
2030-03-05,40.211424821930315,39.210437594234776,41.328545514234904
2030-03-06,40.263508390618455,39.22660335206744,41.3474675795513
2030-03-07,40.31043688656396,39.27697301658212,41.35566159747693
2030-03-08,40.3419690140158,39.27410925433354,41.40585558418108
2030-03-09,40.41870026547474,39.40495464211524,41.578821209744056
2030-03-10,40.344408794310915,39.353364691756646,41.345624525417215
2030-03-11,40.44727852375597,39.35991431544814,41.56244721652551
2030-03-12,40.429211660528914,39.224240438146516,41.48205038099426
2030-03-13,40.41587857534446,39.344974938164434,41.50064473086878
2030-03-14,40.400846337292094,39.33710609217723,41.50732761387202
2030-03-15,40.37575029763461,39.30453315229309,41.503437527639356
2030-03-16,40.402851421044886,39.42347076267268,41.492876505911035
2030-03-17,40.287335696914255,39.235193432280134,41.34372270192889
2030-03-18,40.358499639331214,39.31268389593887,41.43089034096524
2030-03-19,40.31903499637071,39.28045056286392,41.40116507929862
2030-03-20,40.29506127286268,39.262107737455544,41.35254221548094
2030-03-21,40.28024767151253,39.22118298718545,41.36253087180171
2030-03-22,40.26598883757032,39.21047543333466,41.23999042927489
2030-03-23,40.31397677245884,39.23312328792964,41.35590426549759
2030-03-24,40.22852460916616,39.12330978464177,41.22752646165447
2030-03-25,40.33778533518417,39.303820272290274,41.45680157409018
2030-03-26,40.34307740986151,39.28541894158053,41.379334857249084
2030-03-27,40.368964494841244,39.357976127977686,41.41457009244637
2030-03-28,40.40742934997487,39.41476130875308,41.48829880367947
2030-03-29,40.448104609768414,39.31897988772314,41.43188157097664
2030-03-30,40.55090106985615,39.46559813957993,41.654435746768925
2030-03-31,40.51838742794281,39.462513389725494,41.50202348708562
2030-04-01,40.6770628570211,39.65746970417979,41.70739836363707
2030-04-02,40.72673274104554,39.73135648628394,41.73935205001908
2030-04-03,40.79063331387992,39.67125885808866,41.869014322240346
2030-04-04,40.85964395753282,39.74029839342452,41.93459015618583
2030-04-05,40.922548796507456,39.89744367881602,41.93897417151751
2030-04-06,41.03868738724321,40.02907122420629,41.974547513003365
2030-04-07,41.0103478861003,39.997848686214375,42.06610518535319
2030-04-08,41.16404379545319,40.176346518451055,42.336102362127804
2030-04-09,41.19988462732126,40.17284875752838,42.27001946072891
2030-04-10,41.24168651785486,40.211597803708266,42.35567694028537
2030-04-11,41.28116211185118,40.18599375971629,42.209586640182245
2030-04-12,41.3081521671848,40.243005515419135,42.38828597311528
2030-04-13,41.38323971314881,40.288063821443046,42.4753672571606
2030-04-14,41.310101368569526,40.22667695096145,42.41188395834007
2030-04-15,41.41673828947147,40.39439141910643,42.39216925343152
2030-04-16,41.4047985598918,40.334229106495144,42.48959711117934
2030-04-17,41.399638590917164,40.35392278641972,42.47133605992529
2030-04-18,41.394464388798035,40.35506959173558,42.46936139539761
2030-04-19,41.38051664625293,40.39839393659198,42.53389411726805
2030-04-20,41.41964191192417,40.40998706500124,42.46831867548649
2030-04-21,41.3166057389223,40.321783546515995,42.54630267547247
2030-04-22,41.400291412987286,40.35827703701069,42.44007669891458
2030-04-23,41.37299700730848,40.36702371462012,42.430371463631
2030-04-24,41.36047903867731,40.20696360712858,42.406043131207426
2030-04-25,41.356084052096925,40.30216942099012,42.41684436963825
2030-04-26,41.35093229911825,40.34302537422241,42.430814144510556
2030-04-27,41.40649571703679,40.35158880944507,42.517253178899516
2030-04-28,41.326925807255094,40.30132817490334,42.365944708545484
2030-04-29,41.44027446772689,40.383904981861015,42.50688516448646
2030-04-30,41.447819757322584,40.42522542329658,42.461441990510565
2030-05-01,41.47414389984724,40.397704767932694,42.57766577953992
2030-05-02,41.51130372206174,40.40431060227111,42.55989131595284
2030-05-03,41.54905642890614,40.505434840146954,42.58516299125453
2030-05-04,41.64748157208857,40.59911952958572,42.727855574449414
2030-05-05,41.60935341300292,40.55051897459648,42.63549853430605
2030-05-06,41.761405335077974,40.702311010690806,42.81691171517017
2030-05-07,41.80369692439699,40.72787295376807,42.88291023288206
2030-05-08,41.859729750084554,40.79003009771253,42.94820705469396
2030-05-09,41.920650884147605,40.784883641666184,42.99680493679893
2030-05-10,41.97550606586759,40.912549466508835,42.976112561110455
2030-05-11,42.083882554949525,40.98355266116865,43.1683724062432
2030-05-12,42.04829527250006,41.005674868181444,43.09191850417027
2030-05-13,42.19545751004099,41.12726703348709,43.27631171911792
2030-05-14,42.22564668753077,41.11443976563648,43.22135148906754
2030-05-15,42.26281129347833,41.21371184593313,43.40222932783122
2030-05-16,42.29875838303434,41.13499395660378,43.36217394014797
2030-05-17,42.32338409769074,41.16625901144705,43.38928559080948
2030-05-18,42.39728801282012,41.40792607382978,43.516431015163306
2030-05-19,42.3241258523561,41.35785714657228,43.38767348743299
2030-05-20,42.43184293882253,41.425234621724115,43.49081969505208
2030-05-21,42.42200006047758,41.353850003772095,43.46009333788179
2030-05-22,42.41983916407978,41.42815817072871,43.491519010322456
2030-05-23,42.41842955889415,41.35433481659008,43.46958473666303
2030-05-24,42.40885839854119,41.33392774520756,43.46322503445063
2030-05-25,42.45280750241439,41.457410667675,43.54025611579522
2030-05-26,42.354872225098,41.29985102423325,43.44112771761973
2030-05-27,42.44376578864693,41.43445656709517,43.603926594269815
2030-05-28,42.42162165168366,41.34044379216688,43.4981029618274
2030-05-29,42.41404203443473,41.39894702244231,43.456591251305525
2030-05-30,42.41423379314311,41.39986186742863,43.483471831400436
2030-05-31,42.413195700573844,41.40926848116691,43.50185548516251
2030-06-01,42.47229925882064,41.41297835628375,43.50753566971365
2030-06-02,42.39561859071674,41.335188856437895,43.35009106238743
2030-06-03,42.5111524421578,41.52702589925838,43.580263504758456
2030-06-04,42.52015027926464,41.43507583720018,43.560614012071525
2030-06-05,42.547189821460925,41.53492632154937,43.601136606049955
2030-06-06,42.584346262964125,41.50399917234204,43.60156494797531
2030-06-07,42.62141616580591,41.5230884233905,43.632209560279335
2030-06-08,42.71853697847372,41.76502456397078,43.742549512372165
2030-06-09,42.678556493006084,41.64720791535288,43.70744762149157
2030-06-10,42.82829401692246,41.71444698787175,43.91004184456806
2030-06-11,42.867904005057056,41.707425799064794,43.892218246368664
2030-06-12,42.92098830932399,41.94667848891389,44.01789944251053
2030-06-13,42.97879620869218,41.929202041925016,44.00423815818092
2030-06-14,43.03047423898529,42.03437539898111,44.16129569216115
2030-06-15,43.13570596968062,42.15416693657896,44.14393567529041
2030-06-16,43.09709541511005,42.02189978742621,44.17228539492377
2030-06-17,43.241435431646785,42.18768017255983,44.294814342555135
2030-06-18,43.26907163455483,42.19204964149448,44.32670517169327
2030-06-19,43.30400800073926,42.277707655412605,44.364782824106314
2030-06-20,43.33809354663691,42.35801098116841,44.423748453348125
2030-06-21,43.36125253900071,42.26534303381923,44.42515416130503
2030-06-22,43.43409902085798,42.45546025713962,44.49010988222742
2030-06-23,43.36029015176284,42.294514810505575,44.44757107925298
2030-06-24,43.467760676415004,42.43878379044857,44.55382913119426
2030-06-25,43.45805013809398,42.35674706766388,44.476562576717946
2030-06-26,43.456370171938545,42.38697836885342,44.47929123149443
2030-06-27,43.45575248524265,42.45045331496518,44.44280725851315
2030-06-28,43.44724121124942,42.41348017007734,44.541927850190355
2030-06-29,43.492471619553925,42.44114752883814,44.62835658227108
2030-06-30,43.3959908174128,42.26725100125506,44.43785843415934
2030-07-01,43.486463789911554,42.44893643167841,44.65531994129103
2030-07-02,43.465977295546466,42.50113954334792,44.53951042266731
2030-07-03,43.46008969030503,42.45005203513724,44.5117860736267
2030-07-04,43.46196784031627,42.4392199305759,44.54595914397086
2030-07-05,43.46257515989842,42.42273862668829,44.537044845179715
2030-07-06,43.52325289490845,42.42085625701595,44.6340633967865
2030-07-07,43.44805020467688,42.50501767530696,44.5200993656159
2030-07-08,43.56494609413254,42.48786318527444,44.611768969822585
2030-07-09,43.57517521028197,42.5653261359045,44.62902929403972
2030-07-10,43.6033048834754,42.58529004568374,44.67373249335283
2030-07-11,43.64140371225179,42.56481072484529,44.79114613166751
2030-07-12,43.679264725753924,42.66917436038054,44.73183172297583
2030-07-13,43.777024130707424,42.703731708452054,44.86982524989903
2030-07-14,43.737530008137,42.672759911422354,44.78183589671828
2030-07-15,43.887602785536124,42.805256291341365,44.875832797500834
2030-07-16,43.92739827352109,42.923995794045176,44.943355949334894
2030-07-17,43.98051946158509,42.92388297023787,45.01097332154214
2030-07-18,44.03821626273582,43.10227793479378,45.10232216442856
2030-07-19,44.08963524377886,42.98579381127921,45.148944870078054
2030-07-20,44.19445949444764,43.101616009998246,45.28680562641364
2030-07-21,44.1552923173814,43.07173101452519,45.15684246962118
2030-07-22,44.29892607393586,43.1612253275491,45.34674007897457
2030-07-23,44.32570669248522,43.310737233036114,45.49354220853779
2030-07-24,44.35963996919783,43.27499707273365,45.43972238327664
2030-07-25,44.39257900669489,43.30190343272534,45.44852506281303
2030-07-26,44.41445519899534,43.378852876709956,45.433453381677865
2030-07-27,44.48589349241868,43.43696851209845,45.565689229923464
2030-07-28,44.41056636820092,43.31174067649105,45.51175192559203
2030-07-29,44.51642880938464,43.48551227927446,45.57459953491704
2030-07-30,44.50504582128962,43.434244934507305,45.527497663945525
2030-07-31,44.501659800300644,43.44852880201057,45.628056973507135
2030-08-01,44.499338326876426,43.487284423218696,45.51928748321173
2030-08-02,44.48916604890835,43.43725605552034,45.624540416884834
2030-08-03,44.53282263057064,43.46215318564517,45.59462412280098
2030-08-04,44.43490240635162,43.34785988914812,45.45186407197395
2030-08-05,44.52411910742586,43.47610054249692,45.5746973345075
2030-08-06,44.50260820980326,43.479904713487926,45.57168266873143
2030-08-07,44.49597502324754,43.43764801492366,45.53856759031048
2030-08-08,44.4974297386012,43.43136033699516,45.63666878434138
2030-08-09,44.49797353785869,43.46258479185283,45.53168920269739
2030-08-10,44.5589779619932,43.51457992210167,45.57893168967868
2030-08-11,44.484513169830095,43.39587305157626,45.545207652843985
2030-08-12,44.60256822147479,43.585042703142975,45.68006786921537
2030-08-13,44.61437548101123,43.587781286144725,45.696494164803894
2030-08-14,44.644486594793165,43.60785077416587,45.72107052386116
2030-08-15,44.684940412066396,43.583805195500396,45.78343865795377
2030-08-16,44.725485938782555,43.76051269094532,45.8651699828649
2030-08-17,44.82620137451605,43.764064668722625,45.872597396105945
2030-08-18,44.78986362426937,43.71048807166802,45.91011749897508
2030-08-19,44.943210119159275,43.913176870679905,46.037456635423894
2030-08-20,44.98630372369995,43.92185124137817,46.0337865682802
2030-08-21,45.04264689275541,44.01260337353245,46.066591766368234
2030-08-22,45.10338421615898,44.07019867759975,46.12798466465077
2030-08-23,45.15755531670514,44.05244159524459,46.287411649617226
2030-08-24,45.264738165862376,44.16624252360618,46.39876008566489
2030-08-25,45.22743639489883,44.12628148412274,46.306041333506585
2030-08-26,45.37235181967234,44.358468039853825,46.44128058640597
2030-08-27,45.39975256007171,44.3465051493544,46.476078398681466
2030-08-28,45.433582753594706,44.42519400151963,46.50929243821717
2030-08-29,45.46565307756825,44.39999721502103,46.56348461411378
2030-08-30,45.48587436170708,44.43475445363578,46.56364441212015
2030-08-31,45.55487490286399,44.51479294340516,46.608787270682406
2030-09-01,45.47635582347185,44.369723895788475,46.444730842028015
2030-09-02,45.57832664975998,44.51017148610639,46.713600882023286
2030-09-03,45.562432614363104,44.54938841047951,46.68298929525466
2030-09-04,45.55402093842728,44.5205057010345,46.63320491098765
2030-09-05,45.5462866571522,44.49996720592413,46.57240576886556
2030-09-06,45.530461672407775,44.460341151222444,46.513746172293246
2030-09-07,45.5683890553213,44.53762371336451,46.62272534972811
2030-09-08,45.464838316442645,44.36495210829065,46.55622906168191
2030-09-09,45.54870511743999,44.51238204226961,46.61208174666343
2030-09-10,45.52230810727961,44.44545363415809,46.65603940756656
2030-09-11,45.51143115881597,44.37881021514882,46.53470185575178
2030-09-12,45.509452399676356,44.408442809177124,46.58088350878071
2030-09-13,45.50752433227364,44.41705071015481,46.5488769550977
2030-09-14,45.56714743704916,44.54726867912635,46.62371405158234
2030-09-15,45.49249309365588,44.5411899205956,46.616311484854684
2030-09-16,45.611619150776015,44.474365006782065,46.580117876208796
2030-09-17,45.625790425498735,44.56137036794446,46.66835187464705
2030-09-18,45.65955175713499,44.61281251785244,46.7546999120358
2030-09-19,45.70489412678732,44.687088402601525,46.7745637324243
2030-09-20,45.75147704821935,44.691062197357724,46.82940641893873
2030-09-21,45.85924835965425,44.83421226474374,46.91389303471776
2030-09-22,45.830815848804846,44.77017612872071,46.919165644309736
2030-09-23,45.992712543328636,44.96873335082966,47.03667795905664
2030-09-24,46.04476639848838,45.014695590289584,47.07268651960554
2030-09-25,46.11022045441443,45.04443770992719,47.15569314118038
2030-09-26,46.1799424665855,45.108162320443384,47.19427806875671
2030-09-27,46.24268579937879,45.21940734497687,47.30083893219525
2030-09-28,46.35774143359482,45.32173827667416,47.47266192159043
2030-09-29,46.3273344197499,45.35622987034726,47.39689019041962
2030-09-30,46.47790572344546,45.360870831925446,47.53774865361596
2030-10-01,46.509489553365675,45.38392709188422,47.57296146955063
2030-10-02,46.545831870907236,45.54518014293256,47.53379490665343
2030-10-03,46.57858899451169,45.50638992576446,47.62534619310183
2030-10-04,46.5975682875816,45.523610027833286,47.67302218569132
2030-10-05,46.6633512673207,45.668072203261296,47.717400505545726
2030-10-06,46.579653229265716,45.54084107339522,47.648154448055074
2030-10-07,46.67456135374487,45.628896142946765,47.781398612056414
2030-10-08,46.64986263417827,45.63523273020143,47.66308508442894
2030-10-09,46.631108769953634,45.480276125350535,47.731632638315745
2030-10-10,46.61175853378703,45.57119267296983,47.69600679318518
2030-10-11,46.58336130571754,45.598367884364684,47.62769300347242
2030-10-12,46.60812387040641,45.610273449149,47.771496346959914
2030-10-13,46.491216334942976,45.453278671158316,47.604570707518285
2030-10-14,46.56196084530656,45.538007273112946,47.69197838326519
2030-10-15,46.52311604976125,45.44472072510386,47.56337229383804
2030-10-16,46.500905906238366,45.42242766444398,47.4784915344394
2030-10-17,46.48913459710966,45.49717166364858,47.535083908173014
2030-10-18,46.47935225504047,45.414971446216306,47.488098498119186
2030-10-19,46.53341433136294,45.47352524138397,47.6104459421445
2030-10-20,46.45579089554577,45.38948867128469,47.48093419364757
2030-10-21,46.5747696536479,45.52327251767356,47.5977497234492
2030-10-22,46.59176541349474,45.480472583146565,47.6017598482591
2030-10-23,46.63138404379604,45.56143115804165,47.698305563493506
2030-10-24,46.68558182241977,45.69374796344947,47.789099520044026
2030-10-25,46.743883711439295,45.63261506180606,47.77868213043815
2030-10-26,46.86600195637575,45.80866039382495,47.917884974878
2030-10-27,46.85420963427696,45.78627198737305,47.922649797885605
2030-10-28,47.034611090466,45.998926978043094,48.155332219325295
2030-10-29,47.10652001128447,46.021979247773395,48.10640688127549
2030-10-30,47.1925911238877,46.208567580633236,48.24515803844153
2030-10-31,47.28304434613707,46.20591953278304,48.34229505255196
2030-11-01,47.36594289719779,46.3046748434648,48.44170305902337
2030-11-02,47.499864845214475,46.47899524364006,48.610018446321725
2030-11-03,47.486320960381256,46.53686665852161,48.49782194472176
2030-11-04,47.6510592763701,46.626775178527915,48.78379599374479
2030-11-05,47.69346583941839,46.69838358412906,48.66373941946448
2030-11-06,47.73670667909897,46.72599450986839,48.789852896594816
2030-11-07,47.77194921167666,46.69579107130399,48.894931786177345
2030-11-08,47.78862434378003,46.792324597100446,48.87630014854891
2030-11-09,47.84706889316388,46.7165969159045,48.883696280355004
2030-11-10,47.75090172172059,46.71548269782466,48.82057969484105
2030-11-11,47.82827488906859,46.71767429615393,48.80450365107207
2030-11-12,47.781210570794485,46.75995647779535,48.81831356283007
2030-11-13,47.7356703699732,46.6553312250406,48.802403060766615
2030-11-14,47.68569711759729,46.568519104736176,48.71836875971226
2030-11-15,47.623592555906534,46.57333819518278,48.668176609869256
2030-11-16,47.612472832915614,46.59722512477023,48.72764830775522
2030-11-17,47.45855763759225,46.43082819038455,48.57507440087644
2030-11-18,47.49233677409881,46.467788662031936,48.59150424475968
2030-11-19,47.41782739546211,46.341602492750994,48.459814188691404
2030-11-20,47.362570917433025,46.32491920078157,48.354868353507385
2030-11-21,47.321711947146,46.2103480789032,48.34918268368559
2030-11-22,47.28812464060773,46.163415167667054,48.34280788051121
2030-11-23,47.324930157775434,46.208340943261256,48.36596956590243
2030-11-24,47.2377624518843,46.14191949075105,48.194933539227584
2030-11-25,47.35592722023909,46.30584865425687,48.38862683576571
2030-11-26,47.381667851948215,46.35700119112334,48.373602258396254
2030-11-27,47.440187570617816,46.38547611292544,48.553103874377975
2030-11-28,47.52376983356971,46.515201401314194,48.583369043270146
2030-11-29,47.62196167822603,46.53209291731077,48.70656920282954
2030-11-30,47.79416252307629,46.73958287445289,48.909679014471735
2030-12-01,47.841974085306816,46.80719739071767,48.861075571587634
2030-12-02,48.09045429080996,46.98649164764244,49.16867662420215
2030-12-03,48.23748673100092,47.17964155250368,49.29650648854841
2030-12-04,48.40391231067895,47.36444032791462,49.43259292693078
2030-12-05,48.577762387139224,47.49728093541985,49.540662549722306
2030-12-06,48.74455519381427,47.75960949488328,49.75895405364623
2030-12-07,48.95999509870633,47.839039524291685,50.0
2030-12-08,49.02242742132813,47.9143410955065,50.0
2030-12-09,49.254188843537456,48.24983871592256,50.0
2030-12-10,49.35106230358641,48.268269365018924,50.0
2030-12-11,49.43248060119757,48.4348204974504,50.0
2030-12-12,49.485815913623625,48.4836004768261,50.0
2030-12-13,49.49671529150637,48.42023768280392,50.0
2030-12-14,49.52182038618686,48.49982749151027,50.0
2030-12-15,49.36122329866098,48.27643189738509,50.0
2030-12-16,49.33979824408278,48.32770482799125,50.0
2030-12-17,49.15661808578385,48.060311601527395,50.0
2030-12-18,48.93510063815247,47.89727845269472,49.95359533815211
2030-12-19,48.667223103804496,47.65630952294662,49.80976060630114
2030-12-20,48.34376634727899,47.312279842452895,49.41400156736058
2030-12-21,48.02692931943576,47.01384669240984,49.15588883287473
2030-12-22,47.52266796412307,46.40636435918393,48.60891015561683
2030-12-23,47.16190106029125,46.09119190324404,48.2543299231928
2030-12-24,46.64979506131709,45.510510244484564,47.72126488631173
2030-12-25,46.115776010568425,45.09038132372602,47.121884328600856
2030-12-26,45.55761016886362,44.43837908974497,46.599328240202894
2030-12-27,44.9715183324468,43.96496294507447,46.017214096867875
2030-12-28,44.42466735377389,43.36135479177361,45.448907122835514
2030-12-29,43.72739623315714,42.624851163154744,44.752928117818946
2030-12-30,43.21432203062745,42.03503859486372,44.189362202494216
2030-12-31,42.59354014257805,41.60065606392044,43.697416426732545
2031-01-01,41.996569126853004,40.97675252813361,43.08557097422279
2031-01-02,41.42238338329807,40.29589550695028,42.37194750753563
2031-01-03,40.8674998630411,39.809458827206434,41.807443260046576
2031-01-04,40.398463005022435,39.31254487086111,41.390018956007445
2031-01-05,39.824085428160984,38.811501535527874,40.8242118564875
2031-01-06,39.476589258599205,38.41262705261784,40.52412612685465
2031-01-07,39.060861746221676,37.99074151440434,40.235954941969815
2031-01-08,38.704473966837945,37.63825361626777,39.792828034164316
2031-01-09,38.40180406932641,37.32334940417345,39.449840217805324
2031-01-10,38.14422898108279,37.0550482200766,39.087200484486814
2031-01-11,37.99272615778741,36.925429634615185,39.07300017839817
2031-01-12,37.75024000867372,36.72593575584618,38.810508453351616
2031-01-13,37.742954770647096,36.73494183084919,38.774628234133885
2031-01-14,37.669684251256314,36.62669587064589,38.73899627512966
2031-01-15,37.65202395838997,36.640512025346645,38.73192057236476
2031-01-16,37.67860383790301,36.689217307900726,38.77204997638371
2031-01-17,37.73540241810613,36.67051750744893,38.87781627184773
2031-01-18,37.87846103579213,36.82553596081843,38.88965266819689
2031-01-19,37.906350140692325,36.86726422319744,38.988769597631524
2031-01-20,38.14152716031636,37.077453679688155,39.17004027803684
2031-01-21,38.27979445334455,37.237133862887326,39.384329795221504
2031-01-22,38.440501422804154,37.413038878147745,39.44337855460418
2031-01-23,38.6108280423063,37.503308915122325,39.72224939706479
2031-01-24,38.77611012578205,37.78659976799712,39.843934100987596
2031-01-25,38.99254505351916,37.96651960635994,40.01449462387275
2031-01-26,39.05963048998413,37.95192650909319,40.14286984843769
2031-01-27,39.30147659497465,38.26417588749851,40.34802068203092
2031-01-28,39.41620172480498,38.4216070223383,40.46803749007559
2031-01-29,39.52605756855681,38.51219757210812,40.641730849257186
2031-01-30,39.621623197732504,38.46275745103828,40.680998204317795
2031-01-31,39.69203087307668,38.64651693147215,40.8043630724255
2031-02-01,39.79756505319974,38.82117815335332,40.97050476299804
2031-02-02,39.7419900156928,38.68360729313302,40.76889546113055
2031-02-03,39.85374953287719,38.79857744154972,40.8871584602934
2031-02-04,39.83525152606409,38.91711858941169,40.90210154113712
2031-02-05,39.8128864794263,38.76630428566558,40.93557796726701
2031-02-06,39.78112176264551,38.749646219492476,40.85693683013811
2031-02-07,39.73263714288208,38.75700555706813,40.807876717982694
2031-02-08,39.730845071766936,38.642110850792804,40.768240339992005
2031-02-09,39.58215295068578,38.5457763977759,40.644116482288815
2031-02-10,39.617112217952915,38.590042358301865,40.646980252987646
2031-02-11,39.5396681605877,38.514623364077494,40.715131356174055
2031-02-12,39.47715976858392,38.41943268735953,40.467076168438425
2031-02-13,39.42441186838188,38.35018819929945,40.45923077795837
2031-02-14,39.37388445967975,38.34261778137443,40.41226914420678
2031-02-15,39.38822205823321,38.41509043749926,40.44953494086963
2031-02-16,39.27255906706944,38.202899100596795,40.31257427924345
2031-02-17,39.355724480434105,38.24557616507606,40.4225000451525
2031-02-18,39.33955797410556,38.25348311207837,40.356545744130216
2031-02-19,39.34898459762473,38.27784336315053,40.453036214521326
2031-02-20,39.37618801219249,38.31961080920231,40.44106202540536
2031-02-21,39.41084478177119,38.35399784889036,40.46774265972014
2031-02-22,39.51276004925882,38.405992692220096,40.578145776060644
2031-02-23,39.48425816495453,38.47217464235876,40.574896536608925
2031-02-24,39.65146920035644,38.5076352974733,40.68869914755057
2031-02-25,39.71372117840849,38.62527794279518,40.75414617527686
2031-02-26,39.79368322164645,38.761941265821,40.83667998306179
2031-02-27,39.88159780913564,38.805931208758814,40.87520147612659
2031-02-28,39.9655632027382,38.95176033239029,41.09703348175463
2031-03-01,40.10420526862582,39.07570890658787,41.11860539109563
2031-03-02,40.09909152143344,39.06958505705021,41.092145640597
2031-03-03,40.276027964479375,39.265090652175346,41.39189552489729
2031-03-04,40.33444858098806,39.281475036738904,41.38312433863287
2031-03-05,40.397543077116175,39.27975869627907,41.48167208933419
2031-03-06,40.45646182407778,39.354017718647896,41.50068332118608
2031-03-07,40.500560144986125,39.467713279694834,41.573603699739536
2031-03-08,40.59002254872169,39.5326517430628,41.63599768631068
2031-03-09,40.528221360689805,39.536758169173524,41.578441085686485
2031-03-10,40.64295214104539,39.62565834515212,41.718833279677014
2031-03-11,40.63575770072739,39.54890552450351,41.58250054996917
2031-03-12,40.63198835041988,39.549403557432484,41.71905279791216
2031-03-13,40.62493938221565,39.6269117633353,41.630424140562525
2031-03-14,40.60602993992984,39.6279824008314,41.63319854287083
2031-03-15,40.637365790423935,39.600329025102866,41.70778208047729
2031-03-16,40.52404220138177,39.485592740255896,41.60760353648217
2031-03-17,40.59533086823381,39.538043871045765,41.58559450295639
2031-03-18,40.55396400714324,39.56185835743867,41.63977496815316
2031-03-19,40.52616427583537,39.54179075429156,41.54718908691158
2031-03-20,40.50576224328047,39.470344027059845,41.53939515022924
2031-03-21,40.48436596378905,39.46960738647634,41.5603187883283
2031-03-22,40.523925239466095,39.51483276026633,41.561084083308664
2031-03-23,40.42904652332301,39.31868082879574,41.436281474435624
2031-03-24,40.528201840817715,39.484349653192965,41.64430435535518
2031-03-25,40.52304399193217,39.40595350124078,41.57348430178896
2031-03-26,40.53847558114363,39.52754529559855,41.5579758614181
2031-03-27,40.566812259705245,39.5432495267791,41.65133580060859
2031-03-28,40.598003220607666,39.54676883696402,41.61025685503123
2031-03-29,40.69224988464607,39.71507922221167,41.67555756862262
2031-03-30,40.65237700543774,39.64245898130437,41.721401754536885
2031-03-31,40.80509782093523,39.72984310988227,41.954807647627916
2031-04-01,40.850383790571705,39.90287702496649,41.8507220175631
2031-04-02,40.911584821281686,39.87176903914353,41.98573530989289
2031-04-03,40.97963885004619,39.90359943895131,42.05815051607143
2031-04-04,41.0433324778997,40.00195348332377,42.07498617196111
2031-04-05,41.16195245796297,40.16071675968575,42.18547835787958
2031-04-06,41.13768137059284,40.027581559575026,42.124935589188965
2031-04-07,41.29687848318167,40.22961717308076,42.36060016206018
2031-04-08,41.3394559840882,40.27589208390429,42.35428217992809
2031-04-09,41.388996431334235,40.265865122023214,42.38404572335246
2031-04-10,41.43695050627506,40.36067096365258,42.460621875659704
2031-04-11,41.47287726430845,40.47701229980942,42.62620930919592
2031-04-12,41.557067438139946,40.38070546016617,42.58209571810394
2031-04-13,41.49290410919791,40.41977901474493,42.58835359829507
2031-04-14,41.608102923855526,40.49781825989417,42.667572850770746
2031-04-15,41.60404338114761,40.54797012333308,42.695971342672784
2031-04-16,41.605838485087155,40.60147215506535,42.63375915343543
2031-04-17,41.606483373584076,40.60462709285485,42.623572997719286
2031-04-18,41.597046659706564,40.47152871199995,42.71444578626085
2031-04-19,41.63924655877494,40.611889271471426,42.66521837369888
2031-04-20,41.53776756280413,40.4327932581082,42.65628036080856
2031-04-21,41.62146116929713,40.53422500703974,42.67334871084071
2031-04-22,41.592643366210886,40.53557072996724,42.68198264948588
2031-04-23,41.577137151748076,40.59931693718268,42.65009818061324
2031-04-24,41.5684014686288,40.46887191226357,42.60928772233359
2031-04-25,41.5577108171208,40.45481065844337,42.658288488027075
2031-04-26,41.60672789589831,40.566866673884164,42.69906111127415
2031-04-27,41.51982504912289,40.45763374662993,42.6636300764901
2031-04-28,41.62529778695828,40.583443069087444,42.72639233323899
2031-04-29,41.62468259498784,40.637867993011376,42.68418843953629
2031-04-30,41.64282659565424,40.56149719405964,42.70268298890795
2031-05-01,41.672049521141574,40.66187466449236,42.799388910639976
2031-05-02,41.70236116734844,40.68453193960946,42.80568467839736
2031-05-03,41.79407544467753,40.728375609299825,42.85636562416729
2031-05-04,41.750175471301155,40.684311015845914,42.87300527021124
2031-05-05,41.897571586337435,40.84600608086453,43.00984202283654
2031-05-06,41.93646309505899,40.83452217551481,42.97567409249928
2031-05-07,41.99044993608243,40.97426142541199,43.04561774857188
2031-05-08,42.050733429201344,41.028977595234956,43.068958185090224
2031-05-09,42.106368085077015,41.0569561679559,43.08176988331299
2031-05-10,42.216904552190805,41.20865649845192,43.21317441130726
2031-05-11,42.1847772858089,41.15102082791658,43.24819117005885
2031-05-12,42.33657816007797,41.25855934323955,43.334089590058
2031-05-13,42.37242640253633,41.24402767514582,43.36823735953287
2031-05-14,42.416080843315484,41.357758868855925,43.428395434313686
2031-05-15,42.459133679625104,41.49432971775875,43.51153023472382
2031-05-16,42.49124801509641,41.44402437218927,43.535016604700395
2031-05-17,42.572779753909415,41.50700933522526,43.63103954290911
2031-05-18,42.50713814771028,41.49400267555508,43.59987982327179
2031-05-19,42.62202711478268,41.584729768762706,43.6380045150773
2031-05-20,42.618778764945226,41.52856567832342,43.7143502465772
2031-05-21,42.62242629852227,41.49562452015093,43.71472422233978
2031-05-22,42.62585674044347,41.59623571727192,43.74783144643373
2031-05-23,42.620007074071644,41.5905478921269,43.69239294565525
2031-05-24,42.666445663177996,41.584352831369216,43.72533320370626
2031-05-25,42.56969453118233,41.54926877984994,43.652109795509006
2031-05-26,42.65843581135637,41.543513346729696,43.76559211335236
2031-05-27,42.634814881920036,41.59584351272444,43.63546117746885
2031-05-28,42.62448828790557,41.555277573969505,43.69495268549473
2031-05-29,42.62075766912186,41.570291270802485,43.72288030343283
2031-05-30,42.61475381895682,41.559863800754755,43.7729349785127
2031-05-31,42.66801310801973,41.634149770675826,43.738705410940554
2031-06-01,42.58480196298521,41.542396839722045,43.68841309529142
2031-06-02,42.693332608565434,41.66382835578666,43.8148945647626
2031-06-03,42.6950822581253,41.66827423174738,43.712924879856416
2031-06-04,42.71486331509983,41.65815064265883,43.837744226108974
2031-06-05,42.74498507133472,41.64353635551961,43.76270720265053
2031-06-06,42.775470124229166,41.6935173053579,43.808055096703214
2031-06-07,42.866666703191754,41.78623312844707,43.931240741105306
2031-06-08,42.821611444884155,41.87813617885612,43.89814850924487
2031-06-09,42.967284603454544,41.90181686828848,44.04618102979041
2031-06-10,43.00396862726715,41.89324424846672,44.07508353435239
2031-06-11,43.05535641746087,41.902373264997415,44.116815733616455
2031-06-12,43.112748553913,42.091210980913736,44.189990245080814
2031-06-13,43.165301593744985,42.14873275464879,44.22118945669786
2031-06-14,43.27266763471175,42.17936823579244,44.34047745491358
2031-06-15,43.237378834356285,42.154125472879485,44.34789884524146
2031-06-16,43.3861181982976,42.25692014931243,44.39181300024287
2031-06-17,43.41908709273014,42.38583977912818,44.513685596482624
2031-06-18,43.460115530916624,42.401957307802455,44.48802803097617
2031-06-19,43.500854472329536,42.43065003352181,44.49939329431179
2031-06-20,43.53101241232086,42.43285133420434,44.614415028247734
2031-06-21,43.61097684107922,42.57770865850324,44.621757677509144
2031-06-22,43.54417485029906,42.55200746700303,44.54188402059951
2031-06-23,43.658314970711785,42.6402502423942,44.78975070841281
2031-06-24,43.65472162305554,42.60974891779394,44.738201738355976
2031-06-25,43.65840928803241,42.577766602047184,44.77921036892393
2031-06-26,43.66223678458528,42.59032849150638,44.707170908672545
2031-06-27,43.65710514356671,42.63007566603113,44.72453413015792
2031-06-28,43.7045408852365,42.575823039584144,44.764704122666174
2031-06-29,43.60902019039156,42.57312249464269,44.67431937766091
2031-06-30,43.69917720334042,42.67316198461446,44.7580432509072
2031-07-01,43.677108911668434,42.686693480998194,44.76092403394794
2031-07-02,43.66842464473123,42.52990230728704,44.634891566981935
2031-07-03,43.666381361158194,42.56764423884909,44.68049616536324
2031-07-04,43.66206881349563,42.588278101793925,44.750159218079915
2031-07-05,43.71698680068626,42.64927759312775,44.8461294813728
2031-07-06,43.63537018905287,42.52258733191609,44.72022423783922
2031-07-07,43.74540491345769,42.67183071524656,44.75665607476486
2031-07-08,43.7485471604596,42.67513425381607,44.81513360635673
2031-07-09,43.769593323304555,42.71924458602287,44.76928304061836
2031-07-10,43.80084125212429,42.74871367224594,44.92320291853824
2031-07-11,43.83230606601166,42.81477261480312,44.943839240467426
2031-07-12,43.924331767437614,42.85874777214897,44.979950815730234
2031-07-13,43.879953251120774,42.75256576189083,44.882283112496
2031-07-14,44.02615074628032,43.0320982029797,45.08400387708385
2031-07-15,44.06320767407943,43.01010671391775,45.057175946840495
2031-07-16,44.11481828110797,43.04667376253641,45.1407803613129
2031-07-17,44.17228437308977,43.09013031793191,45.1586715271467
2031-07-18,44.22476328384893,43.20057136974085,45.28219753595365
2031-07-19,44.331907291720604,43.25291135821768,45.44710543958736
2031-07-20,44.29624818313362,43.207728775174296,45.39220187007841
2031-07-21,44.44446827419121,43.36552372203201,45.44123197836971
2031-07-22,44.476768331479356,43.326661205564754,45.425170544249276
2031-07-23,44.516978417365635,43.502947518760884,45.51556126420731
2031-07-24,44.556750864366414,43.513125707045155,45.602162346105914
2031-07-25,44.58579761435054,43.52356306016382,45.67681605766493
2031-07-26,44.664512453155055,43.64235966225746,45.77311580450681
2031-07-27,44.59633236701774,43.56694835512257,45.66066215898583
2031-07-28,44.70898005056547,43.66217927077117,45.725620668022906
2031-07-29,44.70379889670915,43.64949980598314,45.648462170952946
2031-07-30,44.70582752553294,43.65314982687547,45.875673751869066
2031-07-31,44.70795419927948,43.644757989952055,45.677253380709686
2031-08-01,44.7011145767939,43.66780238073272,45.77216078952706
2031-08-02,44.7468745926224,43.722386323244336,45.7251173034673
2031-08-03,44.6497539394025,43.60535763502477,45.6799405970445
2031-08-04,44.738433393727654,43.72833324184922,45.81082995136061
2031-08-05,44.71505844618945,43.695909043134776,45.74407180499008
2031-08-06,44.70528730703971,43.59270144627314,45.795982971089195
2031-08-07,44.70242450049354,43.64390352564602,45.825204485711694
2031-08-08,44.69760419061023,43.644280014904155,45.781266732093194
2031-08-09,44.75236551467407,43.70098532163958,45.85330933010833
2031-08-10,44.670975678184334,43.62791338724336,45.807885286874516
2031-08-11,44.78164410217845,43.78042036950035,45.79571382231212
2031-08-12,44.785839906441375,43.8149704516031,45.85003494999989
2031-08-13,44.80836039963043,43.730007420479566,45.83856499147692
2031-08-14,44.841491177062956,43.82893968975398,45.92270332297337
2031-08-15,44.875221163069625,43.78124881751296,45.95804871540712
2031-08-16,44.96985389828258,43.94497825504936,46.060051011558635
2031-08-17,44.92836971064785,43.961024474595234,46.033242355332696
2031-08-18,45.07768083995549,43.977218580023504,46.11322760757291
2031-08-19,45.11799051071774,44.04146578333645,46.15532893107248
2031-08-20,45.17290230792758,44.102731357739266,46.18759144319524
2031-08-21,45.233619153381234,44.2256034282767,46.33896868587168
2031-08-22,45.28919397086542,44.15289173660035,46.30666411153819
2031-08-23,45.39917218601939,44.39359902738558,46.367978531612174
2031-08-24,45.365979675993664,44.253998362453004,46.358237830714884
2031-08-25,45.51619737906085,44.55047401872668,46.59935476305721
2031-08-26,45.549932891438544,44.49752999997204,46.612308511373186
2031-08-27,45.5909349528071,44.50689706749835,46.61679344098977
2031-08-28,45.630789895397456,44.56183758817451,46.696576744880446
2031-08-29,45.65916216119664,44.553915670639014,46.73125712313283
2031-08-30,45.73641928962378,44.60167443539545,46.75771038571309
2031-08-31,45.66599548164386,44.56869946786864,46.77161178113682
2031-09-01,45.77563566195373,44.63656210054814,46.82566806514047
2031-09-02,45.76673127830678,44.66517832595978,46.849579318250946
2031-09-03,45.76439482458313,44.60988018713282,46.855618503172764
2031-09-04,45.761613388539075,44.71917714892795,46.84313114253701
2031-09-05,45.74944465850838,44.70238411891035,46.79657921517178
2031-09-06,45.78959718428864,44.71781967490433,46.87451428174156
2031-09-07,45.68675041100975,44.60370140622737,46.701195361165205
2031-09-08,45.7697577966221,44.65929809269003,46.820789473546675
2031-09-09,45.740945573439646,44.681086185823276,46.76413098068003
2031-09-10,45.72615535229478,44.68689976577679,46.780464036183695
2031-09-11,45.71887193375464,44.679528049517636,46.76511590909564
2031-09-12,45.71040064119748,44.64823885918733,46.76308961653981
2031-09-13,45.762436639101104,44.66146393095137,46.83760803331775
2031-09-14,45.67938218818192,44.52978573209568,46.71547130890745
2031-09-15,45.78955532953352,44.816378953518615,46.829657274802635
2031-09-16,45.79450248020757,44.72347799897505,46.8223216013834
2031-09-17,45.81906280084256,44.79340819822219,46.87080570346679
2031-09-18,45.85552510966729,44.77924970627743,46.84555253800678
2031-09-19,45.893840830932014,44.80585130117341,46.991707622557975
2031-09-20,45.994234400805766,44.91582753207366,47.05982452675388
2031-09-21,45.95956585842247,44.95561371072002,47.13898430967593
2031-09-22,46.116587742523954,45.039417126549935,47.11699568622818
2031-09-23,46.16530729753723,45.16719982460269,47.133968831163884
2031-09-24,46.22910030880794,45.200977806809355,47.254339094675224
2031-09-25,46.29891578517683,45.16218243738445,47.289234760035654
2031-09-26,46.36353345356,45.24237655602776,47.37436540365564
2031-09-27,46.48221404555834,45.55329853261915,47.56780423132462
2031-09-28,46.45709578676164,45.46658177781275,47.45708173933395
2031-09-29,46.614478060525784,45.51865024592694,47.640869190023984
2031-09-30,46.654202307419936,45.65614298636622,47.72047445579498
2031-10-01,46.699775775236716,45.643674420996966,47.775281060989364
2031-10-02,46.74257689564137,45.68110906296716,47.72345677152085
2031-10-03,46.772104089921605,45.75235303895404,47.78147571761214
2031-10-04,46.84860811033424,45.8011616933291,47.9565738833601
2031-10-05,46.77546174299477,45.695695706080734,47.84994021082686
2031-10-06,46.88040853941806,45.78094542616812,47.87249880468974
2031-10-07,46.86490159588736,45.792471517506186,47.93526515839686
2031-10-08,46.854179190536414,45.863826691251,47.98226503123248
2031-10-09,46.84141745303803,45.7717134406757,47.92042780319903
2031-10-10,46.817923432060695,45.724936718148086,47.83198701649589
2031-10-11,46.8457103483085,45.74848456817878,47.98592197382889
2031-10-12,46.72981060923614,45.63448580818779,47.79632831403754
2031-10-13,46.799470019289394,45.66143800227228,47.78832694185552
2031-10-14,46.75743593437115,45.68769160758288,47.77611349212323
2031-10-15,46.729987809560605,45.67533127352604,47.76209514686443
2031-10-16,46.711051812328634,45.71701274595432,47.83362874749835
2031-10-17,46.69236417426759,45.67574218053381,47.73355824281357
2031-10-18,46.73602614464736,45.6343862609392,47.73072405293854
2031-10-19,46.646806928737064,45.621512174859504,47.70759056318816
2031-10-20,46.75333855398097,45.69918698082838,47.83172605279158
2031-10-21,46.75741560409403,45.6164200191175,47.80318780623802
2031-10-22,46.78404813240573,45.82360948925266,47.81064961183867
2031-10-23,46.82560895856438,45.851691722135406,47.87920986846869
2031-10-24,46.872039231443196,45.79903983621901,47.9703612002049
2031-10-25,46.9834540275319,45.91085487030526,48.02428065728153
2031-10-26,46.96250299745169,45.9655427457268,48.02578607154815
2031-10-27,47.135628393209444,46.04214940483576,48.187778038115304
2031-10-28,47.20243160959649,46.21213427787685,48.25979344640084
2031-10-29,47.285794598587756,46.224893316747114,48.377300313366916
2031-10-30,47.3760953181332,46.33843153944706,48.40679090017592
2031-10-31,47.46147902428425,46.43406392351964,48.501851766476335
2031-11-01,47.60052513192045,46.61383620514242,48.605761359277125
2031-11-02,47.59466270354246,46.55287928164859,48.59484130375673
2031-11-03,47.76947509591397,46.58327981539932,48.86127139825114
2031-11-04,47.82410330138457,46.72589868595525,48.85724859254838
2031-11-05,47.881393003238074,46.79097446694361,48.95309717257361
2031-11-06,47.932123468140006,46.86666020653059,48.99183796200983
2031-11-07,47.965279383638496,46.94275834734544,48.99081107721251
2031-11-08,48.04070502900339,46.92930036588191,49.02679552412454
2031-11-09,47.961493882752876,46.92937002472989,48.91920502599165
2031-11-10,48.05525462719828,47.019137625067714,49.12408552376831
2031-11-11,48.023463898905895,46.9396190624727,49.04194703937674
2031-11-12,47.991551981735874,47.022764781202945,48.97811416772976
2031-11-13,47.95306108102513,46.98168269931792,49.02085229123085
2031-11-14,47.89983910325881,46.80475957452808,48.90556295372815
2031-11-15,47.8946104004332,46.829014298688186,48.960130192426014
2031-11-16,47.743278853282064,46.67613566366677,48.827670630237634
2031-11-17,47.77610666344849,46.654527200980404,48.768204675473015
2031-11-18,47.69698168608066,46.66997455112377,48.79720008148993
2031-11-19,47.63342198586238,46.56074354100138,48.69803554712904
2031-11-20,47.58065967476008,46.52327480625612,48.6004217852421
2031-11-21,47.53176923944043,46.50037680451351,48.64871196165407
2031-11-22,47.55018389824455,46.58519802504245,48.67375209508515
2031-11-23,47.44195717758078,46.302852660523804,48.55096657516444
2031-11-24,47.53691457293091,46.529622354465666,48.56403536884657
2031-11-25,47.537909253067866,46.428961190175606,48.57918632964223
2031-11-26,47.570831211744576,46.498271719694344,48.57987606729382
2031-11-27,47.628712213493166,46.55959553626412,48.705974973281094
2031-11-28,47.70189158151632,46.694718845584546,48.713327858402664
2031-11-29,47.85058575606324,46.70573950966981,48.88272204850348
2031-11-30,47.8772177594803,46.83527843870334,48.904260940014375
2031-12-01,48.10764995886733,47.052135307308596,49.15367871112432
2031-12-02,48.2405322236625,47.13330651765053,49.267088907272665
2031-12-03,48.39741267877262,47.35123465442555,49.45341504615395
2031-12-04,48.5669509084607,47.500718600428286,49.641260721315476
2031-12-05,48.735195943038704,47.70557280033482,49.73718227950986
2031-12-06,48.9582690863972,47.86463135962847,49.94192514199233
2031-12-07,49.0348047710184,47.93388223708689,50.0
2031-12-08,49.28728988094635,48.18548145598272,50.0
2031-12-09,49.41151076780864,48.329098109173984,50.0
2031-12-10,49.52675244452716,48.52465367062599,50.0
2031-12-11,49.62008732676937,48.61089133733469,50.0
2031-12-12,49.676713668937175,48.71008674713909,50.0
2031-12-13,49.75268192922725,48.60937829105223,50.0
2031-12-14,49.647360841234125,48.536699351759154,50.0
2031-12-15,49.68478267972294,48.59329313770888,50.0
2031-12-16,49.56307647935821,48.50818240788126,50.0
2031-12-17,49.40463372853827,48.35910181827335,50.0
2031-12-18,49.20034445387463,48.199901776272384,50.0
2031-12-19,48.93986488605043,47.90460979678224,49.97449266242584
2031-12-20,48.68425646114809,47.534306022679864,49.73921555419793
2031-12-21,48.23834989449523,47.193914628912665,49.282061961826386
2031-12-22,47.93197616660189,46.81230102501868,49.039934449504
2031-12-23,47.46927586597737,46.45156254740258,48.512536570248855
2031-12-24,46.97873436362018,45.91120715042151,48.02526285249364
2031-12-25,46.45728387886117,45.34825250121862,47.49782765238547
2031-12-26,45.90043688271766,44.851816950391694,46.98723287061173
2031-12-27,45.37479387572217,44.258044268788886,46.42505261537932
2031-12-28,44.69028250272273,43.622808372111436,45.772880374585
2031-12-29,44.18127292882158,43.0973741119898,45.27286915000796
2031-12-30,43.555783784598844,42.47439123142031,44.69841748748952
2031-12-31,42.9454287228954,41.81543424821243,43.89811566779786
2032-01-01,42.349446851673214,41.31203265437837,43.380435164518744
2032-01-02,41.76478327335463,40.71284630907241,42.797290307471094
2032-01-03,41.25856408474679,40.23524192205357,42.337897145424094
2032-01-04,40.64032361575275,39.589664808602855,41.68257311493421
2032-01-05,40.243129123676624,39.09443161623644,41.39577894117932
2032-01-06,39.77281701351933,38.67670566055111,40.796908939620316
2032-01-07,39.357989864704614,38.29813934352148,40.38275926503308
2032-01-08,38.99411626273192,37.97304721617698,40.119393434403925
2032-01-09,38.67369792937503,37.57082614189725,39.698001682582856
2032-01-10,38.45884634368816,37.481318599349976,39.55694682004606
2032-01-11,38.15362410140165,37.11763690779796,39.14634687098467
2032-01-12,38.085293396735814,36.99179987612229,39.145659716626355
2032-01-13,37.953682635765865,36.89756264340505,38.97018075374027
2032-01-14,37.881317251782576,36.77975145582649,38.93229683310721
2032-01-15,37.85765344576281,36.76591088036094,38.905672207738
2032-01-16,37.869376089547494,36.85095086134065,38.9622853255966
2032-01-17,37.97309983089959,36.822355189290505,39.04603219414254
2032-01-18,37.967825678853025,36.890629243530476,39.059407144562044
2032-01-19,38.17629274323552,37.18717912732822,39.29565688357758
2032-01-20,38.294433754707924,37.28629430785449,39.294424106994676
2032-01-21,38.44157843930141,37.3875198443813,39.469456762761254
2032-01-22,38.60474190900218,37.57632886864904,39.67097556552455
2032-01-23,38.76895821591647,37.647282660652145,39.83274905565442
2032-01-24,38.98999751462911,38.00757012552949,40.08935277509998
2032-01-25,39.06681902269151,37.95145745424445,40.1089122339896
2032-01-26,39.32289986792847,38.28206097609316,40.45588110417939
2032-01-27,39.45564935074391,38.38457969166224,40.55572697520828
2032-01-28,39.58655405540143,38.547929422399235,40.6272177046322
2032-01-29,39.70539274897421,38.62549869241605,40.73980885085697
2032-01-30,39.80048335831807,38.77181039165512,40.87111667846195
2032-01-31,39.931302917284256,38.8367322738407,40.96986901441191
2032-02-01,39.90083535815373,38.91185677052534,40.965868391637784
2032-02-02,40.03679008257163,38.99342033891996,41.137745599215044
2032-02-03,40.040903771848654,38.97885912673743,41.14017385088272
2032-02-04,40.038973808445,38.92583417553008,41.05519849465302
2032-02-05,40.02496511333736,38.960774628742385,41.060597473514136
2032-02-06,39.99115540844231,38.91093306306843,41.074457292322904
2032-02-07,40.00066229768398,38.877250098269464,41.031926306586115
2032-02-08,39.85970926100928,38.81448300618149,40.970863896925835
2032-02-09,39.89877538075724,38.76681191098529,40.979369580509875
2032-02-10,39.82184276286558,38.72268302331902,40.76864496930751
2032-02-11,39.75639111153918,38.686420202814915,40.809864328542304
2032-02-12,39.6974819105329,38.63459319484015,40.798377910776075
2032-02-13,39.637897420073784,38.5986282919433,40.66505199953173
2032-02-14,39.640677636411,38.62099192575601,40.7691904767671
2032-02-15,39.511411629665055,38.39533629877072,40.50955418628388
2032-02-16,39.579426994665035,38.54128539045322,40.644470094365666
2032-02-17,39.54708992337623,38.46671714429726,40.5709120143493
2032-02-18,39.539863580897844,38.51951789520834,40.64622194824375
2032-02-19,39.550465193489195,38.55036371638551,40.653395301976204
2032-02-20,39.56908480619683,38.510906535341164,40.62617697884762
2032-02-21,39.65600646495472,38.542635554748244,40.71666014976043
2032-02-22,39.61398577499547,38.545094904213116,40.70044911356428
2032-02-23,39.76952510470373,38.76321076840384,40.796436514441304
2032-02-24,39.82225654497934,38.7628886786646,40.84194711865547
2032-02-25,39.89507804057341,38.80275150761487,40.89666489839939
2032-02-26,39.978381030398424,38.87273868357437,41.040292413171734
2032-02-27,40.06033073169841,39.0722138255985,41.14559990772522
2032-02-28,40.19953829578896,39.12484363475326,41.286942639817624
2032-02-29,40.197477593263876,39.18034523183307,41.26353796561364
2032-03-01,40.37978706464372,39.36102396611032,41.500565867771414
2032-03-02,40.44566629117684,39.35770105704985,41.52382794165305
2032-03-03,40.51801263050672,39.4770263416635,41.58467739715585
2032-03-04,40.587636561006974,39.55791920302621,41.65064907046354
2032-03-05,40.6435175391007,39.52588822344189,41.68253936664274
2032-03-06,40.7454406033597,39.699841822731244,41.7959591483729
2032-03-07,40.696367790782844,39.68965048335722,41.75229183158436
2032-03-08,40.823686366806264,39.80102549035424,41.793254579851926
2032-03-09,40.82854529734408,39.777957134052166,41.80190030153044
2032-03-10,40.835927233890644,39.69390950135788,41.83727578726634
2032-03-11,40.83879667576571,39.81346151369151,41.85213027991576
2032-03-12,40.828288167435424,39.76795838496024,41.91455366540395
2032-03-13,40.86627679115833,39.7745936717675,42.020882088276586
2032-03-14,40.75768696071556,39.701751613553014,41.81555683320523
2032-03-15,40.831683316818854,39.73767604529945,41.86904178001926
2032-03-16,40.79095675969365,39.685066110884996,41.859060690811944
2032-03-17,40.761754261383615,39.71018107413313,41.77165147645571
2032-03-18,40.7379942212353,39.612273916803744,41.749213651136465
2032-03-19,40.71143202198829,39.71348545682108,41.78422326903332
2032-03-20,40.74421852771771,39.675606453566594,41.808698396998345
2032-03-21,40.64120768306139,39.60833688506222,41.6686474702992
2032-03-22,40.731156841494666,39.56613843013991,41.818806932970396
2032-03-23,40.71603236948144,39.689346060499595,41.75609521207294
2032-03-24,40.72106838417815,39.692072748806645,41.87098843301562
2032-03-25,40.73891933537596,39.6686409634489,41.81418550656249
2032-03-26,40.75986980419082,39.68196961339825,41.77414643923838
2032-03-27,40.844442784842705,39.790821993977744,41.93620586107447
2032-03-28,40.795760991289804,39.74134294662358,41.84061509755815
2032-03-29,40.94080310683156,39.91559095923737,42.033362344096524
2032-03-30,40.979765774703516,39.82540547388982,42.04022271232033
2032-03-31,41.03617745265033,39.9657192415514,42.14094667211173
2032-04-01,41.101103173632126,40.10711514081744,42.18841311141204
2032-04-02,41.163402032260365,40.11773175189992,42.247480637319946
2032-04-03,41.282377271187904,40.19942903589781,42.35980916347568
2032-04-04,41.26017231775138,40.226532850451385,42.29471079802594
2032-04-05,41.423053731396855,40.41747783320294,42.53165677065713
2032-04-06,41.47079116194419,40.428151933456746,42.52496621756456
2032-04-07,41.52678002092899,40.455739255442616,42.60240176409082
2032-04-08,41.58224577367567,40.5419114583108,42.59367370583124
2032-04-09,41.62649182360876,40.550329240388876,42.767704738342815
2032-04-10,41.719531292953185,40.62476566127398,42.72629147887918
2032-04-11,41.66445674132677,40.632632517704096,42.731146577256744
2032-04-12,41.7886897106876,40.76126389413038,42.856732430191464
2032-04-13,41.7933213300862,40.71418012558764,42.87946695513126
2032-04-14,41.803190984027715,40.71351790195401,42.780502514125956
2032-04-15,41.81104337993807,40.75067199168599,42.79994690235151
2032-04-16,41.80772749512944,40.68153497665512,42.75118522141251
2032-04-17,41.854779250116955,40.797903862243174,42.92226622093961
2032-04-18,41.756743478570016,40.72219014762588,42.81737298006122
2032-04-19,41.842378550549284,40.88221004675957,42.925814840954075
2032-04-20,41.81395624557644,40.82812454538297,42.88613874064625
2032-04-21,41.79730509674068,40.798743835960934,42.8817795458225
2032-04-22,41.78593857718882,40.68185515336184,42.86639654851411
2032-04-23,41.77123243378889,40.73701076497153,42.84100935938641
2032-04-24,41.81499360472641,40.688058313029245,42.85282430673189
2032-04-25,41.72177663101874,40.591979859927314,42.75729945502591
2032-04-26,41.82009100022978,40.85147050877791,42.857048406930446
2032-04-27,41.811711842702834,40.819789275383535,42.93725485568361
2032-04-28,41.821741775429366,40.901243746390506,42.935095694250336
2032-04-29,41.84276460464062,40.8396683362438,42.95285231191775
2032-04-30,41.86505432021766,40.75037700858953,42.93870691319014
2032-05-01,41.949180764513464,41.018447412217064,43.01512575803982
2032-05-02,41.89836668330633,40.79857026061428,42.93983669831888
2032-05-03,42.03973828544739,40.96709500123167,43.05792261700484
2032-05-04,42.07368035191318,41.04563764245107,43.248302572979796
2032-05-05,42.12394228533816,41.06783275763415,43.16837499418936
2032-05-06,42.18183442633931,41.17863335384377,43.16704499695937
2032-05-07,42.236476747041216,41.190133015458215,43.32468967889535
2032-05-08,42.34744008430029,41.25882179197602,43.37102064198337
2032-05-09,42.3171335399118,41.16503110203151,43.385836693501794
2032-05-10,42.47207926596765,41.45111487292065,43.50888909516027
2032-05-11,42.512284966589434,41.40331348872614,43.55314692392987
2032-05-12,42.561360017017584,41.54428884379281,43.507229976789255
2032-05-13,42.61071426920503,41.5194930117748,43.71172603407766
2032-05-14,42.649801636344925,41.519456971672135,43.71606827888286
2032-05-15,42.73874883879252,41.64782618026492,43.71042881914014
2032-05-16,42.68072338799997,41.670830630136386,43.724596433750726
2032-05-17,42.803182689671395,41.75835823984423,43.93914565667895
2032-05-18,42.80721545200827,41.73806844798884,43.818414001770726
2032-05-19,42.817622318241206,41.72864503381219,43.92176616113888
2032-05-20,42.82707594161001,41.84247942193447,43.86828144000193
2032-05-21,42.82632383823829,41.77416206719809,43.87737621795653
2032-05-22,42.87677569808983,41.790196663649176,43.956829554340594
2032-05-23,42.782830542083225,41.73456576929258,43.872758145957334
2032-05-24,42.87308689084161,41.756567868680975,43.925767534619276
2032-05-25,42.84964834795748,41.833377513735,43.95873915516721
2032-05-26,42.838172629141994,41.81939515594626,43.80442550642405
2032-05-27,42.832005228557385,41.75382759229051,43.85189118155754
2032-05-28,42.82236186223776,41.79818161874057,43.86392275481571
2032-05-29,42.87090198022738,41.866456298449606,43.887329212044264
2032-05-30,42.78204913597225,41.7596565780786,43.82392376347621
2032-05-31,42.88420155625158,41.81442911266101,43.90350228357273
2032-06-01,42.879045265403555,41.702324343074324,43.90723441895641
2032-06-02,42.891617521658794,41.88929180009486,43.973528965933795
2032-06-03,42.91446126856478,41.90012816108124,43.932934637998954
2032-06-04,42.937834054538776,41.955030246997566,43.95621366467727
2032-06-05,43.02231284924713,41.98440967709864,44.12566214538905
2032-06-06,42.971149533979776,41.90534188788656,43.97422303485342
2032-06-07,43.11151928201315,42.099663713968575,44.21400623768028
2032-06-08,43.143872975098176,42.08286548030934,44.19413845853911
2032-06-09,43.192040164296195,42.08860425700826,44.19806553023991
2032-06-10,43.247422025800034,42.1548478167486,44.33421500447089
2032-06-11,43.2992365490819,42.25429457288702,44.350488495049056
2032-06-12,43.407156244966025,42.368626763897886,44.49203579846092
2032-06-13,43.373692119939705,42.27693903768956,44.44246678208221
2032-06-14,43.525465244015656,42.410719565243014,44.57055107000795
2032-06-15,43.56257633937615,42.47257517890041,44.63524969122055
2032-06-16,43.60871937087045,42.53759328662441,44.68126023786665
2032-06-17,43.655378269732005,42.61874916758788,44.749406123389065
2032-06-18,43.69206892593642,42.73884590380603,44.76527195095912
2032-06-19,43.778966854893504,42.6438730395211,44.8575438102785
2032-06-20,43.71927461872269,42.61110623145655,44.76327488851893
2032-06-21,43.84047086821927,42.799194953609785,44.95321544133766
2032-06-22,43.84365215904831,42.81101165795493,44.911950808372325
2032-06-23,43.85361441389108,42.759619517678956,44.933659063254744
2032-06-24,43.863014188614756,42.85770911617633,44.94714907554274
2032-06-25,43.86257300812006,42.823001499450534,44.89365131135653
2032-06-26,43.91366637568378,42.879682636913635,44.96732272245097
2032-06-27,43.820652764188054,42.69254856388842,44.89462785642409
2032-06-28,43.91208567495013,42.847282342908095,44.9907465731644
2032-06-29,43.89002109029454,42.78362001097132,44.94409545933384
2032-06-30,43.88006828041643,42.83041664744014,44.97055355309566
2032-07-01,43.87552509340058,42.78931264819966,44.88743692003194
2032-07-02,43.86756181638878,42.80399680403016,44.91214875719898
2032-07-03,43.917795859706914,42.8603764828177,44.98057090330178
2032-07-04,43.83061302577782,42.7260948946328,44.947607837382826
2032-07-05,43.93437869303591,42.84196044109601,44.97077836052665
2032-07-06,43.930751269016554,42.838655486966104,44.943355447626715
2032-07-07,43.944745683721585,42.916414506136285,45.0241171873746
2032-07-08,43.96888765120399,42.86956001356305,45.03442431170722
2032-07-09,43.99342218746761,42.988126789927875,45.036495404205475
2032-07-10,44.07891785648131,42.96027201973854,45.084713745594016
2032-07-11,44.02862157039196,42.936539199311795,45.119311520139114
2032-07-12,44.16970621210564,43.10836500628204,45.19547772545609
2032-07-13,44.202622279348226,43.15350263198606,45.349679417281955
2032-07-14,44.25120010954878,43.20222975939524,45.29490967640336
2032-07-15,44.30684218311014,43.29931721925717,45.354190193458166
2032-07-16,44.358767782921234,43.27151057060453,45.41206117128394
2032-07-17,44.46665032994587,43.40447308248391,45.500579278491614
2032-07-18,44.43300116363628,43.331595512993395,45.51972350447502
2032-07-19,44.584441106170544,43.48725164124086,45.640323446366295
2032-07-20,44.62107023803422,43.58635632680209,45.667542366154116
2032-07-21,44.666581854967006,43.673841227878015,45.79127215000352
2032-07-22,44.712459715709485,43.64636386664677,45.79564806869996
2032-07-23,44.7482206841478,43.667513979418764,45.81203574824099
2032-07-24,44.834043131274036,43.80586297826877,45.88293453450941
2032-07-25,44.773135130360416,43.76643938515909,45.815082328751934
2032-07-26,44.8929842601582,43.87956199601431,45.92820899495842
2032-07-27,44.89470011636017,43.75662679594412,45.95614777047506
2032-07-28,44.90309635029365,43.91693953156396,45.95072819250225
2032-07-29,44.9108523432586,43.837342302315754,45.911079627121204
2032-07-30,44.90871773817265,43.82055905959121,45.95856846387445
2032-07-31,44.95810139628635,43.874591270162206,45.945470797747014
2032-08-01,44.863400061355186,43.79466636528146,45.90907555867943
2032-08-02,44.95320980264883,43.96046676625532,46.004479063796026
2032-08-03,44.929632561577705,43.7510889466075,45.9434064350024
2032-08-04,44.91832577475039,43.893272349099846,45.99685706126407
2032-08-05,44.912636228436774,43.89613658930631,45.9436369565545
2032-08-06,44.903782271930005,43.87882259530921,45.99830309739631
2032-08-07,44.95342669356596,44.02727748747283,46.02376831445975
2032-08-08,44.86599608401149,43.7556557340944,45.908799366535625
2032-08-09,44.96989008867161,43.86564831397949,45.97632282138846
2032-08-10,44.96679298129144,43.87313322873215,46.021633121229215
2032-08-11,44.981735411214714,43.87067592428567,46.046372344845096
2032-08-12,45.00724713386876,43.935302144636424,46.06016492963125
2032-08-13,45.03356429122543,44.03496848828207,46.070430939840136
2032-08-14,45.12123278634334,44.135038046151024,46.13538115134636
2032-08-15,45.07346264086903,44.08507966820034,46.02711938482269
2032-08-16,45.21737565388856,44.10650307261547,46.29715139764461
2032-08-17,45.253357596287195,44.140986151739945,46.384510668516185
2032-08-18,45.305161517595465,44.24430729696885,46.29085991118704
2032-08-19,45.364101661508805,44.27986097655357,46.41174844657733
2032-08-20,45.41930024653354,44.333601084280104,46.48773550910005
2032-08-21,45.53032738986455,44.4835214268176,46.60676280013315
2032-08-22,45.49958788169344,44.4282307599011,46.51542613374184
2032-08-23,45.65359606872064,44.56516181045319,46.7467140931675
2032-08-24,45.692349177493575,44.61070864682525,46.71725842817761
2032-08-25,45.73944493666632,44.64554420528554,46.764459409761585
2032-08-26,45.78628248590524,44.757214704314755,46.86929701705052
2032-08-27,45.82230854645082,44.788959000813314,46.839184459264295
2032-08-28,45.9076490874787,44.76382820386809,47.03963963531508
2032-08-29,45.84548039224587,44.79156173046398,46.88800133388875
2032-08-30,45.96328121600495,44.932619074114214,47.046056042770864
2032-08-31,45.962177024332135,44.93733666648115,46.92558611998468
2032-09-01,45.967023034914185,44.872018396026874,46.9529270130853
2032-09-02,45.970566095221905,44.884258093534356,47.078869671413614
2032-09-03,45.96364856515422,44.93736064391858,47.03026030873643
2032-09-04,46.00779574636504,44.90933698611532,46.98790228033764
2032-09-05,45.907542143256634,44.814321776110006,46.90508631220229
2032-09-06,45.99163965962021,44.91609503642371,47.061227221079754
2032-09-07,45.96236011861293,44.99089448438523,46.900161053265585
2032-09-08,45.94554017145871,44.886042001158955,46.95237130874848
2032-09-09,45.9347098703468,44.913321143874036,46.96003024795889
2032-09-10,45.921269178716045,44.89651851814703,47.04189095201605
2032-09-11,45.96705488984156,44.949706797222504,47.04579519765005
2032-09-12,45.87665396238195,44.7688347807728,46.9195548929421
2032-09-13,45.97860687028197,44.960453455583874,46.98031040564405
2032-09-14,45.9747136001669,44.87604365999933,47.092590858550594
2032-09-15,45.990090348830186,45.01531889808222,46.97056270911799
2032-09-16,46.017317922926516,44.91878922807533,47.086526030467354
2032-09-17,46.04664558581889,44.960165541707276,47.116778998051245
2032-09-18,46.138592053026514,45.00255807715248,47.21823792663555
2032-09-19,46.0962986554588,45.025491945624836,47.121124589632736
2032-09-20,46.246777086642666,45.190145810967564,47.29816174729313
2032-09-21,46.29026302865265,45.2439722509171,47.426605592796065
2032-09-22,46.35032225340782,45.31970881002458,47.454168268631165
2032-09-23,46.41804867181203,45.38354492653733,47.46412235351464
2032-09-24,46.48231651884028,45.411242510474224,47.48024124079788
2032-09-25,46.60242683997149,45.50691550137774,47.70572796483822
2032-09-26,46.58050183063905,45.571534928361,47.71676438013126
2032-09-27,46.74276809227462,45.72548928596648,47.73040281921719
2032-09-28,46.78893890516553,45.58604099176536,47.82877645598615
2032-09-29,46.84234111742106,45.77613909392969,47.969795295305
2032-09-30,46.89412535558925,45.834647405678695,47.94147281964862
2032-10-01,46.93352123536283,45.882949325892525,47.96719892851167
2032-10-02,47.02047750438665,45.916068446075386,48.101651794871245
2032-10-03,46.95804072282337,45.82901440068372,48.050199466026136
2032-10-04,47.07361388879273,45.986706451899934,48.263374009942055
2032-10-05,47.06830573552275,46.006314854545714,48.124449961856556
2032-10-06,47.06701719390337,45.94984044644647,47.99984677190227
2032-10-07,47.0626048645927,46.075598066837166,48.13316759567775
2032-10-08,47.046084529414955,46.00345913448387,48.241985142351176
2032-10-09,47.079216159909286,45.99549405962933,48.05963911429083
2032-10-10,46.966825684819135,45.95822972688374,48.009749309738595
2032-10-11,47.03800666142879,45.94124726697983,48.03684300602724
2032-10-12,46.99541434518092,45.814544372415625,48.08465944044411
2032-10-13,46.96530039512882,45.95652618439149,48.02582993940003
2032-10-14,46.94162972602724,45.850006935821625,47.98579908361839
2032-10-15,46.91624407425241,45.870436073682484,47.98965486944894
2032-10-16,46.95141509485584,45.87684387307431,48.06422160792542
2032-10-17,46.852143388813985,45.79746606792545,47.88828423419041
2032-10-18,46.94734748242226,45.915882371150516,48.02401799774421
2032-10-19,46.93915583913895,45.90248204171748,48.03637226929902
2032-10-20,46.9529504137055,45.854014581502824,47.93510028165723
2032-10-21,46.981503204404156,45.848403982466515,48.01046348668576
2032-10-22,47.01516998474677,45.996285856350156,48.06709978143628
2032-10-23,47.11448332086303,46.08299774314291,48.2105673966785
2032-10-24,47.082500253418274,46.038958025530484,48.17722374063471
2032-10-25,47.24604736164396,46.13274607626982,48.25910937504572
2032-10-26,47.305074735569946,46.23017079893982,48.392196517532795
2032-10-27,47.38276560415191,46.31363130382439,48.52358170477294
2032-10-28,47.469741154124414,46.377809413436914,48.48742838545099
2032-10-29,47.554322695245496,46.49386135267256,48.572663335554736
2032-10-30,47.69519120648379,46.628580749602534,48.86484382600916
2032-10-31,47.69379758467475,46.6732455082605,48.86469159235173
2032-11-01,47.87566433172058,46.83399416557396,48.91055553010714
2032-11-02,47.93978836058667,46.88416495204041,48.92772080302574
2032-11-03,48.00879001464982,46.94798014688124,49.08188343906175
2032-11-04,48.073146427027496,47.0096847666589,49.155861193568555
2032-11-05,48.121470258243406,47.09487487309594,49.22018617253086
2032-11-06,48.213173058524355,47.23259590742539,49.31762756866188
2032-11-07,48.15086614633445,47.060097499117816,49.12606630292712
2032-11-08,48.26163968689898,47.21780883895914,49.32959497199108
2032-11-09,48.24642998488089,47.13279492332076,49.27492036250348
2032-11-10,48.23012080357846,47.19081685649481,49.37092106774488
2032-11-11,48.205717925374906,47.14053458241568,49.19361898417524
2032-11-12,48.164559425868354,47.131813747906094,49.248362774876334
2032-11-13,48.168902653151235,47.1263706371357,49.22973326811818
2032-11-14,48.02424281595215,46.9203469907896,49.06810222085478
2032-11-15,48.06050609072873,47.07979894377623,49.16931456697883
2032-11-16,47.98132964292936,46.93692046448396,49.05914867371963
2032-11-17,47.91407684554831,46.81866431132937,49.00719199583103
2032-11-18,47.853929401706466,46.86188422026778,48.92228206956093
2032-11-19,47.79402128661746,46.72374441736294,48.920849175545385
2032-11-20,47.797957824484655,46.75773015776936,48.89473865390169
2032-11-21,47.672076941450335,46.60424239241231,48.7737641630671
2032-11-22,47.74659739215214,46.65639151988256,48.776282245512526
2032-11-23,47.72486793513583,46.766066508185304,48.84122335298105
2032-11-24,47.733366963315156,46.70429037817287,48.78602423561181
2032-11-25,47.765795121896154,46.67817600082413,48.79341825111066
2032-11-26,47.81322622764486,46.81564052007564,48.861130414524446
2032-11-27,47.9366597578913,46.80875560614599,48.98275336445683
2032-11-28,47.939331451443756,46.834988952582805,48.986098464221605
2032-11-29,48.14792587424984,47.11048183184507,49.15491509251891
2032-11-30,48.26190355327241,47.25159817239478,49.325210398664176
2032-12-01,48.403590416465846,47.3265847424094,49.40630304013915
2032-12-02,48.56236994847162,47.46841095229423,49.58366851154333
2032-12-03,48.72494095081433,47.63142288826322,49.778000286016365
2032-12-04,48.94798150884655,47.906998985607586,50.0
2032-12-05,49.03057286897129,47.98107704051446,50.0
2032-12-06,49.295524141997724,48.29892891072024,50.0
2032-12-07,49.43880747841142,48.46265431778439,50.0
2032-12-08,49.57974855428951,48.51343158802193,50.0
2032-12-09,49.70531001528217,48.74385561980879,50.0
2032-12-10,49.80042821781312,48.74218598849196,50.0
2032-12-11,49.92074160345902,48.81681016495383,50.0
2032-12-12,49.86506249074143,48.80222902081666,50.0
2032-12-13,49.95673168306452,48.850804409481924,50.0
2032-12-14,49.89306446836192,48.88425096799194,50.0
2032-12-15,49.79553225907661,48.78293391150366,50.0
2032-12-16,49.65401743055737,48.64298110880218,50.0
2032-12-17,49.45710211588004,48.35755572045333,50.0
2032-12-18,49.26473021398004,48.14483151465305,50.0
2032-12-19,48.88059579888049,47.8832744583776,49.957591147531694
2032-12-20,48.63339918228235,47.54222066628652,49.71662033203497
2032-12-21,48.22618146403883,47.19956057772944,49.31016445565383
2032-12-22,47.78638442763536,46.78157241375052,48.83871808178882
2032-12-23,47.30997623145524,46.18866603407495,48.39337558345382
2032-12-24,46.791606757533806,45.78237618145959,47.80635612356986
2032-12-25,46.29713511002532,45.20328269985241,47.34938007620271
2032-12-26,45.63588573506653,44.58250988832482,46.67559622549289
2032-12-27,45.14177766216039,44.12173653008203,46.29605014598104
2032-12-28,44.52254082896477,43.395412544038145,45.553560463654904
2032-12-29,43.90966927259299,42.90145586892304,44.919231000342585
2032-12-30,43.30245428630307,42.235264224886805,44.3659012803939
2032-12-31,42.69806370447813,41.61455068993168,43.73415241965137
2033-01-01,42.16401170240556,41.121663739028605,43.25331605657088
2033-01-02,41.51037702022701,40.45328705910735,42.681555148200545
2033-01-03,41.070915054627974,40.030464299473486,42.106577257641625
2033-01-04,40.55227820496969,39.4970676094015,41.62104016568562
2033-01-05,40.08399415169376,39.0956599033474,41.132545948730524
2033-01-06,39.66254453366567,38.6257017278539,40.668221993547284
2033-01-07,39.28150904487333,38.18868787796114,40.34932132448419
2033-01-08,39.004117714024005,38.03917855637387,40.06151806747831
2033-01-09,38.63556721588932,37.64973381017804,39.690674956718
2033-01-10,38.504244213783366,37.493605406784475,39.59983560965291
2033-01-11,38.311067355895894,37.16575093242214,39.37755654538122
2033-01-12,38.17959459188029,37.13478299254426,39.193301015802255
2033-01-13,38.10023509592154,37.06142004334138,39.06647622678686
2033-01-14,38.060527549658424,36.976676871188836,39.077501506633176
2033-01-15,38.117824279738485,37.032439848089325,39.14945992154349
2033-01-16,38.0717339123451,37.06057439114061,39.108344701446626
2033-01-17,38.245462521564725,37.24833767884952,39.26364404311641
2033-01-18,38.335262112749945,37.271974191231,39.341308585567525
2033-01-19,38.46063063671749,37.49618027742968,39.54018314413739
2033-01-20,38.608600722970955,37.56641546392868,39.58270231320507
2033-01-21,38.76407721112958,37.694630756022335,39.74384714101465
2033-01-22,38.982561764623675,37.89206252073703,40.074487226493986
2033-01-23,39.062616509069244,38.02124390455478,40.12204639635379
2033-01-24,39.327206456911846,38.30162122560786,40.36922874732391
2033-01-25,39.473129849480635,38.40676775796843,40.60192823426657
2033-01-26,39.62118139463245,38.656970150262914,40.692533739181506
2033-01-27,39.76038683697414,38.73085652642412,40.73124537033657
2033-01-28,39.87827061716392,38.907633401236055,40.90494352457656
2033-01-29,40.033496961150774,39.01417570428314,41.07775619993866
2033-01-30,40.02823871925337,38.994939932089316,41.06811073554525
2033-01-31,40.1894163484089,39.15660430656992,41.22500627738853
2033-02-01,40.2180189818246,39.15729508129405,41.252676667986215
2033-02-02,40.2391554819869,39.25292972818768,41.28290759247968
2033-02-03,40.24617685772948,39.21572552516918,41.24468535911044
2033-02-04,40.23083469301749,39.232556260921996,41.24764757609553
2033-02-05,40.255818690726684,39.17275689889318,41.303697545018906
2033-02-06,40.12703021333758,39.05776869360738,41.13476365428424
2033-02-07,40.17473650995723,39.116454106115874,41.240136861689344
2033-02-08,40.10281954674538,39.03262991000694,41.13713043903956
2033-02-09,40.038768938349556,39.01748322948033,41.06040021961588
2033-02-10,39.97776155440539,38.92003172103516,41.05833905463002
2033-02-11,39.91279320823569,38.89829318853343,41.00455964138544
2033-02-12,39.907205843308844,38.88471513097253,40.95361996065056
2033-02-13,39.766966963531516,38.77993959041885,40.86059024971836
2033-02-14,39.821845424141436,38.72131316457678,40.85418469108458
2033-02-15,39.77469651404567,38.79170320321338,40.746741879133126
2033-02-16,39.751504461623746,38.6665071311994,40.800330455032096
2033-02-17,39.745523237249145,38.70869075642098,40.74673872060698
2033-02-18,39.74747907647244,38.584344473834406,40.80066634324592
2033-02-19,39.81817593363117,38.82493446442365,40.800454702379376
2033-02-20,39.760858248598424,38.788797740915506,40.81894714921668
2033-02-21,39.90247269101496,38.80627224149634,41.036134540049225
2033-02-22,39.94303934116071,38.85625542521209,41.05655287098289
2033-02-23,40.005778017893334,38.953423271141546,41.09371716742177
2033-02-24,40.08132832216954,39.023071494300176,41.19353171459252
2033-02-25,40.158024694741684,39.08816543822878,41.19432423706204
2033-02-26,40.29456580817451,39.20064485962445,41.26239934084726
2033-02-27,40.292431070966046,39.22240445783822,41.41085543626766
2033-02-28,40.477184627850804,39.42949708338943,41.506457562151915
2033-03-01,40.54787639011134,39.52298719277152,41.63783008252328
2033-03-02,40.627185255491284,39.62836919241092,41.67562877228238
2033-03-03,40.70564291866802,39.6195753796368,41.69220841405261
2033-03-04,40.77189978408363,39.80895593628479,41.87890164284887
2033-03-05,40.8853728821222,39.904007633906154,41.97248514736028
2033-03-06,40.84862949130611,39.780619529083886,41.91651426599009
2033-03-07,40.98864808648897,39.8744442508022,42.03605027162966
2033-03-08,41.00616765239603,39.972241408549216,42.120149652798865
2033-03-09,41.025772248700456,40.01212803976803,42.10338573207297
2033-03-10,41.0400511211227,39.94562953496284,42.07503938258107
2033-03-11,41.03979787278406,39.96422037785896,42.05904986179028
2033-03-12,41.086590647804805,40.02579623542703,42.28740659213072
2033-03-13,40.98510906864794,39.912418210713945,42.03455968997746
2033-03-14,41.06433151446334,39.98037403430698,42.09845314073553
2033-03-15,41.0268256190641,39.97147965810767,42.09982650423661
2033-03-16,40.99878053428482,39.89272549176721,42.14296638708883
2033-03-17,40.97412268738032,39.882992031955176,42.02413786436194
2033-03-18,40.94467971705328,39.88181390867278,41.963389815788766
2033-03-19,40.97273541667376,39.94653156966222,42.073439723909175
2033-03-20,40.86333198804155,39.77792832629889,41.890563844444166
2033-03-21,40.945463428724835,39.89436275333394,41.931443897302
2033-03-22,40.92137283980966,39.85789194998871,41.976829248442925
2033-03-23,40.91660178858361,39.868608735697144,41.96422904306368
2033-03-24,40.92413274166257,39.872153306345396,41.98038555359632
2033-03-25,40.93458826428003,39.870804365058554,41.976666731281156
2033-03-26,41.008828583697415,39.9995036942839,42.08138049808556
2033-03-27,40.95030238841821,39.83706290849814,41.985994832809155
2033-03-28,41.08629309962045,40.07581366290959,42.16835206657083
2033-03-29,41.11727171008562,40.120243555175456,42.26426544148879
2033-03-30,41.16700258113526,40.07739203083915,42.17893491180853
2033-03-31,41.22674146989283,40.12542334425902,42.20763939044101
2033-04-01,41.285487792782696,40.203996496141926,42.26905344072376
2033-04-02,41.40263113695571,40.33827525102806,42.455727251237015
2033-04-03,41.380345455053,40.29993486389776,42.46707528906976
2033-04-04,41.54487193471759,40.53258244788538,42.53612098658155
2033-04-05,41.59590061932848,40.648024631532884,42.6128817058375
2033-04-06,41.65669640563492,40.55735806407795,42.64921514694731
2033-04-07,41.71830819938369,40.65888448498061,42.77778039633663
2033-04-08,41.76982302839826,40.756836557474244,42.77425689345583
2033-04-09,41.87100520557955,40.73879992826364,42.93433878598696
2033-04-10,41.82467433892752,40.728213830325146,42.88251256757962
2033-04-11,41.957963807846525,40.90525299738768,43.0313475873332
2033-04-12,41.9716706536882,40.8810647775858,42.9344150057854
2033-04-13,41.99034359550101,40.93753413783451,42.968626417217145
2033-04-14,42.00644921535463,41.036044691951396,43.03895040202214
2033-04-15,42.01057951313585,40.95494796179117,43.010773333493034
2033-04-16,42.064042416265124,41.01602195821788,43.07450242887533
2033-04-17,41.971190580160076,40.92876091162131,43.038539119729286
2033-04-18,42.06063163542691,41.103071033386584,43.11960433387509
2033-04-19,42.03453231733766,41.02086319683198,43.08949992403317
2033-04-20,42.01866458190822,41.00364719973378,43.061984941794854
2033-04-21,42.00653501035747,40.896960217133746,43.04663170251054
2033-04-22,41.98956178610005,40.87858051173741,43.017106110838824
2033-04-23,42.02964170945984,41.01528235387023,43.092447004603905
2033-04-24,41.93146323619724,40.801696281748654,43.00193431559771
2033-04-25,42.02370909915496,41.01791845079899,43.06552240569001
2033-04-26,42.008361095004275,40.86499432004111,43.07000109150725
2033-04-27,42.01075502821693,40.83644987723771,43.16115478690107
2033-04-28,42.023726749219676,41.00400218253712,43.105579354381135
2033-04-29,42.03781296732208,41.03406433177851,43.06602888204787
2033-04-30,42.11384848226035,41.05922898524577,43.15339383141456
2033-05-01,42.05531480889314,40.95540231267732,43.10200831858338
2033-05-02,42.189582585618375,41.09679410354308,43.208235057246846
2033-05-03,42.21725906035413,41.17418676327633,43.27401713504479
2033-05-04,42.26228727952652,41.22371820542724,43.31001914268344
2033-05-05,42.316136515002185,41.2719618238741,43.37503049231219
2033-05-06,42.36804621586991,41.34669214673746,43.38427721540747
2033-05-07,42.477663786809046,41.38931932180391,43.54853621496043
2033-05-08,42.44742991820299,41.35288669437186,43.445483147895665
2033-05-09,42.60385273999105,41.575624753230876,43.68012544339802
2033-05-10,42.64688113892412,41.63671163278176,43.74884721947226
2033-05-11,42.70002310329882,41.65618025898635,43.74162594138838
2033-05-12,42.75454808359263,41.74474846969006,43.82886205961354
2033-05-13,42.79973533965577,41.7833281946056,43.81285350645799
2033-05-14,42.89550849823097,41.814872640779,43.941289098290596
2033-05-15,42.84481020696362,41.83342726120294,43.95281136146619
2033-05-16,42.97485855007389,41.867367770930905,44.00093325407017
2033-05-17,42.98649617682513,41.97779109024923,44.047819992408066
2033-05-18,43.004278815990276,41.954351663863875,44.05345038741925
2033-05-19,43.02064314499133,42.020353260252314,44.10801895713994
2033-05-20,43.026117103965944,41.97663525127634,44.153078698241465
2033-05-21,43.081914101685065,42.01679453200099,44.050796500830884
2033-05-22,42.992266287302435,41.969727742128654,44.02382459663549
2033-05-23,43.08563986501724,42.07912711325497,44.10933020918117
2033-05-24,43.064044697641584,42.00727271806171,44.107625760260206
2033-05-25,43.05308610975921,41.94497886422313,44.1526082417131
2033-05-26,43.04610000086683,41.9839132177009,44.08924843519835
2033-05-27,43.03433536965747,41.98272885789124,44.064764695146785
2033-05-28,43.079526545447216,42.0296118724938,44.14952706569029
2033-05-29,42.98621096242676,41.935668503554396,44.07803973482727
2033-05-30,43.08293590832494,42.02515771838511,44.12568028225783
2033-05-31,43.07156672766444,42.02235812362734,44.09365422337832
2033-06-01,43.07734439792299,42.01460158576325,44.079985430476306
2033-06-02,43.093033370930954,42.07062156113257,44.18084908874111
2033-06-03,43.10912334473137,42.039886609924885,44.13590681906481
2033-06-04,43.18642662285239,42.087761888055084,44.17470284175392
2033-06-05,43.12842607529974,42.084548781226204,44.279848678366385
2033-06-06,43.26251615576919,42.18653823969689,44.32612434537607
2033-06-07,43.28934835367987,42.16485011741459,44.32677855955306
2033-06-08,43.33292780832431,42.2468209155691,44.37429364421175
2033-06-09,43.384800734677555,42.313302008337786,44.383795101966356
2033-06-10,43.43429507075253,42.36885493936121,44.472900826232916
2033-06-11,43.54115477493945,42.48395186520509,44.570068033193735
2033-06-12,43.507921624443746,42.45333028498552,44.56032544786431
2033-06-13,43.661205907748894,42.62101484844975,44.77793102454992
2033-06-14,43.70105646271092,42.639377555603375,44.7148613981853
2033-06-15,43.75107602393392,42.74449479134413,44.81479846477886
2033-06-16,43.8026209521288,42.73517661260096,44.912026085108394
2033-06-17,43.84504738295413,42.752550907246246,44.89714985714284
2033-06-18,43.938344066984634,42.89562877001379,44.9206345935111
2033-06-19,43.88550581515987,42.84602399517639,44.83154250499787
2033-06-20,44.01378922336481,42.91647249358335,45.11043791108474
2033-06-21,44.02406161672438,43.003508751757224,45.06596538721323
2033-06-22,44.04088985863733,42.938779701218145,45.14608287222597
2033-06-23,44.05670894930096,42.96840228284307,45.04414282696932
2033-06-24,44.06203344678885,42.96256384987349,45.10310124467326
2033-06-25,44.11805308995521,43.07241771100676,45.161892487779916
2033-06-26,44.028967722112256,42.93822527534567,45.08083015703967
2033-06-27,44.1232044134069,43.06873600831655,45.20158237212694
2033-06-28,44.10272894783753,43.10698493114703,45.27389020550268
2033-06-29,44.093099507832214,42.93548783093701,45.161897283890305
2033-06-30,44.08760359422252,42.99595536431179,45.15183732383881
2033-07-01,44.07744221802607,42.974801190336294,45.052182677862305
2033-07-02,44.12430360533868,43.08641744187772,45.10123413095509
2033-07-03,44.03268220803657,42.97110054040279,45.120106665549436
2033-07-04,44.131086421840934,43.02189479868938,45.19251727672624
2033-07-05,44.12134747542358,43.00857577189373,45.19071632928398
2033-07-06,44.12867740595069,43.00955007786889,45.105352106556325
2033-07-07,44.14581702356153,43.07515648353779,45.20020343630947
2033-07-08,44.16323755218546,43.13388651772969,45.25093265724655
2033-07-09,44.24173763634692,43.19995204108701,45.26112286686688
2033-07-10,44.18479076957656,43.0965012937638,45.27313913415803
2033-07-11,44.3197856465944,43.30754814599586,45.343204466468755
2033-07-12,44.34737086949686,43.325748730085955,45.371884147048384
2033-07-13,44.39155078822775,43.26501170911101,45.52612389447505
2033-07-14,44.44387217671525,43.31733033534619,45.56810525773426
2033-07-15,44.49366420274118,43.383359945009666,45.64068107172581
2033-07-16,44.60067216229589,43.46721682575956,45.69701310399394
2033-07-17,44.567438863981565,43.49590438734974,45.62073860546439
2033-07-18,44.72057508140552,43.642877547915184,45.77750335978176
2033-07-19,44.76012953960725,43.695697663107026,45.85006694277332
2033-07-20,44.80970440232167,43.745231500683495,45.88077673341294
2033-07-21,44.860655324558294,43.797496110363426,45.960107186239334
2033-07-22,44.902338088695195,43.74892618137416,45.92734115583006
2033-07-23,44.994742066266916,43.99059467835435,46.07635549634108
2033-07-24,44.94086438148363,43.89778945557344,46.02059257133345
2033-07-25,45.06796640472503,44.02752330128097,46.07764482458088
2033-07-26,45.076923466197876,44.010224481153436,46.09196514270787
2033-07-27,45.092314381742234,44.028660280186784,46.1502910973798
2033-07-28,45.10659066239629,44.06345791203567,46.165392838538075
2033-07-29,45.11028839013575,44.08075091100461,46.21837599936545
2033-07-30,45.164624093386486,44.05141835996226,46.21049905650112
2033-07-31,45.07382968304744,43.977392427449836,46.17184889366899
2033-08-01,45.16636931824008,44.068957351584075,46.25990395468657
2033-08-02,45.144250350348514,44.084634444099386,46.21195458694361
2033-08-03,45.133076173571354,44.20866562258269,46.28399932024631
2033-08-04,45.12618202864717,44.08296094850134,46.213637266738644
2033-08-05,45.11481781882087,44.02672853087958,46.15577658435509
2033-08-06,45.16072021559327,44.137799098673426,46.24337035089136
2033-08-07,45.0684298958934,43.966822570259644,46.08539691038243
2033-08-08,45.166497372489374,44.133917640237804,46.20323525736964
2033-08-09,45.1567899509482,44.07271001894161,46.189764629533904
2033-08-10,45.16454780515133,44.11646099425815,46.25829782265573
2033-08-11,45.18253015461202,44.124019787242354,46.30833062589469
2033-08-12,45.20121531290454,44.17491041852715,46.26302575645676
2033-08-13,45.28139637652666,44.27560446069029,46.419140636578966
2033-08-14,45.22652768403418,44.195788304518466,46.307760363025594
2033-08-15,45.363964613079894,44.32150663124362,46.36712652158546
2033-08-16,45.394308199201106,44.32518792065984,46.40734508971394
2033-08-17,45.441501395717076,44.40642040397998,46.53233053196079
2033-08-18,45.497016698277854,44.45001642753755,46.52927414655106
2033-08-19,45.55009759562608,44.50834837631951,46.543400674565326
2033-08-20,45.66039430098036,44.59010901921055,46.734516111792715
2033-08-21,45.63034761295502,44.53947151138987,46.739650172836335
2033-08-22,45.78646226726204,44.78341406726478,46.87556051378875
2033-08-23,45.82868016953965,44.78057089792201,46.93247419891352
2033-08-24,45.88049938316208,44.923597465513765,46.91616301569795
2033-08-25,45.933177828784444,44.93001251485826,46.97984619034476
2033-08-26,45.97598359449297,44.90531886176607,47.005684367774364
2033-08-27,46.06883197147817,45.05665863750645,47.10492152901394
2033-08-28,46.014662960237764,44.96801454607628,47.081600091659425
2033-08-29,46.14070074525375,45.107489415417604,47.22686592074629
2033-08-30,46.147805903414465,45.04355204787155,47.181171574132975
2033-08-31,46.16056682331645,45.013567519930206,47.20341452669294
2033-09-01,46.17147010684711,45.152295421110885,47.226984245361834
2033-09-02,46.17111285409103,45.11800583035076,47.11377769382774
2033-09-03,46.22079810644954,45.201134664038875,47.1676185222367
2033-09-04,46.124868475781646,45.06974565943078,47.118266507836914
2033-09-05,46.21192082404715,45.09093854528435,47.30676862046281
2033-09-06,46.18411416706026,45.163610623263594,47.230472742656026
2033-09-07,46.167218685919444,45.143329107322266,47.183240630079574
2033-09-08,46.15474697805929,45.027121310084375,47.14009537398762
2033-09-09,46.13813172072299,45.094686262569276,47.25675018813205
2033-09-10,46.1792921641088,45.113535084027426,47.28337658990753
2033-09-11,46.082945458011686,45.00362590337994,47.152674806541505
2033-09-12,46.177806454097514,45.05750236745484,47.235848954842325
2033-09-13,46.165888710303,45.09426294817877,47.24174428688938
2033-09-14,46.17255488965539,45.098003127114495,47.28092252587614
2033-09-15,46.190657737752645,45.167439270369506,47.27452712077715
2033-09-16,46.21073560327163,45.11366911515359,47.23738243860609
2033-09-17,46.29360445324669,45.20343302207295,47.409035732589146
2033-09-18,46.24270167611205,45.22908906533669,47.28928276590857
2033-09-19,46.3853243777371,45.401895029177055,47.46251519062019
2033-09-20,46.42197376072584,45.41252086405623,47.545639458352916
2033-09-21,46.47645247659076,45.37841977537624,47.579166560483316
2033-09-22,46.540054704533944,45.50932791662742,47.65214489842846
2033-09-23,46.601811405687364,45.494349546693854,47.65368548287421
2033-09-24,46.72113115008601,45.66313567375207,47.772399835240776
2033-09-25,46.70019026356133,45.620325779134276,47.77160853910043
2033-09-26,46.86521351075592,45.82515321002642,47.94590700568964
2033-09-27,46.91585551895135,45.83838766501523,48.026709447567114
2033-09-28,46.97532859446838,45.93942504028183,48.01236623343396
2033-09-29,47.0346156353335,46.01315342038063,48.14909695358918
2033-09-30,47.082729761774466,46.05008907794823,48.17396728420168
2033-10-01,47.17936048569361,46.135265693260756,48.19735838466629
2033-10-02,47.12725986252149,46.06240296799388,48.14906439157089
2033-10-03,47.25350982322266,46.220210710587374,48.41944673743195
2033-10-04,47.258881162566574,46.25128594892241,48.30484557727934
2033-10-05,47.26793039236004,46.169467917596904,48.3223773080244
2033-10-06,47.27317399270438,46.26957615238158,48.310029895190745
2033-10-07,47.26530276301405,46.23140965166387,48.39142479362906
2033-10-08,47.30577739544127,46.250091826681775,48.33679644905532
2033-10-09,47.199160200238005,46.09092015776263,48.23210163905437
2033-10-10,47.27432580878729,46.182285464154525,48.28173528234217
2033-10-11,47.23376305257718,46.17345669252471,48.333187455637564
2033-10-12,47.20361599192237,46.106274608186396,48.275494027906625
2033-10-13,47.17780538234085,46.0943303796092,48.220768752842886
2033-10-14,47.14819497123849,46.15367032915596,48.11882459102185
2033-10-15,47.17714532202791,46.19303576882896,48.21749387173511
2033-10-16,47.06981150349129,46.00630872470229,48.08994575692774
2033-10-17,47.15532866679183,46.04524553365811,48.269417523215644
2033-10-18,47.1360986536757,46.092125142329174,48.212292052119906
2033-10-19,47.13782627080113,46.14223980674774,48.21596688509924
2033-10-20,47.15364687039411,46.08363118086382,48.30812908249722
2033-10-21,47.174309657512815,46.16945358033306,48.20587506120431
2033-10-22,47.26075911767455,46.1628457877057,48.288672750826905
2033-10-23,47.21647027185431,46.14662325833344,48.21629462121175
2033-10-24,47.368680836273384,46.30165987173661,48.41603573916492
2033-10-25,47.41773219435913,46.49451180335224,48.42310738447398
2033-10-26,47.487166320389655,46.401292793232784,48.602787766515995
2033-10-27,47.56791858053747,46.44988890709214,48.61918081271943
2033-10-28,47.64856894536456,46.60252715643604,48.766202851520184
2033-10-29,47.787992002723236,46.68630536496914,48.86748509683161
2033-10-30,47.78775941221694,46.800464360981046,48.88195482733462
2033-10-31,47.97343581201505,46.877314861559555,49.07275959100367
2033-11-01,48.043978079225546,46.91057900138541,49.13729083078085
2033-11-02,48.12188319809569,47.040281608772204,49.16378837080384
2033-11-03,48.197422955341644,47.118192105089896,49.2707011594726
2033-11-04,48.25892652263112,47.155870413616995,49.316580335839326
2033-11-05,48.365450121244294,47.291796460743775,49.36055003335783
2033-11-06,48.31918653643428,47.30682628634942,49.34403410661291
2033-11-07,48.44675497056732,47.365804088064756,49.50490743704285
2033-11-08,48.44858098827843,47.4528206603022,49.52145922490757
2033-11-09,48.44901204507961,47.345136666499485,49.49353105671166
2033-11-10,48.44050744135344,47.38988053671953,49.50574757534209
2033-11-11,48.41386475920466,47.31858538081735,49.39076296318944
2033-11-12,48.430823327592954,47.36125333018686,49.51868008316659
2033-11-13,48.29639915450916,47.19862223709901,49.24831090223679
2033-11-14,48.340093765236446,47.301839968472386,49.39594580880223
2033-11-15,48.26518887808947,47.27793228763907,49.329535442528815
2033-11-16,48.19877475731307,47.240339552396335,49.26777192373011
2033-11-17,48.1358535397655,47.18692272569425,49.22239425118487
2033-11-18,48.069482086043394,47.00926212910479,49.14037025863359
2033-11-19,48.06329736333987,46.99089313461962,49.0313744608178
2033-11-20,47.923781158976404,46.92634616598732,48.99641857404277
2033-11-21,47.981408753942205,46.96641798899899,49.09558098612788
2033-11-22,47.939895443372315,46.905641609370186,49.072370749899854
2033-11-23,47.92619040556253,46.85756087648439,48.97576816666156
2033-11-24,47.93456053258249,46.88893724183718,48.99730201450821
2033-11-25,47.95672970144508,46.928104357134195,49.04330538900133
2033-11-26,48.0544170005713,47.021102248540195,49.13795606511612
2033-11-27,48.031630775877595,46.987126518779405,49.04580441707402
2033-11-28,48.215862739685456,47.14883747777339,49.210239856644144
2033-11-29,48.307395194881444,47.30939151837824,49.33584416094335
2033-11-30,48.42936960846846,47.297756356160484,49.43457335752218
2033-12-01,48.571957474923536,47.46788376066509,49.6749173247155
2033-12-02,48.72259690959798,47.67731606976417,49.853710436775074
2033-12-03,48.9386361319762,47.906970860802176,49.963449576847744
2033-12-04,49.019738091070735,47.9366228396956,50.0
2033-12-05,49.28918767385631,48.23490457859688,50.0
2033-12-06,49.44331162959235,48.41510576277386,50.0
2033-12-07,49.60165648429177,48.51608837624812,50.0
2033-12-08,49.7512624645053,48.6806891230253,50.0
2033-12-09,49.87699406699753,48.805128363833376,50.0
2033-12-10,50.0,48.96064207118037,50.0
2033-12-11,50.0,48.9447940917622,50.0
2033-12-12,50.0,49.072607147230954,50.0
2033-12-13,50.0,49.0366663257054,50.0
2033-12-14,50.0,49.030565603728654,50.0
2033-12-15,50.0,49.01404770179793,50.0
2033-12-16,49.894964554758175,48.79156579298146,50.0
2033-12-17,49.76606293419589,48.618819266959854,50.0
2033-12-18,49.44535321348293,48.38549709289621,50.0
2033-12-19,49.26040150676416,48.19468676653899,50.0
2033-12-20,48.913114383310464,47.82605953395284,49.90914279156162
2033-12-21,48.52982399577637,47.48749920558288,49.555975954936216
2033-12-22,48.10543867183472,47.009304741022845,49.17041311503681
2033-12-23,47.63362221826442,46.57155947176464,48.67906363852099
2033-12-24,47.17934383767444,46.15790565521626,48.23948742003194
2033-12-25,46.5511545735714,45.47679227535823,47.536572114198705
2033-12-26,46.082334278253285,45.01384204043446,47.16793158411036
2033-12-27,45.48012262361616,44.42339690681204,46.46754064313636
2033-12-28,44.875683571338996,43.83717433758437,45.95732393739359
2033-12-29,44.26814611962038,43.24241091622564,45.368700940232465
2033-12-30,43.654687299854196,42.5633729979783,44.73036661435094
2033-12-31,43.10300171750667,42.165561835870335,44.04599759245807
2034-01-01,42.4235155538461,41.44039216310164,43.49337149529029
2034-01-02,41.95049057893855,40.92464917649601,42.98518140886099
2034-01-03,41.391232765860586,40.30435990117813,42.46902527859175
2034-01-04,40.87605547854825,39.84099005356604,41.90282872979269
2034-01-05,40.40234007804148,39.33104110242621,41.39279994256333
2034-01-06,39.964659419076696,38.89955098958452,40.97497145670591
2034-01-07,39.627307513872694,38.57611647046914,40.694930516693375
2034-01-08,39.19659177360921,38.227280293919485,40.25631282885048
2034-01-09,39.00203142210104,37.965633176102,40.090567053927884
2034-01-10,38.74567431774273,37.68483456707577,39.76727773623185
2034-01-11,38.55217946566442,37.4839914373571,39.55044621065777
2034-01-12,38.41300510814269,37.369242109785695,39.464900388139775
2034-01-13,38.31666471932617,37.21619248833331,39.24474969842294
2034-01-14,38.32139092799112,37.338765085824825,39.4542611690849
2034-01-15,38.227560502396564,37.21341051123107,39.292862107891196
2034-01-16,38.35902077696043,37.296571479324534,39.53336463973368
2034-01-17,38.41252668585901,37.25823771523535,39.54669203164887
2034-01-18,38.50793283682479,37.44260693133278,39.52903607745389
2034-01-19,38.63247795870492,37.56017667731555,39.599431019585424
2034-01-20,38.77112185251117,37.75774324148536,39.83532993526698
2034-01-21,38.97927308524786,37.90315625614598,39.963552059869116
2034-01-22,39.05525923102227,38.030837524280784,40.06468397377764
2034-01-23,39.32167919463584,38.274768884673875,40.37686679286188
2034-01-24,39.47484644079596,38.420433664656635,40.50596335357184
2034-01-25,39.63496772653895,38.52803120347692,40.76233017904247
2034-01-26,39.79039533163561,38.76970318879075,40.80321447657975
2034-01-27,39.92791405198089,38.902277253361945,40.94596865289766
2034-01-28,40.105402769649864,39.047877969796396,41.214891975308674
2034-01-29,40.124224371173476,39.0882638417603,41.18577529623632
2034-01-30,40.310485852562124,39.1953427877593,41.30157005463297
2034-01-31,40.364380008956275,39.31474861263951,41.43582225501781
2034-02-01,40.41025608135885,39.42650172024454,41.51695461320646
2034-02-02,40.44076025415861,39.306796553525736,41.440378925929444
2034-02-03,40.44701021306669,39.48004382096417,41.522038207598484
2034-02-04,40.49114648872065,39.44927305257063,41.61491052435213
2034-02-05,40.37861715905135,39.27972076611872,41.36790296538666
2034-02-06,40.43934036745316,39.33768347903354,41.4129206360599
2034-02-07,40.376958422943055,39.29998071826998,41.429449545821306
2034-02-08,40.31883291329389,39.175784228833976,41.344895048276726
2034-02-09,40.26012342321348,39.188004969157554,41.37550172266716
2034-02-10,40.1939153654914,39.14679392831723,41.22672925120073
2034-02-11,40.18374052003675,39.09556071883515,41.19907875271142
2034-02-12,40.03584727857166,38.97428354288392,41.0677517396022
2034-02-13,40.08036502759395,39.09115457041618,41.087521310147665
2034-02-14,40.02057597064925,39.051288765938196,41.05294509851143
2034-02-15,39.98294293525317,38.96136630180327,41.083644679521534
2034-02-16,39.96123448202276,38.822065315835204,40.98211359572916
2034-02-17,39.946711202294466,38.89830987019213,40.92202596892896
2034-02-18,40.0007148812132,38.99080905210751,41.05383386810318
2034-02-19,39.92701536796366,38.8089429470777,40.98861108149704
2034-02-20,40.0530572554938,38.99507041580752,41.13655979888264
2034-02-21,40.079317234064575,39.05494645257654,41.123025762577385
2034-02-22,40.129418190562824,39.097161550722504,41.210323169573016
2034-02-23,40.19433893059832,39.16696808039106,41.296821114626965
2034-02-24,40.26268106969214,39.24051822451217,41.312956853021134
2034-02-25,40.393332594751605,39.320231195592186,41.37182704579006
2034-02-26,40.38788098407475,39.32143997055989,41.36290631646526
2034-02-27,40.57191630800917,39.52725660762714,41.626790437146894
2034-02-28,40.64443380993385,39.61893681200639,41.71911406260282
2034-03-01,40.72798102316338,39.76933688505193,41.79635519005223
2034-03-02,40.81288765512203,39.72527905923811,41.88610320615817
2034-03-03,40.88753952147119,39.852408724035016,41.85990267512644
2034-03-04,41.01103615025722,39.99757414669165,42.090927166441055
2034-03-05,40.985585435060514,39.94143153944498,42.102703632559084
2034-03-06,41.13777660088021,40.10820880962135,42.24000783319178
2034-03-07,41.167942144161536,40.132513658639304,42.31526276827759
2034-03-08,41.20025524498269,40.07370489182917,42.282589923653894
2034-03-09,41.226902558932544,40.16905349454963,42.28018596541094
2034-03-10,41.23829552851155,40.18912626037748,42.29261934996259
2034-03-11,41.295661814900974,40.28753759317196,42.4097533316529
2034-03-12,41.203372273659525,40.16799082354116,42.31673955327708
2034-03-13,41.290146785604776,40.223033077844676,42.369784931260774
2034-03-14,41.25835159488908,40.231638750565246,42.272483106914976
2034-03-15,41.23403652860147,40.245385310099394,42.27443225792394
2034-03-16,41.21105371450376,40.19118248601282,42.205909478291126
2034-03-17,41.18122243111504,40.18744270919148,42.2338353015706
2034-03-18,41.206882930477136,40.14887289317501,42.21185757327364
2034-03-19,41.09319560950092,39.9839714647428,42.12181049419546
2034-03-20,41.16932948312401,40.08677831837391,42.169218310360314
2034-03-21,41.1377529291097,40.14107638042589,42.192177487414234
2034-03-22,41.12427506853623,40.05540564344129,42.13690216109481
2034-03-23,41.12217906591688,40.04228944447378,42.13646891421954
2034-03-24,41.12241134336695,40.10712607405071,42.20528761721583
2034-03-25,41.18616862632998,40.15826550318882,42.2490424597313
2034-03-26,41.11723802299194,40.117209866383604,42.2139929511572
2034-03-27,41.243232705102415,40.20432441585074,42.26545956364592
2034-03-28,41.26493460757228,40.20753278706486,42.31172236332343
2034-03-29,41.30639084073587,40.255298896806,42.37789910337033
2034-03-30,41.35910336331429,40.27243585629733,42.45092822897074
2034-03-31,41.41227416214379,40.32805679020624,42.536859631245285
2034-04-01,41.52544614816697,40.367226260591,42.58149747820517
2034-04-02,41.5008933541763,40.506238418958105,42.513239031862675
2034-04-03,41.664901524141406,40.56825891474959,42.711464359412155
2034-04-04,41.71714921513069,40.71643646513998,42.71669306288414
2034-04-05,41.78083502747393,40.68050173169615,42.84005194642626
2034-04-06,41.84688968070154,40.85449110401006,42.90396072478002
2034-04-07,41.904234620301544,40.85512666758192,42.98508585839096
2034-04-08,42.01242708659889,40.926430678944584,43.171389174924144
2034-04-09,41.974045240451595,40.92709258320338,43.05273264028722
2034-04-10,42.11595472811644,41.0433116965326,43.20385135804523
2034-04-11,42.13866736944909,41.0592288732651,43.20799323902395
2034-04-12,42.16643839815197,41.098792905668795,43.195920855269044
2034-04-13,42.19144200660773,41.176976655619605,43.203424216799974
2034-04-14,42.20398810277087,41.13815077725915,43.29815915354704
2034-04-15,42.26512158061715,41.19512994045332,43.32267273224574
2034-04-16,42.17895917302199,41.097348084568495,43.26549648932721
2034-04-17,42.27390680117807,41.21318477656254,43.29460216549674
2034-04-18,42.251969646395196,41.22967860198258,43.37975435490185
2034-04-19,42.238802877219946,41.23344839037737,43.31524666033383
2034-04-20,42.227844205382084,41.084307418618216,43.17540243255335
2034-04-21,42.210492473122976,41.126188141772225,43.2490075180139
2034-04-22,42.24867470413286,41.31903241525134,43.295875990332554
2034-04-23,42.14715762043905,41.08393422788422,43.268859287800986
2034-04-24,42.23474724893828,41.16577208338688,43.26253953347771
2034-04-25,42.21358930969528,41.09359258616049,43.294361007999306
2034-04-26,42.209218530085316,41.147972833027495,43.239199111659346
2034-04-27,42.214698010495624,41.21118405180887,43.29024706210812
2034-04-28,42.22081254145562,41.11247299400212,43.30888927735123
2034-04-29,42.288657758872475,41.196517145614386,43.367760418143554
2034-04-30,42.2219803704522,41.220644226187275,43.26602554741152
2034-05-01,42.348412110109024,41.3175601350815,43.38655819630138
2034-05-02,42.36880897965903,41.261263308954135,43.42135335831827
2034-05-03,42.40734265987306,41.376022731058185,43.46792612535665
2034-05-04,42.45568386554712,41.411707407274776,43.496055176308715
2034-05-05,42.5032401472041,41.431855850560574,43.579461393034954
2034-05-06,42.60978862622408,41.5896579524444,43.58359255322135
2034-05-07,42.577857537528,41.53214518056308,43.63058242826246
2034-05-08,42.73399796034576,41.69546109609598,43.75062452572244
2034-05-09,42.7781561417451,41.72251313528326,43.86028088003825
2034-05-10,42.83379229683471,41.70837506984606,43.90104579936703
2034-05-11,42.89208484840745,41.78904002395798,43.9899637710207
2034-05-12,42.94218200670064,41.93264684293291,44.01835694533244
2034-05-13,43.04384080118673,42.009886792689365,44.048168715508105
2034-05-14,42.99980730066111,41.95157483148435,44.05538674300582
2034-05-15,43.1370795037396,42.06770366078731,44.15215661981252
2034-05-16,43.15626364063215,42.16388774834867,44.1864510321594
2034-05-17,43.181670328657894,42.15167088323802,44.26797102596344
2034-05-18,43.20549030627831,42.211527135957105,44.267821149429594
2034-05-19,43.218012586557045,42.233252814238504,44.30260409888023
2034-05-20,43.28022622996789,42.242125974185235,44.371222614096546
2034-05-21,43.19616067360793,42.10555373323724,44.2693598123811
2034-05-22,43.29410737434108,42.25343203134887,44.32082599011604
2034-05-23,43.27593481649218,42.21650253466291,44.37040895965916
2034-05-24,43.2671446295082,42.251979069050876,44.35460211490878
2034-05-25,43.26100979587246,42.2249729311711,44.38023684272916
2034-05-26,43.24875895929863,42.207854832057,44.20084287860755
2034-05-27,43.29214907979269,42.19015515955292,44.343677721199775
2034-05-28,43.1957822648136,42.0866420861822,44.25036445332236
2034-05-29,43.2883102446951,42.24119774390993,44.32724242907427
2034-05-30,43.27173905074092,42.18655505128212,44.331431473493595
2034-05-31,43.27148193154118,42.17112423054891,44.28936781342097
2034-06-01,43.2805015522791,42.23078839352259,44.27159779049311
2034-06-02,43.289505324918366,42.22657817918516,44.28091215635751
2034-06-03,43.3595357333041,42.38599120118803,44.368547756867784
2034-06-04,43.294310892395345,42.27988446188492,44.3249456151144
2034-06-05,43.42145803172235,42.42203732137713,44.44427584159251
2034-06-06,43.441851520561706,42.38146044327996,44.454088569517936
2034-06-07,43.479702396772694,42.44536062372652,44.54537416868719
2034-06-08,43.526739271932676,42.53405127071287,44.53915753930206
2034-06-09,43.572443227206946,42.547495526432066,44.657723887190116
2034-06-10,43.67667730806831,42.607840174054395,44.635625039922736
2034-06-11,43.64206461818719,42.55521262847385,44.71312766914762
2034-06-12,43.79525651958493,42.75848835784007,44.84627432183573
2034-06-13,43.83630146628946,42.9320030207559,44.81418044380042
2034-06-14,43.888760469952594,42.89151960563472,44.87619441623822
2034-06-15,43.943908263138425,42.843877616958586,45.05035018147983
2034-06-16,43.99098214931141,42.93919778229442,45.082480324460214
2034-06-17,44.08981872279285,43.07558682457599,45.15915305640541
2034-06-18,44.04323224768528,42.94854210419242,45.0757512992557
2034-06-19,44.17827621100054,43.094987001781405,45.13118735876817
2034-06-20,44.19559880423461,43.19773791611016,45.28095754309948
2034-06-21,44.2195387699672,43.09474869971485,45.2597617173654
2034-06-22,44.242301314316066,43.20927181170508,45.31525943685535
2034-06-23,44.25417688596367,43.206241672744675,45.35204551723589
2034-06-24,44.316143967560485,43.268256300605856,45.39595508892013
2034-06-25,44.2322107512243,43.173285215753786,45.36177248994596
2034-06-26,44.33063838219997,43.24652812215236,45.37675279794963
2034-06-27,44.31325774284018,43.27062631403995,45.33844160077762
2034-06-28,44.30552744221659,43.24632691025025,45.368502587891086
2034-06-29,44.30067391301239,43.29546816355847,45.343800876872024
2034-06-30,44.28987755161364,43.21584914298652,45.31363719454624
2034-07-01,44.334847081057404,43.30045709229127,45.42200284675105
2034-07-02,44.24013790867739,43.251462860753946,45.35281015992349
2034-07-03,44.334357900566154,43.2675155754981,45.401030022164925
2034-07-04,44.31947309791381,43.214634753936096,45.37737946950342
2034-07-05,44.32086139086473,43.182099538193306,45.39987399960243
2034-07-06,44.331455188366505,43.1348844238866,45.36669853262056
2034-07-07,44.34193693887801,43.29115701315618,45.46893198974559
2034-07-08,44.413329385278175,43.33465990658836,45.49015591827735
2034-07-09,44.349335823412275,43.23383272269665,45.37830887003647
2034-07-10,44.47757309373697,43.36423681324111,45.55710444932865
2034-07-11,44.49890896984942,43.44222312482188,45.57301614471611
2034-07-12,44.53755095672105,43.49907667740677,45.666745033867
2034-07-13,44.58522642416599,43.54448900480701,45.650126860560206
2034-07-14,44.631416742338274,43.56424418591504,45.67240922025798
2034-07-15,44.735986076682266,43.701673662426614,45.82705161710315
2034-07-16,44.70155888665135,43.63197302836626,45.73841297350073
2034-07-17,44.854787671846466,43.80695429063208,45.964148456654726
2034-07-18,44.895721520333296,43.822926107161244,45.934216078773595
2034-07-19,44.94792147474559,43.945637296895505,45.97507842071902
2034-07-20,45.002661787905815,43.97027713082657,46.101800437789656
2034-07-21,45.04917905158249,43.95343529267834,46.17993548705269
2034-07-22,45.147309365081405,44.12263428108828,46.23172163086678
2034-07-23,45.09986730561566,44.00485712396805,46.11062637724961
2034-07-24,45.233908179458865,44.247080070342996,46.24505392876478
2034-07-25,45.25008426429286,44.13554928014645,46.2218223512294
2034-07-26,45.272741429962316,44.24460416466959,46.26676046109885
2034-07-27,45.29409578587701,44.22926164908136,46.32628780063604
2034-07-28,45.30445310240244,44.28494144471172,46.34272868950384
2034-07-29,45.36481210053055,44.273308985192706,46.4208854518313
2034-07-30,45.27920643442019,44.189769211915724,46.306763336099344
2034-07-31,45.375928010562404,44.33185922451759,46.449230970141855
2034-08-01,45.356843584474,44.2836230053804,46.33038891862188
2034-08-02,45.3474522798751,44.35567415866524,46.320128897345306
2034-08-03,45.34102492402846,44.254003621654554,46.373751396850466
2034-08-04,45.32878914055235,44.31302336073662,46.37125790488352
2034-08-05,45.3725023985713,44.30042393756022,46.45649028570286
2034-08-06,45.276768822933484,44.237358381505715,46.37180987581328
2034-08-07,45.37024323350856,44.32448747137642,46.46937355446064
2034-08-08,45.35493499619908,44.30616183742044,46.30659748498968
2034-08-09,45.35625976882608,44.3700051337359,46.425348322475784
2034-08-10,45.36718025545144,44.256700261954826,46.37985435844198
2034-08-11,45.378399904031156,44.351051478376455,46.43669081674611
2034-08-12,45.45095151262081,44.386750874566104,46.49636797192117
2034-08-13,45.38853609414193,44.3128606811234,46.50321677709345
2034-08-14,45.518754805054144,44.49368234962658,46.6246318164378
2034-08-15,45.54244566966409,44.435273437899326,46.514032288190066
2034-08-16,45.58377216974879,44.40364246044246,46.58423921406666
2034-08-17,45.63440366797419,44.604939504654624,46.762962376652915
2034-08-18,45.68375035847045,44.62161140911406,46.79988505049095
2034-08-19,45.79159341030432,44.74591317025094,46.92719021341686
2034-08-20,45.76046433683029,44.674390884253285,46.72135269006237
2034-08-21,45.916915103016656,44.881455214830815,46.9653833962053
2034-08-22,45.96088947375585,44.917445683471584,47.085482703463185
2034-08-23,46.01584154767229,44.97641373964489,47.14660800773327
2034-08-24,46.07294045932013,45.09900084658012,47.182967689198186
2034-08-25,46.12132312909883,45.09248680650919,47.1295919787955
2034-08-26,46.22073511081803,45.18657316795216,47.29282472850296
2034-08-27,46.173913173202386,45.1940535102092,47.1877353427083
2034-08-28,46.30785096385583,45.27425971635452,47.41755472338494
2034-08-29,46.32315833516652,45.315630578728246,47.451412764316615
2034-08-30,46.34416059267433,45.34314297754601,47.518371548137836
2034-08-31,46.36307719632243,45.26759422491727,47.40150400405112
2034-09-01,46.370242557673095,45.29448228970032,47.39910486258345
2034-09-02,46.42670994090441,45.35426196561004,47.4607138518126
2034-09-03,46.33659322749304,45.251741963573494,47.34992210263546
2034-09-04,46.4282891486881,45.34668637030069,47.4890276224713
2034-09-05,46.40379191475045,45.38310574923377,47.52956094950616
2034-09-06,46.388747903374565,45.364584737932034,47.419512605332656
2034-09-07,46.37659134878005,45.35735225482048,47.35796661538425
2034-09-08,46.35872505064352,45.257442791502235,47.391667707293486
2034-09-09,46.39708840858578,45.301555064005996,47.49918094575109
2034-09-10,46.296468720410125,45.304671841732684,47.35490380469695
2034-09-11,46.385699369076946,45.31252850246669,47.47449899006482
2034-09-12,46.36695765727349,45.31543528906111,47.40348965753675
2034-09-13,46.365810563241126,45.34026959070526,47.3987034912479
2034-09-14,46.37534973050732,45.298782746200935,47.39024564304412
2034-09-15,46.38637982785709,45.286245011697524,47.454437282511854
2034-09-16,46.46000244192243,45.34184283528103,47.48453715501374
2034-09-17,46.39995103862923,45.422763182996746,47.452991683307744
2034-09-18,46.533819967395964,45.49660456549553,47.54384354303997
2034-09-19,46.562399384385124,45.50188020482521,47.66732423058177
2034-09-20,46.60976327918598,45.58301384350116,47.68680828607343
2034-09-21,46.66745065311253,45.52786015793622,47.76791834082866
2034-09-22,46.72470258300529,45.71737205303093,47.80538026230458
2034-09-23,46.84109583447393,45.86075157695,47.92037000037927
2034-09-24,46.818927011618406,45.717506947286054,47.86218965051773
2034-09-25,46.98448866467521,45.77938650221692,48.13053428519087
2034-09-26,47.03744772418299,46.078698710322534,48.064816218290325
2034-09-27,47.10097203034594,46.0920542800605,48.220200493522576
2034-09-28,47.16594372705292,46.14760101269074,48.2241011350407
2034-09-29,47.221221153950864,46.1257564184359,48.29725998188323
2034-09-30,47.32628901459141,46.2520456863708,48.27890565017033
2034-10-01,47.28365016649612,46.305526704574646,48.32943608083054
2034-10-02,47.42010008116858,46.36526733899312,48.47943206657458
2034-10-03,47.43609425210927,46.328097677726134,48.52591646764956
2034-10-04,47.45585451854798,46.42363550164436,48.469301037105225
2034-10-05,47.471553560778716,46.370132950673636,48.45752037107103
2034-10-06,47.47353996346654,46.33513764596002,48.56618477476986
2034-10-07,47.52294464489049,46.50735649546102,48.54097396426951
2034-10-08,47.42402324730835,46.34248051433282,48.501500255524185
2034-10-09,47.50537698021462,46.4146359910398,48.6809642721566
2034-10-10,47.46926379138448,46.41327228940269,48.49939159568858
2034-10-11,47.44164753668477,46.414352760826404,48.57555408954377
2034-10-12,47.41632616386483,46.296949048258625,48.51584558853416
2034-10-13,47.385103069144066,46.28185972622163,48.49299272839783
2034-10-14,47.410344136451855,46.29484231278745,48.519286508996906
2034-10-15,47.29727666289253,46.10807195427636,48.27211399250137
2034-10-16,47.37517411650009,46.18638970209754,48.37418610937701
2034-10-17,47.3466398547076,46.26062275776945,48.387445167819685
2034-10-18,47.337638486007656,46.30878825522195,48.30347679556073
2034-10-19,47.34161662482159,46.282199009890185,48.39271829688498
2034-10-20,47.349677629747205,46.23413443931619,48.42108634057763
2034-10-21,47.423152944793934,46.36566174040571,48.47844328451641
2034-10-22,47.36592602662458,46.32294780528469,48.367465463050806
2034-10-23,47.505652254057146,46.445279388723726,48.4691188541306
2034-10-24,47.54308708001728,46.473543413734795,48.52556592807467
2034-10-25,47.60216994240639,46.552088320224165,48.65950272769971
2034-10-26,47.674204249834006,46.61743448022358,48.74209933303817
2034-10-27,47.74809636847866,46.67030675958786,48.81109700318916
2034-10-28,47.882994381612015,46.81551808127561,48.85961900223028
2034-10-29,47.880680624415014,46.84867842256064,48.938132341444124
2034-10-30,48.06685933414944,46.993321612473245,49.05271496453463
2034-10-31,48.14054960373469,47.16281215881211,49.17993511410211
2034-11-01,48.22422912816397,47.13783296593218,49.20678461133726
2034-11-02,48.30806713867303,47.328841147056586,49.418632948584616
2034-11-03,48.38020769458231,47.30605803648354,49.432068588241904
2034-11-04,48.49944256751568,47.41674457489349,49.63533547761961
2034-11-05,48.46762645254897,47.37138882408058,49.57249954783425
2034-11-06,48.610974889360165,47.529309501257565,49.65678080018028
2034-11-07,48.62945446927453,47.51256978299576,49.70588450399766
2034-11-08,48.64691057474684,47.6099826754949,49.70728679679167
2034-11-09,48.65527118662188,47.68036865940465,49.676901918675036
2034-11-10,48.644788455921706,47.564359582734006,49.76585675824366
2034-11-11,48.67665818021427,47.595031663268514,49.82542660774592
2034-11-12,48.555371183925004,47.462124986680394,49.60771288994355
2034-11-13,48.60993858023468,47.536584719824525,49.666967615889575
2034-11-14,48.54320237519474,47.46408190475528,49.54975588600822
2034-11-15,48.48187878687295,47.43087266496702,49.504933073085745
2034-11-16,48.42067512637375,47.443006746510726,49.53369682254165
2034-11-17,48.35244437179307,47.29297647876531,49.41467362344019
2034-11-18,48.34072006524465,47.27773937164806,49.41722346938939
2034-11-19,48.19198800859239,47.10631200909167,49.21838107033571
2034-11-20,48.236839127694246,47.23757716194067,49.274383400709254
2034-11-21,48.17921720474366,47.143156453874056,49.29368739924591
2034-11-22,48.14641087157464,47.05545109846374,49.13896664283763
2034-11-23,48.13313245123354,47.07708361045879,49.20916463099478
2034-11-24,48.13164918608502,47.12774071360163,49.194418275526196
2034-11-25,48.20431051138458,47.1090479290732,49.304355222679035
2034-11-26,48.155828465078436,47.092689584610945,49.172174104940055
2034-11-27,48.3144557808794,47.24738196470116,49.304757648649364
2034-11-28,48.38127509116765,47.33142320796792,49.486258497690386
2034-11-29,48.48024790919233,47.36876105443658,49.49882214304838
2034-11-30,48.60236481653477,47.55218317739105,49.63735199145533
2034-12-01,48.73586081950809,47.715197237190594,49.79136735207383
2034-12-02,48.938837581955184,47.896705016349756,49.986120586156524
2034-12-03,49.01164734413126,47.964527204245094,50.0
2034-12-04,49.278180520940595,48.266203879246135,50.0
2034-12-05,49.43526764473622,48.32163621826643,50.0
2034-12-06,49.60284142478161,48.574699683489364,50.0
2034-12-07,49.76819739216508,48.60842741926233,50.0
2034-12-08,49.91631415552823,48.89614521210615,50.0
2034-12-09,50.0,49.09235171310007,50.0
2034-12-10,50.0,49.094276712720145,50.0
2034-12-11,50.0,49.21771716329337,50.0
2034-12-12,50.0,49.28301236258081,50.0
2034-12-13,50.0,49.26164685711427,50.0
2034-12-14,50.0,49.35513022045037,50.0
2034-12-15,50.0,49.17728683824528,50.0
2034-12-16,50.0,49.13626567582505,50.0
2034-12-17,49.93077869891408,48.874139826078306,50.0
2034-12-18,49.80936884841344,48.78807460654413,50.0
2034-12-19,49.52472836140386,48.501087749989765,50.0
2034-12-20,49.202052578245585,48.1357707179383,50.0
2034-12-21,48.83513161289369,47.821354912729696,49.9238822517539
2034-12-22,48.416554698325264,47.402126043210785,49.43717206048963
2034-12-23,48.0102843514361,46.926539639075116,49.050582598290106
2034-12-24,47.423955674446816,46.38974755059436,48.53884619018604
2034-12-25,46.99004422083162,45.92772965992434,47.93780455458351
2034-12-26,46.4151154264602,45.31958951261831,47.47114007392564
2034-12-27,45.82980456341296,44.8190455028719,46.92371081927793
2034-12-28,45.23286964723372,44.18159143192114,46.311769944913436
2034-12-29,44.62128296735722,43.452984464922885,45.65483599547742
2034-12-30,44.06270532177277,43.013920879729056,45.16995501439643
2034-12-31,43.36770075571182,42.32158039363269,44.457932956632284
2035-01-01,42.87083733711334,41.84730936667597,43.882368376245495
2035-01-02,42.27988864089474,41.195673808362784,43.32574656990691
2035-01-03,41.72578609400745,40.69372276429009,42.749383164731135
2035-01-04,41.206665298479805,40.1037673044397,42.270934267760026
2035-01-05,40.717972162362834,39.68247941252535,41.84841727857001
2035-01-06,40.324972549743876,39.286862529400516,41.377207059081286
2035-01-07,39.83502235935111,38.84436368598215,40.939352535353095
2035-01-08,39.578742177100466,38.437887814008974,40.61128817350088
2035-01-09,39.25930932692389,38.224221092519024,40.35088898847241
2035-01-10,39.00251521204969,37.935349412914135,40.067182203518314
2035-01-11,38.8009284512466,37.75636230370371,39.90026009900457
2035-01-12,38.64412674287466,37.57058312927611,39.74417326673385
2035-01-13,38.59133806179295,37.48532760847765,39.66286696390328
2035-01-14,38.443844864386975,37.375221269436715,39.50591137663473
2035-01-15,38.52629216865099,37.47578363302777,39.62890917869283
2035-01-16,38.53610909550011,37.51273293696802,39.57289804062979
2035-01-17,38.593688649072455,37.55631045977924,39.69600541638667
2035-01-18,38.686663329250166,37.60502666020646,39.748697856777966
2035-01-19,38.80023687489319,37.762718546553906,39.77000171670847
2035-01-20,38.98991045146174,37.90828230888822,39.970957195466454
2035-01-21,39.05395506647486,37.95174106686413,40.087811862065415
2035-01-22,39.31476963306425,38.26404636400448,40.31851489519262
2035-01-23,39.468333299904344,38.39993328645375,40.486990249804805
2035-01-24,39.634396356749434,38.5720572598267,40.71311096769601
2035-01-25,39.800747346977204,38.7120225022439,40.867209192397276
2035-01-26,39.953517224185624,38.82846642424214,40.94705382880601
2035-01-27,40.14985988612071,39.19217616708126,41.176667053644735
2035-01-28,40.190362337935184,39.07373737924643,41.27045960341405
2035-01-29,40.40032577881841,39.33492394455541,41.43911528332737
2035-01-30,40.479128455330134,39.399342925123086,41.528310963269774
2035-01-31,40.55031710404292,39.44637588115373,41.64969841929081
2035-02-01,40.60576734665804,39.534395422918564,41.708533420572074
2035-02-02,40.635876749893335,39.544701181908785,41.676634791939755
2035-02-03,40.70213282402296,39.65520174463341,41.837875006896326
2035-02-04,40.60941213919453,39.52806135206426,41.699003495670105
2035-02-05,40.68715468968744,39.55262934170344,41.78158765160906
2035-02-06,40.638627020242986,39.60088917554197,41.689067608032076
2035-02-07,40.590923373849414,39.56344209537284,41.58466040424627
2035-02-08,40.53904736522581,39.425408811547506,41.64643051089253
2035-02-09,40.47603968488699,39.4118957221338,41.534569682742614
2035-02-10,40.465495509098595,39.47500126512368,41.45202302806381
2035-02-11,40.3138287737184,39.19131865462765,41.30880788886568
2035-02-12,40.35142797884514,39.31873475572642,41.466830296195134
2035-02-13,40.281917125979355,39.17191486299966,41.293313800946926
2035-02-14,40.23217069064655,39.17187621341214,41.27153817872333
2035-02-15,40.196424351691206,39.153230737967114,41.221778873144714
2035-02-16,40.1664458012706,39.06093336657035,41.15920417451123
2035-02-17,40.20410777157998,39.15088328899041,41.22572126782263
2035-02-18,40.113718587236235,39.07760634510193,41.15933793809511
2035-02-19,40.223252807886276,39.24012568495959,41.261939183679274
2035-02-20,40.23369326978993,39.17044735025727,41.26495417752174
2035-02-21,40.269131012738335,39.16421742943777,41.21817405207287
2035-02-22,40.32096234271728,39.251249430557834,41.4085224310844
2035-02-23,40.37814489915591,39.25736137404464,41.36977429517329
2035-02-24,40.49985249150269,39.45447346148003,41.66516776462819
2035-02-25,40.48788179153921,39.354390412506696,41.55152746667865
2035-02-26,40.66795143190784,39.61618521820012,41.65727574356127
2035-02-27,40.739103066733264,39.71417044079755,41.79182007186164
2035-02-28,40.82384943370441,39.770905957452904,41.84219395213607
2035-03-01,40.91240756208391,39.91371076723166,41.956561616983514
2035-03-02,40.99297825563466,39.924122943889834,42.03625735517308
2035-03-03,41.12441125562479,40.043082371516164,42.1146837561853
2035-03-04,41.10860919411847,40.06579347544096,42.239351193258535
2035-03-05,41.27181128737792,40.31543691597581,42.335027534734564
2035-03-06,41.3139670816756,40.29269481412898,42.38064470133303
2035-03-07,41.35884637595311,40.40794329013386,42.45199724631877
2035-03-08,41.398224842180184,40.260294522936135,42.544479029267194
2035-03-09,41.4221080948903,40.359308710128275,42.429744270464575
2035-03-10,41.491335432190844,40.428249281965975,42.588004428035845
2035-03-11,41.409918313857645,40.32481483518562,42.44838830492592
2035-03-12,41.506256560680576,40.56119870025123,42.6004482609763
2035-03-13,41.48244463981319,40.40305613403047,42.53587007827853
2035-03-14,41.46431617089672,40.386842502566616,42.489219410673634
2035-03-15,41.445568083882335,40.320559701721116,42.450512201264985
2035-03-16,41.41792893558256,40.32656418619002,42.40105618133365
2035-03-17,41.443714159379546,40.37015400887672,42.45750950263735
2035-03-18,41.3281246202733,40.31046536076476,42.33875084667083
2035-03-19,41.400432486096136,40.33034725661965,42.536575851649
2035-03-20,41.36326750087818,40.26241235662596,42.50356865471101
2035-03-21,41.34265219475594,40.30422260064756,42.48317196245181
2035-03-22,41.332127532924474,40.33161225646315,42.406007535715425
2035-03-23,41.32293325752396,40.27863286370869,42.42197113986731
2035-03-24,41.376585131963445,40.35668062439705,42.42771569064632
2035-03-25,41.29720460506259,40.250995890385404,42.4124161215988
2035-03-26,41.41274379140497,40.30717216107957,42.45956995374351
2035-03-27,41.424317517302576,40.34428383925537,42.45905424299402
2035-03-28,41.45628945157504,40.46964421407409,42.49185457088422
2035-03-29,41.50045217810405,40.48174386797591,42.548772087900616
2035-03-30,41.54626373963868,40.46846208228287,42.5589210625732
2035-03-31,41.65348111208121,40.61281951886278,42.76074286001292
2035-04-01,41.6245444037023,40.5527232252498,42.71209439206886
2035-04-02,41.78585303154286,40.73426582827946,42.85415663956513
2035-04-03,41.83714410764376,40.81838698618353,42.94291593504174
2035-04-04,41.901618708867204,40.830306979287556,42.89444018408465
2035-04-05,41.97015475142144,40.91460191699561,43.07216031965991
2035-04-06,42.03156810479366,40.98873303256527,42.97896333860772
2035-04-07,42.145261774327636,41.03448395478258,43.15730860857767
2035-04-08,42.11361659721892,41.03013391893246,43.28147423383784
2035-04-09,42.263264641594986,41.204708318741446,43.34956435931704
2035-04-10,42.29445576387297,41.23559080008286,43.34284405886369
2035-04-11,42.331163495275355,41.26466251994126,43.41003385878379
2035-04-12,42.36526973159841,41.3528338377297,43.5064965986633
2035-04-13,42.38679084339882,41.273459893805935,43.394730940494654
2035-04-14,42.45648621500139,41.390590674753284,43.50967904908329
2035-04-15,42.378203994277605,41.35713904254547,43.312574250233766
2035-04-16,42.48010669534827,41.364722632993605,43.44253091432388
2035-04-17,42.46398863118124,41.44432526468242,43.48479491147787
2035-04-18,42.4553328906735,41.438875804005896,43.532381209870195
2035-04-19,42.44744885223277,41.44657244222342,43.4682575485163
2035-04-20,42.43165429700534,41.31525372382769,43.507148008044865
2035-04-21,42.46984446044267,41.42254919813317,43.4871052394149
2035-04-22,42.36680397934147,41.35394683245988,43.40836972544919
2035-04-23,42.451405362008785,41.40635101261221,43.493985889357624
2035-04-24,42.42590672622689,41.27778077218532,43.46126026834027
2035-04-25,42.41599704808801,41.39631695419811,43.43124193065525
2035-04-26,42.41493018935736,41.38524211765529,43.433761124595584
2035-04-27,42.41371178332329,41.305705784620876,43.516170446035474
2035-04-28,42.473681078103624,41.469967253980165,43.54331962800182
2035-04-29,42.39884320811719,41.32984860699349,43.493278554300204
2035-04-30,42.51709480591571,41.452514137481835,43.583835134946376
2035-05-01,42.529554778739126,41.4469715778846,43.673254221550735
2035-05-02,42.56064739831547,41.485718171594385,43.598764923795116
2035-05-03,42.602277738135825,41.56152738412945,43.663412909496756
2035-05-04,42.64406220550251,41.54368619801006,43.74115408726559
2035-05-05,42.74595487748348,41.727100542127644,43.84035558762547
2035-05-06,42.71062370818973,41.65417476123047,43.780839898792514
2035-05-07,42.86471814634276,41.85460167510896,43.892854481207515
2035-05-08,42.90823868679849,41.90576802283321,43.950120369447276
2035-05-09,42.96465431604423,41.87173504608776,44.09226600930898
2035-05-10,43.02510684564868,41.93482798612643,44.01483400160711
2035-05-11,43.07866402001002,42.00412164334922,44.113556068019925
2035-05-12,43.18496145122393,42.011161818959785,44.230836281160755
2035-05-13,43.146587015666796,42.04451594469738,44.24253975632321
2035-05-14,43.290349053576726,42.218203363860724,44.35640499395865
2035-05-15,43.316638937222805,42.17043300447884,44.32818845780104
2035-05-16,43.34953424606261,42.32215749836837,44.428203321393006
2035-05-17,43.380982047367674,42.3385527758268,44.43431184281444
2035-05-18,43.4010248819113,42.33830223652841,44.43566976770425
2035-05-19,43.47041040592834,42.437159015095745,44.50511904217123
2035-05-20,43.39293937807585,42.29129714041586,44.39007280513911
2035-05-21,43.49669450878317,42.36219284339971,44.5477668991205
2035-05-22,43.4833619980413,42.39318151760042,44.448984885206386
2035-05-23,43.47829330503868,42.3877415486744,44.47026851517722
2035-05-24,43.47464795663664,42.454274443917114,44.50618268938206
2035-05-25,43.46358126538287,42.43650189097014,44.49898348517768
2035-05-26,43.50681910250232,42.39507192012072,44.525189469837684
2035-05-27,43.40897549505026,42.41287278199798,44.4976215242638
2035-05-28,43.498756498166884,42.4267493597392,44.61681327105449
2035-05-29,43.478262926719346,42.40966097398892,44.542541583007946
2035-05-30,43.473040049924066,42.322976624725264,44.57339413256039
2035-05-31,43.47621540147801,42.481496744494294,44.51879760966541
2035-06-01,43.47868869718646,42.41064684119667,44.53229707977669
2035-06-02,43.54171589971136,42.41885599912204,44.56995719872381
2035-06-03,43.46924287125586,42.39383063593482,44.46786701424216
2035-06-04,43.589131525361395,42.495340420234186,44.55298674046713
2035-06-05,43.60249032893288,42.492837918396596,44.748249238266844
2035-06-06,43.6337563551965,42.59026932285944,44.74547203332015
2035-06-07,43.67486899665054,42.63635084952593,44.67132602709976
2035-06-08,43.71549817908439,42.60949972507636,44.78162155151236
2035-06-09,43.81566789460003,42.80396489269068,44.85824055002865
2035-06-10,43.77812924039761,42.672185793775526,44.8228906563876
2035-06-11,43.929624627722276,42.890629442049516,45.01423682804025
2035-06-12,43.970253811510126,42.82396590798906,44.96722926427815
2035-06-13,44.02358782471173,42.943270638431876,45.05508941986779
2035-06-14,44.080869928169875,42.967783470152916,45.085992386170815
2035-06-15,44.131265568557396,42.94936588776097,45.17606436450509
2035-06-16,44.23450148944306,43.213987217976495,45.30172939129245
2035-06-17,44.19324770586065,43.167909981004435,45.23249124655907
2035-06-18,44.334383741177895,43.34025826977683,45.35777283690684
2035-06-19,44.35835972992764,43.328404168396816,45.41946350666306
2035-06-20,44.389298643287894,43.328944563332016,45.420992182126426
2035-06-21,44.41917913453748,43.31871593621591,45.41917908281042
2035-06-22,44.438061584499756,43.403894155597044,45.52842398955499
2035-06-23,44.506698261857636,43.46509710063589,45.50099641159963
2035-06-24,44.42888223618598,43.47521499661852,45.46070350629153
2035-06-25,44.53267749829341,43.42733627734544,45.57330284971998
2035-06-26,44.519742042182465,43.387570674782324,45.48779707458629
2035-06-27,44.515391374533976,43.475311576409275,45.54657105703195
2035-06-28,44.512743178694805,43.508870156411334,45.62735949296374
2035-06-29,44.50290692459248,43.475573171599294,45.646911365350334
2035-06-30,44.54756049448635,43.51957443660552,45.626577544022204
2035-07-01,44.4512695247989,43.45708968252538,45.55543796710431
2035-07-02,44.54269285499241,43.451611844091595,45.53882566518563
2035-07-03,44.52388661875589,43.478104296672655,45.538735337443335
2035-07-04,44.5203550444629,43.54353353250414,45.61527516196197
2035-07-05,44.52518909414428,43.359980185835816,45.64386155038035
2035-07-06,44.52925692325412,43.467428977131114,45.6026002140612
2035-07-07,44.593788204603605,43.4797445416979,45.65411444941548
2035-07-08,44.52270777359004,43.42028509409496,45.627901068875914
2035-07-09,44.64386153356536,43.55389908975157,45.64772250911538
2035-07-10,44.65834650972172,43.57080762971419,45.695711674721345
2035-07-11,44.690592296978636,43.62129233335895,45.72071546475032
2035-07-12,44.73253406089632,43.70740157403277,45.716744693184715
2035-07-13,44.773839985321956,43.746716902981355,45.755293102504126
2035-07-14,44.87453403742648,43.90158960589807,45.898521570342176
2035-07-15,44.83736828720973,43.78313709386524,45.916377321328405
2035-07-16,44.98908649136941,44.00001934140541,46.14491963424711
2035-07-17,45.02978963068721,43.91056579269215,45.9948387927012
2035-07-18,45.08304951481625,44.023034573553126,46.15243716849874
2035-07-19,45.14010958517869,44.01631732411806,46.18327058942854
2035-07-20,45.190134917334575,44.177107077581496,46.19548722839073
2035-07-21,45.29285156533696,44.250781593305575,46.38708341547549
2035-07-22,45.25092894460973,44.1662101708471,46.23830119872388
2035-07-23,45.39124662762594,44.31160988457743,46.459210299731346
2035-07-24,45.41425612196414,44.33519717555199,46.4832133496268
2035-07-25,45.44408384531725,44.45647721650129,46.477840313144576
2035-07-26,45.47271474661331,44.38423290127902,46.53855033816453
2035-07-27,45.49021910121907,44.40666744522448,46.52367773689387
2035-07-28,45.557363341711714,44.53410476523321,46.65172960985639
2035-07-29,45.47795950983996,44.37942355098249,46.56027480499588
2035-07-30,45.58009573579484,44.51317684722918,46.59155620931737
2035-07-31,45.56545945687699,44.559931514114155,46.69882277952506
2035-08-01,45.559400807760696,44.53222059929772,46.56812066955798
2035-08-02,45.55507688608083,44.508805348925414,46.659772840689115
2035-08-03,45.54364067360277,44.54974711987504,46.60345864857966
2035-08-04,45.58681668487288,44.43066427065878,46.53813080803216
2035-08-05,45.48921905931974,44.42041169337494,46.600890599296434
2035-08-06,45.57955551730106,44.561694104298695,46.59344812516497
2035-08-07,45.55992975809119,44.49841945019481,46.62034850998512
2035-08-08,45.5558904215775,44.530112234206115,46.61014038340734
2035-08-09,45.56056780813237,44.55563299848385,46.57822955070874
2035-08-10,45.56486241238581,44.46952673132289,46.61192003268893
2035-08-11,45.630027393324454,44.638635495955995,46.766493161584535
2035-08-12,45.56000051957196,44.45646618002017,46.69043985398787
2035-08-13,45.682628609891296,44.57004533957164,46.62772696506057
2035-08-14,45.69899643466046,44.593825322473805,46.71703514865976
2035-08-15,45.73350739403632,44.76355412613293,46.786045857156786
2035-08-16,45.77805619174105,44.632181298739205,46.81181569468017
2035-08-17,45.82225644484903,44.83268439789399,46.80309116614426
2035-08-18,45.92606413110094,44.87295256454149,46.961816920853934
2035-08-19,45.89215112384789,44.816893380516014,46.92390812625403
2035-08-20,46.04717051818819,45.0473733133652,47.22139255281444
2035-08-21,46.091124410978175,45.01346615504062,47.02863846009048
2035-08-22,46.14748020183248,45.138614152762734,47.24310040794115
2035-08-23,46.20737447947748,45.09256445304978,47.23956614198649
2035-08-24,46.25986641019507,45.2594498507887,47.31205768910233
2035-08-25,46.364580670207026,45.24123535670403,47.555264106936505
2035-08-26,46.32409350456945,45.24995512200683,47.36163093580226
2035-08-27,46.46520316306834,45.37161605699109,47.425582856830985
2035-08-28,46.48829515299541,45.47021489521532,47.62432364065458
2035-08-29,46.5174483921633,45.43829687791465,47.54466068475879
2035-08-30,46.54462158308124,45.44096077414967,47.5748490512673
2035-08-31,46.559882215844766,45.40020632237972,47.558493534581665
2035-09-01,46.624018953098755,45.666401242347646,47.65213909745724
2035-09-02,46.5408918914367,45.38891807604149,47.57677622356065
2035-09-03,46.63866303484486,45.56271643647859,47.68147897680128
2035-09-04,46.619118646137046,45.522323442580074,47.65318668997957
2035-09-05,46.6077308894757,45.52180360150073,47.669982753430006
2035-09-06,46.59779947774703,45.49798938597011,47.634080917138306
2035-09-07,46.580637145210915,45.51636857056289,47.63832251703987
2035-09-08,46.618141087767754,45.57131844373622,47.635280146604025
2035-09-09,46.51510618656967,45.478038524501734,47.523958029260015
2035-09-10,46.600423562556095,45.64134104149389,47.64787233885694
2035-09-11,46.57637719135221,45.540658181119824,47.62516923527233
2035-09-12,46.568686872164655,45.48769962951381,47.61964599033823
2035-09-13,46.57063893255939,45.47964384272501,47.63165171241888
2035-09-14,46.57326892238289,45.5086827537677,47.60071311357413
2035-09-15,46.63793862067893,45.598514516388185,47.66465516142045
2035-09-16,46.568663093338174,45.46360045787153,47.60896169570343
2035-09-17,46.693331011103815,45.57447208401065,47.74166513952931
2035-09-18,46.71303036726548,45.602062927168824,47.69096743203855
2035-09-19,46.75212706189916,45.70963945954406,47.86839523866518
2035-09-20,46.80243669426374,45.774659883787486,47.87322391108837
2035-09-21,46.85345259262275,45.88509384587116,47.899033302103305
2035-09-22,46.96497103366936,45.94697026858159,48.00673773249658
2035-09-23,46.93946791066726,45.859610387189704,48.029400247205494
2035-09-24,47.103368519069186,46.065166692717916,48.17048001618381
2035-09-25,47.1564210427739,46.06967632074603,48.136647873117155
2035-09-26,47.22181968452624,46.12668170056743,48.225202112734515
2035-09-27,47.29041633901651,46.31039455075091,48.33108383157865
2035-09-28,47.35098252096253,46.230969959808625,48.37850831038996
2035-09-29,47.46286135167134,46.39477531039286,48.547400692610914
2035-09-30,47.42836292055034,46.33883425688226,48.44125542812586
2035-10-01,47.57404398549764,46.475707923957984,48.630412884227184
2035-10-02,47.600082153239256,46.52477660281795,48.62825346332999
2035-10-03,47.63039032088882,46.58371225059997,48.692200694413714
2035-10-04,47.65681040379237,46.6648498568803,48.77079171379016
2035-10-05,47.66934847719575,46.625140238841375,48.73603627401754
2035-10-06,47.728791830563814,46.65463556650678,48.748753564448805
2035-10-07,47.639062209017474,46.56409579438862,48.63550027810121
2035-10-08,47.72844740079734,46.6701945872938,48.72572043880873
2035-10-09,47.6989227106351,46.61936984348985,48.74800912639289
2035-10-10,47.67620966302775,46.5796947810649,48.78687987807646
2035-10-11,47.653912641766055,46.55258189770328,48.72409267801671
2035-10-12,47.62369734343697,46.65333783255588,48.72775386481293
2035-10-13,47.64785331043532,46.67396236244615,48.699295838530524
2035-10-14,47.531596547502495,46.52089890736715,48.615751249482294
2035-10-15,47.60425601982246,46.53486045586005,48.71215180290292
2035-10-16,47.56855706992696,46.47109129460823,48.56415757446969
2035-10-17,47.5506504052353,46.491811011430215,48.58647991190703
2035-10-18,47.5442284381062,46.47747437848077,48.55649520298773
2035-10-19,47.54069366293748,46.46289747856056,48.57615146672548
2035-10-20,47.601721845127116,46.529386405236984,48.64916036691307
2035-10-21,47.53157621722407,46.47648008740311,48.69321930883124
2035-10-22,47.6583163426662,46.620703181075356,48.68885316918755
2035-10-23,47.683114216162124,46.65842303929,48.82234377459763
2035-10-24,47.73032546240987,46.64022807172316,48.7626299532522
2035-10-25,47.79165632098967,46.69781599273327,48.82282797637209
2035-10-26,47.856389731653,46.86809659989309,48.883393841537426
2035-10-27,47.984011684355615,46.904940963430434,49.00854980373584
2035-10-28,47.97659222272702,46.88193660811702,48.977901558311395
2035-10-29,48.160062808849446,47.08434613038497,49.26917997736877
2035-10-30,48.233600575731266,47.22388928371395,49.316206931692875
2035-10-31,48.319765255251355,47.253594278591905,49.356156826475704
2035-11-01,48.40872742537912,47.39506589756946,49.43319133990613
2035-11-02,48.48854943774313,47.51155430149036,49.54815104129202
2035-11-03,48.61785838705981,47.61676504945768,49.71277593500127
2035-11-04,48.598263914515385,47.49599622298381,49.65331414170379
2035-11-05,48.75566121349847,47.72307322912132,49.88401248953599
2035-11-06,48.789628725737074,47.83180494378067,49.81334739826754
2035-11-07,48.82356561460541,47.69654583113343,49.84802069269338
2035-11-08,48.848907322461464,47.73539312078432,49.87669494531129
2035-11-09,48.8553806169536,47.86463302118954,49.92203044411088
2035-11-10,48.90363791834399,47.91670708015125,50.0
2035-11-11,48.797624512036144,47.795695661000245,49.82320613055039
2035-11-12,48.865820191997145,47.8535989399843,49.90343306536661
2035-11-13,48.810566338622834,47.770831933967536,49.84636040772315
2035-11-14,48.75812533422586,47.722884576775805,49.7641381825437
2035-11-15,48.70281269389121,47.65131415789516,49.66093748667961
2035-11-16,48.637165587483466,47.547377090924265,49.731024620637946
2035-11-17,48.624489954593976,47.62821148093142,49.64982172102658
2035-11-18,48.471142299211024,47.41309009321919,49.49475883920781
2035-11-19,48.507690196123505,47.51879124959396,49.60543625300724
2035-11-20,48.43816493235716,47.338334034121,49.54458007079181
2035-11-21,48.390055470407184,47.286474006413094,49.54129948607318
2035-11-22,48.35838619170288,47.332996577043566,49.42417572875145
2035-11-23,48.33584391178156,47.31454795229941,49.39721414658992
2035-11-24,48.3852978640767,47.31147063434899,49.3851321190357
2035-11-25,48.31206986619823,47.341862409401045,49.372761535967555
2035-11-26,48.44509942200591,47.38336097621598,49.47881623620734
2035-11-27,48.486217471090676,47.34120738755603,49.50870733879605
2035-11-28,48.56017781248306,47.542082638638625,49.67075679627669
2035-11-29,48.65878804952182,47.60240110628836,49.671998050831554
2035-11-30,48.771104493681875,47.69789525285555,49.79220658388879
2035-12-01,48.95603325001324,47.7869024181907,49.992777364652305
2035-12-02,49.01469283679295,47.97844729954034,50.0
2035-12-03,49.2716808890329,48.23734422199161,50.0
2035-12-04,49.42445616605857,48.347107205774,50.0
2035-12-05,49.59348217400612,48.570303317339146,50.0
2035-12-06,49.76647137985534,48.83223128134104,50.0
2035-12-07,49.92869150521982,48.86095488193544,50.0
2035-12-08,50.0,48.99228690973573,50.0
2035-12-09,50.0,49.13054043355548,50.0
2035-12-10,50.0,49.32616148697602,50.0
2035-12-11,50.0,49.36878874513849,50.0
2035-12-12,50.0,49.50058969211481,50.0
2035-12-13,50.0,49.43089621890062,50.0
2035-12-14,50.0,49.53570928396604,50.0
2035-12-15,50.0,49.48346307825215,50.0
2035-12-16,50.0,49.32651421844433,50.0
2035-12-17,50.0,49.31543078757023,50.0
2035-12-18,50.0,48.998017241515235,50.0
2035-12-19,49.798151117017184,48.80121234081219,50.0
2035-12-20,49.49245875460599,48.52918095963664,50.0
2035-12-21,49.132236628695885,48.1330585399351,50.0
2035-12-22,48.78035945774771,47.78121028455685,49.825568132277134
2035-12-23,48.243436479108965,47.19534081281811,49.39918388116537
2035-12-24,47.8530025738804,46.87186430654133,48.95560042094175
2035-12-25,47.31478913645782,46.36543191417032,48.316314049494856
2035-12-26,46.758723113686166,45.75551912947786,47.87590958682146
2035-12-27,46.18299616918011,45.09137242318766,47.34157841282541
2035-12-28,45.58416923692273,44.582101237618694,46.58499552940396
2035-12-29,45.02965621996961,44.01529149160813,46.06092301107503
2035-12-30,44.32994439772853,43.3119535680002,45.40956606596699
2035-12-31,43.819696933156095,42.74300389471127,44.828492642770996
2036-01-01,43.206952109273395,42.18033412395604,44.253825590973626
2036-01-02,42.62306950432123,41.5346045059556,43.6343345875849
2036-01-03,42.06676637820435,41.09665504104809,43.092152650416736
2036-01-04,41.53421034995444,40.41595934242278,42.538327900837785
2036-01-05,41.09151241482219,40.085414306172225,42.07431608598499
2036-01-06,40.54697762664831,39.424041231203375,41.64947835579103
2036-01-07,40.23225807496515,39.230434789352124,41.3078550550738
2036-01-08,39.85162152032916,38.82043031542623,40.918999269152
2036-01-09,39.53198416034279,38.43367291405046,40.56486003038546
2036-01-10,39.267048637146196,38.140208469065996,40.38138292063568
2036-01-11,39.047510835603006,37.96892035856369,40.15642561984884
2036-01-12,38.93367668788171,37.813757327865474,39.993467319932144
2036-01-13,38.72784324889582,37.70408696805008,39.70963351541076
2036-01-14,38.755585462043435,37.73988062430912,39.77170049247434
2036-01-15,38.71515870336071,37.61579445899515,39.736770203618974
2036-01-16,38.72766232051451,37.68226847623801,39.7664546834984
2036-01-17,38.78130212435757,37.73876762553756,39.79786426189044
2036-01-18,38.86171241305342,37.83961607341656,39.981351454954755
2036-01-19,39.024676034381336,38.00119680771567,40.03916711045992
2036-01-20,39.06859436783825,38.06045632215543,40.144930951786996
2036-01-21,39.31584664956177,38.31293317748548,40.454317105298195
2036-01-22,39.4622471665998,38.392058576455675,40.47683691371391
2036-01-23,39.6272444468837,38.59100852420435,40.640931681748455
2036-01-24,39.79819980808744,38.78967016908758,40.90919302424632
2036-01-25,39.96070575689292,38.8853879592829,41.0077021247017
2036-01-26,40.17128315907359,39.09108850820819,41.1892980371127
2036-01-27,40.22980996387472,39.18733721251495,41.29840468852721
2036-01-28,40.4608222656632,39.42806752676469,41.55918975395736
2036-01-29,40.56289800657174,39.49715231360527,41.662336266809255
2036-01-30,40.6587695892849,39.63807966839428,41.70295001919599
2036-01-31,40.7395052107426,39.634576594957096,41.861437445257586
2036-02-01,40.79472209235414,39.66906177275082,41.82910640960499
2036-02-02,40.88517337371718,39.855501044976734,41.86456677190115
2036-02-03,40.81506438497904,39.790293536109274,41.82953768110101
2036-02-04,40.913242018705894,39.87666970241421,41.99199162652359
2036-02-05,40.88247037093491,39.883057164085635,42.001094861612046
2036-02-06,40.84944163940988,39.80350439970711,41.97623561380531
2036-02-07,40.80886459114254,39.79361513421349,41.855132760336666
2036-02-08,40.75359599521026,39.694793158966945,41.82193573536476
2036-02-09,40.74715867190327,39.72341263693007,41.768213893705266
2036-02-10,40.59600337599578,39.52231645795077,41.56821311364006
2036-02-11,40.630659321800266,39.545151328632784,41.74598774617971
2036-02-12,40.55498716813119,39.38750694962179,41.54142243983627
2036-02-13,40.496183651040724,39.46185294881829,41.56146354995
2036-02-14,40.448879929869314,39.4036641319342,41.521239195799346
2036-02-15,40.405298363866336,39.35794473397922,41.491112462442935
2036-02-16,40.42781028581113,39.340756072349066,41.490312368132614
2036-02-17,40.32125053650668,39.276500141211095,41.39597831957174
2036-02-18,40.414131791158596,39.40111665136131,41.45703438573723
2036-02-19,40.40797045108665,39.28129192189105,41.392008097838335
2036-02-20,40.427371037164235,39.39979450777212,41.446469254221114
2036-02-21,40.46420875841339,39.429595522957136,41.464125974779066
2036-02-22,40.50787250919684,39.43420265387907,41.58040908521466
2036-02-23,40.61790839584939,39.63110971855618,41.69784245737341
2036-02-24,40.596417158109666,39.53048466845204,41.65891725952608
2036-02-25,40.769346250834815,39.726316831313426,41.89292420224059
2036-02-26,40.8358862879964,39.71843969466871,41.905791225508246
2036-02-27,40.91861696266566,39.93765158326242,41.96099982458209
2036-02-28,41.00774058924708,39.95800818813535,42.057878055175415
2036-02-29,41.09136432746458,40.08209573225132,42.17116750399378
2036-03-01,41.22817035578951,40.150369699422974,42.20621797303308
2036-03-02,41.21982690430712,40.19459189200701,42.27691487603259
2036-03-03,41.39228084076763,40.35982792922388,42.38156333226918
2036-03-04,41.44514181860465,40.38916150757526,42.506241332057364
2036-03-05,41.501803770067184,40.47666374186391,42.48993877924026
2036-03-06,41.55364289681792,40.42779722989979,42.676386189978814
2036-03-07,41.590254524983855,40.50355332191482,42.660246243432454
2036-03-08,41.672069657952385,40.56246177115286,42.678084217706946
2036-03-09,41.60270591047411,40.527151157690014,42.61481542075891
2036-03-10,41.71019544415177,40.661045410214804,42.75080005704784
2036-03-11,41.69630193336282,40.62940276866854,42.82429156073324
2036-03-12,41.68657439840303,40.64442059325981,42.63312368731714
2036-03-13,41.67447908461654,40.613085285743885,42.706527397892415
2036-03-14,41.6515736949165,40.5157719137698,42.747839653369724
2036-03-15,41.68006660796431,40.661354210622555,42.683931282609905
2036-03-16,41.56511737282378,40.51983579804829,42.59739003495961
2036-03-17,41.63602247164515,40.6327176595266,42.73114815565718
2036-03-18,41.59549947883288,40.545051473110014,42.62366238149226
2036-03-19,41.56971825295483,40.439058891668395,42.71901507131568
2036-03-20,41.55242082117633,40.48963907653364,42.526785035584105
2036-03-21,41.535094417262826,40.45461032762079,42.5896555786865
2036-03-22,41.579540132640645,40.51212198684445,42.61379557306367
2036-03-23,41.490192982612086,40.39492725676096,42.542573143930795
2036-03-24,41.59533659444008,40.526253113130025,42.612443093171116
2036-03-25,41.59642459297348,40.51985447892895,42.58957627915995
2036-03-26,41.61815603515726,40.601299421340435,42.74818978126873
2036-03-27,41.65264507830122,40.58427730453837,42.68135334132224
2036-03-28,41.689647725490886,40.657334305542484,42.824067397188124
2036-03-29,41.78918639797716,40.74459143865191,42.84389660549584
2036-03-30,41.753926387834106,40.68439418883859,42.74742508417949
2036-03-31,41.910445662911286,40.90540120172536,42.96769094979751
2036-04-01,41.95860843122968,40.85282918375911,42.9740169074347
2036-04-02,42.02168826322809,40.99747814966063,42.99532289786849
2036-04-03,42.09057956464645,40.96067208007114,43.14669233111561
2036-04-04,42.15405905195295,41.08677821379034,43.26392402452736
2036-04-05,42.271437022542926,41.28536498336997,43.29499417112703
2036-04-06,42.24495177507488,41.14803396089871,43.276372517153284
2036-04-07,42.40104823119036,41.37344639688868,43.46177771644782
2036-04-08,42.43975103127344,41.36866098633622,43.48785734105323
2036-04-09,42.48477805457526,41.32690915562683,43.46106289747537
2036-04-10,42.52773358641149,41.39655536749547,43.591662931221734
2036-04-11,42.55834347552761,41.52824536106242,43.5573272456688
2036-04-12,42.637073001832945,41.591520133477246,43.717129595190464
2036-04-13,42.56748194321658,41.55096134461769,43.60027616519123
2036-04-14,42.67745919428905,41.562176200068016,43.709606594432884
2036-04-15,42.66854863753537,41.54824398166841,43.67214748192843
2036-04-16,42.66601372609633,41.59039949901365,43.70992991283216
2036-04-17,42.66298154357492,41.66040036534824,43.81753961263043
2036-04-18,42.650630212770615,41.504451191056965,43.735570465898384
2036-04-19,42.690761841695135,41.72768351827306,43.75270189449311
2036-04-20,42.5881168587068,41.6196971316624,43.625984351066506
2036-04-21,42.67157330700185,41.58438449092875,43.697492259268174
2036-04-22,42.64344383478673,41.61818625419956,43.7132160588512
2036-04-23,42.62951866475566,41.483607913644626,43.68130476332566
2036-04-24,42.62319589818405,41.56593809583556,43.66214467807943
2036-04-25,42.615663365219554,41.636088399948456,43.7255557320639
2036-04-26,42.66847429137521,41.56582029730997,43.70874287544821
2036-04-27,42.58587245583334,41.52934986615986,43.63706108174576
2036-04-28,42.696009985690466,41.61689585627425,43.685394909549714
2036-04-29,42.70026986223788,41.64308346069913,43.813530276641686
2036-04-30,42.723340551185174,41.59124025366413,43.79362852700154
2036-05-01,42.75738305797187,41.690259768081425,43.81328347302077
2036-05-02,42.79225341750786,41.69077873485089,43.75522348880744
2036-05-03,42.888121576593385,41.829424008813774,43.85680218512524
2036-05-04,42.84784096504399,41.805496536208075,43.76356932476282
2036-05-05,42.99821049559832,41.969180124714725,43.98229381108701
2036-05-06,43.039339683936355,41.8990844035316,44.10648737553008
2036-05-07,43.094762978008326,42.08572836364927,44.24229211905348
2036-05-08,43.15564237775834,42.158456683502905,44.28351634533897
2036-05-09,43.211020274112705,42.181007206160594,44.18649446493287
2036-05-10,43.320462557113274,42.29104372947894,44.38750551731285
2036-05-11,43.286445579720215,42.176147320432676,44.30810278418682
2036-05-12,43.435628227278954,42.34744943425323,44.40636271660234
2036-05-13,43.46821952680311,42.401603011196904,44.56808241158438
2036-05-14,43.508087867312085,42.44345594753076,44.607898312497966
2036-05-15,43.54695113225097,42.5250302844853,44.581942628152476
2036-05-16,43.57461012220094,42.53176695325509,44.65137693954001
2036-05-17,43.651565980816706,42.599610847516566,44.65928458212721
2036-05-18,43.58137606513842,42.56121522875165,44.67097281605728
2036-05-19,43.69189052850264,42.58773040975221,44.66313007789009
2036-05-20,43.684581199207315,42.61897681546661,44.73787329012113
2036-05-21,43.68461006920582,42.55924593052008,44.718217968834175
2036-05-22,43.684977991548394,42.632191880779004,44.710850105388296
2036-05-23,43.676717276283775,42.60788866337085,44.726864264938136
2036-05-24,43.721470181987655,42.707215792971674,44.756638229396806
2036-05-25,43.623808961088,42.68328042245729,44.74734473249954
2036-05-26,43.71244083940315,42.60339275655345,44.76461718164278
2036-05-27,43.689510486155605,42.641438200729716,44.723994645329284
2036-05-28,43.680648093205114,42.60070402629203,44.708939451571624
2036-05-29,43.67910427368595,42.63982389896151,44.718955923114684
2036-05-30,43.67593587017329,42.58260998327253,44.77108122789753
2036-05-31,43.732584847397334,42.70263064588908,44.791625484164605
2036-06-01,43.653205878533804,42.545571767331495,44.64345235742455
2036-06-02,43.7658857319199,42.678824363584525,44.822365441457244
2036-06-03,43.7719665261626,42.761691672423545,44.73946827073714
2036-06-04,43.79612028550615,42.769849922767705,44.85427046335344
2036-06-05,43.83051514270577,42.77960753970589,44.820638046570245
2036-06-06,43.86503626818106,42.76306199377656,44.90587155798239
2036-06-07,43.95990257315865,42.89114185924356,45.11078977969706
2036-06-08,43.91803358822845,42.87623896390023,45.02648170141864
2036-06-09,44.066308374557806,42.97386100928918,45.099084966166984
2036-06-10,44.10492728339787,43.02532467889162,45.158357281073926
2036-06-11,44.15752278004882,43.026167701266715,45.19448109809615
2036-06-12,44.21535853842451,43.146728949643084,45.29879559937763
2036-06-13,44.267578854140524,43.204011435816916,45.38224113583283
2036-06-14,44.373848535161216,43.32521658764502,45.42328288693836
2036-06-15,44.3367369525065,43.16904215298031,45.39213752457741
2036-06-16,44.48298758113097,43.37905859107581,45.48552147597601
2036-06-17,44.51288352732958,43.38994891400431,45.5433728803965
2036-06-18,44.55035515690348,43.50872416553009,45.60682095121093
2036-06-19,44.58716914835167,43.55851612314119,45.59637181517511
2036-06-20,44.61316135292404,43.57290653519465,45.74512698556634
2036-06-21,44.688854159364936,43.550834030677265,45.73788573104259
2036-06-22,44.617812772178894,43.57314190117962,45.731762107417175
2036-06-23,44.72788262415263,43.70855028181617,45.79105102948794
2036-06-24,44.72051944621222,43.6423764496811,45.7779152896091
2036-06-25,44.72085923908678,43.71955544956751,45.75192105941648
2036-06-26,44.7218686691421,43.658825863991524,45.73518621790953
2036-06-27,44.714539498388795,43.6994461267193,45.761955365935336
2036-06-28,44.760468966096106,43.74926002779973,45.866853630323796
2036-06-29,44.66418170342506,43.58387808119238,45.701673987823625
2036-06-30,44.7543364906774,43.743032339510286,45.82174845617014
2036-07-01,44.73303035099784,43.63038371776961,45.75721131239736
2036-07-02,44.72584804735571,43.707601090925856,45.776181404650245
2036-07-03,44.72599815316514,43.60503189932647,45.75714933481259
2036-07-04,44.724499759979366,43.64457412359375,45.73881796335338
2036-07-05,44.782761984181896,43.78730153335056,45.82088931906485
2036-07-06,44.70491188214708,43.65628074711227,45.79031663320293
2036-07-07,44.81901389398304,43.72239666077774,45.911886596753995
2036-07-08,44.82639290880188,43.739435878308655,45.872510556014404
2036-07-09,44.85170841843398,43.782525909547374,46.01734643394452
2036-07-10,44.88712014993975,43.862319806347855,45.92653604048057
2036-07-11,44.92250830459308,43.87560030652083,46.022050089510095
2036-07-12,45.018089503251005,43.97586617078816,46.02537780816293
2036-07-13,44.976782892478575,43.90988653827642,45.95282471656391
2036-07-14,45.12546831980992,44.08906439929334,46.13121388474232
2036-07-15,45.164347440707516,44.07769952460458,46.17177788913829
2036-07-16,45.217054013888514,44.18033464034201,46.27136251446313
2036-07-17,45.27485262340392,44.16276795795185,46.264320495252676
2036-07-18,45.32688789783735,44.23579699262259,46.31988909636286
2036-07-19,45.43282439731632,44.40132373242929,46.48313129911823
2036-07-20,45.39523085116439,44.32394188836911,46.50040652622355
2036-07-21,45.540850065228014,44.44167007885348,46.73482161303293
2036-07-22,45.569964973307044,44.539008473432546,46.53565074627531
2036-07-23,45.60650691511456,44.556767447787806,46.645221721269195
2036-07-24,45.64224542473261,44.57280070856922,46.78396249302019
2036-07-25,45.66702186456198,44.55046529669618,46.67415576950309
2036-07-26,45.74136755130401,44.71963292397755,46.83032899271091
2036-07-27,45.66886072949075,44.6211604107624,46.72524526489562
2036-07-28,45.77736456055509,44.72932187739089,46.861689656048846
2036-07-29,45.76835760085599,44.643478538926836,46.88573710967995
2036-07-30,45.76700396913864,44.69797462646345,46.86532636219026
2036-07-31,45.76630368974449,44.722413970053594,46.79708777725963
2036-08-01,45.75728679555567,44.704601431319205,46.82205277099605
2036-08-02,45.80159309379451,44.7351803094031,46.93102336206023
2036-08-03,45.70379317470772,44.73116085384685,46.71765832687127
2036-08-04,45.792593985011784,44.75977466685769,46.88792253043046
2036-08-05,45.7701414860342,44.70585220343319,46.8790383042483
2036-08-06,45.762068502897606,44.71108883961132,46.798269817541424
2036-08-07,45.761628987024274,44.76010989874244,46.76328648735219
2036-08-08,45.75988281821261,44.74865119174803,46.86872467878402
2036-08-09,45.81827337981734,44.71736693607102,46.88331066527012
2036-08-10,45.740953594421654,44.67231479808527,46.70870188034232
2036-08-11,45.85600362147601,44.79265195547697,46.8920439988848
2036-08-12,45.8647523914668,44.80114033176134,46.90908340591275
2036-08-13,45.89185052219247,44.82151141133914,46.95269634789774
2036-08-14,45.92943507980173,44.84246967266151,47.052834026699855
2036-08-15,45.96734937506947,44.90590939324477,46.988556049029256
2036-08-16,46.065758945033835,45.0231025473682,47.074273117242406
2036-08-17,46.027518209417224,44.93291372444117,47.146759626686574
2036-08-18,46.17942972785592,45.08141835104057,47.20695744893379
2036-08-19,46.22160691910618,45.121714814720484,47.22839134642707
2036-08-20,46.277586477500684,45.22372804311367,47.301575336714244
2036-08-21,46.338529683323095,45.21481593527619,47.41368275662268
2036-08-22,46.393474615894576,45.40078744604226,47.4653490134017
2036-08-23,46.50197935986587,45.43332094071926,47.57038027638835
2036-08-24,46.46650979062447,45.49971406377594,47.49223536799834
2036-08-25,46.613713146927616,45.542134603776304,47.66589222898512
2036-08-26,46.6437877435031,45.58933214760332,47.66625009888347
2036-08-27,46.680594777418065,45.51487445461736,47.683222061131225
2036-08-28,46.715851380936314,45.61672296290985,47.778906417521796
2036-08-29,46.739367126445664,45.64210148126878,47.82234037586724
2036-08-30,46.811664507150994,45.71870351255605,47.85042664586132
2036-08-31,46.73633763746216,45.67653249652985,47.83185066409757
2036-09-01,46.841291245175235,45.818102914424294,47.88147375691651
2036-09-02,46.82807135281981,45.72491922741937,47.82834355011442
2036-09-03,46.82193479612142,45.776432171222375,47.9110476762003
