ds,yhat,yhat_lower,yhat_upper
2026-09-15,29.789914246719594,27.946282772493674,31.66033034947996
2026-09-16,29.80530526140853,28.016741698758555,31.6233125239585
2026-09-17,29.81178229722141,28.006209032698536,31.59762958003356
2026-09-18,29.751929575729694,27.872441215894003,31.615516060959507
2026-09-19,29.8877443341732,27.97878407794404,31.62760714993428
2026-09-20,30.022046923635514,28.128912296530256,31.742448250972064
2026-09-21,29.888613847377755,28.103665832410044,31.668771296114624
2026-09-22,29.936453535770013,27.97329952301167,31.716042857828533
2026-09-23,29.96299609921809,28.169978196832066,31.83199699001159
2026-09-24,29.981045145231775,28.238906166634937,31.860970028723173
2026-09-25,29.933068041634915,28.163902816413337,31.824664812991553
2026-09-26,30.080934199256735,28.217444222921383,31.827602986224658
2026-09-27,30.227325519588096,28.437025062899355,31.9884437672407
2026-09-28,30.105870246411897,28.26720149394162,31.903788675318268
2026-09-29,30.165420044023037,28.32259728013569,32.00402678517581
2026-09-30,30.20324155013954,28.430324404608843,31.92814183132261
2026-10-01,30.231970475783427,28.44791424461556,31.999008233471606
2026-10-02,30.193904599489276,28.292537897719072,32.1845779027246
2026-10-03,30.350745174189427,28.480878579694796,32.19543503418214
2026-10-04,30.505010818212043,28.756416747230205,32.33919023339996
2026-10-05,30.390175038243434,28.70057400286687,32.21549757073388
2026-10-06,30.454947101335264,28.628957792525757,32.288559309318025
2026-10-07,30.496467387296658,28.80070227909271,32.34037538335817
2026-10-08,30.527265169637815,28.812294285421594,32.41067121495964
2026-10-09,30.48955504499305,28.71181827882452,32.20946013520452
2026-10-10,30.644981403055063,28.908205790517115,32.420497251505566
2026-10-11,30.796034887682932,29.059619291323223,32.62934579229162
2026-10-12,30.67619188624711,28.935671007210725,32.458593752356954
2026-10-13,30.73419666764706,28.890793985989493,32.54361489056771
2026-10-14,30.767257221749503,28.85333984450782,32.473740980064335
2026-10-15,30.78800269117646,28.95684162684741,32.582317880903055
2026-10-16,30.73877858227974,28.880236397550267,32.63490247897783
2026-10-17,30.88138914037056,29.07316511298003,32.62293734839764
2026-10-18,31.01851086029471,29.210981913610183,32.997613679628955
2026-10-19,30.883828217538266,29.14582825690336,32.6814666847056
2026-10-20,30.9263113156307,29.107656247541836,32.58721503849293
2026-10-21,30.943406603639943,29.072375968268805,32.75543780976628
2026-10-22,30.947988679171285,29.15689996419358,32.64211783774159
2026-10-23,30.882649508465125,28.99996887127193,32.65213864549181
2026-10-24,31.009434609840458,29.164852983983447,32.777504404943535
2026-10-25,31.131250344644936,29.299957408328034,33.11438821510661
2026-10-26,30.981993580869784,29.229705525629228,32.77925795626928
2026-10-27,31.01082360667867,29.085003208326413,32.882712767827215
2026-10-28,31.015347625102635,29.16956225111944,32.740277292924915
2026-10-29,31.008568013147748,29.095359682768834,32.8006311053477
2026-10-30,30.93316782968401,29.21976317814357,32.73413885962232
2026-10-31,31.051244250972836,29.116095807889373,32.84617180498579
2026-11-01,31.165714185827923,29.234918553856133,33.000528087893144
2026-11-02,31.010443414642967,29.160924589925457,32.88383560432334
2026-11-03,31.034519176654563,29.204683613061707,32.899063383559714
2026-11-04,31.03543754959322,29.275967869581716,32.84104474967904
2026-11-05,31.026053782307827,29.32550020948862,32.7186771715575
2026-11-06,30.948872006272072,29.20770518016384,32.80368521983533
2026-11-07,31.06578391140691,29.268326823501713,33.071599737722174
2026-11-08,31.179480511679408,29.28912574396204,33.06523641187746
2026-11-09,31.023588188062575,29.08728010837281,32.76888712452406
2026-11-10,31.04694875032911,29.264182162585797,32.7131611064361
2026-11-11,31.046814657479068,29.227577502905508,32.91078487262678
2026-11-12,31.0358073371338,29.272646709404746,32.99562215247711
2026-11-13,30.956214799745428,29.16224385302962,32.68159970035456
2026-11-14,31.069737899761233,29.313863579364934,32.83328405143068
2026-11-15,31.178909139441917,29.160985312454613,33.010231704493016
2026-11-16,31.017234983531715,29.12513272236192,32.749603537341265
2026-11-17,31.033481223858047,29.18262216375085,32.80979255174145
2026-11-18,31.024872354607542,29.304141961884948,32.77411289802356
2026-11-19,31.00405274854456,29.096145852885645,32.76896422439128
2026-11-20,30.913385714020627,29.15267990510657,32.66852848184419
2026-11-21,31.014699706982963,29.08315894566714,32.76919423829411
2026-11-22,31.110705556957853,29.439400910391786,32.83178578207629
2026-11-23,30.935135681504043,29.082381285021075,32.784036269883565
2026-11-24,30.937024878331627,29.109921410912737,32.759168403573085
2026-11-25,30.91390374910245,28.93697584237517,32.773999825489426
2026-11-26,30.878752679838854,29.168338103523038,32.758141927004914
2026-11-27,30.774292630742288,28.90614528494303,32.554442946654284
2026-11-28,30.862722216682094,29.001363387333335,32.78992188941053
2026-11-29,30.947125173169365,29.152135514543602,32.74649863657179
2026-11-30,30.761599440794598,28.97272910473562,32.71401886500205
2026-12-01,30.75552773145897,28.908165797944548,32.563022052937484
2026-12-02,30.726760912725112,28.77968941763419,32.59422938845647
2026-12-03,30.68856241784181,28.88220080173183,32.55111877294172
2026-12-04,30.583890209176133,28.711462589823253,32.32438398746637
2026-12-05,30.675126035690766,28.884259380906126,32.464351067615155
2026-12-06,30.765476315518672,29.067328432784677,32.66539211420182
2026-12-07,30.589096082714246,28.78112238176988,32.296197926160225
2026-12-08,30.595356031188075,28.90240833819548,32.337774613472725
2026-12-09,30.58202412014827,28.84026848911845,32.306467601716164
2026-12-10,30.562210030641513,28.74286957087829,32.43650799787662
2026-12-11,30.478649034133635,28.768026589173378,32.231439383118
2026-12-12,30.593434996467675,28.90052961748794,32.36626225017919
2026-12-13,30.709426780265083,28.80731021939,32.49157110855052
2026-12-14,30.560379367378772,28.73156672096229,32.34129014116234
2026-12-15,30.595219570104167,28.712945288347115,32.45075523997599
2026-12-16,30.611237588258575,28.800955797536513,32.39537714676175
2026-12-17,30.621042456888333,28.82669776041826,32.44039795361692
2026-12-18,30.56685766935436,28.78535338214106,32.44329941721577
2026-12-19,30.710266398916417,28.89892108674384,32.52365858950349
2026-12-20,30.853630265625508,29.050311054321796,32.56039843468869
2026-12-21,30.730232646417758,28.981881679932012,32.49394473415463
2026-12-22,30.788566074733897,29.012355021934756,32.55763061886466
2026-12-23,30.825534674654172,29.003401280437892,32.61245919705619
2026-12-24,30.85341938106745,28.990621497801197,32.75199868551679
2026-12-25,30.81418196450445,28.958827376193522,32.664705988424984
2026-12-26,30.96921705224152,29.19191226797378,32.746266920771404
2026-12-27,31.12077590221506,29.336970209662862,32.83596044853149
2026-12-28,31.002112784078346,29.042377062941238,32.74694744364605
2026-12-29,31.061773421123213,29.24314450726489,32.89458342810184
2026-12-30,31.096796399266736,29.315400989589815,32.80946834797762
2026-12-31,31.119675310971957,29.43092550341102,32.95891014926859
2027-01-01,31.072657724077846,29.244360019259954,32.785837579618466
2027-01-02,31.217490291765465,29.44241435275847,33.006532286386204
2027-01-03,31.356833934903424,29.529961149479256,33.288936254463714
2027-01-04,31.224400171287552,29.567950035458033,33.19018758981181
2027-01-05,31.26922830526707,29.518336444659948,32.99171018535813
2027-01-06,31.28887467628094,29.396051389067807,33.1008409542577
2027-01-07,31.2963620511407,29.623597100311162,33.1603858976847
2027-01-08,31.23446558294189,29.528893648999023,32.929011147173455
2027-01-09,31.36544499259216,29.49266790331986,33.015308182366745
2027-01-10,31.49244724146122,29.6713973547804,33.38720921798264
2027-01-11,31.349631095142144,29.43707202728362,33.10321488112171
2027-01-12,31.386433596572303,29.690300259817093,33.34505702717423
2027-01-13,31.40074992263376,29.59460510336313,33.16273235486985
2027-01-14,31.405874947967273,29.530092315656137,33.244164897349705
2027-01-15,31.344783134505427,29.602217458212873,33.133844402682655
2027-01-16,31.479856549733114,29.689931914431455,33.32160641369052
2027-01-17,31.61428537662236,29.856156973687938,33.321440666007035
2027-01-18,31.482192354619315,29.61027502734668,33.14243400156506
2027-01-19,31.53290115334639,29.8265376907734,33.365246258972036
2027-01-20,31.56412008122185,29.79385673868605,33.38873396460082
2027-01-21,31.588889327731085,29.760555066314414,33.462077179054546
2027-01-22,31.549868183481962,29.810658837768,33.347536019236955
2027-01-23,31.709071822460757,29.897540200724354,33.42713480695304
2027-01-24,31.86928175298004,29.99169732909269,33.60883099211074
2027-01-25,31.764181089852904,30.06320264743344,33.522731219721614
2027-01-26,31.8426343404955,30.096233846924576,33.59135746421546
2027-01-27,31.90188278504165,30.04488416281153,33.75802749658537
2027-01-28,31.954503323141406,30.246485557930775,33.64942633222385
2027-01-29,31.94270691101192,30.187687163181337,33.69922688044197
2027-01-30,32.12808586717416,30.258769338794096,33.96939186137614
2027-01-31,32.31303387078647,30.446793457489193,34.0825252955905
2027-02-01,32.23088955387916,30.431427807809673,33.973658529667816
2027-02-02,32.33022316747898,30.573336576735606,34.21266425761268
2027-02-03,32.40803723337792,30.593883403706027,34.34103816212519
2027-02-04,32.47672893497622,30.651667835562005,34.13090915346302
2027-02-05,32.47839030374697,30.600761422361288,34.286004295540614
2027-02-06,32.67455546661471,30.919865221622597,34.37787748911767
2027-02-07,32.86761881893337,31.015377584251215,34.69874003835777
2027-02-08,32.79097511751387,31.016570933095476,34.56856557274929
2027-02-09,32.893301116103395,31.18117899122575,34.88961825278769
2027-02-10,32.971749842205405,31.106814756841032,34.89015426935313
2027-02-11,33.03890549465363,31.26211845665459,34.86349835365736
2027-02-12,33.03707527627236,31.269202663537914,34.816891364846406
2027-02-13,33.22802770856999,31.448060840304798,35.137907887597734
2027-02-14,33.41440158994765,31.70185667825288,35.12439966570053
2027-02-15,33.329836894778744,31.5972801405365,35.18392218201703
2027-02-16,33.42324753532118,31.6053979381861,35.12396647526879
2027-02-17,33.49200737256225,31.67379846466396,35.27882004336188
2027-02-18,33.54889772124942,31.801124815024238,35.32749172230833
2027-02-19,33.536392899840045,31.732957481524057,35.50643021068154
2027-02-20,33.716393571912896,31.90102215867365,35.49788083514811
2027-02-21,33.891632197151495,32.113606028164995,35.78047889507366
2027-02-22,33.79580199793281,31.953191979135966,35.574551049116096
2027-02-23,33.87782942087671,32.043258669199595,35.65072769685116
2027-02-24,33.93506148349911,32.17503680060408,35.62869989383522
2027-02-25,33.98021620178005,32.325861753325476,35.801882767829895
2027-02-26,33.955672547693446,32.19711106403098,35.8188320030073
2027-02-27,34.12320953232085,32.287438361565314,35.97631198425191
2027-02-28,34.285418536948406,32.3498558953315,36.07034382010257
2027-03-01,34.17584006357107,32.273842201409394,35.964470665382834
2027-03-02,34.243244617722574,32.4072742984323,35.97996927225803
2027-03-03,34.28482882366141,32.56198113109486,36.12388780479666
2027-03-04,34.313174662813886,32.51503952719533,36.167985109563084
2027-03-05,34.270547974256814,32.346054446101924,36.013011712716526
2027-03-06,34.41864550692212,32.5783592056025,36.35389070564716
2027-03-07,34.56001435392236,32.78317302990285,36.4200383535326
2027-03-08,34.42819467168904,32.70251985688524,36.23014889315974
2027-03-09,34.4720051600297,32.56561175947754,36.326679835828465
2027-03-10,34.488742206085824,32.564610062315836,36.40771146622986
2027-03-11,34.49114043247901,32.74822025380793,36.42441701918402
2027-03-12,34.42167068962557,32.684607675212916,36.23421019874905
2027-03-13,34.54228473875852,32.6388950899115,36.40675403605492
2027-03-14,34.655830470842055,32.88668299275028,36.31720796680216
2027-03-15,34.49618863723174,32.73190478980306,36.37497813093245
2027-03-16,34.51255069862878,32.77274340143255,36.25086842103502
2027-03-17,34.50260887992335,32.69881079170334,36.21094599408756
2027-03-18,34.47950640552151,32.68420100650737,36.21559350113518
2027-03-19,34.386124232916,32.62827819827363,36.11609955459188
2027-03-20,34.48481384478613,32.77377657105907,36.31184191770878
2027-03-21,34.57880028581045,32.70630978749937,36.32476001917995
2027-03-22,34.40230677869948,32.50552810358372,36.273411729963264
2027-03-23,34.40482089195682,32.54958648315454,36.08867755063596
2027-03-24,34.3842737096313,32.587282428325594,36.226772440016504
2027-03-25,34.35398032627481,32.45887949608579,36.078714216623155
2027-03-26,34.256918308970924,32.305093861597726,36.01104219512475
2027-03-27,34.35545397638994,32.46064639769912,36.182560096102414
2027-03-28,34.45274092723292,32.5861614337024,36.27842819567992
2027-03-29,34.282842347285786,32.491201233711905,36.243794966108524
2027-03-30,34.29499720424935,32.457319171728976,36.13120546781999
2027-03-31,34.286801854214325,32.55308783949094,36.01814277792341
2027-04-01,34.27115539019048,32.4281589649302,36.10595851690501
2027-04-02,34.19054531393159,32.269925341181086,36.17707355140528
2027-04-03,34.30678325300163,32.46283795312854,35.92995484625562
2027-04-04,34.422414962378795,32.68356813636261,36.22737948086129
2027-04-05,34.270855885968366,32.37352596207492,36.15859071193781
2027-04-06,34.30067207852987,32.54511086243586,36.022289758335916
2027-04-07,34.3087776560213,32.49189659406415,36.06676115033625
2027-04-08,34.30739671079349,32.589330419715154,36.16873157096063
2027-04-09,34.23836585095991,32.5206125846643,36.00505766960777
2027-04-10,34.3628866472169,32.48603997660977,36.25056538342239
2027-04-11,34.48295178273358,32.67877753798815,36.291833912661446
2027-04-12,34.33149574482235,32.62590985875277,36.049416337893064
2027-04-13,34.35668944128803,32.49024552140738,36.196099012278765
2027-04-14,34.3551495225147,32.58394962494368,36.18441927260894
2027-04-15,34.33891000034663,32.478688402001254,36.124069090890856
2027-04-16,34.24973202926138,32.45200983306326,36.18208228357877
2027-04-17,34.34886089936993,32.56328654615885,36.13858997604049
2027-04-18,34.43845387037277,32.600053034691705,36.189773285974525
2027-04-19,34.25172959122249,32.33498849377898,36.082684235370664
2027-04-20,34.23725847039644,32.43226066802095,36.06114267367419
2027-04-21,34.192164837233506,32.36561451970614,35.985560819283755
2027-04-22,34.129088621483504,32.30246893812298,35.75428414038309
2027-04-23,33.99048262659616,32.26598752308901,35.67113599858923
2027-04-24,34.03835472556258,32.221999738639475,35.78106424483229
2027-04-25,34.07567895021474,32.25882247086259,35.902295825701955
2027-04-26,33.836526614725095,32.089181655325206,35.70342239898686
2027-04-27,33.77033727845141,32.01612281487123,35.572316999222295
2027-04-28,33.67510086195587,31.778388789807657,35.440357477666495
2027-04-29,33.56429913773183,31.70794234402961,35.33133457571467
2027-04-30,33.381183173824084,31.425893057519673,35.0939767978349
2027-05-01,33.388496557005084,31.572297890276804,35.21593745345576
2027-05-02,33.38986884650175,31.677964680600404,35.09793374833504
2027-05-03,33.119930848689044,31.308706855382518,34.863263067347745
2027-05-04,33.02857192532025,31.238533266709556,34.79339261545938
2027-05-05,32.9141110035124,31.094486942096314,34.75507318131743
2027-05-06,32.79022980086263,31.125123963130203,34.66263225075102
2027-05-07,32.6002450654109,30.76468820223481,34.49976815600749
2027-05-08,32.60682980225552,30.82556489473387,34.50467576150948
2027-05-09,32.61340800254579,30.628239132936965,34.46284985012941
2027-05-10,32.35427444769627,30.562125495401503,34.237736489190176
2027-05-11,32.278859701685406,30.395299490935525,34.08376810451241
2027-05-12,32.18491178021611,30.373745681634972,33.99311623482554
2027-05-13,32.0854427554154,30.161434234559344,33.944160559954184
2027-05-14,31.923016772221153,30.013179944880616,33.71509612347269
2027-05-15,31.959489064120866,30.19484847409547,33.87207158407902
2027-05-16,31.99742004902702,30.43735011255023,33.886092676160835
2027-05-17,31.770215603554607,29.810833966085415,33.70076406255233
2027-05-18,31.726413126523465,29.780339117261512,33.6282315813366
2027-05-19,31.66288436379799,29.884996792182303,33.35966191939201
2027-05-20,31.591802735118527,29.839731821462085,33.48856510252709
2027-05-21,31.454951132908004,29.725109804640702,33.27329776898917
2027-05-22,31.51347929929796,29.574303763310095,33.269041297321046
2027-05-23,31.569334417729454,29.861920908069134,33.418075290781395
2027-05-24,31.355415621141837,29.542907388943124,33.138673891970676
2027-05-25,31.319871689414896,29.54900878864606,33.16420512695795
2027-05-26,31.25931263650244,29.500022002458692,33.05880958837255
2027-05-27,31.185782729298015,29.331903629271448,33.111794969836524
2027-05-28,31.041070787338334,29.375031161669998,32.80697020080839
2027-05-29,31.086466829077082,29.33453419402859,32.900631216612084
2027-05-30,31.124188741444723,29.284445194665437,32.874725452235985
2027-05-31,30.88752979435245,28.986484885004874,32.622876365808146
2027-06-01,30.825146468127627,28.938186315832347,32.56940871022632
2027-06-02,30.73425755969522,28.916981063289416,32.465425044124395
2027-06-03,30.627602437672518,28.844595554630757,32.51586676769102
2027-06-04,30.447734677381906,28.690087980502454,32.24621845571184
2027-06-05,30.456760566998454,28.50216559336354,32.30158976464888
2027-06-06,30.457746619247214,28.7971275494074,32.3090534606947
2027-06-07,30.184847388307023,28.401610472542917,32.00543990951441
2027-06-08,30.087573545657904,28.29909291952104,31.933386094576655
2027-06-09,29.96397166177446,28.18668530951341,31.822957960685006
2027-06-10,29.827564027959284,27.96608615896054,31.686058090675534
2027-06-11,29.62162518486082,27.75402544154825,31.42952969048315
2027-06-12,29.608905044967727,27.780645935786342,31.50398365521144
2027-06-13,29.59302309065726,27.773659171909586,31.360944684736275
2027-06-14,29.30858523722975,27.50718499164209,31.152313314603592
2027-06-15,29.205443540699388,27.39989125185918,31.03038598335522
2027-06-16,29.081870354489467,27.30087881406345,30.73724554934227
2027-06-17,28.9514953548646,27.243302603097703,30.711966945253995
2027-06-18,28.757582114434626,27.089061996324954,30.507557588392434
2027-06-19,28.762754051919085,26.915206098546015,30.484425401143003
2027-06-20,28.77039411141463,26.963934520775695,30.449507623157043
2027-06-21,28.51476956774469,26.64112951911097,30.231420194198396
2027-06-22,28.44530188622103,26.736467030676344,30.222408327434977
2027-06-23,28.35975293869596,26.41330947065496,30.121736681965906
2027-06-24,28.27117565143243,26.510222729476837,30.11949272791366
2027-06-25,28.122205387485113,26.27570038305474,30.046910725706184
2027-06-26,28.174801493342322,26.31864008713548,29.951200907173803
2027-06-27,28.231662953719884,26.465227425388907,29.992975133045093
2027-06-28,28.026369141609166,26.257876528360832,29.85247211226193
2027-06-29,28.007665193261047,26.159564331489698,29.848818031485305
2027-06-30,27.972662932232886,26.256411037070247,29.809432705864836
2027-07-01,27.933805070723466,26.13682951209188,29.716049913142815
2027-07-02,27.833168682530406,25.85684712504288,29.664526762139772
2027-07-03,27.93221711518751,26.094597617236147,29.63734162085885
2027-07-04,28.03322407498282,26.19012074140817,29.841584492751032
2027-07-05,27.86942071820257,26.12437908050067,29.84256859750656
2027-07-06,27.889285183540466,26.022729200926022,29.802030075199333
2027-07-07,27.88974545524613,26.137301527483295,29.637983743197836
2027-07-08,27.883143310222238,26.120029747134875,29.75498260484463
2027-07-09,27.811535425703727,26.12341017928117,29.55846546775159
2027-07-10,27.936440951024665,26.195986560013743,29.782766305568302
2027-07-11,28.060259461634292,26.24878852919808,29.86542646570142
2027-07-12,27.91641035539965,26.1967271680158,29.75154521864915
2027-07-13,27.953613387746156,26.142210830370278,29.758863393114723
2027-07-14,27.969081523655156,26.13444084658929,29.6890799116376
2027-07-15,27.97547416635604,26.21394297212422,29.718551904241853
2027-07-16,27.915187155294117,26.17835680767475,29.854493116653163
2027-07-17,28.05008915313617,26.351446349196156,29.76603543702542
2027-07-18,28.182928647898102,26.470234323113424,30.07155924744364
2027-07-19,28.04746292147867,26.284015125119584,29.99190042957129
2027-07-20,28.092728948228544,26.182584135756027,29.905819120515183
2027-07-21,28.11622763772936,26.30219475545818,29.939761164365276
2027-07-22,28.13086968125791,26.376879465038968,29.984135954846575
2027-07-23,28.079259553144716,26.367100264281753,30.013710612638135
2027-07-24,28.22342740128089,26.30801191527184,30.044611749570688
2027-07-25,28.366233121325727,26.60373952691825,30.12193964173103
2027-07-26,28.241493987939712,26.364476301451088,30.07630217554797
2027-07-27,28.29825578310291,26.462561325956262,30.098945198439047
2027-07-28,28.333978768695065,26.52373368113684,30.20748834687595
2027-07-29,28.361486655708276,26.435378218270206,30.10475289307324
2027-07-30,28.323254978489235,26.53392562761449,30.165271094578458
2027-07-31,28.4811484350241,26.73680316707491,30.313811974493493
2027-08-01,28.637831290175697,26.79976525331996,30.398267874547596
2027-08-02,28.52690199970474,26.651720837142523,30.401746220130516
2027-08-03,28.597171768596084,26.62789880383381,30.52965652924319
2027-08-04,28.64585816034734,26.872443592827572,30.59009247386113
2027-08-05,28.685541681854115,26.857613005805213,30.454374860000975
2027-08-06,28.658461533980383,26.99697240795611,30.439939212331
2027-08-07,28.826259885984918,27.16636816215032,30.665743152020863
2027-08-08,28.99139858878746,27.181235780658874,30.877587500001713
2027-08-09,28.887299328441763,27.063131994502655,30.725796813255876
2027-08-10,28.962626806179976,26.968552818847655,30.900675080204923
2027-08-11,29.014485966345568,27.19919438561216,30.717063438400483
2027-08-12,29.055381135124446,27.32582969241392,30.82275925931671
2027-08-13,29.027513232536954,27.257408281179867,30.793151092761306
2027-08-14,29.192524421848226,27.469124757490302,30.99456141123957
2027-08-15,29.352914149452044,27.529146676807823,31.075159469261003
2027-08-16,29.24217764437551,27.39991355506063,31.1184513582242
2027-08-17,29.30908655780071,27.33613653435273,31.14369583413865
2027-08-18,29.350882880410662,27.59373941093429,31.127910562313822
2027-08-19,29.380234134699638,27.715120228654936,31.207955879183856
2027-08-20,29.33952615177176,27.536577747777564,31.199965188654524
2027-08-21,29.490602951518312,27.76022785882169,31.4442239301663
2027-08-22,29.636177836331065,27.766246222143455,31.50609556258389
2027-08-23,29.509966921828862,27.80102187974294,31.33012571011985
2027-08-24,29.56096493175253,27.785002867392794,31.32427138749337
2027-08-25,29.586634529474058,27.683693809866302,31.524672599157892
2027-08-26,29.59985730197404,27.843640436598534,31.27094060171074
2027-08-27,29.543222805364373,27.68398841669035,31.369269316055412
2027-08-28,29.67876526874064,27.96199112162652,31.471384169603482
2027-08-29,29.80937212116008,28.000349050271176,31.626515300569558
2027-08-30,29.668915595798563,28.014542351513484,31.572297283942557
2027-08-31,29.706527244972033,27.88818350334185,31.480132831692426
2027-09-01,29.71978662192728,27.91850341465957,31.60451938088863
2027-09-02,29.721672207226224,27.967832380498574,31.538158323660944
2027-09-03,29.654850931699748,27.89634928917675,31.52136447725634
2027-09-04,29.781415819548442,28.141859302184333,31.640765843080207
2027-09-05,29.90429583050672,27.996871654088036,31.74206452395339
2027-09-06,29.757389060414777,28.03437038312114,31.616707683648094
2027-09-07,29.789839034349708,27.986912847228616,31.677300157387222
2027-09-08,29.79922524793389,27.950722085859688,31.53859439584719
2027-09-09,29.79851593766196,28.08751287400872,31.65258634886008
2027-09-10,29.730359342273218,27.812637521717903,31.526078138349128
2027-09-11,29.856822899296205,28.141831355688876,31.69836032814906
2027-09-12,29.98080438969045,28.20620620806508,31.651448077921362
2027-09-13,29.83616613975418,28.025560974243746,31.707707011419636
2027-09-14,29.87201198185872,28.15256163140487,31.781697632347615
2027-09-15,29.885878115632227,28.06871351395111,31.739635159287676
2027-09-16,29.890685855307435,28.002208476425995,31.688453800066302
2027-09-17,29.829032548572016,28.075601695139863,31.615017291466838
2027-09-18,29.962930151607992,28.164365353834032,31.81820681048798
2027-09-19,30.095215529191858,28.228119629668527,31.780011368489262
2027-09-20,29.95968365791906,28.14693023936878,31.73324131442556
2027-09-21,30.005363512972295,28.180705292758805,31.956364107876826
2027-09-22,30.029707865507454,28.231944219235867,31.73934666535548
2027-09-23,30.045545064771865,28.327948227517904,31.95367454202259
2027-09-24,29.995369177838207,28.368300998546125,31.8325395114266
2027-09-25,30.141078054512406,28.330409221204132,32.00183116141654
2027-09-26,30.285383460844297,28.448466415041956,32.15359620530993
2027-09-27,30.161944522093965,28.23638697394257,31.98666715987325
2027-09-28,30.219644303662587,28.414893382137084,32.062267613744346
2027-09-29,30.255780787857606,28.396561086171648,31.990745277783425
2027-09-30,30.28302033230611,28.40921795759098,32.088825201713696
2027-10-01,30.243689974232154,28.484685997411905,31.982865566072945
2027-10-02,30.39951811869478,28.646398279246295,32.16585576827748
2027-10-03,30.553047704217583,28.743851010370133,32.37259475212317
2027-10-04,30.437773017227325,28.677436095892205,32.23484815236429
2027-10-05,30.502419896708542,28.517004031161044,32.32115516341992
2027-10-06,30.544140484704165,28.78176264666058,32.260513344167855
2027-10-07,30.575470494205913,28.863215580231024,32.375472995255045
2027-10-08,30.538625235989024,28.732608217493155,32.299585979723474
2027-10-09,30.695243815488503,28.93105355852987,32.59812301017758
2027-10-10,30.847805466133384,29.059672373414543,32.6569569661925
2027-10-11,30.729769067984947,28.88486871438464,32.511702218748454
2027-10-12,30.78985547937946,29.054108595741088,32.67424111831549
2027-10-13,30.82524373667705,29.217282383963774,32.772463670046996
2027-10-14,30.848529010181938,29.08991581368665,32.591262695129146
2027-10-15,30.802018494966475,28.864119217322255,32.5759604877543
2027-10-16,30.947474608316742,29.151797668122306,32.78310438767053
2027-10-17,31.087529446596562,29.2969563920284,32.942365279300056
2027-10-18,30.95582156387676,29.021664215059793,32.68582951313778
2027-10-19,31.001274741251702,29.24751842740277,32.94182909300693
2027-10-20,31.021289870557997,29.220746265760994,32.86574996600982
2027-10-21,31.028697935391257,29.172555374466306,32.91002451006276
2027-10-22,30.96605038700479,29.204254144772918,32.66122241091192
2027-10-23,31.09535642686078,29.198452431121808,32.99043645566448
2027-10-24,31.21949130609684,29.36677730513584,33.00259295624511
2027-10-25,31.07232687479031,29.156971123538263,32.811766446100336
2027-10-26,31.10300422870551,29.292247179060205,33.01130229023406
2027-10-27,31.109119758844784,29.337875264147396,32.899935421195245
2027-10-28,31.10367276568916,29.29999205216197,32.98923106305268
2027-10-29,31.02935110647959,29.298320739057175,32.97639379669124
2027-10-30,31.14826454433476,29.257395745851994,32.835158178060425
2027-10-31,31.263350047573315,29.47359314142502,33.033044085966125
2027-11-01,31.10850038657125,29.218451330481756,32.77381899300217
2027-11-02,31.13283596239725,29.364640339544696,32.99521612706205
2027-11-03,31.13389122794506,29.253666166638336,32.90253340533
2027-11-04,31.124563885050705,29.354131420981332,32.81996887010552
2027-11-05,31.047403312234188,29.321373243909026,32.89102530110819
2027-11-06,31.164347842328652,29.377881172837125,32.97828064648328
2027-11-07,31.278135053542112,29.483277956453918,33.19432811147671
2027-11-08,31.122436302777473,29.23300574658932,32.816175801265175
2027-11-09,31.146135286033356,29.412224722402282,32.97553242359238
2027-11-10,31.146521809821834,29.445977403985445,32.91443958667384
2027-11-11,31.1362487576294,29.264805848085594,32.895696110206885
2027-11-12,31.05762848922438,29.209121065664615,32.832440845554785
2027-11-13,31.17237806386771,29.289784979762707,32.97972009792386
2027-11-14,31.283037217846378,29.43506532499728,33.030144241203246
2027-11-15,31.123110093890315,29.294324528060258,32.91764962381738
2027-11-16,31.141350284651082,29.273970968640523,32.94939283111009
2027-11-17,31.134960166961203,29.339583790965918,32.904872953535474
2027-11-18,31.1165523254176,29.31578528608491,32.924465432188185
2027-11-19,31.02844914530873,29.287788078952385,32.91876556845656
2027-11-20,31.132429840979754,29.326451508747855,32.98760668655485
2027-11-21,31.231148762299075,29.479119026661966,33.167621062600084
2027-11-22,31.05827592951712,29.324444288610565,32.8928119785319
2027-11-23,31.06277935413925,29.292101622716977,32.8097404549907
2027-11-24,31.042120161688736,29.36297342763859,32.94672806262228
2027-11-25,31.00920839751537,29.151701738175284,32.878534227480465
2027-11-26,30.906695720209704,29.123476702370283,32.82378366349216
2027-11-27,30.996714412466982,29.171540388433574,32.76192321078617
2027-11-28,31.08228675102649,29.20444228507026,32.82546524543306
2027-11-29,30.897455915183,29.11645236141447,32.616358357629906
2027-11-30,30.891558244933726,29.096600451065104,32.61687401568835
2027-12-01,30.862408135539475,28.932297864385962,32.66288404683882
2027-12-02,30.82324373065565,28.96931954076679,32.58801325953055
2027-12-03,30.71700990188434,28.88459644310804,32.50789180384235
2027-12-04,30.80608822219357,28.869218851740488,32.71598889505338
2027-12-05,30.8936982388278,29.112655624735282,32.72327447780397
2027-12-06,30.714021467903613,28.887362776660712,32.40666385595957
2027-12-07,30.716468136011432,28.98636148138535,32.49854403748651
2027-12-08,30.698858134928372,28.969400214691486,32.5250638738355
2027-12-09,30.674364490441537,28.872449840191816,32.55131250083225
2027-12-10,30.585795927003595,28.688703770301235,32.32987768532112
2027-12-11,30.695328281276822,28.840866900715277,32.4358622351605
2027-12-12,30.80590906559319,29.071659626268225,32.58518323269913
2027-12-13,30.651386548157856,28.752504481773677,32.55110944344831
2027-12-14,30.68078327001271,28.733793477846756,32.42791198994617
2027-12-15,30.691485311960196,28.955712974893395,32.48015470947741
2027-12-16,30.696195415523785,28.92339743930463,32.44141511152494
2027-12-17,30.637226303666385,28.886744488439295,32.381638779389235
2027-12-18,30.776243685350043,28.94856552031364,32.5664963178878
2027-12-19,30.91568295000396,29.052171555312896,32.79970177315174
2027-12-20,30.788890605707074,28.989563442070693,32.55720003992253
2027-12-21,30.844410058438434,29.077228663698087,32.72258331364695
2027-12-22,30.879182722026727,29.072382894349417,32.76178850090578
2027-12-23,30.905512247376606,29.019268249589366,32.70720889813096
2027-12-24,30.865367917946003,28.999278184711446,32.621046734225395
2027-12-25,31.020136421901686,29.315451328007974,32.84213014927291
2027-12-26,31.172045766217405,29.39055000268686,33.089892585981275
2027-12-27,31.054312185378482,29.299093153078314,32.84196486528041
2027-12-28,31.115429486325503,29.20134122199562,33.03163797963083
2027-12-29,31.15237171365643,29.27799308241813,32.99093671639383
2027-12-30,31.177556871194366,29.401225398578497,32.98038541348958
2027-12-31,31.133147749431277,29.239796220100004,32.93328846207977
2028-01-01,31.280799126975836,29.4372790458813,33.02864674810344
2028-01-02,31.42307522280956,29.61406312039362,33.333480834287705
2028-01-03,31.293588414563928,29.515592000714637,33.09730569553968
2028-01-04,31.34127887380397,29.470516109678414,33.081148507277184
2028-01-05,31.363606252779295,29.496237124899313,33.12584122018935
2028-01-06,31.373501443689886,29.67144432125431,33.118594534031466
2028-01-07,31.313654771546602,29.37368066518407,33.047502280771226
2028-01-08,31.44625021852782,29.57097781257703,33.250392668359396
2028-01-09,31.57436989555188,29.82947953456745,33.504515175613186
2028-01-10,31.432120115038625,29.66821327456242,33.20694177217796
2028-01-11,31.46889904513671,29.757068132919574,33.238985308203446
2028-01-12,31.482577390611905,29.737506091484352,33.30430450969862
2028-01-13,31.48644040508189,29.773032996738685,33.291393032138544
2028-01-14,31.423467844411917,29.608661393735918,33.232693480286834
2028-01-15,31.556061666159607,29.826926096455274,33.40455904988536
2028-01-16,31.68744585038653,29.82306424525195,33.48801034556206
2028-01-17,31.551789803703162,29.77312857943563,33.38003655738253
2028-01-18,31.59847538009659,29.68310800868779,33.50564706433695
2028-01-19,31.6252789611729,29.814155652911328,33.470845690639436
2028-01-20,31.645316842246665,29.840963504422415,33.51509709526804
2028-01-21,31.601330422081528,29.696856404825834,33.505944111001284
2028-01-22,31.75542083870562,29.965721411354007,33.4626763640338
2028-01-23,31.91045721853915,30.05126237714575,33.58984228613055
2028-01-24,31.8002097530291,29.92794677826797,33.519358090858915
2028-01-25,31.873627356379053,30.20219340634158,33.75488602415328
2028-01-26,31.928031042725205,30.143017852897806,33.70555010942438
2028-01-27,31.976070949522317,30.181019963232064,33.75844860514867
2028-01-28,31.960023178982254,30.209653990534576,33.850714294407354
2028-01-29,32.14153577717754,30.30286052236045,33.93061344031881
2028-01-30,32.32304770757199,30.407567377895262,34.120932013351016
2028-01-31,32.23793174397924,30.325246303592348,34.048243923487775
2028-02-01,32.33478077673629,30.558075944264008,34.253508291790695
2028-02-02,32.41060844751901,30.517909321478964,34.157203319369735
2028-02-03,32.47781185963379,30.749061580968323,34.31003772639168
2028-02-04,32.47847240376851,30.64928684329179,34.18547692124619
2028-02-05,32.67410393851286,30.806037163604238,34.39110878341625
2028-02-06,32.86707215575149,31.10418367949707,34.616361664224854
2028-02-07,32.79073608327852,30.99276329264663,34.603618719115204
2028-02-08,32.8937312987397,31.08832081883566,34.59983348134853
2028-02-09,32.97316590077217,31.255960658873644,34.76495000656777
2028-02-10,33.041577160643705,31.24182105496033,34.83445307787845
2028-02-11,33.04122511125759,31.28466751596927,34.8780998699604
2028-02-12,33.2338325633929,31.27852697491627,35.04865622907966
2028-02-13,33.42199565573219,31.592777324370665,35.256681163806306
2028-02-14,33.339316184930716,31.546038312527777,35.10329509634782
2028-02-15,33.43467559201285,31.6483079547312,35.29045452654448
2028-02-16,33.505421952295,31.612389198666733,35.36504128445261
2028-02-17,33.56431818324964,31.815972271314042,35.35801973565165
2028-02-18,33.55382799916256,31.781137493510034,35.44247390803829
2028-02-19,33.735849346933655,31.97897941257682,35.539249194062926
2028-02-20,33.913119639023364,32.11346188890369,35.638836625820836
2028-02-21,33.81934419762973,31.97558500633674,35.66869318660585
2028-02-22,33.90346790749948,31.98113050365166,35.72435357530363
2028-02-23,33.96286149496703,32.284527960463876,35.763327587153555
2028-02-24,34.01027066514085,32.27611861362522,35.77759551288764
2028-02-25,33.98810458994854,32.10865363611675,35.73508259783277
2028-02-26,34.158173392547795,32.38971331330585,35.9851215343224
2028-02-27,34.32309880512669,32.671354051516616,36.07953432956571
2028-02-28,34.21644922919177,32.412113068411465,35.98538936392744
2028-02-29,34.28701897019775,32.36364634689736,36.156550161762745
2028-03-01,34.33202280495393,32.633100831396284,36.22628424396644
2028-03-02,34.3640538286948,32.58630733205195,36.152707783421164
2028-03-03,34.32538077245307,32.551091600195754,36.135124653230264
2028-03-04,34.47769412642642,32.66856806418862,36.21485712611301
2028-03-05,34.62352493841292,32.79824008475954,36.378412281270755
2028-03-06,34.49638722004927,32.56783226375728,36.22548497973018
2028-03-07,34.54506345731606,32.70313781918939,36.4424159317739
2028-03-08,34.56680413816843,32.79205513204893,36.279256986318
2028-03-09,34.574289036531766,32.76855241533387,36.36685043616663
2028-03-10,34.50992628051299,32.711979619759084,36.35488891003487
2028-03-11,34.63559842832805,32.8059208620542,36.40642831057033
2028-03-12,34.754079363717764,32.9840078066198,36.66413240140868
2028-03-13,34.59917294373546,32.79672849828223,36.3779731132223
2028-03-14,34.6199929540212,32.88265837690149,36.550439316950005
2028-03-15,34.61415540072525,32.97029232248003,36.495332337906476
2028-03-16,34.59473104977136,32.866491636462214,36.40232532509656
2028-03-17,34.50453446371078,32.7828598228681,36.37359464079248
2028-03-18,34.60585902724521,32.67241735848819,36.416051510332814
2028-03-19,34.70188207869433,32.92969772470401,36.48663215022842
2028-03-20,34.526791415376806,32.68376150495636,36.42952241570856
2028-03-21,34.53005308318358,32.64781245108341,36.238345332595586
2028-03-22,34.50959184463144,32.748977166605414,36.25883713253348
2028-03-23,34.47873260060274,32.686498942518504,36.366122299434366
2028-03-24,34.38047936913079,32.4613330536311,36.18862258322005
2028-03-25,34.47724164350741,32.7162091527036,36.355809377806175
2028-03-26,34.57223254615845,32.87693955549715,36.42128511199851
2028-03-27,34.39959030410298,32.504161073020235,36.16746272255507
2028-03-28,34.408643164511545,32.571785384747166,36.29298953423551
2028-03-29,34.39708929639628,32.707769851504786,36.36622242009819
2028-03-30,34.37794004334332,32.54435220323511,36.16583259041474
2028-03-31,34.29380315468634,32.45022424262245,36.08746726382954
2028-04-01,34.4066157737483,32.688329334624626,36.23538985096772
2028-04-02,34.51905148829635,32.61952630932035,36.26002839918734
2028-04-03,34.364652791874896,32.65703567171323,36.15233774435285
2028-04-04,34.39210883542814,32.475571768509695,36.159040362717995
2028-04-05,34.39844971957761,32.49635838002587,36.15286861430763
2028-04-06,34.396005347650195,32.548250654798494,36.26004315487536
2028-04-07,34.326705081464134,32.58219140270306,36.25507555326684
2028-04-08,34.45182756256635,32.67346786379015,36.157789305001515
2028-04-09,34.57342456848482,32.62361257326923,36.41092845206988
2028-04-10,34.424469809146125,32.63984502684724,36.4153873263806
2028-04-11,34.4531521032712,32.66246084584969,36.301333430606014
2028-04-12,34.45608376168504,32.54132001970293,36.29563531401246
2028-04-13,34.44527180193422,32.62250934318842,36.14333835488641
2028-04-14,34.36242787949323,32.66366089195794,36.087164292221786
2028-04-15,34.46872599066738,32.74780533270132,36.248775331619974
2028-04-16,34.566231567278024,32.84359063416438,36.65486137076879
2028-04-17,34.388052684380995,32.57314532391833,36.21779553111291
2028-04-18,34.38263270837503,32.579711710745364,36.208931526916906
2028-04-19,34.34695517520698,32.52270550017107,36.051354567568104
2028-04-20,34.29350856311632,32.631394044711996,36.204206359805056
2028-04-21,34.16458696228614,32.50586082434983,36.01777463558102
2028-04-22,34.22203588842301,32.51389571940775,36.037057738505645
2028-04-23,34.26866712287314,32.518047995437215,36.10161491863572
2028-04-24,34.03839362739036,32.240807097991855,35.92203162574627
2028-04-25,33.980504244233984,32.06263526959947,35.66569375960617
2028-04-26,33.89284940148077,32.08009120264911,35.78170629638083
2028-04-27,33.7887859541762,31.81060195167268,35.498164381519594
2028-04-28,33.61145765401779,31.974429866609313,35.522243636534064
2028-04-29,33.623520996397545,31.70935993919761,35.43182068164956
2028-04-30,33.62854082766982,31.761985906837033,35.53396408383811
2028-05-01,33.3611072465315,31.45128939179045,35.10857566019922
2028-05-02,33.27109396857445,31.517858563694404,35.107611155358924
2028-05-03,33.15682979296425,31.386362051339272,34.820650160122824
2028-05-04,33.03203167046702,31.220714041198768,34.83550382000569
2028-05-05,32.84007617378415,31.033125957475864,34.58806810018021
2028-05-06,32.84371935876825,30.969636831541457,34.69443254701235
2028-05-07,32.846489564104,31.045036005601865,34.616532214772036
2028-05-08,32.58280476841034,30.825813147740103,34.46458667663651
2028-05-09,32.502234676914675,30.719051823062358,34.35670639657109
2028-05-10,32.40267909733603,30.678131874460558,34.25090385273676
2028-05-11,32.2973109443419,30.52645778539691,34.079174886456116
2028-05-12,32.12886043713168,30.214610766135948,33.95357778762284
2028-05-13,32.15935017167616,30.38278326913209,34.110026607359664
2028-05-14,32.19150524531293,30.47409109988566,33.99685933526601
2028-05-15,31.95888962944223,30.080176450070976,33.73515220910972
2028-05-16,31.910188496678206,30.031889527709048,33.62622064075596
2028-05-17,31.842407565735982,30.014189809097047,33.70213730023567
2028-05-18,31.767837289189753,30.004654249405785,33.57143085073959
2028-05-19,31.628357929719236,29.778082809900692,33.55622921868544
2028-05-20,31.68519469600612,30.035451712424713,33.60542172736593
2028-05-21,31.740346627215846,29.80757517259896,33.66979857463224
2028-05-22,31.52673996701792,29.79534938959868,33.38179929584865
2028-05-23,31.492525324226634,29.672003036101405,33.30650181819746
2028-05-24,31.434289329818473,29.72564480760676,33.201267534010476
2028-05-25,31.364028326464194,29.42468654338283,33.17699055131058
2028-05-26,31.223459918801275,29.44067912354605,33.217353884890784
2028-05-27,31.27378141497629,29.39022411322859,33.238594821893216
2028-05-28,31.317098787653514,29.475719330493686,33.05592105731879
2028-05-29,31.086576915640908,29.228467559922873,32.91208823110862
2028-05-30,31.03073050333334,29.314995818755225,32.893111051035994
2028-05-31,30.946626564537585,29.111146386497037,32.92674281583185
2028-06-01,30.846846255343443,28.884960334028982,32.597327503435004
2028-06-02,30.67378219745833,28.872572743393363,32.45981869077276
2028-06-03,30.689380691919997,28.722098056375064,32.41334462038266
2028-06-04,30.69655286697517,28.876550691440023,32.46034060369506
2028-06-05,30.429305972065986,28.599095714221775,32.129068831955955
2028-06-06,30.337014689136673,28.49353604384391,32.09021012871454
2028-06-07,30.217603832887292,28.42515355485881,32.02339161386787
2028-06-08,30.084490707990227,28.26186829140104,31.987357791766705
2028-06-09,29.880863734227045,28.041676595022626,31.600944608383873
2028-06-10,29.869407183151644,28.00362666878041,31.71429613112942
2028-06-11,29.853696477018172,28.090855119574854,31.58502406374868
2028-06-12,29.56831562205937,27.70460965406383,31.30126367918563
2028-06-13,29.463116952217398,27.76977540694897,31.235568955511763
2028-06-14,29.336394797389712,27.498683641703003,31.142501874871886
2028-06-15,29.20182151902678,27.269780873330337,31.035903668353686
2028-06-16,29.002722627673965,27.16393408295385,30.830674318570605
2028-06-17,29.001800857057244,27.277897377107408,30.761790288386102
2028-06-18,29.002533604075396,26.944350075259656,30.725167355639215
2028-06-19,28.739295195483614,26.906618164044442,30.67306329652614
2028-06-20,28.661623980061535,26.82335775184473,30.731278999819622
2028-06-21,28.567405622904907,26.66783573525219,30.361857616642
2028-06-22,28.469820754341978,26.48706648001829,30.29376551155581
2028-06-23,28.311633353362428,26.463597418234514,30.088409700503277
2028-06-24,28.354929370642505,26.495990754074484,30.272790428812606
2028-06-25,28.402529606571594,26.62870912119124,30.138510002496993
2028-06-26,28.188127897358527,26.286438543796883,29.950062831429516
2028-06-27,28.160574197581766,26.336162159993616,29.84151123853763
2028-06-28,28.11707353347915,26.278474847747372,29.936351347798148
2028-06-29,28.070148595557956,26.27360636164826,29.91386504834562
2028-06-30,27.961941994688853,26.227634923901118,29.799608043424154
2028-07-01,28.053967367930845,26.30659670399379,29.877784868250696
2028-07-02,28.148533075139525,26.472837086679544,29.965278765929625
2028-07-03,27.978889315792863,26.27765942562563,29.767502991646182
2028-07-04,27.99351808622102,26.129609613533752,29.91683773986375
2028-07-05,27.98933684184363,26.2114172234484,29.720406274387365
2028-07-06,27.978663583433356,26.216038880552823,29.69224159762134
2028-07-07,27.90351940177181,26.132884936869868,29.7413017175502
2028-07-08,28.02537773522944,26.249083868754106,29.890905482819452
2028-07-09,28.14658420427792,26.28862264211277,30.004376409158564
2028-07-10,28.000498025257205,26.200785384290192,29.717805952422736
2028-07-11,28.035774640345814,26.219619658040326,29.869483548778938
2028-07-12,28.049560681982104,26.243598443712013,29.888031348500444
2028-07-13,28.054449273251965,26.20810492935485,30.03285872942035
2028-07-14,27.992772001549554,26.059763281029067,29.795044172907048
2028-07-15,28.126337134479066,26.357624476268654,30.06571012424855
2028-07-16,28.25783825903561,26.53035367645968,30.06752415002325
2028-07-17,28.120984657168847,26.34574443849403,29.814202496491596
2028-07-18,28.164773350854116,26.301301825868467,29.959517905846365
2028-07-19,28.186674208685798,26.320931403313285,29.924914562254465
2028-07-20,28.19957635998514,26.46242273644243,29.939974448114736
2028-07-21,28.14607246294263,26.29948715536986,29.938645384662046
2028-07-22,28.28819056501326,26.451937240682145,30.15269641802829
2028-07-23,28.428797862328427,26.53023609869945,30.29055475859404
2028-07-24,28.301727751324837,26.401308189416717,30.02405810893688
2028-07-25,28.356050139312494,26.47324281392372,30.26054766842046
2028-07-26,28.389256393689106,26.475871049378544,30.202851280107257
2028-07-27,28.414207119377856,26.699636131376657,30.302089780781042
2028-07-28,28.373419213560318,26.55078443207601,30.246945861943196
2028-07-29,28.528801801568186,26.79394801192985,30.23650571870384
2028-07-30,28.683065194538646,26.794162888245214,30.53855014991299
2028-07-31,28.569854069878343,26.84082516873819,30.38065872099102
2028-08-01,28.638024629604264,26.9436434819103,30.44850830475199
2028-08-02,28.684836891839602,26.784357148121032,30.53482454225627
2028-08-03,28.722910074855463,26.94356130959513,30.509919035794837
2028-08-04,28.694517293678874,26.853660050966123,30.45959529492066
2028-08-05,28.861328951867826,27.075173076203974,30.856588332693804
2028-08-06,29.0258287618181,27.17807573259103,30.893064540696464
2028-08-07,28.921453407006197,27.222445880362145,30.75003871425235
2028-08-08,28.996875438058968,27.104416901729344,30.733181170066608
2028-08-09,29.049200423110555,27.27061758872122,30.860216370737078
2028-08-10,29.09092620837701,27.282407872758604,30.91181847885801
2028-08-11,29.06424043873025,27.322705515264882,31.053168356383186
2028-08-12,29.230765684738337,27.436405975789622,31.059008546001
2028-08-13,29.392976107204213,27.698698563326154,31.084738446356898
2028-08-14,29.284336702889135,27.47730678886427,31.218583532474497
2028-08-15,29.353584783893872,27.510742093100156,31.145011486028512
2028-08-16,29.397924799018337,27.604844228688638,31.23067305790247
2028-08-17,29.429984464294158,27.719918443753325,31.254671659833313
2028-08-18,29.39210848272027,27.460970209152247,31.224721630391066
2028-08-19,29.546099344005153,27.82068287254861,31.256526357024182
2028-08-20,29.6946292886642,27.974311037876788,31.56510458342956
2028-08-21,29.571374637133463,27.71097972364745,31.367970654383946
2028-08-22,29.6252922918982,27.85029443781656,31.590278444692824
2028-08-23,29.65380967002387,27.851649364836017,31.552687257712897
2028-08-24,29.669776171332074,27.89263581202311,31.423660383051196
2028-08-25,29.615752585306875,27.951982301421694,31.36111289400591
2028-08-26,29.753748032109492,27.887826669525104,31.535098926979675
2028-08-27,29.886628605560126,28.17686554254588,31.745633085542348
2028-08-28,29.748248979314916,27.964283807178433,31.52661734277737
2028-08-29,29.78772682083389,27.976571272890364,31.56889868630004
2028-08-30,29.80263128303453,28.018178233958416,31.52047648759778
2028-08-31,29.805933667981368,28.099914903932685,31.647856004774393
2028-09-01,29.74029663281238,27.861483342384766,31.58511094584178
2028-09-02,29.867811480727678,28.19596286621087,31.645558410736395
2028-09-03,29.991407635376927,28.236118820970475,31.745685857171516
2028-09-04,29.84498547684328,27.952023726448274,31.51547848400587
2028-09-05,29.877692290931204,28.05209459301752,31.84491997719434
2028-09-06,29.887112502949876,28.196167416101773,31.646906832126763
2028-09-07,29.8862201898517,28.128735555632446,31.713922120098786
2028-09-08,29.817670142772954,27.90515890393945,31.477874554429626
2028-09-09,29.943536930723226,28.218203340375577,31.76683617533402
2028-09-10,30.06672598142915,28.281562204511516,31.952294799731877
2028-09-11,29.921107787890083,28.188732066886622,31.824080783990595
2028-09-12,29.955794938050346,28.19389134292228,31.8136502959147
2028-09-13,29.96833310167206,28.08080182073155,31.82884223709392
2028-09-14,29.97165394955791,28.206276287299758,31.808936596686138
2028-09-15,29.908366277341848,28.15963780322294,31.67995796763438
2028-09-16,30.04049480339487,28.19011457384261,31.92895305000874
2028-09-17,30.170890693222013,28.317644077288534,32.14072853467917
2028-09-18,30.03336497123502,28.264445980281522,31.745159048028018
2028-09-19,30.07696458322307,28.292543853971914,31.846456062069432
2028-09-20,30.099162320259655,28.278699298604476,31.829015617667494
2028-09-21,30.112808663352073,28.261989092251394,31.902058986901405
2028-09-22,30.060421909055915,28.432217855871954,31.9924203446701
2028-09-23,30.203926133717363,28.286109205683108,31.890510440447553
2028-09-24,30.346061133117576,28.468333143262363,32.14678545050705
2028-09-25,30.22051557537006,28.399284053184967,32.043115233583976
2028-09-26,30.276203196420504,28.48679718038494,32.214624637730125
2028-09-27,30.310453300912375,28.497812968279785,32.06752662350447
2028-09-28,30.335963663041355,28.51327961580644,32.03749306797504
2028-09-29,30.29509220423812,28.456954071773122,32.09122998255584
2028-09-30,30.44959700184177,28.80614943436703,32.29434634657696
2028-10-01,30.60204874127693,28.777803454817448,32.346324418658604
2028-10-02,30.485966804645397,28.683272626570375,32.309796240703164
2028-10-03,30.550098760374837,28.726221418363878,32.41457106822118
2028-10-04,30.59161443378808,28.667930856999558,32.34034338853322
2028-10-05,30.62306255448977,28.87363428688279,32.328486090252824
2028-10-06,30.586666245830685,28.82179241812553,32.418445265265845
2028-10-07,30.744066789679312,28.96644610454964,32.66663976477183
2028-10-08,30.89773965269229,29.093129693814323,32.7314267522718
2028-10-09,30.781133839595345,28.845392762624233,32.6669049956286
2028-10-10,30.84295421398168,28.99543852729993,32.68449858865483
2028-10-11,30.880357850184296,29.104522165297674,32.65929706359312
2028-10-12,30.90591230790144,29.234850177969715,32.685801031162406
2028-10-13,30.861892006748064,29.079201033807394,32.69384177903748
2028-10-14,31.010022065674036,29.178796209950733,32.896481147206494
2028-10-15,31.15289354797986,29.40893621134154,32.987021932749755
2028-10-16,31.02410115718768,29.168769472310938,32.85172259621845
2028-10-17,31.072523030943756,29.388107929049376,32.942281198571095
2028-10-18,31.095513730761933,29.327058154329823,32.933149524928524
2028-10-19,31.10585838115394,29.2832192005378,32.77419483522
2028-10-20,31.046064223744636,29.22644598532051,32.837346204206526
2028-10-21,31.178099064411082,29.433281580117914,33.05009777042854
2028-10-22,31.304800689243727,29.593882948328883,33.18080681987984
2028-10-23,31.160008448091762,29.308432425422502,32.980433509204076
2028-10-24,31.192836820562402,29.227872348870438,32.86327346952321
2028-10-25,31.20086223949302,29.437946075373652,33.037663510146224
2028-10-26,31.197071306830033,29.344235194437598,32.978675810956496
2028-10-27,31.124146847697265,29.332461559383027,32.971480794261765
2028-10-28,31.244201454029593,29.574661095471495,33.063562135334664
2028-10-29,31.36018275452957,29.544286961985257,33.24962364514555
2028-10-30,31.20600175302012,29.27302125866199,33.08730237759396
2028-10-31,31.23080417083103,29.489105853664316,33.014687244913226
2028-11-01,31.232156162122784,29.40433060097175,32.91693407049703
2028-11-02,31.222992600550118,29.455940226171194,32.85883323055684
2028-11-03,31.1459044132691,29.354496666703636,32.8805928842433
2028-11-04,31.262874608875745,29.37332093470396,33.09892092689531
2028-11-05,31.37668719546321,29.456098360500903,33.17429400256339
2028-11-06,31.2210602547302,29.404646205856267,33.06945139026856
2028-11-07,31.244922997512596,29.395813254488864,33.070167587464134
2028-11-08,31.24560802762119,29.45562654002734,33.043055721880286
2028-11-09,31.23580684205848,29.591429332570083,33.13118787247905
2028-11-10,31.157864849350585,29.40880920879802,32.99448713897081
2028-11-11,31.27352533956181,29.4897317390998,33.09041754177947
2028-11-12,31.38534637619745,29.52211190177873,33.21400519965493
2028-11-13,31.226841643439087,29.366276940308545,33.05452470455425
2028-11-14,31.246764841689153,29.386672838733883,33.13274264040131
2028-11-15,31.242308632882594,29.404058095570086,33.10088307598406
2028-11-16,31.22606595194746,29.39494217359413,33.121560007051926
2028-11-17,31.14032977466238,29.303470233147497,32.97681986918713
2028-11-18,31.24684061023827,29.369832344549717,33.06518885632515
2028-11-19,31.348205555244636,29.60827312794511,33.26956729043804
2028-11-20,31.17803984488626,29.382399969548608,33.06961611168016
2028-11-21,31.185250436985882,29.31331128651666,33.11922430199903
2028-11-22,31.167232614748595,29.37478223227744,33.083635587066674
2028-11-23,31.136827452882706,29.268775701746,32.84194655941406
2028-11-24,31.036616309173557,29.238843345297774,32.84668425131051
2028-11-25,31.12866172411192,29.366678791452458,32.93631946894823
2028-11-26,31.215918719459562,29.46966814931152,32.95627337232639
2028-11-27,31.032367622351956,29.252432206060277,32.79758155075667
2028-11-28,31.027288172470286,29.142479473285363,32.80992380661156
2028-11-29,30.99844614633075,29.1411660805875,32.735333803184425
2028-11-30,30.9590406104946,29.18368741322152,32.734349672730126
2028-12-01,30.851988244980582,29.074939072718557,32.60374761571061
2028-12-02,30.939654402942217,29.100807696038657,32.69055201463042
2028-12-03,31.02525517726657,29.20993119601123,32.8516766929864
2028-12-04,30.842981868837242,29.0545162906914,32.659413720335856
2028-12-05,30.842267862692026,29.046779343518647,32.621105342183945
2028-12-06,30.820969368150404,28.99401337780624,32.74730915988991
2028-12-07,30.792308323315478,29.060892862191306,32.63475235714392
2028-12-08,30.69915405466971,28.870561184791818,32.41221292001958
2028-12-09,30.803753463299536,28.91846679724443,32.63376044868923
2028-12-10,30.909134066311502,29.00003450391005,32.76537154791271
2028-12-11,30.749231296252322,28.993678276034284,32.62353122831869
2028-12-12,30.773160022055507,29.007228386935115,32.60675938897056
2028-12-13,30.77840165462142,28.870678708789544,32.50496513007377
2028-12-14,30.77775499613699,29.04196329313388,32.59759500844316
2028-12-15,30.713627237517482,28.703473917121794,32.574730884224515
2028-12-16,30.847774648755717,29.12566234363411,32.75742048227019
2028-12-17,30.982717029385284,29.203715154039376,32.794527228133205
2028-12-18,30.851877032681593,29.12017074580247,32.515442289745295
2028-12-19,30.903864017878067,29.252013295868938,32.64704570918899
2028-12-20,30.93567347240121,29.076597770811045,32.751147783436224
2028-12-21,30.959649839074007,29.11913341698034,32.81477140289481
2028-12-22,30.917788834327634,29.17257572304468,32.813014808344015
2028-12-23,31.071488498454713,29.206194746793702,32.91206083129415
2028-12-24,31.22297276443947,29.33110430843196,32.99518603453897
2028-12-25,31.10543840930849,29.246074015460362,32.910467295169184
2028-12-26,31.167344830587957,29.33773850311662,32.94963027551329
2028-12-27,31.205617522374723,29.487006384525664,33.080586818937114
2028-12-28,31.23261296743876,29.386201543490323,33.06423579311259
2028-12-29,31.19042096542394,29.38418084219467,32.981952821566324
2028-12-30,31.340613626902456,29.71624209881174,33.1753958687985
2028-12-31,31.485664863775796,29.695733823429414,33.178333226709874
2029-01-01,31.35909133824685,29.478758128075086,33.06234603205625
2029-01-02,31.409734463127553,29.62780448458817,33.293288517297384
2029-01-03,31.434954526067536,29.76837561549909,33.24322083749671
2029-01-04,31.447584894913255,29.699204270657873,33.398182016183874
2029-01-05,31.390222601263766,29.669714262653446,33.25799411952594
2029-01-06,31.52496483765285,29.635094306007662,33.216531287879526
2029-01-07,31.654815524907917,29.714329386364106,33.44861526622868
2029-01-08,31.513813249421073,29.850890344637847,33.33660702466656
2029-01-09,31.55130050274366,29.775549759332637,33.26121515710775
2029-01-10,31.565105628638598,29.62605356233504,33.305958325052906
2029-01-11,31.568485750987005,29.697605951074415,33.42478432816273
2029-01-12,31.50440727080035,29.682354248715193,33.24702419064435
2029-01-13,31.635273725900703,29.89991173838539,33.27152287542092
2029-01-14,31.764325387836482,29.83959199925171,33.42168600725764
2029-01-15,31.625762067657284,29.835132914763204,33.47185075283877
2029-01-16,31.669009184114536,29.994201155862,33.34649362051424
2029-01-17,31.691898566541305,29.970622593549667,33.56902917168499
2029-01-18,31.70761227722845,29.938003502651775,33.60406635414535
2029-01-19,31.658965997112954,29.84413323060663,33.4579672823535
2029-01-20,31.808141669513144,29.94890902924577,33.67200509818712
2029-01-21,31.958093626229193,30.061666329345762,33.758133715523215
2029-01-22,31.842679470429097,29.992302925880526,33.69126217940022
2029-01-23,31.91093553150021,30.02650483985589,33.714076463629134
2029-01-24,31.960268091463924,30.237690509400924,33.677969411140644
2029-01-25,32.00340836880736,30.11997928515206,33.81913495957629
2029-01-26,31.98270748684636,30.262128721576715,33.8429058846277
2029-01-27,32.15988079610843,30.297259656943577,33.89768627006089
2029-01-28,32.3374254505621,30.615854374159564,34.21809023253692
2029-01-29,32.24876219772701,30.44408844137287,33.96571737179354
2029-01-30,32.34252090249392,30.546263017199156,34.125648122526364
2029-01-31,32.41574073642117,30.526067522342853,34.160070459758174
2029-02-01,32.48083278553981,30.721198879345298,34.284649864555874
2029-02-02,32.479881112625634,30.624124384686095,34.216617522515364
2029-02-03,32.67439149912434,30.822879041817874,34.4516466407021
2029-02-04,32.86671167314428,31.040849987376472,34.70499031259937
2029-02-05,32.7901739433475,31.099072358748153,34.65950946080895
2029-02-06,32.89337977249062,31.061310352866343,34.6590955340409
2029-02-07,32.97339728962083,31.211531787451204,34.858551114987684
2029-02-08,33.04271961224462,31.238323883867746,34.85939694472941
2029-02-09,33.04356017982062,31.300496910214854,34.912633844454405
2029-02-10,33.23759453117334,31.528896013093618,35.07986642480717
2029-02-11,33.427372575032756,31.642332687631832,35.25041179713765
2029-02-12,33.34645254431449,31.60086073326357,35.18056587033229
2029-02-13,33.443676458242386,31.762638794313524,35.31114139784309
2029-02-14,33.51635839231085,31.665619765698583,35.29352068489624
2029-02-15,33.57723372980293,31.740411950002127,35.462848683804715
2029-02-16,33.568745890759565,31.978262177117614,35.36084879966109
2029-02-17,33.752780248549385,31.868368746376913,35.49398687854835
2029-02-18,33.9320695353732,32.13109038935824,35.81457519832078
2029-02-19,33.8403221461645,32.04715935738103,35.80297483404337
2029-02-20,33.926493343762786,32.14152447243019,35.730663047868966
2029-02-21,33.987970798583646,32.36571574236879,35.64919507788085
2029-02-22,34.037522719845306,32.25474996430717,35.93549011784674
2029-02-23,34.01758510510352,32.187920958475274,35.82820967971569
2029-02-24,34.18999779549653,32.311482352393334,36.010033050346514
2029-02-25,34.35741356218539,32.533678629043784,36.15730274260386
2029-02-26,34.25343150667115,32.40752484381411,36.040601387764205
2029-02-27,34.32687460393774,32.55082831284956,36.078919362229094
2029-02-28,34.374982605621604,32.512426681743875,36.194924551404846
2029-03-01,34.41036830882456,32.578516967267106,36.32899028398069
2029-03-02,34.37531343796293,32.65138422555242,36.2498892945787
2029-03-03,34.531513528385915,32.77173651846504,36.30860145952999
2029-03-04,34.68149572847393,32.87656752932793,36.47131962890375
2029-03-05,34.558760493567874,32.74850842364189,36.40418078946638
2029-03-06,34.61206670053386,32.824837988888326,36.51430863082225
2029-03-07,34.638631118654175,32.754965830990336,36.63040484187616
2029-03-08,34.65108998865691,32.761096975103484,36.36828424274536
2029-03-09,34.591798739436314,32.87260746259639,36.413428445024365
2029-03-10,34.72257905660737,32.98514128884046,36.47633914212734
2029-03-11,34.84613709431017,32.93582902288212,36.695205916102964
2029-03-12,34.696203732279464,33.005530405022405,36.5343847867612
2029-03-13,34.7218163925953,32.98869545904685,36.57398792162729
2029-03-14,34.72051339586075,33.07429210477858,36.65361606722048
2029-03-15,34.705288710664384,32.910780237749705,36.47784965344596
2029-03-16,34.61888328387584,32.86333112614884,36.42733167601324
2029-03-17,34.7235223760706,32.80151690725958,36.5179383504181
2029-03-18,34.82232295039363,32.838737220552154,36.571622808790494
2029-03-19,34.64942231365019,32.869913928006895,36.46152437001707
2029-03-20,34.65424785258979,32.941015689097924,36.355720992378494
2029-03-21,34.634699196181806,32.85677622988147,36.541348247927196
2029-03-22,34.60409102137237,32.87627743616418,36.41895157125592
2029-03-23,34.5054330555366,32.54991192578194,36.34009562727647
2029-03-24,34.60115705688649,32.82513006472857,36.40046412364821
2029-03-25,34.694515158792356,32.773488626750286,36.522889349411486
2029-03-26,34.51970108489201,32.666715725299575,36.344247660370044
2029-03-27,34.52611434693838,32.63112126788603,36.40403903884068
2029-03-28,34.51153897755248,32.67419576256797,36.398498035662016
2029-03-29,34.48908518178796,32.597355869111624,36.18067935660762
2029-03-30,34.40147056637443,32.506512010983634,36.38033301931362
2029-03-31,34.51075076859382,32.6138271250269,36.29956067924535
2029-04-01,34.61972384411508,32.73966491912991,36.347665636895876
2029-04-02,34.46205982614745,32.67348377416931,36.26451967411609
2029-04-03,34.48657540692634,32.67134856071472,36.339851331104974
2029-04-04,34.490425069596846,32.72605450921759,36.38532049887938
2029-04-05,34.486056772282105,32.649400566672846,36.40356095051507
2029-04-06,34.41550850989986,32.71805509461176,36.0434136540873
2029-04-07,34.5401551995603,32.70951860156246,36.39694055147641
2029-04-08,34.66212983955046,32.83732397271575,36.46598267840423
2029-04-09,34.51446992257387,32.81892620652928,36.409822600940636
2029-04-10,34.545408611555764,32.70417205689084,36.28649180926265
2029-04-11,34.55158156441943,32.59344247237499,36.54939287514336
2029-04-12,34.54499708099634,32.69903764637561,36.49444261342848
2029-04-13,34.467345493940904,32.712313094308,36.276249312528094
2029-04-14,34.57975688200611,32.78963121678868,36.43841415139342
2029-04-15,34.684230734940876,32.91514575452744,36.5679643813311
2029-04-16,34.51378828587223,32.58758366920653,36.31327923844506
2029-04-17,34.51676681862135,32.780262905766506,36.315591474960925
2029-04-18,34.490026705561625,32.861212472591205,36.264885568832035
2029-04-19,34.445918792905985,32.60675198211571,36.21685231867418
2029-04-20,34.3265880759523,32.52859182409527,36.02342810457976
2029-04-21,34.39372284059712,32.6336073626886,36.23385439896139
2029-04-22,34.44997307390698,32.672872632203934,36.26543962362157
2029-04-23,34.2290891049903,32.43646971900701,36.10441515426959
2029-04-24,34.18020009507698,32.37081352932507,35.87917796892995
2029-04-25,34.10100350245278,32.250226808057214,35.90157129220087
2029-04-26,34.00471355858048,32.27507764562539,35.876410793531285
2029-04-27,33.83434515618931,32.208755349846015,35.60709552951993
2029-04-28,33.85244281110637,31.991512450614433,35.47635880419344
2029-04-29,33.86247900073427,32.06509217239228,35.549266059177974
2029-04-30,33.598973342341424,31.867071492749563,35.431844766902124
2029-05-01,33.51175272061886,31.7492286501198,35.25267906686136
2029-05-02,33.39912395659206,31.528771671699513,35.1860127053977
2029-05-03,33.27480748417876,31.29980733792265,35.144764722532955
2029-05-04,33.082208817363636,31.224836227716448,34.913499897082055
2029-05-05,33.084137793949026,31.317563470389608,34.93469384631931
2029-05-06,33.08420015637842,31.222653450830254,34.97962802525204
2029-05-07,32.816913116717814,30.906511147717247,34.55116938825031
2029-05-08,32.73196512060122,30.82215945929634,34.57177137243034
2029-05-09,32.62739142590002,30.87782546502353,34.50361384228773
2029-05-10,32.516513903595694,30.713735883275106,34.41448948954006
2029-05-11,32.34222170384175,30.578599049746042,34.111747014613535
2029-05-12,32.36670255541442,30.65145612721007,34.082038762246576
2029-05-13,32.392848968972096,30.532987616769987,34.322276659780925
2029-05-14,32.154390636256885,30.319396535385263,33.92083978502657
2029-05-15,32.100172829166745,30.08532668683165,33.889748550796035
2029-05-16,32.02735195822029,30.266766125972026,33.89036951359974
2029-05-17,31.948356208051898,30.218181071035854,33.69476680656699
2029-05-18,31.80518738188678,29.842970836096814,33.439397629346566
2029-05-19,31.859173204217882,29.981617038304947,33.67673518515658
2029-05-20,31.912393838364274,30.071218713314753,33.727401085520256
2029-05-21,31.697833415666516,29.87061563512074,33.50756605083174
2029-05-22,31.66367591585296,29.937833646919273,33.351194381851876
2029-05-23,31.60651613644833,29.738325475601137,33.41440123446014
2029-05-24,31.53833330047315,29.727463738743495,33.30631922596503
2029-05-25,31.400803128570665,29.657380005771596,33.098073676459066
2029-05-26,31.455057388897707,29.69269186582715,33.20197892214764
2029-05-27,31.50311452127382,29.642693604999664,33.29227396313511
2029-05-28,31.278032051444562,29.536283728868927,33.016678356156596
2029-05-29,31.228200134992427,29.53701588784003,33.067244082488536
2029-05-30,31.15054704908201,29.32591752436769,33.08439589127972
2029-05-31,31.05750433937341,29.16115251281339,32.85466627207041
2029-06-01,30.8913076793833,28.974318613655612,32.596044520003645
2029-06-02,30.913742753409284,29.144391995042014,32.691112032841914
2029-06-03,30.92756011573301,29.128075777131027,32.58250683665693
2029-06-04,30.666610147004857,28.924511955305295,32.63146329689052
2029-06-05,30.58011789038336,28.828375738807875,32.35562659481379
2029-06-06,30.465869055032506,28.69828103612982,32.31111938599664
2029-06-07,30.33715537771272,28.48602162091128,32.06301262210268
2029-06-08,30.13705588474629,28.352452670544075,31.848586230204027
2029-06-09,30.12816383958175,28.37440761105754,31.96080048605845
2029-06-10,30.113983779894433,28.310210329421505,32.020866458423576
2029-06-11,29.829050182232894,27.83008713877513,31.632261497193635
2029-06-12,29.7231879095365,27.9114864853544,31.339355736042673
2029-06-13,29.594686048482128,27.757005871103598,31.50647694898706
2029-06-14,29.45723358608087,27.716801454973226,31.162766751480156
2029-06-15,29.25419365989008,27.443157961769327,30.996447289193252
2029-06-16,29.248326288719706,27.498132616351885,31.10289109931975
2029-06-17,29.243184036979024,27.30199152945184,31.160324239415786
2029-06-18,28.973232127244163,27.127633690137486,30.796689497587966
2029-06-19,28.888113062213392,27.13952718166567,30.81074737179159
2029-06-20,28.785827201767706,27.040696813104653,30.60000940259483
2029-06-21,28.6796775214962,27.012237772740214,30.471322397362098
2029-06-22,28.51255500920545,26.849777726719697,30.305566258217034
2029-06-23,28.546674281833393,26.697142450014354,30.22204352527113
2029-06-24,28.584983514126204,26.69203283066568,30.447502751052962
2029-06-25,28.36129980484318,26.61407130604764,30.214951298551767
2029-06-26,28.324589636344097,26.47150079495717,30.17759425251744
2029-06-27,28.272165462507118,26.412923629489296,30.031606974833906
2029-06-28,28.216646245984705,26.358551733806006,30.007390649630047
2029-06-29,28.10025801184554,26.30133433378742,29.907305454364558
2029-06-30,28.18458363637093,26.363967914531017,29.846036322133877
2029-07-01,28.271985633586517,26.373178145272227,30.048760093929147
2029-07-02,28.095752779128567,26.243412907738342,29.86094948831508
2029-07-03,28.104389990529608,26.246608376685632,29.748343746002885
2029-07-04,28.094822316424455,26.267282012999807,30.01406044854626
2029-07-05,28.079360731194797,26.31344284099971,29.89930176056769
2029-07-06,28.000005737442397,26.299267493234098,29.850785046443857
2029-07-07,28.118197990449318,26.348758607708177,29.899007140041892
2029-07-08,28.23623976119407,26.384746030465834,30.032279205315948
2029-07-09,28.08743818724672,26.361802919940363,29.84163483281657
2029-07-10,28.12038989150254,26.394741454240346,29.93843781046373
2029-07-11,28.13217802771535,26.25915369333248,29.830055334954473
2029-07-12,28.13532969446685,26.321611755730427,29.917625079027825
2029-07-13,28.07210999602826,26.192753105536088,29.901811867606863
2029-07-14,28.204262262918974,26.49283190709434,30.084871474754184
2029-07-15,28.334418561148258,26.535603869941284,29.99968519068691
2029-07-16,28.196231756657745,26.48375523918171,30.027911111803682
2029-07-17,28.238649028098166,26.430602405634517,29.95047191622264
2029-07-18,28.259098187472624,26.472139822029987,30.167795126774344
2029-07-19,28.270435030334568,26.52363352631861,30.029687306441375
2029-07-20,28.21522824640085,26.34892347752349,30.040536918231187
2029-07-21,28.355491621904047,26.477232922661386,30.07362625336784
2029-07-22,28.494087842288867,26.65036303834492,30.260079908532834
2029-07-23,28.364855298637845,26.46225255871725,30.128808067834925
2029-07-24,28.41687788258647,26.514062260271974,30.209627788430947
2029-07-25,28.447669174487515,26.745649390355805,30.291636355028096
2029-07-26,28.47011924555888,26.69539930763053,30.3417651322031
2029-07-27,28.42678055924301,26.729658246510194,30.26247709626103
2029-07-28,28.579602615572433,26.690514999563838,30.412820584252856
2029-07-29,28.731339521563463,26.865536389391043,30.480680917274007
2029-07-30,28.61568173230397,27.011023484073842,30.452427238757473
2029-07-31,28.681531761251847,26.932629918489358,30.53994494528701
2029-08-01,28.726195057096728,26.88492747228537,30.397877556285895
2029-08-02,28.762334046034923,26.997346602959833,30.49847037100476
2029-08-03,28.732261595290197,27.004935345373124,30.496489555078437
2029-08-04,28.897683311690873,27.123012674792705,30.645371205025533
2029-08-05,29.06111263452447,27.348521575267533,31.03271440391628
2029-08-06,28.956009756029637,27.022186707990574,30.689362940076013
2029-08-07,29.03106397502096,27.279997425508615,30.749507491370633
2029-08-08,29.083390511295356,27.206850598219013,30.835027459855937
2029-08-09,29.125489637453466,27.299639828606892,31.10246148963896
2029-08-10,29.099544272436685,27.353598594580045,30.915137284049354
2029-08-11,29.26716537193688,27.439330880222148,31.059115349294462
2029-08-12,29.430809030220082,27.643755633815104,31.231549137261638
2029-08-13,29.32391631600621,27.525209512511918,31.161384251874985
2029-08-14,29.39519547022517,27.479654778050104,31.20332176514052
2029-08-15,29.441817546543398,27.57079956680176,31.169386681386325
2029-08-16,29.47637343267606,27.664953405399714,31.23798294552149
2029-08-17,29.44116850259457,27.579484118117758,31.28098172689669
2029-08-18,29.59796436073041,27.725440282023673,31.51862837218751
2029-08-19,29.7493917339967,28.002296400728394,31.406301870230227
2029-08-20,29.62908568586088,27.8326246068581,31.57102003234186
2029-08-21,29.685962936798287,27.820130860779866,31.491145328624185
2029-08-22,29.717412528424823,27.714394224459863,31.55980091999877
2029-08-23,29.73624792042345,27.836308692752887,31.541225198917296
2029-08-24,29.684996911595803,27.84960908596237,31.491908214593543
2029-08-25,29.825638973274916,28.12105461001142,31.62717889401559
2029-08-26,29.961014160409402,28.089682836693548,31.733663681360028
2029-08-27,29.824954863508687,28.195281051295694,31.73007745590404
2029-08-28,29.86656025225054,28.009055189042098,31.708952568210098
2029-08-29,29.88338469064089,28.112252232789867,31.734890761917725
2029-08-30,29.888388231377974,28.16561424688092,31.696508880982556
2029-08-31,29.82422557556793,27.83807817038949,31.607765499595068
2029-09-01,29.95298305848979,28.186460108657496,31.756352954942027
2029-09-02,30.07758777881436,28.332571098600223,31.76695584485038
2029-09-03,29.93194006892992,28.14295855787713,31.720585376271064
2029-09-04,29.965189077130418,28.09779618669613,31.797540682463744
2029-09-05,29.974922650825402,28.131484414347977,31.779483265284334
2029-09-06,29.974119530741895,28.14118292526959,31.932057656385087
2029-09-07,29.90544014188016,28.017063974073388,31.693264833643198
2029-09-08,30.030965442774736,28.27568788613568,31.807056172791217
2029-09-09,30.15360785655977,28.351845516326115,31.982523190567502
2029-09-10,30.0072453963726,28.060922787991952,31.81973116815114
2029-09-11,30.0409986828212,28.240666701007424,31.921373428430787
2029-09-12,30.05242198429629,28.362287964859092,31.709544270444827
2029-09-13,30.05445624857901,28.471364235470347,31.910678600458688
2029-09-14,29.989720388097126,28.231924403591755,31.85464593992327
2029-09-15,30.120250275856417,28.307773941198217,31.813415199920822
2029-09-16,30.248909489729243,28.464147434739072,32.094481671961475
2029-09-17,30.109522949756485,28.314231940222836,31.853481969545694
2029-09-18,30.151153194729932,28.32592600512614,32.00586780885982
2029-09-19,30.171290491582052,28.348811444758063,31.882085302807592
2029-09-20,30.182804820313308,28.34842112589661,32.0069328233044
2029-09-21,30.128236079416027,28.086817200617524,32.01870426060117
2029-09-22,30.26953205620512,28.39979435647837,31.958593272647498
2029-09-23,30.409458288190265,28.646595087973534,32.160837623691734
2029-09-24,30.281731045840747,28.44548037644132,32.061004103311575
2029-09-25,30.335293262135515,28.334958080343267,32.13048519978751
2029-09-26,30.36750467154225,28.578237364013393,32.26727394480222
2029-09-27,30.39109425691327,28.523276771411428,32.10303318647555
2029-09-28,30.348451388986007,28.46701931981433,32.252017531100755
2029-09-29,30.501365224340567,28.75216127807984,32.26106173066443
2029-09-30,30.65243648957842,28.91353112269603,32.67081475633494
2029-10-01,30.535212862996485,28.74356836430756,32.31121580520475
2029-10-02,30.59846773936831,28.86495605884051,32.4206002263328
2029-10-03,30.63939358055036,28.968127983143134,32.388388682977414
2029-10-04,30.670557871874152,28.908192012811178,32.272165906178046
2029-10-05,30.63419797398915,28.71265987193195,32.40728310204519
2029-10-06,30.791964327329357,29.137262631447573,32.68224124287514
2029-10-07,30.946336018004384,29.21296637543188,32.791238699425215
2029-10-08,30.830759791056902,28.987756613013858,32.578765125562626
2029-10-09,30.893932169117953,28.971516680533437,32.728401463402
2029-10-10,30.93299575383211,29.191845707028175,32.824423937733044
2029-10-11,30.96049761133566,29.16088662996617,32.88021659207163
2029-10-12,30.918685923803135,29.09881816162143,32.72349029425877
2029-10-13,31.069254271770653,29.358569394417643,32.94307761711978
2029-10-14,31.2147574824879,29.35825286093184,33.06315942582665
2029-10-15,31.088750078809916,29.400719966501125,32.91447954213993
2029-10-16,31.14006695992939,29.222089548669224,32.84859602354815
2029-10-17,31.166017391152995,29.307459689222856,32.97856048278243
2029-10-18,31.179340231318953,29.452198530519368,32.9846705936462
2029-10-19,31.122496634919372,29.353562806619543,33.01085230938515
2029-10-20,31.257409675539822,29.464779957501936,33.170323936896125
2029-10-21,31.386874933035447,29.486667950164854,33.14307427923208
2029-10-22,31.244693208824483,29.508938064838812,33.036279174052844
2029-10-23,31.27994514986735,29.45807078658068,33.14013170841288
2029-10-24,31.290179023102993,29.417567213952598,33.16661456294031
2029-10-25,31.28835974425996,29.486224335167893,33.043602477378435
2029-10-26,31.217155578932562,29.40046328039467,32.98909483617222
2029-10-27,31.338672143560874,29.357309640006854,33.23305436403722
2029-10-28,31.45585792429887,29.556588954843438,33.24345672629017
2029-10-29,31.30263264271572,29.64221178939319,33.0129737481741
2029-10-30,31.328158397099642,29.60539383632724,33.19118842829563
2029-10-31,31.33002494796695,29.41197551741369,33.04695397364489
2029-11-01,31.321197352665017,29.508231365303793,33.08702477974892
2029-11-02,31.244302438331776,29.48267181921443,32.94530881619474
2029-11-03,31.36136377958087,29.64331475849151,33.15987733520231
2029-11-04,31.475209402990828,29.442135380499064,33.18158522486405
2029-11-05,31.319603515722047,29.35619409738202,33.16511046180886
2029-11-06,31.34352211969366,29.735795244796105,33.267562146071306
2029-11-07,31.34434377802284,29.671461109297642,33.124626734640636
2029-11-08,31.334803604226142,29.623479824687408,33.216252821537566
2029-11-09,31.257286799830673,29.299223177106892,33.04560094438561
2029-11-10,31.373571218031916,29.55389668374536,33.267192555733345
2029-11-11,31.48624296659895,29.71082446552088,33.29830102900345
2029-11-12,31.32883612404837,29.42879797124014,33.16515406018794
2029-11-13,31.35011619904236,29.57260135195762,33.25969126820953
2029-11-14,31.34727836663206,29.61281558761579,33.19320470772001
2029-11-15,31.332908324071763,29.524242274072986,33.081495898345686
2029-11-16,31.24928187607811,29.367184316661632,33.054386273349316
2029-11-17,31.358112530053297,29.709804270474336,33.2733612699354
2029-11-18,31.46197094214605,29.698066602625797,33.31146971322582
2029-11-19,31.294427146200324,29.430863506220483,33.06018268236768
2029-11-20,31.304335088696334,29.39906938661665,33.16047821616373
2029-11-21,31.289030435463143,29.43652147204853,32.9870411995707
2029-11-22,31.26128946675395,29.509133107920498,32.939534793017735
2029-11-23,31.163625187825822,29.550300064012113,33.018718880023016
2029-11-24,31.25802999652787,29.48006498478298,33.155847047426796
2029-11-25,31.34738885262255,29.510521259578045,33.17798038910353
2029-11-26,31.165614025451397,29.218085927217576,32.94197800953873
2029-11-27,31.161921124971933,29.37936413629094,33.04282121835299
2029-11-28,31.134017596716856,29.30123087354208,33.03036416031858
2029-11-29,31.095051739396826,29.233564949630882,33.03254743340877
2029-11-30,30.987898635337977,29.154355357268397,32.86778432120328
2029-12-01,31.07489261218366,29.23163673798208,32.93678942364099
2029-12-02,31.15923046369547,29.35994602466696,33.06774938713845
2029-12-03,30.975096787736476,29.392909866609482,32.955760557156985
2029-12-04,30.971931418225573,28.987903775444245,32.665757861299944
2029-12-05,30.947610385904838,29.165637805897507,32.82772600192176
2029-12-06,30.915388695969096,29.095495697266536,32.693973523544074
2029-12-07,30.818181510307767,28.931855608501092,32.55826413094572
2029-12-08,30.918293512483437,29.19279593737429,32.63730899140299
2029-12-09,31.01882080016157,29.24492607328759,32.802497643323846
2029-12-10,30.853776733103473,28.97121788104008,32.55418970413522
2029-12-11,30.87236173422148,29.059024977454097,32.67450033226761
2029-12-12,30.87214844849412,29.02878394570371,32.706000870033456
2029-12-13,30.86603046729184,29.02206470798091,32.71797869642644
2029-12-14,30.79651107637021,28.895434854779676,32.47501749562073
2029-12-15,30.92544163021112,29.14621876176078,32.70661734125129
2029-12-16,31.055433680263267,29.308087527660167,32.94594836665223
2029-12-17,30.919996031905697,29.067723530498185,32.71221995397361
2029-12-18,30.967816444693185,29.20733114916296,32.763102444469666
2029-12-19,30.995959075706363,29.074795145641588,32.6950926688207
2029-12-20,31.01682555460859,29.382811515077194,32.7387851390473
2029-12-21,30.972455824439162,29.082642080770828,32.812314700309045
2029-12-22,31.124278030198848,29.33061177097857,32.993565714192734
2029-12-23,31.274531274563113,29.46852056844932,33.098059410772926
2029-12-24,31.156412128346936,29.27148911962635,32.91287364311929
2029-12-25,31.21836435213956,29.387957885909167,33.12177777480781
2029-12-26,31.25728270715261,29.48647804044897,33.09594999045771
2029-12-27,31.285478564807157,29.535052505065885,33.125390994153655
2029-12-28,31.244983317946662,29.38657733530359,33.219535139547936
2029-12-29,31.397298796350803,29.64261589088553,33.10729204794398
2029-12-30,31.544818480840693,29.719915018621705,33.32301753828562
2029-12-31,31.420970433730766,29.72399688546832,33.28066722612487
2030-01-01,31.474501486983687,29.67280866583144,33.29596049171162
2030-01-02,31.50267370356255,29.79083045893012,33.341238619256885
2030-01-03,31.51822100809179,29.729213166519948,33.367230371041906
2030-01-04,31.46364222037725,29.63713400592387,33.28450249056705
2030-01-05,31.60093996308084,29.74046722966788,33.48297240192919
2030-01-06,31.73302953707831,29.758700470572418,33.4162676044205
2030-01-07,31.593869004079885,29.769971032230465,33.237133000068845
2030-01-08,31.632730353311544,29.732161532789895,33.38909749462288
2030-01-09,31.647383107802714,29.85418228933043,33.5225707966776
2030-01-10,31.651038601552635,29.740920766988303,33.363550830996296
2030-01-11,31.586631482247835,29.747710774897566,33.41297489716342
2030-01-12,31.71654820904313,30.01180763461347,33.5530412520895
2030-01-13,31.84402690604632,30.053173932365382,33.653841297300524
2030-01-14,31.70328003971372,29.936095358958372,33.49040435654063
2030-01-15,31.743759980900165,30.0952500251169,33.671010333427695
2030-01-16,31.76333894128232,30.102486366721628,33.629832366500814
2030-01-17,31.775251596281812,29.879875514061915,33.64960057413855
2030-01-18,31.7223769745923,29.970058737662,33.570472845500944
2030-01-19,31.866969353262867,29.946420015837266,33.65088371171802
2030-01-20,32.01206243353361,30.30921206598345,33.79622881536261
2030-01-21,31.891598127881792,30.00015131569553,33.66311358362706
2030-01-22,31.95469983304769,30.08372305177549,33.75868394144342
2030-01-23,31.998861450073353,30.138382014425382,33.73585985971744
2030-01-24,32.03690019868827,30.18016691243193,33.8984632266679
2030-01-25,32.01124951295602,30.232340004991745,33.96485002676101
2030-01-26,32.183701444052005,30.248440651001463,33.958989752905424
2030-01-27,32.356822521358346,30.482485638213284,34.11961032963223
2030-01-28,32.264094076796454,30.284917375256068,33.969713585413785
2030-01-29,32.35419658938503,30.67185479932405,34.10102556542748
2030-01-30,32.42420901013338,30.600545064375346,34.30919214576755
2030-01-31,32.486570839140086,30.53119740641597,34.254540256190324
2030-02-01,32.48338299959865,30.516421052306164,34.33605692458304
2030-02-02,32.67615673242808,30.897643861689982,34.57801005458622
2030-02-03,32.86723430630581,31.054180832157304,34.57830648508795
2030-02-04,32.78993244158191,30.956041127337016,34.70881342942218
2030-02-05,32.89282795141897,31.16360317361575,34.64299291805422
2030-02-06,32.97295656067341,31.12206609699036,34.81629976269444
2030-02-07,33.042772728456406,31.12304635809817,34.932287232148134
2030-02-08,33.04444662488007,31.394369662654526,34.857633166326465
2030-02-09,33.23960763980001,31.419498231049005,35.06171185943838
2030-02-10,33.43075841576397,31.75622005594225,35.29074602533213
2030-02-11,33.351410538277214,31.51156052226047,35.26109438814231
2030-02-12,33.450361651270754,31.68280322809883,35.34611032740628
2030-02-13,33.52488524455774,31.85824845482392,35.481800090579554
2030-02-14,33.58768123839976,31.7551107529955,35.49880300415511
2030-02-15,33.58116381864298,31.824404707200994,35.365723690520205
2030-02-16,33.767196197560985,32.04295291699135,35.53066260270903
2030-02-17,33.94849657526957,32.131020281512605,35.76520615381837
2030-02-18,33.858766694074134,31.931135814093626,35.645617470780934
2030-02-19,33.94696298144905,32.16930512663855,35.69526591562286
2030-02-20,34.01048171784092,32.115494530635765,35.880029618591955
2030-02-21,34.06210649946481,32.17710942864572,36.01691687152502
2030-02-22,34.04429454566484,32.138237193526884,35.93713288279819
2030-02-23,34.21891157014651,32.47037570228533,36.04484281277777
2030-02-24,34.38863948160809,32.6744964678011,36.17553535623784
2030-02-25,34.28710824338829,32.58056824186924,36.103519325190874
2030-02-26,34.36317177355468,32.574799753457555,36.184057389777365
2030-02-27,34.41409915898672,32.54486471773954,36.225710442025246
2030-02-28,34.45252924760062,32.680400402061125,36.2625792574045
2030-03-01,34.420764925017224,32.65062283649964,36.277383785118666
2030-03-02,34.580516521826084,32.68430865438733,36.33818929242634
2030-03-03,34.73431832228234,32.87552727353923,36.607598942421056
2030-03-04,34.61566919694923,32.80113257583869,36.37653064294789
2030-03-05,34.673316930559466,32.90939645527077,36.36454467389952
2030-03-06,34.70445721535246,32.81759283568405,36.4219090517833
2030-03-07,34.72169508696802,32.9252367427258,36.52088328976831
2030-03-08,34.667344847668716,32.869540786232044,36.39205566284551
2030-03-09,34.803177695480414,32.933016679611356,36.664566246730054
2030-03-10,34.93184084407678,33.125341901726,36.53915229620346
2030-03-11,34.78699901778841,33.04528685407578,36.6597817011446
2030-03-12,34.817617807863044,33.016502135091415,36.644148567338455
2030-03-13,34.821159831380776,33.002548037959244,36.702079394437646
2030-03-14,34.81054149934299,33.01750194794234,36.59627094529079
2030-03-15,34.7284265263572,32.89345360351251,36.57433334578094
2030-03-16,34.83696554482385,33.00785510053997,36.70222193767018
2030-03-17,34.939205806002704,33.116763349632436,36.832032849697754
2030-03-18,34.769222098139046,32.85817685972825,36.47865398694737
2030-03-19,34.7763886552945,32.829841105739504,36.60923859883773
2030-03-20,34.75856331972203,32.867102704571764,36.56704163033527
2030-03-21,34.72903211063093,32.99264882874146,36.569123423332904
2030-03-22,34.63079069323563,32.765666095107164,36.402761926867484
2030-03-23,34.72627247714592,32.85095247022809,36.57584573747529
2030-03-24,34.81874768661793,32.94836315195297,36.5569018660869
2030-03-25,34.64244487631608,32.73969451292479,36.35967159734148
2030-03-26,34.64681498262155,32.88993438816457,36.45624443504937
2030-03-27,34.62970945293357,32.98682419113201,36.49303027235553
2030-03-28,34.604320839827075,32.69860513666679,36.453512836080094
2030-03-29,34.51346253471338,32.78337134493938,36.45617566198547
2030-03-30,34.61929749136362,32.8161558408204,36.318595650990865
2030-03-31,34.72474033905802,33.04291598976451,36.51829865465156
2030-04-01,34.56358434931545,32.73351793135065,36.41266460662643
2030-04-02,34.584773268646025,32.605998585355444,36.341617625480275
2030-04-03,34.58558941521346,32.80469329918379,36.38737719983368
2030-04-04,34.57860621753382,32.662728772807554,36.529930117063614
2030-04-05,34.50598160167459,32.701909499258676,36.28110672148631
2030-04-06,34.62920175608357,32.858617485319506,36.50923514196127
2030-04-07,34.75049930752196,32.87174658724506,36.604268685482346
2030-04-08,34.60299697007365,32.8998622005423,36.49243228008544
2030-04-09,34.63499625253106,32.90562016220168,36.51038135295759
2030-04-10,34.64318218096695,32.86713206135269,36.59805830408375
2030-04-11,34.63959177158032,32.71848742936953,36.460954244845226
2030-04-12,34.56592222727245,32.78611163600423,36.38858054111141
2030-04-13,34.68328797605705,32.903419206448824,36.3500294764066
2030-04-14,34.793650207245996,32.95216926004845,36.73177051940276
2030-04-15,34.629969634015396,32.73727258469531,36.515979289636114
2030-04-16,34.6405017880762,32.79076246494683,36.49583541409568
2030-04-17,34.62200558575543,32.69603618168905,36.395634806865
2030-04-18,34.58671275177373,32.77081793310253,36.45755670734506
2030-04-19,34.47663399896305,32.68512328022801,36.303634927414286
2030-04-20,34.553311083347516,32.8274371837251,36.32736067516934
2030-04-21,34.61923846922041,32.78398819851518,36.462379035212955
2030-04-22,34.40800548774614,32.55880882472219,36.17589961119008
2030-04-23,34.368578522686285,32.66294922358729,36.23113890041738
2030-04-24,34.29849425812069,32.550334565953094,36.00763140340248
2030-04-25,34.21081193066716,32.34906819758877,35.903120456735635
2030-04-26,34.04840089245324,32.23211508140335,35.76551636991671
2030-04-27,34.07367305388074,32.33699887190691,36.02852061622805
2030-04-28,34.0899844206185,32.37569791447626,35.96890383629137
2030-04-29,33.83175710601129,31.92540093266273,35.62415665787697
2030-04-30,33.74874185517947,31.903275829512737,35.55524078087859
2030-05-01,33.63919261033097,31.976023625086107,35.49442537814543
2030-05-02,33.516801533385326,31.732393933465957,35.29974394072454
2030-05-03,33.324971232392585,31.507943454974935,35.1291179461041
2030-05-04,33.326534155900326,31.503533762336176,35.1248770933657
2030-05-05,33.32514370927623,31.555489426862,35.262823487816185
2030-05-06,33.05538874913089,31.20682545214325,34.73144237474597
2030-05-07,32.96705169501499,31.33793142153083,34.77017476092969
2030-05-08,32.8582819132448,31.07351975595914,34.66507004160581
2030-05-09,32.742532833247964,30.894547402551378,34.614203580846464
2030-05-10,32.562839504648345,30.777270826605033,34.484571531053476
2030-05-11,32.58154643933652,30.78946727643765,34.281224974662344
2030-05-12,32.60171009376447,30.679662694985883,34.430933139742635
2030-05-13,32.357227375010766,30.56768767797199,34.021697265663285
2030-05-14,32.297110070253865,30.485051780144364,34.034331499143875
2030-05-15,32.21867645669091,30.51478472142482,33.99458616766912
2030-05-16,32.13450810633158,30.318624738085834,33.852159983589566
2030-05-17,31.986748111300294,30.157273244620818,33.770284503904776
2030-05-18,32.03685006693984,30.22949428740268,33.89058413402885
2030-05-19,32.087001649729075,30.189481638174307,33.94904238355554
2030-05-20,31.87027365725572,30.056659553167066,33.78008121103956
2030-05-21,31.834913908712966,30.08604763255253,33.582090457482416
2030-05-22,31.777556789682897,29.773695557424812,33.50423604999312
2030-05-23,31.710196022241483,29.943341029099614,33.51279740122213
2030-05-24,31.574496503411307,29.73570934355462,33.49418610025172
2030-05-25,31.631554227009627,29.77955356734115,33.43338312438272
2030-05-26,31.68332787194341,29.85498950108607,33.61462573455816
2030-05-27,31.462792744651264,29.60683815554954,33.126551601837555
2030-05-28,31.41823637321882,29.49316560215797,33.16230028016423
2030-05-29,31.346466516663195,29.583792304556116,33.161558089921485
2030-05-30,31.259779230833278,29.54243596427525,33.04902386703224
2030-05-31,31.100262972941213,29.342373092026325,32.97974017920151
2030-06-01,31.129547973200687,29.408036450848627,32.870133536853714
2030-06-02,31.150224738436663,29.3213005081316,32.90377800622041
2030-06-03,30.895982717835473,29.0044534497109,32.77948996871718
2030-06-04,30.815888822166542,28.987956552985242,32.62200947956326
2030-06-05,30.70757699459077,28.88120076128235,32.55564841492363
2030-06-06,30.584196938439142,28.713936452329534,32.19286033014627
2030-06-07,30.38869846507665,28.615671094613234,32.05730439189958
2030-06-08,30.38356117607576,28.603488505776678,32.31473553231551
2030-06-09,30.372193822560924,28.444835100003292,32.1279509978492
2030-06-10,30.08905482992814,28.249988731538043,31.861278531211678
2030-06-11,29.983914105890843,28.149109264359186,31.758846726810273
2030-06-12,29.855027714721558,28.087130263961466,31.47099471287331
2030-06-13,29.716073856532393,27.905327437732453,31.49428122206271
2030-06-14,29.5104268891605,27.684749197470968,31.40279011433169
2030-06-15,29.500879316072254,27.699878812132784,31.370469848121505
2030-06-16,29.491036222674897,27.692364495204416,31.36648497471402
2030-06-17,29.21543371661758,27.33044649651198,31.054480871637832
2030-06-18,29.123801484712995,27.265611931285306,30.976826822656204
2030-06-19,29.014240972559847,27.30640870300208,30.923178059967967
2030-06-20,28.900167480821494,27.074432254167593,30.784967654235533
2030-06-21,28.724592707522024,26.877515616507992,30.599778447453385
2030-06-22,28.749857394918365,27.060094659830987,30.57682796884817
2030-06-23,28.779038249649155,26.959048134095255,30.649850483573786
2030-06-24,28.54608033842721,26.67425110683414,30.362065685545655
2030-06-25,28.50007468880632,26.70379727257537,30.34448271922871
2030-06-26,28.438452198916444,26.596231893887904,30.19278236294709
2030-06-27,28.373941739696896,26.589772768509707,30.037289983878047
2030-06-28,28.24886857126351,26.463579071000524,30.02914115638869
2030-06-29,28.324902337562342,26.736096508933812,30.33111329651128
2030-06-30,28.404478437061414,26.548366909355813,30.210592001054614
2030-07-01,28.22094363340964,26.331144853223893,30.00498759462564
2030-07-02,28.22284533813821,26.396065995890382,30.064475247654872
2030-07-03,28.20713541964254,26.399802346670118,29.9572965927139
2030-07-04,28.186136225526432,26.384543648529068,29.972838780990102
2030-07-05,28.101844800751067,26.282360358076833,29.849620166158566
2030-07-06,28.215684486033325,26.440104709061732,29.975663977302087
2030-07-07,28.329927674670262,26.543855149113515,29.989385765012173
2030-07-08,28.177840631308126,26.2759099694179,30.021779431962706
2030-07-09,28.207969900867038,26.402957040558295,30.027928016698798
2030-07-10,28.217341310423578,26.44735310948062,30.069706287099866
2030-07-11,28.2184194468263,26.44827363420384,30.05379541887774
2030-07-12,28.153403828606496,26.35333964675739,29.988291535716243
2030-07-13,28.283971225728415,26.614857465174833,30.22474878046789
2030-07-14,28.412688199186775,26.643148882047644,30.09929253569342
2030-07-15,28.273145073766266,26.66020703860623,30.08421863493788
2030-07-16,28.3142311890116,26.573327536195226,30.159232026635934
2030-07-17,28.33332274622593,26.57252289456774,30.20616242076727
2030-07-18,28.343231438736254,26.609270873753214,30.061795877592953
2030-07-19,28.286490369899273,26.673411181447886,30.08721821219044
2030-07-20,28.42508697231766,26.680801647452434,30.133922771854472
2030-07-21,28.56186722778852,26.643145791844766,30.33079890371219
2030-07-22,28.430662591041287,26.544960679722227,30.31355791008373
2030-07-23,28.48055961018095,26.638792886626476,30.31487775888676
2030-07-24,28.509083664717366,26.738085285164797,30.42216984151424
2030-07-25,28.529145065313774,26.789860622581877,30.402737124619847
2030-07-26,28.48332403020255,26.6790578176749,30.234758941774704
2030-07-27,28.63360421708078,26.885834861103934,30.384293149391333
2030-07-28,28.78277903261256,26.99278013258129,30.63779662082863
2030-07-29,28.664582006124046,26.834720225217595,30.37948047224042
2030-07-30,28.727961069453425,26.94887307127468,30.50256488222832
2030-07-31,28.77026798391588,26.934464825188183,30.576828676872598
2030-08-01,28.804210955773726,27.005074594873257,30.55146475519862
2030-08-02,28.77214673625663,27.052176780493735,30.582343181193675
2030-08-03,28.935821656757298,27.1254832362717,30.661446225178018
2030-08-04,29.097785590877514,27.335346208049458,30.8217723083491
2030-08-05,28.991529903917446,27.18712298042835,30.846544112111562
2030-08-06,29.065769016797542,27.308901740209286,30.819927909499633
2030-08-07,29.11763662726947,27.350431328751434,30.84497135097554
2030-08-08,29.159644453844965,27.425859514273185,31.083030939109022
2030-08-09,29.13397964905824,27.372807693442507,31.069301919890762
2030-08-10,29.30225021325205,27.521019525918987,31.194750768895204
2030-08-11,29.46690231352352,27.79793218291425,31.210150815071646
2030-08-12,29.361360515217765,27.630919394535905,31.099592935320494
2030-08-13,29.434310533810248,27.66929972047154,31.268671930315556
2030-08-14,29.48289556423158,27.654526505054328,31.23974313716934
2030-08-15,29.519674098830055,27.762694306023594,31.281536834140226
2030-08-16,29.48691545525317,27.523994157066372,31.3960191514524
2030-08-17,29.646342445508555,27.804055942968763,31.489232950500448
2030-08-18,29.800545212184435,28.0334676778534,31.530920393031852
2030-08-19,29.68311737715772,27.964442120840125,31.43752973725951
2030-08-20,29.742934260081505,28.10758729603523,31.54677276774446
2030-08-21,29.77734437953775,27.86155184518018,31.40904428392739
2030-08-22,29.79912230492321,27.985414852644947,31.622421439459604
2030-08-23,29.75075923323756,27.93014191977613,31.52460166276836
2030-08-24,29.894200866143944,28.261328475759356,31.69015683976268
2030-08-25,30.032256744310708,28.255033100530085,31.899431786368236
2030-08-26,29.898732298515245,28.144998454103845,31.699589291043576
2030-08-27,29.942703469185595,28.078388990660915,31.76332308652174
2030-08-28,29.96170517943583,28.24949722314899,31.826328766858087
2030-08-29,29.968681778335743,28.13455748185346,31.71365683628352
2030-08-30,29.90627585311135,28.16986645167324,31.863176065253604
2030-08-31,30.036564986304654,28.178894666764002,31.911804384464283
2030-09-01,30.162470592770106,28.297877456090898,31.842819819276905
2030-09-02,30.01789005299356,28.34966668961352,31.868006678780052
2030-09-03,30.05197193293025,28.22167923719885,31.864150076389627
2030-09-04,30.06230549873487,28.330963101383837,31.830920973870104
2030-09-05,30.06187255467029,28.096890549076964,31.90001309358825
2030-09-06,29.993337906571657,28.171752350778796,31.65416438989815
2030-09-07,30.118787926805943,28.36709469385353,31.976820171981753
2030-09-08,30.241141255779926,28.381701010532325,32.084967914230475
2030-09-09,30.094282760889563,28.292187672315517,31.86037776483162
2030-09-10,30.127340455506666,28.244246111363736,31.878944655843583
2030-09-11,30.1378765100197,28.25018899051325,31.994204596948816
2030-09-12,30.13884032096758,28.232572672273772,31.888105884744583
2030-09-13,30.072859894754504,28.29596887927991,31.957787718917082
2030-09-14,30.201980993853084,28.513271248142903,32.07128779820738
2030-09-15,30.32907807127959,28.416565579009742,32.10634736060409
2030-09-16,30.18798812380015,28.323479295178213,32.06512168959474
2030-09-17,30.227787194204872,28.467081202363953,32.069236471539746
2030-09-18,30.245980699288324,28.301378704961017,32.12103160631969
2030-09-19,30.25545560900546,28.360242401908003,32.06112493091178
2030-09-20,30.198770804969065,28.364246690166688,31.96437924533093
2030-09-21,30.337895147040754,28.569119963865763,32.2943963491624
2030-09-22,30.475617360329764,28.662953842477492,32.39093382467602
2030-09-23,30.345678961609284,28.586004591055808,32.206259342489304
2030-09-24,30.397050042215454,28.526174107868798,32.18638982525945
2030-09-25,30.42711916519394,28.666425145670676,32.248581906533815
2030-09-26,30.448645474088934,28.686345876077123,32.25717518216776
2030-09-27,30.404049400921974,28.609427602075435,32.2499384256775
2030-09-28,30.555151546074583,28.776208920467884,32.42802347588536
2030-09-29,30.704583868582752,28.81769334493405,32.42359309391881
2030-09-30,30.585924412530854,28.895381318311262,32.38795447540678
2030-10-01,30.647975372767227,28.74131725243132,32.54596617523874
2030-10-02,30.6879557230481,28.916839135300965,32.534917352217654
2030-10-03,30.71845644902214,28.803320435904144,32.446146342010934
2030-10-04,30.681734699545736,28.99556326938028,32.488559940261226
2030-10-05,30.83945633790618,28.988193991317157,32.813219980785384
2030-10-06,30.994110925895058,29.11450802934666,32.81590927868384
2030-10-07,30.87915024968817,29.06955663066284,32.9073022579448
2030-10-08,30.943270066621547,29.092459172339304,32.75617699969617
2030-10-09,30.98360616855211,29.180673252917906,32.7066572515577
2030-10-10,31.012692677887735,29.30595336492375,32.9519324412062
2030-10-11,30.972758769016686,29.091848989008835,32.77702690790836
2030-10-12,31.125473185910625,29.26416343650131,32.89645954357155
2030-10-13,31.273360492206894,29.53218817868494,33.13165519175484
2030-10-14,31.14994008414078,29.328783217038527,32.89686875650881
2030-10-15,31.20400758816052,29.37182995290169,33.018123829452094
2030-10-16,31.23282970583858,29.400708554529224,33.08756727161288
2030-10-17,31.249100415203365,29.587851275460423,32.96635314388451
2030-10-18,31.195234741628536,29.478394635258407,33.12372141138823
2030-10-19,31.333109517200686,29.530266791727843,33.19294021118492
2030-10-20,31.46547514019085,29.74543023488949,33.3736234810575
2030-10-21,31.326089466031437,29.698669955241943,33.216185004319556
2030-10-22,31.363993576155295,29.49960359698004,33.237492400445
2030-10-23,31.37670063202413,29.573154020747165,33.27818513627942
2030-10-24,31.377145884672856,29.66528822998281,33.188805097187746
2030-10-25,31.307974225978672,29.564761130567447,33.08419670109513
2030-10-26,31.431274880533596,29.584300629323764,33.242964381007965
2030-10-27,31.549987431238446,29.742070731763317,33.29069916158223
2030-10-28,31.398030487494264,29.613792542179016,33.28790826977238
2030-10-29,31.42457291013173,29.456889938157833,33.37228886530857
2030-10-30,31.427218953242797,29.604756655219337,33.197482088119855
2030-10-31,31.41895552580476,29.667600082914362,33.05861355726223
2030-11-01,31.34243806716167,29.375064493047628,33.15519943284872
2030-11-02,31.459724714306013,29.678436965511445,33.369899651129344
2030-11-03,31.573683001214604,29.73842771456758,33.33950566313845
2030-11-04,31.418120411984447,29.632819553610144,33.2508725321259
2030-11-05,31.442058679291524,29.7687972113224,33.315892780968426
2030-11-06,31.442923129831076,29.658166962855507,33.27959664278377
2030-11-07,31.433495186238904,29.530243624580773,33.213527622119294
2030-11-08,31.356204393013073,29.57481936500638,33.16760220019342
2030-11-09,31.472869487724886,29.61084112402723,33.30245892132734
2030-11-10,31.586112574889103,29.88387686823839,33.405577404186
2030-11-11,31.429497519870587,29.50585260837159,33.441982606806455
2030-11-12,31.45181223411747,29.689218206522387,33.26404370282143
2030-11-13,31.45026592330425,29.743293213559976,33.2565140707885
2030-11-14,31.437449174593056,29.65903786313221,33.226536489950895
2030-11-15,31.355633020775553,29.400426746221786,33.27439387920931
2030-11-16,31.466516283194878,29.58182376188159,33.25531160496062
2030-11-17,31.572645048418007,29.667165290700396,33.44858876941931
2030-11-18,31.407555216998443,29.600751250735584,33.26422067626774
2030-11-19,31.42005764552835,29.554969890019045,33.201896944053445
2030-11-20,31.40743683757947,29.50320113395648,33.152459337720316
2030-11-21,31.382410981815436,29.501916039665954,33.258986482472864
2030-11-22,31.28742943829216,29.344381677978365,33.10393910703506
2030-11-23,31.384416981166257,29.514819440267036,33.25817576779145
2030-11-24,31.47618870289138,29.627549921413795,33.331309502159975
2030-11-25,31.296586611493787,29.577974050830047,33.388284675151574
2030-11-26,31.294757576822448,29.455951874901636,33.2056132747339
2030-11-27,31.268343754300833,29.43324169659475,33.15646348164705
2030-11-28,31.230433491514162,29.508082675860187,33.12803200404772
2030-11-29,31.12384905450308,29.429054890970296,32.96230058246222
2030-11-30,31.21088074045744,29.43990807118936,33.12932772751558
2030-12-01,31.29469155601903,29.738517666529873,33.17324246065511
2030-12-02,31.10944377511636,29.27749971024261,32.992210244604536
2030-12-03,31.104567314825424,29.25077551349858,32.91258990352295
2030-12-04,31.077941332735133,29.433713900022074,32.98721793720621
2030-12-05,31.042837310522753,29.318910019938766,32.79994368098285
2030-12-06,30.94220019685282,29.100745169164455,32.72038970840348
2030-12-07,31.03837738237665,29.325391834080683,32.875016857018935
2030-12-08,31.134519855747683,29.410925886345478,33.02660584836745
2030-12-09,30.964706982539603,29.14493967464064,32.76747498888018
2030-12-10,30.97821492762505,29.19276917896682,32.827477665314746
2030-12-11,30.97270015769214,29.121713846525584,32.74571292389566
2030-12-12,30.961146271299807,29.212876489887787,32.58388909512654
2030-12-13,30.886150661598748,29.008088270019396,32.69387651358492
2030-12-14,31.00966066704137,29.232285060594116,32.84550294836663
2030-12-15,31.134383394664088,29.33553256681503,32.94911184905881
2030-12-16,30.993920450650087,29.18466834140546,32.77923429528948
2030-12-17,31.03704735387203,29.23003103576981,32.85889759980608
2030-12-18,31.060908792913107,29.202229904773812,32.843005702843065
2030-12-19,31.077977673748382,29.339481232466802,32.961853547542276
2030-12-20,31.030354146959375,29.18500254994764,32.718773531679254
2030-12-21,31.17951394608007,29.326620778993565,32.984942915273706
2030-12-22,31.327729899293608,29.46835210065632,33.163536339096666
2030-12-23,31.208217537045655,29.365413177211174,32.9315082952931
2030-12-24,31.269424278051265,29.53903960805771,33.11421696709525
2030-12-25,31.308233088063353,29.551580104634255,33.045979098754394
2030-12-26,31.336928327072968,29.550966752339605,33.198569492549815
2030-12-27,31.297499783549057,29.395185597058738,32.979433040223185
2030-12-28,31.451394083741448,29.709865712674596,33.10511779481046
2030-12-29,31.600937245682985,29.891562613565625,33.55187599110889
2030-12-30,31.47947926165795,29.593195435683352,33.15465664283458
2030-12-31,31.535680207955913,29.7374536948603,33.32570044165279
2031-01-01,31.56670884763654,29.850507935383188,33.43584879922228
2031-01-02,31.585201566597586,29.885581765123476,33.41082309273441
2031-01-03,31.533557816237177,29.869438372629563,33.398957885499605
2031-01-04,31.67368147095025,29.814947212629605,33.54165725704832
2031-01-05,31.808392129826807,29.92900579290455,33.64880407879095
2031-01-06,31.67155753867229,29.91458209589091,33.38148465017896
2031-01-07,31.712366948124657,29.993947016711477,33.57805382608405
2031-01-08,31.72851670650103,30.040878912163954,33.56880396705363
2031-01-09,31.73315626742433,29.880152920947204,33.634451404283034
2031-01-10,31.669171122795138,29.950209816681507,33.52386205553672
2031-01-11,31.798912394805537,29.914066768001735,33.707010744635824
2031-01-12,31.925597421132032,30.146563442905983,33.74812024023164
2031-01-13,31.78343278502535,29.944568979464258,33.61915660634217
2031-01-14,31.82187984495092,30.027269164898563,33.54708343523132
2031-01-15,31.838834258064047,29.929899707628408,33.714374143841084
2031-01-16,31.847567824565655,30.106639362573738,33.8318524275516
2031-01-17,31.7910092579564,29.970876644718167,33.68247519556108
2031-01-18,31.931473654282136,30.07546947290888,33.74214150982954
2031-01-19,32.07206497790622,30.340291871673212,33.898926764563086
2031-01-20,31.94680294361317,30.316829829934708,33.86590319309957
2031-01-21,32.00489422471483,30.141291688855613,33.721647667246756
2031-01-22,32.04391930704087,30.25386132213012,33.785996246761606
2031-01-23,32.07678309729317,30.31427335494736,33.878198875904076
2031-01-24,32.046005634313616,30.22787774180744,33.830500213240015
2031-01-25,32.21346238951583,30.350462877752978,34.004152194008604
2031-01-26,32.381798165055535,30.53887511325142,34.218988328116836
2031-01-27,32.28456564743292,30.56913823231933,34.074856357751464
2031-01-28,32.370508220125224,30.50424698498333,34.00924687408451
2031-01-29,32.43675803457065,30.645361562313617,34.19394764120111
2031-01-30,32.495797142006666,30.750279708183157,34.18722382263945
2031-01-31,32.489757752120205,30.59313375234611,34.1890430596271
2031-02-01,32.68017085354203,30.82979585695019,34.54226915930804
2031-02-02,32.869386992039075,31.1202036190565,34.62617610457242
2031-02-03,32.79072009576954,31.07795443074968,34.65577175124487
2031-02-04,32.892733831959866,30.899369329730963,34.65566401760667
2031-02-05,32.97244142730568,31.186631837890804,34.897721682384365
2031-02-06,33.0422667414473,31.191494313226144,34.854404327306554
2031-02-07,33.044342700267016,31.327466699988385,34.75244759047643
2031-02-08,33.24025641717711,31.616798431556223,35.08454858483502
2031-02-09,33.432464940663344,31.66688853554708,35.15152462353221
2031-02-10,33.35443270459654,31.535216782760283,35.116845473586466
2031-02-11,33.45491039163761,31.621359305099197,35.16960223149643
2031-02-12,33.53112639983131,31.673906345969726,35.326149212715016
2031-02-13,33.59573898340148,31.7603578028036,35.447650486303196
2031-02-14,33.59112547128141,31.788088978094862,35.53487449773212
2031-02-15,33.77911819444134,31.888604049620902,35.49093255705923
2031-02-16,33.96241135988087,32.27478087252779,35.767238078838155
2031-02-17,33.87469023495369,31.975294919869874,35.75461070833202
2031-02-18,33.96490261823339,32.16691005631327,35.76180907999797
2031-02-19,34.03044402339899,32.292602225348816,35.72573618883022
2031-02-20,34.084104846744864,32.38322311834479,36.03134113184378
2031-02-21,34.068356078485394,32.26720829984162,35.90164923200113
2031-02-22,34.245083297594995,32.49064649025696,36.169514269020034
2031-02-23,34.41699324543646,32.718045349889096,36.150204677110246
2031-02-24,34.31774434589075,32.49882270563428,36.129936480632004
2031-02-25,34.396221098764194,32.628446665073554,36.138243935812476
2031-02-26,34.44972367125208,32.61501997715479,36.21282458590938
2031-02-27,34.49092080715285,32.55706052512452,36.32573037453036
2031-02-28,34.46214241828209,32.61421856745639,36.28611478413364
2031-03-01,34.62512136323398,32.75750830919498,36.47469520723002
2031-03-02,34.78240844228238,32.94918088413474,36.571483337281165
2031-03-03,34.66751168605262,32.93987633711429,36.40603276185135
2031-03-04,34.72917955979778,33.03817108252036,36.52285082756507
2031-03-05,34.76459909781597,33.096526670684455,36.53486496380772
2031-03-06,34.7863567817538,33.026908695043446,36.55497994399578
2031-03-07,34.73673823525616,33.08563283751318,36.589443512282195
2031-03-08,34.87747597135129,33.041537075449185,36.65526851308807
2031-03-09,35.01116898458949,33.090185687670115,36.94015850631935
2031-03-10,34.87142506847718,32.96376890261179,36.75250258709351
2031-03-11,34.907145329462615,33.04711383463611,36.707988751365484
2031-03-12,34.915721813184064,33.09587368328549,36.732887277469935
2031-03-13,34.90999601359125,33.067429450116165,36.75857074929766
2031-03-14,34.83255435217599,33.08957341417903,36.655707610872106
2031-03-15,34.94546993689481,33.229915547316054,36.76857960680884
2031-03-16,35.05171452318891,33.30460183297427,36.81856159182812
2031-03-17,34.88529174231437,33.13164386345881,36.74028045435878
2031-03-18,34.89551130250537,33.00233149104171,36.71095280883916
2031-03-19,34.88017535647496,33.03625962483302,36.825294182293746
2031-03-20,34.852525119618655,32.95693883463304,36.720770698854885
2031-03-21,34.75552416714392,32.90853619931236,36.55557631871514
2031-03-22,34.851588078362305,33.02300484603948,36.603374189068425
2031-03-23,34.94398471651656,33.09157764013399,36.78238834163599
2031-03-24,34.766956572022366,33.03739157978942,36.52199777428294
2031-03-25,34.769985223258594,32.87850052871117,36.68205995924078
2031-03-26,34.75096943252967,32.83573912181955,36.56115040689962
2031-03-27,34.72316525122182,32.84778840086022,36.53326353808663
2031-03-28,34.62946480856703,32.75862538172332,36.33737176751925
2031-03-29,34.73212364694864,32.856628402268626,36.49096793694361
2031-03-30,34.83416102880948,33.08153973947432,36.65065050854164
2031-03-31,34.66948471660613,32.77991163040696,36.45086786267216
2031-04-01,34.687160287174315,32.90974582103526,36.527603898728
2031-04-02,34.68459643749038,32.916168745249614,36.51759380633972
2031-04-03,34.674494527833915,32.86291848125822,36.559159978531234
2031-04-04,34.599138843712524,32.80331496313362,36.47315479853083
2031-04-05,34.720137185631366,32.81792467781234,36.660064388573275
2031-04-06,34.83983590308953,32.933719017731846,36.672171155888876
2031-04-07,34.69146051841231,32.86684234425629,36.632106594206036
2031-04-08,34.72340160777712,32.993264707037596,36.60497566511375
2031-04-09,34.73241697451864,32.79785285529932,36.51044609273801
2031-04-10,34.73059792204954,33.050639959558595,36.52551652161692
2031-04-11,34.659675664067485,32.78756600718481,36.37956891671353
2031-04-12,34.78077704448535,32.904784034065756,36.53680088731126
2031-04-13,34.89585326584798,33.11062410748665,36.740070496320556
2031-04-14,34.737832384906206,32.9543133022322,36.49071317283826
2031-04-15,34.75491489733067,33.04496215680433,36.61058050871886
2031-04-16,34.74378315281998,32.8035735810489,36.51654935069031
2031-04-17,34.71657217420192,32.959435518796674,36.59697341659425
2031-04-18,34.61517775170682,32.82639226591505,36.44906034823196
2031-04-19,34.7010108908849,32.90837529606509,36.34626817032567
2031-04-20,34.776422294956014,32.93578777994982,36.51529220198021
2031-04-21,34.574847699624975,32.70533837907,36.43252084471916
2031-04-22,34.5450935184672,32.74256767503459,36.42400939688572
2031-04-23,34.4845337501547,32.74310257714471,36.18378224162592
2031-04-24,34.40606600039508,32.64154338670504,36.09671651136678
2031-04-25,34.25240283154886,32.45587918967458,35.941133736537545
2031-04-26,34.28580791438825,32.41431176398363,36.008638012515505
2031-04-27,34.309501103011065,32.33396465574304,36.10112181173074
2031-04-28,34.057783724347374,32.18369251385636,35.812213928805456
2031-04-29,33.9803040347157,32.12539830337035,35.71844718993644
2031-04-30,33.87523429738261,32.21358228072638,35.80252439847105
2031-05-01,33.756207831837195,31.88608757941718,35.64455928702727
2031-05-02,33.56659272783545,31.618155343771203,35.51137240158579
2031-05-03,33.56921214835121,31.735114292061745,35.41166857707549
2031-05-04,33.56773574988061,31.867172636395924,35.23285521794944
2031-05-05,33.296793865903595,31.539405615553033,35.222392901652334
2031-05-06,33.20623469784611,31.362619114441614,35.24290733936829
2031-05-07,33.094296188969366,31.269396365277657,34.947030505765056
2031-05-08,32.97454107708762,31.058076580241835,34.76244792584967
2031-05-09,32.790131883880385,30.95517009198756,34.555628382376824
2031-05-10,32.80355574735961,30.956609947027594,34.68510466497071
2031-05-11,32.81802352624523,30.997567968628996,34.57956707829643
2031-05-12,32.56759464260797,30.63836751290397,34.305743719528564
2031-05-13,32.50144765239874,30.696355665335467,34.2419149657307
2031-05-14,32.41706789577989,30.463010259164378,34.15425033599179
2031-05-15,32.327200338953304,30.525297786128974,34.14022861271543
2031-05-16,32.17414393036038,30.396004194735994,33.952880700588075
2031-05-17,32.219496903217255,30.53336193702883,34.105863858503
2031-05-18,32.26557695108339,30.52932066554684,34.071984027078514
2031-05-19,32.04556722618888,30.306240467080272,33.74466725096723
2031-05-20,32.00780763210239,30.135746313780658,33.99230380607551
2031-05-21,31.949002256467203,30.19921402030171,33.915424582745565
2031-05-22,31.881190574129985,30.177938262249384,33.61281903938198
2031-05-23,31.746058299063012,30.067447744951057,33.63504969653812
2031-05-24,31.804696920804613,29.998701548374267,33.62377108847182
2031-05-25,31.859035513974657,29.967154417751885,33.71454321500022
2031-05-26,31.641995498894243,29.894790896371145,33.51189386345679
2031-05-27,31.60178762628174,29.724885970734324,33.43900071111401
2031-05-28,31.53512191089694,29.695796829498008,33.29165819623947
2031-05-29,31.454178103909076,29.67209451200287,33.356403618100025
2031-05-30,31.30091262277831,29.482291655656116,33.13275470286897
2031-05-31,31.336811094015538,29.492425355449523,33.2488112709297
2031-06-01,31.364310292687684,29.632200118882757,33.13573088969111
2031-06-02,31.116940422086447,29.399773193241284,32.94294064210833
2031-06-03,31.04360733465581,29.27009535393726,32.78079959673791
2031-06-04,30.941785800941656,29.08086457930458,32.73816637862429
2031-06-05,30.824471841830604,29.10198161815886,32.66247954664407
2031-06-06,30.634470500580715,28.77259927758102,32.536642229918755
2031-06-07,30.63412868796965,28.8852767767272,32.381638347879814
2031-06-08,30.626737370217434,28.785405910909947,32.373140581582085
2031-06-09,30.346654524165576,28.558064446975642,32.14019171574532
2031-06-10,30.243568924943833,28.220725700155953,31.928887933129865
2031-06-11,30.115676308419296,28.474776183790635,32.05895241962756
2031-06-12,29.976616319800403,28.142577172061145,31.800473365299062
2031-06-13,29.76974697199091,28.060134977284847,31.4411069579848
2031-06-14,29.75786653689185,27.950607959728416,31.6028114868825
2031-06-15,29.744607365259988,27.883416477446186,31.637756309122913
2031-06-16,29.464553216880677,27.59381330076916,31.238132557424684
2031-06-17,29.367500251848064,27.609321209231275,31.148302955275923
2031-06-18,29.251633237993914,27.541629784645096,30.932657724332195
2031-06-19,29.130465326751047,27.35440942664187,30.87492345779514
2031-06-20,28.94711799274804,27.156876463831445,30.769553952298853
2031-06-21,28.964050867407995,27.180066596947857,30.701204378483766
2031-06-22,28.98446571078052,27.181399235888794,30.804615385795703
2031-06-23,28.742435801087254,26.891271128102037,30.52311562159318
2031-06-24,28.68718054841643,26.924568621506786,30.47654655320687
2031-06-25,28.61625651104385,26.803706321888445,30.56288721390396
2031-06-26,28.54251276817509,26.655519241436995,30.190185886908836
2031-06-27,28.40838683505433,26.629616398835235,30.306240351322664
2031-06-28,28.47565044127191,26.652416426750978,30.270981771397874
2031-06-29,28.546829017821096,26.715170016491587,30.46877859538291
2031-06-30,28.355345794623958,26.49793502071842,30.252385473550902
2031-07-01,28.34980996770735,26.494276385792197,30.10706885717632
2031-07-02,28.327219806089268,26.499007682370287,30.21146617674963
2031-07-03,28.29992839001925,26.563203580424116,30.19626437058693
2031-07-04,28.209947956316377,26.4676625749949,30.150887812222212
2031-07-05,28.318702017865114,26.54654475718737,30.082656311670302
2031-07-06,28.428449008100333,26.573406020582393,30.28189224249537
2031-07-07,28.27242831763739,26.543497298220164,29.98893229963513
2031-07-08,28.29914820720567,26.429233948452996,29.979378902330513
2031-07-09,28.30558654926257,26.498356943472682,30.080623916881432
2031-07-10,28.304152225856953,26.432317884484917,30.146463953354758
2031-07-11,28.23698334296821,26.42543335219093,30.02660255961504
2031-07-12,28.365691655063085,26.572285594126765,30.263209667542434
2031-07-13,28.492777212306056,26.627398787572826,30.259920015949177
2031-07-14,28.35176438604691,26.550126542106305,30.19414000461867
2031-07-15,28.39147906334013,26.568297556257104,30.20812129739287
2031-07-16,28.409238278852932,26.565470563147937,30.235513672583487
2031-07-17,28.41780042796842,26.583388634169037,30.213586291164653
2031-07-18,28.359652529231884,26.377244642128957,30.282373359679497
2031-07-19,28.49674422114088,26.71084044848677,30.33313616950901
2031-07-20,28.631892772788305,26.821028276092537,30.38408311577399
2031-07-21,28.49891050012071,26.736231669645758,30.24793610791349
2031-07-22,28.5468745782417,26.699598089854682,30.334697168000652
2031-07-23,28.573310676703418,26.74288988855012,30.42124093460746
2031-07-24,28.591138676113065,26.900017062005404,30.4011530483132
2031-07-25,28.542957002659342,26.793734075440177,30.27295807597477
2031-07-26,28.69077528760286,26.949048688611377,30.505845263997156
2031-07-27,28.837419607663122,27.066129204101696,30.671929869842135
2031-07-28,28.71666163108662,26.81353523785998,30.4386674412663
2031-07-29,28.77749155269209,26.944712267168562,30.74936741751701
2031-07-30,28.81730610204824,27.167494513590192,30.7551882946318
2031-07-31,28.848859709855777,27.076502622746347,30.720783645419274
2031-08-01,28.814555171509774,26.970761404855654,30.708447663869723
2031-08-02,28.976183299367506,27.137394067212384,30.722997291271618
2031-08-03,29.13633559315569,27.33363774612074,30.90735091259676
2031-08-04,29.028541022738594,27.09787013367178,30.827441903945896
2031-08-05,29.101546578837986,27.364922832887263,30.79623411097993
2031-08-06,29.152512657538914,27.17820018191099,31.034729302785966
2031-08-07,29.193971160817785,27.3560328037495,30.959573651476973
2031-08-08,29.16812247012119,27.438856792519537,31.04669072913755
2031-08-09,29.336580628104674,27.540058153728122,31.198466661551155
2031-08-10,29.501790630740224,27.607665384964676,31.366352586558126
2031-08-11,29.39716882873696,27.69222528358937,31.139248444731752
2031-08-12,29.47138603210822,27.607365892067087,31.243939578791046
2031-08-13,29.521564356095848,27.728807220266248,31.317072954905825
2031-08-14,29.56023569667968,27.89340143808889,31.38326306540419
2031-08-15,29.529638030786032,27.72652580550046,31.31016316402003
2031-08-16,29.69145894403824,27.90585082839062,31.428570042218034
2031-08-17,29.848250382360565,27.930099356261415,31.638004361003738
2031-08-18,29.73356574280212,27.909658990231346,31.48006236916071
2031-08-19,29.796239031683363,28.006276537389883,31.73221687931523
2031-08-20,29.83357727533045,27.957031548944038,31.531785866677016
2031-08-21,29.8583142263505,28.074154678358937,31.56295720505423
2031-08-22,29.812901717665067,28.00780495891315,31.555335645729706
2031-08-23,29.959248221492217,28.150803653601706,31.703783362754354
2031-08-24,30.100128756312294,28.25354588396028,31.931464131514836
2031-08-25,29.9693173918653,28.12601097478686,31.787808391892355
2031-08-26,30.015862198957905,28.186918396545092,31.7978735690463
2031-08-27,30.037273928922925,28.245206819384812,31.780839766379696
2031-08-28,30.046476543572467,28.30704972726848,31.896141528909048
2031-08-29,29.986096002493802,28.245177907864914,31.83798860926679
2031-08-30,30.118196895461022,28.21490830799742,32.09414854887938
2031-08-31,30.245691069531986,28.493394650609048,32.023968376203
2031-09-01,30.10246948431845,28.258144998102672,31.942309336208204
2031-09-02,30.137677104209946,28.292614746527512,31.918465170645305
2031-09-03,30.148902055258922,28.314475692983606,31.88473458953102
2031-09-04,30.149127094380468,28.483499977863495,31.98025089563125
2031-09-05,30.08101971184059,28.32414505928354,31.915461479758093
2031-09-06,30.206670360076913,28.355351583650236,32.019542523383556
2031-09-07,30.32900285890948,28.515970588530116,32.17696120323621
2031-09-08,30.18190811032542,28.51688317902298,31.996691153902056
2031-09-09,30.21452083464565,28.409997030211777,32.06504458138573
2031-09-10,30.22441046583184,28.424315143128247,31.89136392617988
2031-09-11,30.2245341741282,28.371316501279416,31.996849571488656
2031-09-12,30.157528271024567,28.299491217453927,32.04317516388105
2031-09-13,30.285447439417005,28.456387245854394,32.10311551983976
2031-09-14,30.41117580641867,28.578340401001707,32.26365008101116
2031-09-15,30.268560978023395,28.382148703508868,32.08042630028177
2031-09-16,30.306690752291313,28.543883749532935,32.152544847522336
2031-09-17,30.323083672130892,28.653361163599946,32.05951955019886
2031-09-18,30.330641426440227,28.510590038313808,32.21667914098587
2031-09-19,30.27193941052531,28.429400509801503,32.02736088593496
2031-09-20,30.408964957581244,28.57973056711795,32.173771192368655
2031-09-21,30.544527337532084,28.81914093633692,32.28446544539569
2031-09-22,30.412390727898785,28.51248199772062,32.20249337075671
2031-09-23,30.461549961755324,28.645525986704847,32.15844155538141
2031-09-24,30.489420301397065,28.69309671328943,32.32219686664652
2031-09-25,30.50878932934497,28.648250850812932,32.36164674235539
2031-09-26,30.46210734217817,28.72346871083389,32.31284713879459
2031-09-27,30.61122582175709,28.76627334729831,32.59156235655502
2031-09-28,30.758808128222423,28.978231013679338,32.54736525513567
2031-09-29,30.638463650249104,28.85703135567658,32.386115872733626
2031-09-30,30.699025229289717,28.79408046939941,32.47355075625354
2031-10-01,30.73774109779082,28.981191935689857,32.601731138873916
2031-10-02,30.76722939352727,28.945729837989923,32.48729679381387
2031-10-03,30.729771585551106,29.044419244964974,32.521104880742215
2031-10-04,30.88705431688966,29.1002888849531,32.68985176414561
2031-10-05,31.041583721268367,29.067178978355507,32.91294809997852
2031-10-06,30.926823347095386,29.06253718892952,32.7783927930688
2031-10-07,30.99147539118948,29.191183991779177,32.78817115938582
2031-10-08,31.03267635954796,29.339118664268312,32.763237953242246
2031-10-09,31.062955090321072,29.165961770574974,32.95238168084754
2031-10-10,31.02452934746744,29.14999698252831,32.84093838301628
2031-10-11,31.179050367647527,29.504955923550575,33.18835616847754
2031-10-12,31.32901930393967,29.447172081405387,33.142937447557514
2031-10-13,31.207926599068283,29.41795281178737,33.04058868222855
2031-10-14,31.26453390716586,29.32377269506471,33.00811669308812
2031-10-15,31.296069618525397,29.598672377641716,32.99331360418673
2031-10-16,31.31518588314865,29.609463511405234,33.220244508373824
2031-10-17,31.2642533279304,29.44343183998219,33.069915011938896
2031-10-18,31.405102863539437,29.588582768132145,33.105023075288194
2031-10-19,31.540438565811293,29.79033469733417,33.382710836341616
2031-10-20,31.403972732949526,29.452909419846804,33.29870426289493
2031-10-21,31.444702832375036,29.569813662086734,33.17424969650838
2031-10-22,31.46010151056352,29.815674589948472,33.2156585111902
2031-10-23,31.463067701693774,29.637115151394102,33.22223563153249
2031-10-24,31.396215187430517,29.530378761153738,33.277289506473934
2031-10-25,31.52160817445341,29.704412776748818,33.413963114158335
2031-10-26,31.642168053265653,29.976279546976674,33.63402580028449
2031-10-27,31.491802621236282,29.599381209713297,33.32035441073456
2031-10-28,31.519677662673118,29.598614617284465,33.3974995805767
2031-10-29,31.523402230038453,29.758007329563682,33.28188510929992
2031-10-30,31.515975819166144,29.585745333639075,33.22927775461318
2031-10-31,31.440073928907097,29.64407130161437,33.230519241709175
2031-11-01,31.557781686233863,29.690057513671242,33.449369949514434
2031-11-02,31.671999786956956,29.78796483344107,33.429199671671796
2031-11-03,31.516574090336444,29.790859949479277,33.405469633615276
2031-11-04,31.540568782034537,29.859169522309436,33.373525910766915
2031-11-05,31.541454435792797,29.71182142497848,33.3785125741993
2031-11-06,31.532059117161285,29.70388165602384,33.315764213588444
2031-11-07,31.45485893487606,29.75319357982654,33.33180823691492
2031-11-08,31.571717602440764,29.883698213300068,33.16272942984003
2031-11-09,31.685299110593323,29.75507529393438,33.44539983077391
2031-11-10,31.529204672213556,29.692146436347244,33.42198325612762
2031-11-11,31.552253654613306,29.76738333066756,33.3764838219409
2031-11-12,31.551679612783392,29.720747182620734,33.2967433958181
2031-11-13,31.540089338700124,29.768880758510903,33.25064649982586
2031-11-14,31.459761099179918,29.613972719769873,33.22618389729847
2031-11-15,31.572391393552866,29.82035856026764,33.395551011285335
2031-11-16,31.680514109210726,29.769223551673523,33.56766178403787
2031-11-17,31.51764302935226,29.688141670196455,33.21508248350384
2031-11-18,31.532557222401515,29.778657924389723,33.44876301915505
2031-11-19,31.522500268867574,29.784928479635457,33.327545663555945
2031-11-20,31.500141115811584,29.696225716334567,33.28892002104134
2031-11-21,31.4078726436333,29.6837513155455,33.20199721118232
2031-11-22,31.507557229180193,29.728594727757567,33.104766352837416
2031-11-23,31.601943178699273,29.868480811053026,33.344539729781886
2031-11-24,31.424803024080497,29.59319590185102,33.08806624203507
2031-11-25,31.425213294499144,29.506444287020294,33.21648642851961
2031-11-26,31.4007468437683,29.505266451024045,33.25595140548053
2031-11-27,31.36442568729927,29.545811890289944,33.30937474482994
2031-11-28,31.259010632360145,29.4980585841989,33.06960245213595
2031-11-29,31.34673721484584,29.40823246062804,33.213143028956246
2031-11-30,31.43072206949378,29.637223626998956,33.2037333898946
2031-12-01,31.245090997930394,29.51602180327867,33.08504876334388
2031-12-02,31.239248627639444,29.527603620839773,33.065414966239025
2031-12-03,31.211061025443048,29.60127587911408,32.98651356984023
2031-12-04,31.17379949702597,29.339501810250642,33.04044769754048
2031-12-05,31.07042212016174,29.107879190442215,32.89367862975726
2031-12-06,31.16330276756681,29.39514184973852,32.96933649381149
2031-12-07,31.25563196057118,29.65195741618342,33.03517224225325
2031-12-08,31.08154099731993,29.343379764601238,32.76308861351439
2031-12-09,31.09036938742564,29.340749333956396,32.95437725133392
2031-12-10,31.0798470505622,29.14542780500031,32.84024585485243
2031-12-11,31.06303955610842,29.2803435822317,33.01239577168002
2031-12-12,30.982632946927286,29.205199404342874,32.68548150667109
2031-12-13,31.10066784782036,29.30263893940082,32.83562195783696
2031-12-14,31.219947094572674,29.48251927185261,33.0355595868449
2031-12-15,31.074168174351687,29.19292419874735,32.931682116776116
2031-12-16,31.112200312507266,29.27417366340303,32.775560096171645
2031-12-17,31.131277427225115,29.334607729718282,32.88399521796748
2031-12-18,31.14395496018259,29.47519245895847,33.05551745463753
2031-12-19,31.09240683133757,29.35606222237865,32.83609088697427
2031-12-20,31.238171905369644,29.42489706825253,32.93150368504413
2031-12-21,31.383573882998274,29.498949141820965,33.21882709219616
2031-12-22,31.261865584417865,29.39842742508795,32.96988056236805
2031-12-23,31.321517144360726,29.540052206786076,33.1444166668047
2031-12-24,31.35941904150472,29.61495583505902,33.277220547859635
2031-12-25,31.38784769673304,29.594100600149595,33.23826055591898
2031-12-26,31.3487696475514,29.57440023147934,33.126824631381695
2031-12-27,31.503593485041122,29.824900250656714,33.38221207295758
2031-12-28,31.654593310885275,29.827843877199204,33.63276451740817
2031-12-29,31.535054576047838,29.657139731838107,33.3822385492595
2031-12-30,31.593561768178144,29.797407007547644,33.38148092707264
2031-12-31,31.62719887298987,29.898762591444296,33.552495967880105
2032-01-01,31.648510401807954,29.79662483185509,33.53304795390759
2032-01-02,31.59979910414325,29.801379148304257,33.451983454511684
2032-01-03,31.742869714225925,30.058702031853155,33.62846728992328
2032-01-04,31.880442698363847,30.12743342903729,33.676025742838604
2032-01-05,31.746289115170857,29.932014771490866,33.48907058374622
2032-01-06,31.78950634067331,29.970404527810164,33.55156221299454
2032-01-07,31.80770589510558,30.137065590260452,33.83859884171315
2032-01-08,31.813961493360644,29.988705089294264,33.698070379916324
2032-01-09,31.751093776885465,30.014336438326136,33.5607451898263
2032-01-10,31.88140141470166,30.05857921477623,33.635016953491125
2032-01-11,32.00806286969654,30.302697975357958,33.82307428029544
2032-01-12,31.865260253002944,29.970034942677877,33.53905907955023
2032-01-13,31.90244530206597,30.14819299381738,33.619916501726536
2032-01-14,31.917518967970906,30.134194215107346,33.69304228728185
2032-01-15,31.923772940991594,30.13710958942404,33.54568640597033
2032-01-16,31.86416973172023,30.066962454480805,33.6052800175152
2032-01-17,32.00107110336501,30.13321641231422,33.881393202520684
2032-01-18,32.13763920465642,30.237895456286633,33.95455497389227
2032-01-19,32.007961823564365,30.14716773119118,33.82728733440853
2032-01-20,32.06132173923028,30.241469490524842,33.93603282218089
2032-01-21,32.09538154564022,30.34104277171406,33.90392376538525
2032-01-22,32.123132113538226,30.269213007917823,33.82605720587254
2032-01-23,32.08718109987291,30.323532132024777,33.87623491621337
2032-01-24,32.2494910526926,30.56364030498502,33.995569767022594
2032-01-25,32.41279118093925,30.535494647232504,34.12499077739362
2032-01-26,32.3107139051166,30.588612728961937,34.11569732786402
2032-01-27,32.39207584650595,30.56930844283061,34.27758095758947
2032-01-28,32.454074302541216,30.473359088309167,34.303756201410124
2032-01-29,32.509247052009826,30.669285710916206,34.474695104409726
2032-01-30,32.49977158890583,30.670401119072523,34.22344414895009
2032-01-31,32.68721304364168,30.88128227954365,34.476508351317314
2032-02-01,32.873944601295996,31.05825325849139,34.661456768751755
2032-02-02,32.7932913099103,30.895495499244873,34.73676993791861
2032-02-03,32.8938167566174,31.075435066910284,34.7049334162714
2032-02-04,32.97252352732723,31.07423794392937,34.7972172598124
2032-02-05,33.041815213345615,31.282122825062096,34.85699412156819
2032-02-06,33.04379603708549,31.195937905544938,34.84083076907729
2032-02-07,33.24001738294122,31.304902222970462,35.10146298663661
2032-02-08,33.43289512330004,31.64116076077866,35.26367429232162
2032-02-09,33.35584876316357,31.535144408350018,35.307995408047034
2032-02-10,33.457582057627484,31.62904649010544,35.2418194015166
2032-02-11,33.53527623481669,31.654960015680437,35.4475718409404
2032-02-12,33.60154383822504,31.807095740974436,35.29420053826767
2032-02-13,33.59871953706598,31.767191880638375,35.42469474983772
2032-02-14,33.78859748459379,32.01937712336679,35.46591336907181
2032-02-15,33.97383941657259,32.1113729228278,35.83023304954962
2032-02-16,33.888104814686486,32.23390457335754,35.70126398501256
2032-02-17,33.98032308023321,32.14251642722058,35.94187145489253
2032-02-18,34.04787912272147,32.282559328999554,35.7353542927239
2032-02-19,34.10356062176642,32.27649481108408,35.86565250375822
2032-02-20,34.089843520357576,32.248775440785955,35.91646586852291
2032-02-21,34.26862549729289,32.362847644210206,36.05119528569581
2032-02-22,34.442631732059574,32.600752695144536,36.35066477742559
2032-02-23,34.34554435735819,32.52940706626439,36.25408649766399
2032-02-24,34.42627556212497,32.502311523113455,36.214225660129465
2032-02-25,34.48215571350743,32.680068214620725,36.34512912076056
2032-02-26,34.525884667379955,32.73258420179634,36.467673123467215
2032-02-27,34.499822686460426,32.575220557292724,36.40060529489609
2032-02-28,34.6657305288538,32.990498348978704,36.518423615655884
2032-02-29,34.826182794757514,33.053906511960754,36.752083613164864
2032-03-01,34.714705667345264,32.81794866991532,36.520982247168455
2032-03-02,34.78005872567822,32.8946376160219,36.60479651434472
2032-03-03,34.81943189601202,32.928087742435984,36.531589923985536
2032-03-04,34.84540540125855,33.03186344893242,36.60081539450335
2032-03-05,34.800248819746784,33.015770006244885,36.60794205900677
2032-03-06,34.945668519712854,33.269753500879624,36.84559247803
2032-03-07,35.08422728187576,33.3326600546862,36.9116340600296
2032-03-08,34.949487000559984,32.997945223589575,36.66813455116902
2032-03-09,34.99029393351584,33.27049063691586,36.97022324503481
2032-03-10,35.003977404071726,33.23275512431404,36.8450917639014
2032-03-11,35.00330970316028,33.27338128588849,36.69944716378864
2032-03-12,34.93080324505159,33.19212370518926,36.72651699198118
2032-03-13,35.04845424339768,33.28704621205087,36.849723444076346
2032-03-14,35.15915677858125,33.39622081790995,36.971721466123945
2032-03-15,34.99683826311651,33.115454972482766,36.77725563790488
2032-03-16,35.010735946755034,33.24309684657222,36.74908857056782
2032-03-17,34.99858558726965,33.053502042746366,36.82437235097309
2032-03-18,34.97357030207707,33.083722313329105,36.74048829837163
2032-03-19,34.87860596002776,33.094609863158546,36.82380735358424
2032-03-20,34.97607271504011,33.149431270487,36.679192709295116
2032-03-21,35.06921690774361,33.274580006192984,36.84055050367591
2032-03-22,34.89227470702316,32.9976828893168,36.775862627047545
2032-03-23,34.89473749758647,33.099458597565246,36.74841818791844
2032-03-24,34.8745304926897,33.10262250127016,36.74424362228802
2032-03-25,34.844952918339104,32.883075702077356,36.732390364744376
2032-03-26,34.7489564274924,32.92831487960655,36.539644780754976
2032-03-27,34.84887160376585,33.076599448102314,36.719342009954396
2032-03-28,34.947806989071545,33.060289588388315,36.836924635068954
2032-03-29,34.77977215878747,33.014391088793936,36.513406080184524
2032-03-30,34.79394494032721,33.057483168669414,36.48466017757929
2032-03-31,34.787854278245,33.03743434199285,36.53422322304324
2032-04-01,34.77432704858098,32.90246174895015,36.63946605781495
2032-04-02,34.695775369629885,33.00808978245141,36.71063616369614
2032-04-03,34.81393409153714,33.04614702001415,36.616688199233856
2032-04-04,34.93127265998815,33.180337763624244,36.76624541007089
2032-04-05,34.78113258196889,32.94200421451154,36.519466284211596
2032-04-06,34.81201024463393,33.05928746954908,36.551008451010695
2032-04-07,34.820756205022974,33.01879081845854,36.652178146793474
2032-04-08,34.819538837397765,32.944779031711235,36.74246227337728
2032-04-09,34.75014844981881,32.91898071817284,36.63351940904208
2032-04-10,34.87375110880904,33.03501306906452,36.66230709406642
2032-04-11,34.992315927831065,33.234972388869416,36.87625034623596
2032-04-12,34.8387666240764,33.11215263249315,36.67732969381663
2032-04-13,34.86127669891795,32.83759573676064,36.578272157314395
2032-04-14,34.856479003052065,33.1066210261734,36.65990201843989
2032-04-15,34.836437265499455,33.00991458678432,36.71393559197103
2032-04-16,34.74295544861174,32.97248167162596,36.588481306058746
2032-04-17,34.83733398404356,33.11801097816748,36.54425270155391
2032-04-18,34.92179653293461,33.06221021367821,36.651031524194046
2032-04-19,34.7296380375981,32.86517519560541,36.570267279885364
2032-04-20,34.709513460100034,32.76683279373695,36.49647078776432
2032-04-21,34.65863808584479,32.85702232469783,36.48212648047892
2032-04-22,34.58974716325618,32.841231463091,36.44826313687695
2032-04-23,34.445391004206776,32.63922847192212,36.2734650553176
2032-04-24,34.48767492705294,32.65552288332467,36.30496051595029
2032-04-25,34.51966806879433,32.8183274613164,36.45580811009447
2032-04-26,34.2755322638718,32.61981890078164,36.09066429596785
2032-04-27,34.204790851159835,32.28474982972501,36.12395402989865
2032-04-28,34.1055087775773,32.31459611829149,35.75700999908939
2032-04-29,33.9912322712292,32.19980100737547,35.80320314622284
2032-04-30,33.805264709003524,31.73694643598701,35.67283987538174
2032-05-01,33.810388546194396,32.0059156183409,35.63515705058155
2032-05-02,33.810257793133786,32.037856639307215,35.62342203188151
2032-05-03,33.53951265535559,31.755315668779023,35.27921767909283
2032-05-04,33.44803656745072,31.739559695314483,35.20794537055112
2032-05-05,33.334127297342874,31.665596892808527,35.31023248372759
2032-05-06,33.211430633601005,31.210502276866947,34.9489497130532
2032-05-07,33.02321344543871,31.152836011364993,34.79924463319346
2032-05-08,33.03208606807319,31.141742203700595,34.71931858208989
2032-05-09,33.04139850147467,31.21293387761668,34.99357717997339
2032-05-10,32.785361959727034,31.03744477968009,34.61800825746826
2032-05-11,32.713315841325965,30.959662588685557,34.452012122335766
2032-05-12,32.62291156069077,30.68118047506141,34.44482096239767
2032-05-13,32.527061446507965,30.7361720935191,34.517108973261394
2032-05-14,32.36822912664621,30.642737563865186,34.21517160721443
2032-05-15,32.408170929104976,30.586179493299166,34.18632608401461
2032-05-16,32.44935232123778,30.719986039788985,34.26002910523717
2032-05-17,32.225090428127274,30.377315260073892,34.05469818476909
2032-05-18,32.183842186173436,30.268214057367587,33.980583152704256
2032-05-19,32.12240905327796,30.203175591840584,33.90896841301967
2032-05-20,32.052905970838296,30.257238511302315,33.878727000434225
2032-05-21,31.917070508550623,30.118406746385524,33.64044411273002
2032-05-22,31.976021266681258,30.13493435479896,33.87862833721774
2032-05-23,32.03168914878663,30.239222355382775,33.68940447840429
2032-05-24,31.816972192210162,29.970523980277225,33.5699072305866
2032-05-25,31.780033223447735,30.016103368071647,33.55215958900403
2032-05-26,31.71751104235977,29.938782270467417,33.46533749316233
2032-05-27,31.641492689808505,29.798770121797595,33.466636118058155
2032-05-28,31.49382266898696,29.803634046278145,33.34400963304627
2032-05-29,31.53585821530404,29.88779415652788,33.41085904175808
2032-05-30,31.569894327892836,29.768452838931676,33.42963056722624
2032-05-31,31.329309426928866,29.459893447536903,33.09198719203781
2032-06-01,31.262851152327293,29.441585642948443,33.068590546377315
2032-06-02,31.16783332101702,29.314651982887984,32.90669488466254
2032-06-03,31.057091966752147,29.304990004657284,32.823601043622695
2032-06-04,30.87327674830994,29.199930722216987,32.69006872272448
2032-06-05,30.878587271728783,29.161018336188008,32.71829181953377
2032-06-06,30.876178513696942,28.97819356709304,32.720544391972226
2032-06-07,30.600286695279166,28.798369401196453,32.43343521581795
2032-06-08,30.500495604973995,28.513219501834513,32.285600271049915
2032-06-09,30.374914857785463,28.583106282440227,32.18241960397955
2032-06-10,30.237118457984185,28.441971197010353,31.940455164675797
2032-06-11,30.030420358351858,28.292966828531245,31.882828748272356
2032-06-12,30.017596921721836,28.183697704778787,31.679226339134676
2032-06-13,30.002280776777706,28.1433930182076,31.66506231282312
2032-06-14,29.719077659780936,28.02615615863023,31.49955481353374
2032-06-15,29.617826416009798,27.838804558538957,31.470315027579716
2032-06-16,29.4967737512324,27.74367755597812,31.337341335341318
2032-06-17,29.369512131889838,27.58791461516799,30.982953614256967
2032-06-18,29.179257485409597,27.284623667989536,30.846715516464272
2032-06-19,29.188576495146712,27.332609158466116,30.976096480883353
2032-06-20,29.200787804621335,27.386859333506663,30.915642226906076
2032-06-21,28.950088485296504,27.201504096305687,30.669089337441207
2032-06-22,28.885825651325863,27.040539171685943,30.741322408630136
2032-06-23,28.805684476921265,26.925089918973374,30.641797029959474
2032-06-24,28.722640645474602,26.96193629934101,30.75792844346148
2032-06-25,28.579253487905326,26.780423267058236,30.41366120743126
2032-06-26,28.63740919702058,26.886687367236874,30.280981185512907
2032-06-27,28.699738022141865,27.04512330549908,30.558739149026035
2032-06-28,28.49975639587033,26.61207986180311,30.221838474425304
2032-06-29,28.486153492541476,26.721614374105652,30.427031563806835
2032-06-30,28.455993118247665,26.55872795988505,30.239833362220384
2032-07-01,28.421678642763197,26.510125008490633,30.033884048759596
2032-07-02,28.325256956473126,26.42032480635087,30.116788079033803
2032-07-03,28.428170615456327,26.56191474254432,30.02692159006218
2032-07-04,28.53268191078088,26.72160978240868,30.433333050125622
2032-07-05,28.37201970423536,26.65419993495163,30.163073238215624
2032-07-06,28.394668480417373,26.637044178829573,30.356046975348185
2032-07-07,28.39757052533083,26.59767909721861,30.258456348524934
2032-07-08,28.393089010061637,26.61943516029891,30.15719879925153
2032-07-09,28.323308085611497,26.528380545317045,30.154522620662735
2032-07-10,28.44977932492003,26.57577142134703,30.261375917222203
2032-07-11,28.574938464905685,26.925167292845543,30.32324691403763
2032-07-12,28.43224354437317,26.515578764898574,30.256675955726443
2032-07-13,28.470454170235907,26.695581682033573,30.306977173523467
2032-07-14,28.486823125108316,26.713111025634223,30.346215887844657
2032-07-15,28.49404840931063,26.65045503900975,30.179566486963
2032-07-16,28.434562140369316,26.455122558892498,30.271742097350216
2032-07-17,28.570265956831037,26.798543015005972,30.448119360740094
2032-07-18,28.703937175414172,26.931162276877863,30.64064256848406
2032-07-19,28.569357071077427,26.77853122675096,30.298313137212734
2032-07-20,28.615581256969076,26.749598543058163,30.34028314328188
2032-07-21,28.640123586501407,26.8693306763886,30.424194192168674
2032-07-22,28.65590183984522,26.807437906143935,30.521185445840818
2032-07-23,28.60552174366216,26.70831403013466,30.432110823312495
2032-07-24,28.751009050987992,27.0570679579335,30.522896996377458
2032-07-25,28.89521396387221,27.003976335928094,30.777841911964547
2032-07-26,28.771939256080145,27.00347832587595,30.67177147766696
2032-07-27,28.83021201636175,26.901718443261547,30.526261341174838
2032-07-28,28.867470337119087,26.99183945882603,30.670049505069688
2032-07-29,28.896513076400478,27.039156318701888,30.670846689627187
2032-07-30,28.859789075872342,27.119689259690748,30.725228552265076
2032-07-31,29.019135369540603,27.234835072945557,30.870621888449715
2032-08-01,29.17718845416397,27.307278359724158,30.893283356684645
2032-08-02,29.067519754231057,27.310226647789563,30.912404895225134
2032-08-03,29.138914971839206,27.225883075667724,30.8814719295986
2032-08-04,29.18856841723763,27.48062893618109,31.14880203849383
2032-08-05,29.229040226700487,27.28948951807956,31.039690807962902
2032-08-06,29.202552643152366,27.357313433596293,30.911364256270843
2032-08-07,29.370734706669026,27.619787267523893,31.16479510778395
2032-08-08,29.536039262618743,27.70818833157342,31.398132029344392
2032-08-09,29.431883285502035,27.667877691084463,31.251310376769073
2032-08-10,29.506931105360568,27.68431951330448,31.29016624405868
2032-08-11,29.55829156228889,27.662875896122227,31.331458815479817
2032-08-12,29.59847695957071,27.62635237131307,31.467474552237707
2032-08-13,29.56969998853781,27.777331305440722,31.218109954458924
2032-08-14,29.73361800255199,27.902179850543956,31.527413125962877
2032-08-15,29.892748608453573,28.042365462427604,31.625843138263544
2032-08-16,29.78060766140943,28.067319581433853,31.65896063264796
2032-08-17,29.845989361277635,28.06489746230222,31.75892374494296
2032-08-18,29.886159606279044,28.090449099060404,31.725296330583003
2032-08-19,29.91381061883817,28.12131334451985,31.727671733092357
2032-08-20,29.871353169998383,27.97003226489524,31.765592427933704
2032-08-21,30.020655936796274,28.14431157998891,31.8545504844167
2032-08-22,30.164456116458293,28.319547630604767,31.861133055256936
2032-08-23,30.036492532415185,28.244979911111027,31.91747379163165
2032-08-24,30.085781068315967,28.230463420883805,31.883795847185233
2032-08-25,30.109803708865556,28.31950001327927,32.049192841918945
2032-08-26,30.121459306941375,28.30234521733723,31.989915430021004
2032-08-27,30.06335248689382,28.330217206688896,32.091047732624425
2032-08-28,30.197530278977208,28.419345918943158,32.05454329687836
2032-08-29,30.326890645393597,28.55485063124297,32.112006461069726
2032-08-30,30.185314145425995,28.378375673522033,32.13674251217002
2032-08-31,30.221938564964745,28.46974666063615,31.944467044742602
2032-09-01,30.23434775637134,28.34275337892148,31.989726377526704
2032-09-02,30.23552275556029,28.35912678152644,32.04844266291495
2032-09-03,30.168131516711174,28.344412847119997,32.124794233604085
2032-09-04,30.2942667765067,28.49038944585606,31.988846570723947
2032-09-05,30.416856115491193,28.618225780643083,32.19898831401456
2032-09-06,30.26979536534105,28.476802603032507,32.0600459451693
2032-09-07,30.30222508683589,28.41717471470801,32.06094243833994
2032-09-08,30.311721266331375,28.444360089331155,32.15399727573023
2032-09-09,30.311248205555046,28.66149162620774,32.06888107016935
2032-09-10,30.243449862762898,28.46384004361004,32.105787189688776
2032-09-11,30.370389087552123,28.469737731907745,32.10899937871705
2032-09-12,30.494958762610022,28.622031303997588,32.3760104826731
2032-09-13,30.351015964063464,28.499989888065834,32.27255051220141
2032-09-14,30.387658846541633,28.529847991331103,32.2132676875866
2032-09-15,30.40241740090056,28.61196726431939,32.1144535089071
2032-09-16,30.40820607822726,28.52063363846671,32.20974978619812
2032-09-17,30.347614574555987,28.5008413298715,32.031767089564546
2032-09-18,30.482646270898687,28.67448046422382,32.424921192799275
2032-09-19,30.616128407783094,28.689534105266535,32.58388566917693
2032-09-20,30.481845182651206,28.63429524522287,32.27747476086177
2032-09-21,30.528813560335777,28.844144734123,32.306066347737264
2032-09-22,30.554473032614695,29.00435378967113,32.45605037651469
2032-09-23,30.571637408549027,28.928129349622868,32.38594659481998
2032-09-24,30.52278501445137,28.679059550998904,32.316809394380854
2032-09-25,30.66979687503251,28.963976357225324,32.557701604352296
2032-09-26,30.81536702098035,28.999495456251715,32.60940748274234
2032-09-27,30.693136163303542,28.880696631606494,32.48855251421817
2032-09-28,30.75196856002518,28.94947311843539,32.576361489000746
2032-09-29,30.789143327796726,28.874536535574386,32.57477164598158
2032-09-30,30.81730827667425,29.11089435731712,32.741279287924165
2032-10-01,30.778772622610887,28.939964495670445,32.538072826253604
2032-10-02,30.9352481043083,29.117032181039203,32.67730393318807
2032-10-03,31.089262584935064,29.260919134582643,33.018002702499466
2032-10-04,30.974297296179575,29.283409465512612,32.64351615279961
2032-10-05,31.039067451473567,29.353749913652265,32.73226424438779
2032-10-06,31.080717369389752,29.245815088977846,32.879288364513094
2032-10-07,31.11177806451096,29.4618709626479,32.850759015403796
2032-10-08,31.07446353402607,29.30511568839926,32.82616044451648
2032-10-09,31.230415139258387,29.473678930776444,33.10802717918889
2032-10-10,31.382118038541435,29.533293270392065,33.232964200981534
2032-10-11,31.263040712575695,29.434809859185755,33.070173884604976
2032-10-12,31.32191720488497,29.390577357754065,33.0865989840746
2032-10-13,31.35594313030682,29.59113110616321,33.18733155744479
2032-10-14,31.37773334050652,29.685320597815107,33.31399898547607
2032-10-15,31.329617429313853,29.496037683063562,33.07145518548631
2032-10-16,31.473382456851024,29.54487000435525,33.1789332176009
2032-10-17,31.61168685550369,29.904354021158827,33.41882277836786
2032-10-18,31.478196593153275,29.791108711669935,33.34142148569551
2032-10-19,31.521863278138024,29.77790545948004,33.31372963154043
2032-10-20,31.540115347303473,29.679348434693583,33.28063466806667
2032-10-21,31.54581033924311,29.8232512632907,33.45110258438543
2032-10-22,31.48152457057741,29.634819221682978,33.30754227423059
2032-10-23,31.60928974775399,29.647085302507275,33.418669846812804
2032-10-24,31.732000645122397,29.877939823020483,33.51176118743655
2032-10-25,31.58354510188421,29.75615816365473,33.42437813439604
2032-10-26,31.61307620381361,29.72395724127575,33.40375572986001
2032-10-27,31.618197971256265,29.69312872584028,33.477530166495804
2032-10-28,31.61191272886146,29.771387677982833,33.41009190749984
2032-10-29,31.536906635863325,29.68846944189636,33.35429189844498
2032-10-30,31.65528305268284,29.86284904465396,33.368570688171445
2032-10-31,31.76996799539073,29.93724481141293,33.68138217764993
2032-11-01,31.614839024514424,29.812457888719024,33.471303474458274
2032-11-02,31.63899749753436,29.746918491686937,33.32591695952157
2032-11-03,31.639955536827923,29.662473556423585,33.43663704115562
2032-11-04,31.630585883707823,29.611019123398236,33.41482060494058
2032-11-05,31.55341107679697,29.71969250468158,33.379280238371344
2032-11-06,31.67034155439264,29.806615602200097,33.51410027448371
2032-11-07,31.7840868220725,30.020637300777135,33.63043896066964
2032-11-08,31.62829089001244,29.930428823409272,33.44435281492432
2032-11-09,31.651811739042188,29.77260626314068,33.488107185563855
2032-11-10,31.651915972909443,29.834828829325975,33.541761257120164
2032-11-11,31.64123661439349,29.850161997305065,33.45674335231065
2032-11-12,31.56207025753095,29.808635332531065,33.30932256594002
2032-11-13,31.676122943101785,29.959187410532643,33.60181633334221
2032-11-14,31.78592866624913,29.966800801769455,33.59066076369875
2032-11-15,31.624991495273992,29.75676913421976,33.49630229340091
2032-11-16,31.642070848931187,29.70879194130107,33.43522184099546
2032-11-17,31.63438089822136,29.715668763225622,33.41428398740758
2032-11-18,31.61455188507089,29.858530130008532,33.46654351529057
2032-11-19,31.524929436578624,29.687745907926182,33.28596176863676
2032-11-20,31.627321144549427,29.944942437983443,33.464604795149036
2032-11-21,31.72441426154568,29.886775283600194,33.4879282149203
2032-11-22,31.549915477139542,29.63829819769138,33.33164706388256
2032-11-23,31.552832349866538,29.681910151066123,33.3354885213721
2032-11-24,31.530667432732255,29.727119632812947,33.25749758714247
2032-11-25,31.496372998944246,29.600111917966093,33.30248187079955
2032-11-26,31.39264260079306,29.539453089644912,33.169750289575305
2032-11-27,31.481648922014475,29.766717433385438,33.33309303982198
2032-11-28,31.56645199703024,29.765689709256236,33.354952109518926
2032-11-29,31.38112900872189,29.652725741902508,33.34933892142944
2032-11-30,31.375045507478323,29.386348676143005,33.258107613834405
2032-12-01,31.346039368539408,29.463565251107518,33.05470354803762
2032-12-02,31.307365677774374,29.598083130222413,33.1070225907422
2032-12-03,31.20197905860076,29.352206023551943,32.977783888085916
2032-12-04,31.292263168500405,29.41430105865408,33.16427477659477
2032-12-05,31.381431687252093,29.524797716822242,33.20080784659736
2032-12-06,31.20365223054224,29.46587366633253,33.03138506246229
2032-12-07,31.208313220299207,29.460839717980935,33.04905421764151
2032-12-08,31.1932051782287,29.399767846931734,32.94454410450596
2032-12-09,31.171464738131267,29.26864635328195,32.909155073545485
2032-12-10,31.085857947645344,29.36403254595905,32.696138260573825
2032-12-11,31.198512595914895,29.338246809884996,33.01514838496511
2032-12-12,31.31232384661504,29.626012209186936,33.15287970758118
2032-12-13,31.161084517012533,29.337787446141384,32.840705460083164
2032-12-14,31.19375989312076,29.430506442278862,32.92924970470996
2032-12-15,31.20767836107614,29.46859040404267,33.025285148223716
2032-12-16,31.215485923588812,29.393532035815756,33.03992548791196
2032-12-17,31.159440910719127,29.333495927829993,32.9453706790532
2032-12-18,31.30115833234459,29.499016396965146,33.178046809754036
2032-12-19,31.44302784243813,29.70098910160348,33.241134044035384
2032-12-20,31.318356334792647,29.543798442805894,33.061657033743224
2032-12-21,31.375654736057946,29.56932264027375,33.26049084953814
2032-12-22,31.411839957886475,29.611320623997443,33.22969595652724
2032-12-23,31.43919977328601,29.57737919363168,33.09113738417609
2032-12-24,31.399696645773343,29.52454917574815,33.31398270748045
2032-12-25,31.55471970897077,29.735918505454702,33.369465421193176
2032-12-26,31.706508655147427,30.021913958841623,33.34651846641147
2032-12-27,31.58830038476621,29.75870394943958,33.35825285715571
2032-12-28,31.648617864422178,29.851819313881645,33.44401240044085
2032-12-29,31.68447208898266,29.773732808953255,33.45382814063575
2032-12-30,31.70832490173506,29.850541476981913,33.55649292314791
2032-12-31,31.66238874510989,29.785423765948902,33.45967584265095
2033-01-01,31.80837263791014,30.080083188018754,33.50294453644473
2033-01-02,31.948898287687637,30.047683234546817,33.80028414452426
2033-01-03,31.817637388458827,29.975398311903373,33.47902132526743
2033-01-04,31.863589791897276,30.143825522478892,33.69363929483963
2033-01-05,31.884273724822506,30.098793185670157,33.81170447252849
2033-01-06,31.89267611248444,30.06692735956267,33.645467635568856
2033-01-07,31.831539406241372,29.94489231793233,33.66567481036804
2033-01-08,31.963094549083387,30.1427242419913,33.76991205864675
2033-01-09,32.090464327303394,30.332411359731836,34.00040176657912
2033-01-10,31.94778849102978,30.257449373154152,33.77828680156336
2033-01-11,31.984490647970876,30.088907646402685,33.84624244562967
2033-01-12,31.9984583943592,30.23369821744908,33.78313960243919
2033-01-13,32.002985000732835,30.23171749238923,33.780091752151456
2033-01-14,31.94104926917103,30.216120685582634,33.79896887958409
2033-01-15,32.07504336732105,30.215801746666358,33.88726000004138
2033-01-16,32.20817300867452,30.373895442466385,34.02697382605791
2033-01-17,32.07458142893274,30.230866428712755,33.77612642490378
2033-01-18,32.12361717421214,30.356278843706466,33.88924327977934
2033-01-19,32.153017120671386,30.299153804755264,34.073918500348434
2033-01-20,32.17585294434541,30.483396924411387,34.14641586683471
2033-01-21,32.13481750756291,30.36690488051953,33.93385368941159
2033-01-22,32.29196077009185,30.580229079753956,34.02671572484512
2033-01-23,32.45009935605984,30.64369351834811,34.253187801986435
2033-01-24,32.34295095385501,30.5009858010095,34.08443091787046
2033-01-25,32.41941326579099,30.632969624792597,34.18705605807872
2033-01-26,32.476758610405184,30.669460621192304,34.2683676941976
2033-01-27,32.52759207094069,30.699686969207317,34.342602470822115
2033-01-28,32.514149331896014,30.75820590139225,34.30331803151089
2033-01-29,32.69804349739028,30.81085890033783,34.60517501537449
2033-01-30,32.88168472705396,31.02477227581107,34.66011841925834
2033-01-31,32.79842359881239,31.05444635558204,34.490194696696655
2033-02-01,32.89683768252392,30.91481473733118,34.62475829525876
2033-02-02,32.97393223618433,31.139519258548052,34.88157030672008
2033-02-03,33.042102773955925,31.25046834162842,34.84553373829204
2033-02-04,33.04343555447832,31.23021928362894,34.805641156731674
2033-02-05,33.239455243010454,31.467240358382607,35.165679970020854
2033-02-06,33.43254359705016,31.599925229448463,35.2113421773511
2033-02-07,33.35608015201234,31.52895965203446,35.18154612059757
2033-02-08,33.45872450922784,31.646088033323377,35.3336633205417
2033-02-09,33.53761130337941,31.64842842331955,35.22569250343157
2033-02-10,33.605305806006136,31.836920691978506,35.48392084932483
2033-02-11,33.604096456366385,31.78423019498835,35.43127886978565
2033-02-12,33.79573384397676,31.913554757912145,35.600408908633554
2033-02-13,33.98284028280244,32.03059627643984,35.830261912151684
2033-02-14,33.899041254702006,32.1779177526986,35.63074478141233
2033-02-15,33.993238626787104,32.26616408805674,35.773711569670056
2033-02-16,34.06279701431863,32.21498536321209,35.86951507027648
2033-02-17,34.120491523380814,32.24375778784967,36.00179099984916
2033-02-18,34.10879341670716,32.27482331082334,35.910947125178424
2033-02-19,34.289603445826806,32.46214377717783,36.07852582585992
2033-02-20,34.46565716832242,32.560154559687476,36.3882562181453
2033-02-21,34.370653660974995,32.47571569565834,36.18892732525215
2033-02-22,34.453527616829064,32.57926291549902,36.43102716496529
2033-02-23,34.51163622866211,32.65476021866329,36.511249510430154
2033-02-24,34.557709070328826,32.83709868448834,36.36608151578719
2033-02-25,34.5341374435191,32.63517426347169,36.431354331981446
2033-02-26,34.70271280633383,32.912444730155364,36.6463569279586
2033-02-27,34.86603842849766,32.96036337342316,36.62830889102071
2033-02-28,34.75766546801323,33.02738441907439,36.58210157994114
2033-03-01,34.82637320580828,32.90322807802208,36.51498860450876
2033-03-02,34.869364561521984,33.20897537956089,36.72904739763178
2033-03-03,34.899224803218864,32.91512564332709,36.61433332971724
2033-03-04,34.85821960980746,33.10093320755877,36.69357470172656
2033-03-05,35.0080417932309,33.23150404352445,36.8392823981459
2033-03-06,35.15123052509341,33.35043873467406,37.03171849363757
2033-03-07,35.02131398104511,33.25640109860942,36.761618669983086
2033-03-08,35.067094885640785,33.20123204300348,36.967463591116896
2033-03-09,35.08584986299512,33.247568184302295,36.904669429384064
2033-03-10,35.09029033143879,33.2315656205817,37.00037723301685
2033-03-11,35.02286097564394,33.22127781940611,36.8908439618309
2033-03-12,35.145485031941966,33.340955053518165,36.789210363203644
2033-03-13,35.26098021715522,33.443402640256345,37.09788486782931
2033-03-14,35.10319625825231,33.285655527976985,37.013572547932974
2033-03-15,35.12129360764811,33.122175563739226,36.82537579173739
2033-03-16,35.11293440743455,33.29456275945958,36.914631781552785
2033-03-17,35.091233650903305,33.280533398898264,36.81665127786815
2033-03-18,34.999046831727505,33.07787506700358,36.90929083294905
2033-03-19,35.09870361331352,33.34202540308611,37.04742009792042
2033-03-20,35.1934116771497,33.434439040332585,37.0649130777093
2033-03-21,35.017382058573666,33.161375439574655,36.67500791147368
2033-03-22,35.020095918356176,33.03975053590413,36.857820701004584
2033-03-23,34.99948417909534,33.18968269412998,36.87147145628807
2033-03-24,34.9688683317185,33.036925894363144,36.79613460377811
2033-03-25,34.87123904012602,32.99500321928653,36.73986930396014
2033-03-26,34.968982384554685,33.1604329695888,36.670842829442016
2033-03-27,35.06527817149799,33.20598117316406,36.85063887556123
2033-03-28,34.89422183994385,32.94528821822648,36.542865712351826
2033-03-29,34.90509007877212,32.987021873178165,36.712190803252554
2033-03-30,34.89552168993314,33.19415797255328,36.778886386126366
2033-03-31,34.87846204342624,33.09851528895119,36.7599396540736
2033-04-01,34.79644772544927,33.07298371200272,36.61258318770312
2033-04-02,34.91134112581042,33.12522315923602,36.60516838986742
2033-04-03,35.02573923148651,33.12406990728675,36.68662339000107
2033-04-04,34.873107931988486,33.10702578265641,36.60280510500017
2033-04-05,34.90206166926561,33.06883176163267,36.76298772036556
2033-04-06,34.909559633458656,32.978831576644524,36.683582408379856
2033-04-07,34.907866474392144,33.10566628795797,36.63604390115828
2033-04-08,34.83885372088405,32.97570198135783,36.70543042854086
2033-04-09,34.96375122223664,33.2121107481484,36.89192192563745
2033-04-10,35.08457243611534,33.13113404844149,36.84194352828408
2033-04-11,34.93426442681046,33.1238129304679,36.87352799159246
2033-04-12,34.96100197798016,33.35248595560508,36.719907135224425
2033-04-13,34.961396617499595,33.24044764474774,36.82492340205049
2033-04-14,34.94746815683891,33.14167816078144,36.62503666325118
2033-04-15,34.86095461627515,32.982903905629655,36.50286173548317
2033-04-16,34.96306958553518,33.162430986436696,36.61810483993661
2033-04-17,35.05593064318128,33.15843249210794,37.017557968037124
2033-04-18,34.87270956795328,33.03319037632512,36.674622902587075
2033-04-19,34.86192368988981,33.063417466417114,36.67872474740167
2033-04-20,34.82063919951081,32.91522189032314,36.65430531655396
2033-04-21,34.761434115428955,33.04591835684058,36.62418578199476
2033-04-22,34.62669695524058,32.83243132737254,36.35389061487538
2033-04-23,34.67837040465262,32.90924735309544,36.5175667004683
2033-04-24,34.71936391963717,32.878558421697534,36.5763497940803
2033-04-25,34.48368636484408,32.67728318619715,36.47027272383296
2033-04-26,34.42071845556392,32.582187953751216,36.28878182097876
2033-04-27,34.32839627974811,32.39411553129786,36.106665407197504
2033-04-28,34.22015408593862,32.384010291065984,36.112019341264755
2033-04-29,34.0392028820687,32.21916910453572,35.77724390325233
2033-04-30,34.048254642004785,32.301866356477944,35.94176263392293
2033-05-01,34.05091654517845,32.20713191771377,36.001452486612884
2033-05-02,33.78180681898374,31.875248866321577,35.6591892595743
2033-05-03,33.69081238116282,31.985685573711393,35.443787785335324
2033-05-04,33.576259940921894,31.81477905810037,35.61187095015187
2033-05-05,33.45184906878088,31.60497682115236,35.25803102835146
2033-05-06,33.26092403771201,31.54407184552523,35.177719034599946
2033-05-07,33.26619441637991,31.353839940278377,34.93806197740027
2033-05-08,33.27112894516201,31.516255896867552,35.06013399227771
2033-05-09,33.01007428829125,31.187317300954252,34.80237790171866
2033-05-10,32.932518800579125,31.1841261984291,34.810615461842744
2033-05-11,32.83627282740076,31.02741833483125,34.67463950333458
2033-05-12,32.73441383024643,30.965974764660743,34.50327796077161
2033-05-13,32.569572850305676,30.70957143521738,34.28236290817591
2033-05-14,32.603671935920836,30.879414889511718,34.463565989953814
2033-05-15,32.63933665372643,30.852256472540923,34.38977491468631
2033-05-16,32.41003482061218,30.54597861298394,34.23402752464714
2033-05-17,32.364361105035464,30.35203716794128,34.15478453385832
2033-05-18,32.29923850544549,30.472452783043632,34.20437882867214
2033-05-19,32.226884479049616,30.446106756934327,34.110539342701394
2033-05-20,32.089117719698045,30.31269631289835,33.97013123402945
2033-05-21,32.147114715328996,30.308117341473668,34.0749777444744
2033-05-22,32.20283974041316,30.45670258255153,34.08468230799675
2033-05-23,31.98919899883927,30.175229791971805,33.78213312862073
2033-05-24,31.954338197456938,30.21777664901637,33.746322699896254
2033-05-25,31.89485425212931,30.01200262408763,33.83383989203593
2033-05-26,31.82276866372991,30.038524437210143,33.66115070082177
2033-05-27,31.679838402607416,29.763494655969357,33.43092055782233
2033-05-28,31.727313351107156,29.815472435334765,33.498142643618884
2033-05-29,31.767363959552267,30.06831268497451,33.54644458481824
2033-05-30,31.533229911473214,29.73453185118449,33.31121920308227
2033-05-31,31.473509236357064,29.680898506308782,33.24678094767022
2033-06-01,31.385358802942182,29.56990658052037,33.30682096598942
2033-06-02,31.28145402824109,29.352973153077997,33.0335859319246
2033-06-03,31.104283997066958,29.42291368640416,32.97673858600582
2033-06-04,31.115891446667913,29.357324133674783,32.935159505320364
2033-06-05,31.119281714943725,29.268786307130352,32.79729877149905
2033-06-06,30.848551917423652,29.000187352732365,32.68389702189914
2033-06-07,30.753160274696135,28.902596484986315,32.46026779117742
2033-06-08,30.631107008305488,28.768248515033008,32.31860510434964
2033-06-09,30.495875114414233,28.68401521899093,32.16835303769064
2033-06-10,30.290707661228176,28.571129879155727,32.12903077023239
2033-06-11,30.27833148189588,28.502547471116895,32.07870208822862
2033-06-12,30.262351734096026,28.338658289910562,32.07835845762791
2033-06-13,29.977368910873242,28.191821661761406,31.744229106809932
2033-06-14,29.87323848306503,28.085166955330685,31.59600582413303
2033-06-15,29.748244783448694,27.89054664353866,31.65519170184144
2033-06-16,29.616037563552208,27.85981023188557,31.380615396437815
2033-06-17,29.419907918313285,27.552173074639143,31.31690968938212
2033-06-18,29.422513426906395,27.528224500745747,31.156628570314634
2033-06-19,29.427276886773363,27.593523498000227,31.355987886813793
2033-06-20,29.168510064158728,27.40579011526774,30.955907649993428
2033-06-21,29.09568241847972,27.261546053148678,30.959049878968493
2033-06-22,29.006606132764702,27.196079805698805,30.776709111371567
2033-06-23,28.914385556665138,27.10768339818921,30.681801990543565
2033-06-24,28.761707395459855,26.923541456389906,30.488800989465215
2033-06-25,28.810581104506447,26.832452057802428,30.556913111528743
2033-06-26,28.863753460903567,27.073685539602977,30.636372193167546
2033-06-27,28.654848324898612,26.754958569168945,30.310808637571085
2033-06-28,28.632651142968832,26.695461392350264,30.531944223977906
2033-06-29,28.59430913540441,26.76587574210743,30.389526648952387
2033-06-30,28.552294911203845,26.649525375747046,30.3788323557308
2033-07-01,28.44870951492054,26.662117307907266,30.225009557506887
2033-07-02,28.54503407879122,26.778136476257732,30.309011506495356
2033-07-03,28.643553815089668,26.65094192433142,30.274288788884284
2033-07-04,28.477505178816,26.654816382953445,30.267272117268153
2033-07-05,28.49536562817861,26.528974216125935,30.304682718331648
2033-07-06,28.494056861001177,26.691678698456027,30.385490750086333
2033-07-07,28.48590926528084,26.671330473722143,30.300515137286606
2033-07-08,28.41296364252764,26.660515662997952,30.213883403705267
2033-07-09,28.536719486909668,26.843780040349355,30.35334838312218
2033-07-10,28.659553716062447,26.960746828543137,30.472186932332935
2033-07-11,28.514860890106736,26.755036186948388,30.160020454539183
2033-07-12,28.551334591450516,26.730624690322205,30.31281877541182
2033-07-13,28.566161119587246,26.90515579574907,30.53113788093614
2033-07-14,28.571973537751404,26.905142155493827,30.45310930768792
2033-07-15,28.5111424424826,26.628806539226733,30.308275692673888
2033-07-16,28.645513056321175,26.83499777336422,30.3427523120888
2033-07-17,28.77781285265802,27.081999191724705,30.611948345125253
2033-07-18,28.64178104986437,26.866658783545986,30.39584952151384
2033-07-19,28.68643992731854,26.91843000749162,30.43632837672586
2033-07-20,28.70927936995955,26.88014830754356,30.565220775063683
2033-07-21,28.72320289673637,26.891497530085026,30.580996188880462
2033-07-22,28.670811723622503,26.87079011758084,30.550024186404805
2033-07-23,28.814136598300262,26.877909840641745,30.63290511562408
2033-07-24,28.95604170714635,27.131757736462813,30.630012338091845
2033-07-25,28.8303520368787,26.91421983761257,30.583676490654184
2033-07-26,28.886124142542393,27.075282970101686,30.75663552314057
2033-07-27,28.920831682801953,27.252457076389383,30.68236165841873
2033-07-28,28.947313890404473,27.19096758916679,30.809772235099466
2033-07-29,28.90806340289752,27.142176969049366,30.622480130835132
2033-07-30,29.064963031967388,27.288066686642363,30.776545157228572
2033-07-31,29.220695585811924,27.416005510991827,31.0103659325794
2033-08-01,29.10887791948826,27.352429076613678,30.821253342507234
2033-08-02,29.17833894301885,27.278131565518436,31.0349614914738
2033-08-03,29.226312718848913,27.46473945552513,31.045920830731582
2033-08-04,29.26539458652248,27.271446971209276,30.987940113787953
2033-08-05,29.23783651585833,27.589307765993976,31.15466301041457
2033-08-06,29.40529105569233,27.738998849005217,31.03991600421899
2033-08-07,29.570227799580934,27.726093405378837,31.410505505762597
2033-08-08,29.46607337368655,27.63771177894729,31.32994702272564
2033-08-09,29.54149453443731,27.808019532791267,31.38679222038126
2033-08-10,29.59359539599537,27.719820275085837,31.390488740212955
2033-08-11,29.63487664676984,27.885133320706714,31.42983021529569
2033-08-12,29.607532911553783,27.919327886778245,31.342948400559212
2033-08-13,29.773197615669407,27.997646094089806,31.617007036533874
2033-08-14,29.934359294785025,27.98264551331158,31.762300935004564
2033-08-15,29.8245004089348,28.033025821703042,31.66294392744567
2033-08-16,29.892378329660005,28.037381793223076,31.750520684468828
2033-08-17,29.935219626153348,28.16786597494898,31.78787189053831
2033-08-18,29.96567563556139,28.0466242400359,31.697676678966893
2033-08-19,29.926115615330612,28.078145957607607,31.84537971387305
2033-08-20,30.078366985523274,28.28025542294846,31.870383777696784
2033-08-21,30.225126761358272,28.297972672117083,32.09510990911216
2033-08-22,30.100095390816332,28.25088979247814,31.940247022753816
2033-08-23,30.152252817407113,28.430582000647235,31.974766180698566
2033-08-24,30.179048035154374,28.27953888026489,32.0814952443163
2033-08-25,30.19335024810744,28.401289385277725,32.04091051331885
2033-08-26,30.13773804174298,28.2772780089788,31.85279905410695
2033-08-27,30.274236163172137,28.47948423583103,32.05272063437353
2033-08-28,30.405724076810408,28.470370450435546,32.226221133708165
2033-08-29,30.26606755303219,28.480464249111133,32.05762570973535
2033-08-30,30.30439312836206,28.499901208103584,32.00557893119888
2033-08-31,30.318276699126653,28.56882063427478,32.28702330716906
2033-09-01,30.320694333321235,28.61047960401631,32.12174098966302
2033-09-02,30.254311660147977,28.403101551977766,32.0044740769474
2033-09-03,30.381221368592463,28.620158363892607,32.336647031956254
2033-09-04,30.504352901690222,28.784503442953262,32.27116258043498
2033-09-05,30.35760551321655,28.53216406581815,32.2854445068981
2033-09-06,30.390124427725834,28.63441252837654,32.30225708444406
2033-09-07,30.399491265439053,28.551123352354946,32.20337433279497
2033-09-08,30.398676717606694,28.610335746643738,32.263020821944906
2033-09-09,30.330331737893857,28.401752725392555,32.16177254756677
2033-09-10,30.456526696034796,28.695090852579767,32.15833322565857
2033-09-11,30.580162507381086,28.849819669911824,32.455666389320065
2033-09-12,30.435104846687917,28.680464492463194,32.24059524127881
2033-09-13,30.470461145562467,28.502032328954893,32.28415678217739
2033-09-14,30.483771511655775,28.757431833549244,32.19551889151844
2033-09-15,30.487961550689363,28.78445428070766,32.324801202215916
2033-09-16,30.42563337106288,28.65772215959472,32.410110441171454
2033-09-17,30.558804249419413,28.841701968376732,32.51764926767727
2033-09-18,30.69031701928964,28.921105559106802,32.36281958065647
2033-09-19,30.553973353973078,28.8431943283296,32.38089497866032
2033-09-20,30.598809717297225,28.83353824310809,32.508273805559185
2033-09-21,30.622287202974896,28.756570620574823,32.58352903496309
2033-09-22,30.637243331037084,28.72429198244389,32.380607516961746
2033-09-23,30.586182169524115,28.74983642030392,32.33447158722745
2033-09-24,30.73101234550298,28.985315541317473,32.55791517852052
2033-09-25,30.87445708669537,29.109231122525884,32.77450011849923
2033-09-26,30.75018753393377,29.129137844707174,32.67305845829311
2033-09-27,30.8070991538969,29.001558519277882,32.60164458988518
2033-09-28,30.842502512544588,28.880928906475276,32.70063667903704
2033-09-29,30.86907649917303,28.986556825148263,32.84353287149052
2033-09-30,30.829160370912383,28.981925395905986,32.674103132520656
2033-10-01,30.984494162659622,29.111718390348482,32.789078433055984
2033-10-02,31.137631563928498,29.22240666053746,32.916873348699376
2033-10-03,31.022076442941785,29.273519585689495,32.91235109229206
2033-10-04,31.086562768857622,29.33075169901715,32.93011600414668
2033-10-05,31.128249097547908,29.50845193508466,32.859141214965014
2033-10-06,31.159675602161837,29.263713190141324,32.96364192826445
2033-10-07,31.123059899337917,29.234726392854338,32.98895205271086
2033-10-08,31.280041090719678,29.412997779403657,33.06816517302338
2033-10-09,31.4330959936778,29.5496009172534,33.222131877490355
2033-10-10,31.315678616223344,29.526509652514367,33.128467163040874
2033-10-11,31.37650250831944,29.50937462799141,33.10843020682722
2033-10-12,31.41273704736223,29.641134400508616,33.151889134620184
2033-10-13,31.43696554660314,29.585187954641373,33.37017263546635
2033-10-14,31.39148136382203,29.559395775308225,33.14552800380667
2033-10-15,31.53803137847244,29.794974136484434,33.42143579213752
2033-10-16,31.679230784489462,29.93559961961137,33.50478511864027
2033-10-17,31.548700253544403,29.734520935251336,33.46190984811448
2033-10-18,31.595345128302686,29.895357408820807,33.48775210832779
2033-10-19,31.616547758478074,29.894013131006894,33.53138495396976
2033-10-20,31.625120950371866,29.746124322600867,33.50017181049672
2033-10-21,31.563598814369136,29.724127840003106,33.36835351883077
2033-10-22,31.693974508487532,29.759665830295255,33.541123934087594
2033-10-23,31.81910897442707,29.795717500492426,33.64617994241833
2033-10-24,31.672861885494456,29.825971630160012,33.45948106289938
2033-10-25,31.704364641243778,29.766057701205217,33.48198073239476
2033-10-26,31.711206702491616,29.902096550069885,33.4789720408471
2033-10-27,31.70638341839356,29.934582524001662,33.61425231261142
2033-10-28,31.632581805632803,29.892330332063924,33.493928860566854
2033-10-29,31.751913942378984,29.96997337241226,33.46090426169234
2033-10-30,31.86732222165949,30.06792826908866,33.67195301539236
2033-10-31,31.712707810358367,29.80530696113264,33.55179231412079
2033-11-01,31.737202249649002,29.984539569415343,33.71412050043332
2033-11-02,31.738353561890357,30.014043546623313,33.46410494306027
2033-11-03,31.729075054412746,29.97645908280797,33.55309202607156
2033-11-04,31.65193328432456,29.742225826140746,33.42041748142301
2033-11-05,31.768884815383988,29.83891147808354,33.43144553678282
2033-11-06,31.88268594425344,30.08149915510931,33.70383735739229
2033-11-07,31.727026640414266,29.92200367008097,33.43342389816291
2033-11-08,31.75080850120992,30.094827655947544,33.661582342288646
2033-11-09,31.75133792338941,29.90186913237174,33.6240409519461
2033-11-10,31.74128249286444,29.82587690048296,33.38076685443633
2033-11-11,31.662966847932804,29.949122128685442,33.50405113066196
2033-11-12,31.778117423711983,29.861186036385917,33.44362041156503
2033-11-13,31.889280023602197,30.18233632387875,33.6842531857432
2033-11-14,31.72996122902384,29.902071731358422,33.57624918615939
2033-11-15,31.74891322105571,30.078108087601073,33.55612069714947
2033-11-16,31.743332999636905,29.989011396675398,33.54874548249269
2033-11-17,31.725823804885245,29.75245943225443,33.378623451735876
2033-11-18,31.638694823479714,29.647035133582165,33.42324226305345
2033-11-19,31.743708445862705,29.756467257558334,33.50065324811781
2033-11-20,31.843498913256443,30.016635688136052,33.59528402622396
2033-11-21,31.671713297854403,29.800211242708336,33.47453902693477
2033-11-22,31.67729436373781,29.847387408031636,33.46943884210567
2033-11-23,31.6576763113845,29.80864165864674,33.37373722603496
2033-11-24,31.625741271359953,29.871896820564217,33.511137881885126
2033-11-25,31.524112733956848,29.702546050940498,33.211178171463715
2033-11-26,31.61489532511451,29.804504017034922,33.44090301934058
2033-11-27,31.701084949531953,29.843107902863107,33.4658014104194
2033-11-28,31.516700459108616,29.6995037631345,33.29196748526379
2033-11-29,31.511056636380456,29.589794973855422,33.304295393126694
2033-11-30,31.48194975889683,29.678299278474338,33.40387699585369
2033-12-01,31.442603887015544,29.652690283414568,33.161169515964545
2033-12-02,31.335954345029062,29.52992697929054,33.2583914942348
2033-12-03,31.42437808739942,29.68661481157502,33.15119076720656
2033-12-04,31.511095242785508,29.759895379718348,33.17528457011315
2033-12-05,31.33029324829578,29.4164420029985,33.08675765867948
2033-12-06,31.331393592953077,29.439619660538305,33.13285611128718
2033-12-07,31.31223263386681,29.372049180795205,33.26013944473611
2033-12-08,31.286004787315985,29.349052411070463,33.07492732202188
2033-12-09,31.195544681495267,29.440768201075954,32.97842071907946
2033-12-10,31.30305803276533,29.42616260883636,33.10385584687378
2033-12-11,31.41152555878136,29.67562619410207,33.10610119159653
2033-12-12,31.254831310885468,29.493812921889322,33.187095626467205
2033-12-13,31.2820353642758,29.494286298093925,33.164333384310396
2033-12-14,31.290562199928846,29.38476978487575,33.026706899802576
2033-12-15,31.29315290504267,29.39040924606262,33.11575246803325
2033-12-16,31.232157561597027,29.352934770372418,33.135633650487016
2033-12-17,31.36927733156847,29.5903909659625,33.054493045317166
2033-12-18,31.506980269253113,29.650132696084384,33.32607652538081
2033-12-19,31.378641938097804,29.454983858440226,33.06089249277699
2033-12-20,31.432830451592235,29.53041109682059,33.379912246150106
2033-12-21,31.466506947998248,29.76745632176278,33.18510541440209
2033-12-22,31.491989305031048,29.699895590600523,33.227210442114846
2033-12-23,31.45125515589715,29.53659250221306,33.24008840733686
2033-12-24,31.60569342800948,29.87152109488255,33.37455861959596
2033-12-25,31.757528176699317,29.96395034937608,33.63487122621788
2033-12-26,31.639965569543843,29.876561544137832,33.40412963074791
2033-12-27,31.701483461790843,30.00060618484462,33.57943643217505
2033-12-28,31.73903444150513,30.034751849587398,33.573429049462646
2033-12-29,31.765010071183905,29.89123309032212,33.660753767529634
2033-12-30,31.72154236217454,29.949900738622617,33.545906614700776
2033-12-31,31.870251733393328,30.210566813968974,33.68814967670979
2034-01-01,32.013665311543846,30.315976839511176,33.67082873591663
2034-01-02,31.88535656595374,30.037456465960183,33.774135049272026
2034-01-03,31.93422590507541,30.052644022236116,33.722765243249704
2034-01-04,31.957693343935933,30.192661852354057,33.83514731758592
2034-01-05,31.96865123791283,30.15102778629848,33.67993730961733
2034-01-06,31.909753418412166,30.095022942180563,33.776153579414206
2034-01-07,32.0431503037425,30.140021048002453,33.87280583524487
2034-01-08,32.17189417787131,30.345030214508743,34.041861823156005
2034-01-09,32.03006597019413,30.278562691046588,33.81162759164985
2034-01-10,32.067043498536044,30.259918534199034,33.738097041078966
2034-01-11,32.080682605806665,30.206444831204934,34.0175469922553
2034-01-12,32.084259483875705,30.231615851226902,33.90552557654835
2034-01-13,32.02075078738054,30.15598444086434,33.91760414836937
2034-01-14,32.15256133937666,30.343634100861617,34.02128022573291
2034-01-15,32.282923805460165,30.403473490684558,34.11128509565861
2034-01-16,32.14602180367316,30.337032157473512,33.98306514442427
2034-01-17,32.19125649326576,30.42896478534548,33.9475435838387
2034-01-18,32.216428098150686,30.2495067631115,34.08678842698138
2034-01-19,32.23468062809501,30.387225710621124,34.00971406198777
2034-01-20,32.1887863148674,30.298960647912164,34.030486271403056
2034-01-21,32.34087942754415,30.559700095328985,34.14562282469015
2034-01-22,32.49386365760743,30.628644436528774,34.24499960225274
2034-01-23,32.38154431246469,30.752556469828143,34.1943063496749
2034-01-24,32.452905095671674,30.55822251987993,34.14509189420764
2034-01-25,32.50530063651517,30.712228833201266,34.407417587060706
2034-01-26,32.551412718884436,30.869091493712773,34.332127216890086
2034-01-27,32.53354640269226,30.683681327925584,34.22637545816086
2034-01-28,32.71337537646001,30.744457157984275,34.42746407641911
2034-01-29,32.89336041394503,31.076059215551965,34.75423041773808
2034-01-30,32.80689187252469,31.17141968959131,34.58885360674915
2034-01-31,32.902575736123815,31.1185132088403,34.739007598772346
2034-02-01,32.97743412315737,31.120438490342135,34.76544366573547
2034-02-02,33.04386800726029,31.25612237933084,34.85520324622172
2034-02-03,33.043958187639895,31.27372443494131,34.900152647191696
2034-02-04,33.239213741244406,31.40392922754677,35.02042811258744
2034-02-05,33.43199177597879,31.538989679276156,35.221657920730095
2034-02-06,33.35563942306483,31.53979260028849,35.237017210183595
2034-02-07,33.45877762544003,31.626091632268835,35.20744728667828
2034-02-08,33.53849774843907,31.628555196076338,35.346304593051606
2034-02-09,33.60731891463273,31.808853901823007,35.3916493726264
2034-02-10,33.60748229709768,31.80614676732128,35.366907048105574
2034-02-11,33.8006918379398,32.028262525336565,35.61959998526931
2034-02-12,33.98952547583094,32.14791810791102,35.69688856348086
2034-02-13,33.90756810694894,31.92641032628101,35.539692528803556
2034-02-14,34.003686135383575,32.227807781083044,35.838942190842985
2034-02-15,34.07521494220183,32.30270321225403,36.022208574736354
2034-02-16,34.134907472392364,32.11128878475687,35.76102608533977
2034-02-17,34.125220456603294,32.40583342134641,35.87590134267425
2034-02-18,34.30804799373704,32.454719149487666,36.04067622654645
2034-02-19,34.48612680600863,32.709471685765585,36.13366878117999
2034-02-20,34.39316458023252,32.614327625693875,36.12989716136161
2034-02-21,34.47811139644864,32.68748761402494,36.226890418797204
2034-02-22,34.53834566922377,32.63956182239841,36.337839094925954
2034-02-23,34.586622844979416,32.71862024780425,36.36746135992149
2034-02-24,34.56536336294196,32.86454751158175,36.380064620233014
2034-02-25,34.7363895430513,32.92829911672731,36.556899914905784
2034-02-26,34.90233559811475,32.95590973854102,36.634934880584844
2034-02-27,34.79678202137797,32.90469194070266,36.58138376108357
2034-02-28,34.868534144584565,32.88191736483677,36.59335261776428
2034-03-01,34.914816048576135,33.18564515385296,36.74332570911487
2034-03-02,34.94822779665773,33.1214479007068,36.7779178003784
2034-03-03,34.91104220361585,33.01828999667542,36.732320604939396
2034-03-04,35.06495049661144,33.25536295691117,36.96062757620588
2034-03-05,35.21248075511935,33.375419964258334,36.97873872058633
2034-03-06,35.08714007774375,33.32929006416526,36.97445673106134
2034-03-07,35.13769998395177,33.35844794961292,36.99310873371426
2034-03-08,35.16139597122765,33.43294536851101,36.83853322396598
2034-03-09,35.17088897031268,33.41650380503595,37.00650659460466
2034-03-10,35.1085647254106,33.14720394587526,36.88178524443228
2034-03-11,35.23628031745213,33.63836726039812,37.009033970943065
2034-03-12,35.356781632422745,33.3316144910428,37.13402264398204
2034-03-13,35.20384269377256,33.35166834320899,37.12265420522391
2034-03-14,35.226546396327045,33.38279560155652,36.97879942203718
2034-03-15,35.22247764991592,33.57292702131005,37.06782487963397
2034-03-16,35.204676819656086,33.35760236065653,36.99437437570866
2034-03-17,35.11592968733627,33.23102719035962,36.90187324187616
2034-03-18,35.218503397801626,33.47578723451033,37.12238158745969
2034-03-19,35.31555247985456,33.37123294719929,37.23992731383596
2034-03-20,35.14124618211315,33.396848962245095,36.89953089934809
2034-03-21,35.145037007614754,33.364673036767805,37.104069067642975
2034-03-22,35.12484181679486,33.43679437829382,36.96669132941738
2034-03-23,35.09398375197766,33.393775925980364,37.03003824403574
2034-03-24,34.99547156795159,33.24533785674281,36.863433443619456
2034-03-25,35.09172617597842,33.18243977318211,36.95437161150112
2034-03-26,35.18597880718146,33.29649240341861,36.91912510729365
2034-03-27,35.01239231532508,33.20806810596737,36.89536079247679
2034-03-28,35.02032573681103,33.07748818314361,36.732207879492826
2034-03-29,35.00751365827208,33.13854242349545,36.87841000236329
2034-03-30,34.987008766195316,33.07552940311574,36.58635830769989
2034-03-31,34.901464220391865,33.13089107294603,36.823648282464774
2034-04-01,35.0128656489783,33.27413982410868,36.94293011041461
2034-04-02,35.12393709320591,33.34616073273212,36.946399561038966
2034-04-03,34.96827227760448,33.151029126293494,36.789139231522014
2034-04-04,34.99461111451759,33.20173790759953,36.8557795590571
2034-04-05,35.000032725233424,33.15622371771834,36.803568193364036
2034-04-06,34.99691303091629,33.128080610209004,36.78581810045738
2034-04-07,34.9272231888555,33.27407960640407,36.81332913292689
2034-04-08,35.05227826973626,33.25292551313589,36.83947333088843
2034-04-09,35.174160077090974,33.28346782873067,37.00593047694097
2034-04-10,35.02586504335821,33.180728435919214,36.73880015755496
2034-04-11,35.05559666856405,33.14904123389551,36.79660884062956
2034-04-12,35.05997335083117,33.17412092930792,36.882268170491564
2034-04-13,35.050999250889156,33.298673664292146,36.82869226376393
2034-04-14,34.970374088579845,33.142121775231175,36.78787174306515
2034-04-15,35.07925093367804,33.1307205634251,36.953533286336665
2034-04-16,35.17966561263621,33.20839871618501,36.91273739968039
2034-04-17,35.004688448146794,33.27711929603663,36.82675138270886
2034-04-18,35.00271764875738,33.293652336224746,36.779084603847416
2034-04-19,34.97068512252184,33.0251854916128,36.89755511923719
2034-04-20,34.921022358179755,33.1354597350796,36.658632154425106
2034-04-21,34.7959623505539,33.0305897638734,36.50920608166527
2034-04-22,34.857286787409215,32.94210169844133,36.667712383803014
2034-04-23,34.90774234724597,33.06744970583575,36.63365590114683
2034-04-24,34.681177120511876,32.86938772300442,36.444923670651576
2034-04-25,34.62681682765104,32.856555806538864,36.495882748444714
2034-04-26,34.54245201601185,32.7499771329221,36.350774740870634
2034-04-27,34.44138432871344,32.54941654766102,36.3210907016646
2034-04-28,34.26670830195283,32.308090815298804,36.00384809372474
2034-04-29,34.281038405673876,32.41861548591326,36.0625041455748
2034-04-30,34.2879056797394,32.56591296412882,36.04560065585322
2034-05-01,34.02187547272189,32.307557041288334,35.76236845753486
2034-05-02,33.932806430369126,32.11988170249623,35.70721198671731
2034-05-03,33.81902235595178,31.89583455693288,35.56064265035475
2034-05-04,33.6942454307319,31.959858013185876,35.4261553234137
2034-05-05,33.501867590610196,31.62180563336198,35.360879310548164
2034-05-06,33.504670048793955,31.743911464686764,35.29297851694174
2034-05-07,33.50621551957459,31.66450761128546,35.359020005109535
2034-05-08,33.240964775636265,31.463076902409714,35.04668878376542
2034-05-09,33.158537730231686,31.33940979524063,34.85920842329312
2034-05-10,33.05689062820678,31.217670538255266,34.927936177554805
2034-05-11,32.9492577141691,31.054963835480553,34.794402715535014
2034-05-12,32.77843397509861,30.9838412832619,34.68097871101003
2034-05-13,32.80650867467374,31.02526751127967,34.59996448160565
2034-05-14,32.836273894813566,30.984558246994666,34.598534249542055
2034-05-15,32.60135931908236,30.8184892664826,34.430159810657806
2034-05-16,32.55051300331543,30.73026863182548,34.42607124441128
2034-05-17,32.48079923485884,30.52996222866928,34.23446061099709
2034-05-18,32.40456134177146,30.58430985134583,34.22942429996596
2034-05-19,32.263725531062875,30.402589471071177,34.00418766897718
2034-05-20,32.31955495691857,30.407685107377407,34.08671808237845
2034-05-21,32.3740777332726,30.559368869615124,34.16362602758536
2034-05-22,32.16023965207427,30.365970910771978,33.93458131117188
2034-05-23,32.126200919225404,30.528820938187966,34.10312503010538
2034-05-24,32.068547626969874,30.176371696132712,33.891187148280494
2034-05-25,31.99926550184197,30.183774065686446,33.736976773702196
2034-05-26,31.8600517532778,30.214656633968715,33.80376280321663
2034-05-27,31.912074044314476,29.889389304234122,33.622604811455034
2034-05-28,31.957400197778675,30.127221946001175,33.7230314208326
2034-05-29,31.729149379054935,29.931535943883333,33.52122926980535
2034-05-30,31.67578412781658,29.89785635895169,33.51358665973375
2034-05-31,31.59431409649989,29.794537444223316,33.34480701325055
2034-06-01,31.497259248033426,29.649680926955135,33.281758005559304
2034-06-02,31.326948619770068,29.54520818378039,33.14586066047763
2034-06-03,31.34526401749803,29.503638292234736,33.10315518611148
2034-06-04,31.3550526467267,29.61670385824118,33.01162560644353
2034-06-05,31.09025985698181,29.286528078170015,32.81865484258762
2034-06-06,31.000201835423766,29.13515670479839,32.84547827214415
2034-06-07,30.882749588635434,29.11057536121547,32.65799337658614
2034-06-08,30.75127245090782,28.89964112246333,32.60107952160244
2034-06-09,30.54891770389537,28.759744762624376,32.54639751850972
2034-06-10,30.538336129590608,28.81762473248067,32.231310899044615
2034-06-11,30.523077930450572,28.837567595989924,32.354139441567014
2034-06-12,30.237710577113322,28.37799077723699,32.043932098548815
2034-06-13,30.132078753515902,28.421107957915268,31.960821104972087
2034-06-14,30.004478012718916,28.20916705361349,31.904022571760482
2034-06-15,29.868590590904898,28.016435035596505,31.572299514808535
2034-06-16,29.66776010400836,27.833154349416084,31.57647306093753
2034-06-17,29.664715016280418,27.955220697506718,31.406795823557115
2034-06-18,29.66296530927327,27.81532812429495,31.527594314208358
2034-06-19,29.39692383495106,27.546564182193666,31.182319908420705
2034-06-20,29.316172377804776,27.47456821564756,31.069104530897725
2034-06-21,29.21864383108171,27.51239934736497,31.088828523882043
2034-06-22,29.117568669750757,27.300865180538455,30.912679039482367
2034-06-23,28.955762130982702,27.03642082762031,30.771846262776744
2034-06-24,28.995361638090564,27.128381561653473,30.80520264056417
2034-06-25,29.039238513365955,27.223488633323775,30.910075449316494
2034-06-26,28.821135061308023,26.93426882842185,30.69088507647622
2034-06-27,28.78994663668084,26.98516970860289,30.556021174689874
2034-06-28,28.742919694821996,26.882646240339188,30.496409028063784
2034-06-29,28.692613612394045,26.939348735714578,30.388109269510075
2034-06-30,28.5812023183952,26.72410256145329,30.36637204795725
2034-07-01,28.670224933071776,26.962490911091194,30.43234149171924
2034-07-02,28.762009162698494,26.953033787063315,30.52968238049186
2034-07-03,28.589818282033942,26.794622414647094,30.48052213484189
2034-07-04,28.60214112251004,26.77006608110772,30.3391716787146
2034-07-05,28.595895924310085,26.71969627875138,30.366770051716603
2034-07-06,28.583395760865656,26.84376175954762,30.361831251476836
2034-07-07,28.506651556003874,26.570182610595612,30.20523935313903
2034-07-08,28.62712193097088,26.709916104323824,30.349259054101445
2034-07-09,28.747133725426778,26.913631365080654,30.581334882395325
2034-07-10,28.600024172815047,26.80704690324488,30.432021153333103
2034-07-11,28.634424343810327,26.894626761389294,30.44442090023648
2034-07-12,28.647454952165333,26.950212827237923,30.628462484451084
2034-07-13,28.65168250056005,26.78058969750511,30.316565313916993
2034-07-14,28.589412080520503,26.74733628395357,30.470544549480117
2034-07-15,28.722426373428895,27.076600080825365,30.500110888848273
2034-07-16,28.85339501357151,27.057699228834363,30.63679248068054
2034-07-17,28.716005608617188,26.877245001195256,30.421042542261667
2034-07-18,28.759236335720228,26.952100292413096,30.53700486605837
2034-07-19,28.780541493458113,27.018122121519887,30.633532533644534
2034-07-20,28.792798247149637,26.872239616345176,30.45107857584647
2034-07-21,28.73859110912216,26.938981720772134,30.54203473225065
2034-07-22,28.879943890703576,27.001958477786307,30.745674630330324
2034-07-23,29.019723434740932,27.210161546791678,30.848647007016933
2034-07-24,28.89176652710877,27.209075083395074,30.733426359536203
2034-07-25,28.94514996229713,27.19333274197611,30.738307742265555
2034-07-26,28.97737515376149,27.16532891467915,30.753465979374692
2034-07-27,29.00131549191319,27.269823631450475,30.853924494139953
2034-07-28,28.959502913946267,27.14073537748737,30.669162995211035
2034-07-29,29.113863305787305,27.269153388317008,30.96810791243063
2034-07-30,29.267124894013012,27.36436736025455,30.982645534090473
2034-07-31,29.152950846306886,27.369565177166304,30.92738423554175
2034-08-01,29.22021585275783,27.439130596233415,31.139225471589413
2034-08-02,29.26619785981543,27.67659943514525,31.062886788652936
2034-08-03,29.303532931589785,27.483634562119036,31.015264186976037
2034-08-04,29.274509472211328,27.451981638673406,31.077395249180405
2034-08-05,29.44081120357936,27.721197981165346,31.367004537117587
2034-08-06,29.604932841357403,27.812186900224024,31.37135671605006
2034-08-07,29.500319489660882,27.61684784457766,31.365430115525378
2034-08-08,29.575649350828634,27.731866824276082,31.347946177420443
2034-08-09,29.628030772616942,27.978150826737636,31.467063598909874
2034-08-10,29.66996148808433,27.900765780191545,31.518588571596624
2034-08-11,29.643626194856964,27.776712065105425,31.500369272458244
2034-08-12,29.810641814880725,27.917344898308304,31.613929740900453
2034-08-13,29.973474358370524,28.116753186291206,31.964176766428235
2034-08-14,29.86557842662293,28.108007719672756,31.71963261687716
2034-08-15,29.935678995813785,28.227114753997885,31.57834414158631
2034-08-16,29.980966578812332,28.205923970851718,31.723229943407375
2034-08-17,30.014053720340485,28.29999646654731,31.779275101010384
2034-08-18,29.97726909351846,28.14076774741385,31.743773106269604
2034-08-19,30.1323986768204,28.413320432847012,32.01494867418268
2034-08-20,30.282098084641124,28.32385498637129,32.01746291722297
2034-08-21,30.160027241928937,28.389461276037025,31.914045962486796
2034-08-22,30.21512720190719,28.407343783116374,32.084114266425274
2034-08-23,30.24481035679607,28.426655259141324,32.018999682534265
2034-08-24,30.261912140976925,28.600248025522486,32.12027724035703
2034-08-25,30.208980625644394,28.426662655597216,31.96879860559655
2034-08-26,30.34801359817794,28.519564964217043,32.17967849366652
2034-08-27,30.481867293745836,28.625700653916685,32.46214156321905
2034-08-28,30.344388041827326,28.524263532298786,32.16672387987861
2034-08-29,30.38468667531943,28.57780019881712,32.127313998123526
2034-08-30,30.400326976670225,28.671270209119385,32.274354916433296
2034-08-31,30.40427626113654,28.708131358145188,32.34215653959938
2034-09-01,30.339194474104048,28.578436246318,32.07369780689527
2034-09-02,30.467171352656234,28.60354185766031,32.18457130811673
2034-09-03,30.591135757489944,28.727814368563102,32.48167135404107
2034-09-04,30.444988361126335,28.625014700455726,32.35575332121395
2034-09-05,30.47787745165393,28.616851604735515,32.27498208101405
2034-09-06,30.48738903013045,28.672174095799264,32.23022554410704
2034-09-07,30.48649920163828,28.830700411299823,32.44541977498669
2034-09-08,30.417865137114035,28.636194810491578,32.168064060495766
2034-09-09,30.543564060552654,28.55713056543619,32.27770325320963
2034-09-10,30.66650428006656,28.867485416279116,32.4391111040019
2034-09-11,30.52055937241099,28.64424560761645,32.32448460858528
2034-09-12,30.554845217951488,28.654192652174963,32.43970525936682
2034-09-13,30.566911018313007,28.775923400153093,32.414022381553345
2034-09-14,30.569692268685095,28.705606989210445,32.445227470840784
2034-09-15,30.50580195261328,28.70024651142517,32.36197769805864
2034-09-16,30.637269423462442,28.731527838787027,32.51643963343235
2034-09-17,30.766951018764917,28.889596878226808,32.6030206485581
2034-09-18,30.62866356167963,28.804801045919195,32.395902602374775
2034-09-19,30.671460505989202,28.836841236524396,32.577293747519526
2034-09-20,30.692821928528154,28.83097367359311,32.36318256769963
2034-09-21,30.705606421872872,28.98335950515158,32.567742925544195
2034-09-22,30.652341241663706,28.799766796221157,32.398761179430224
2034-09-23,30.794960261273005,28.958793200298082,32.60160517596447
2034-09-24,30.936213866775276,29.10090313788387,32.6536256709051
2034-09-25,30.80980202758542,28.956156391465854,32.50380368652889
2034-09-26,30.864650371072454,29.07273185445325,32.625609558096144
2034-09-27,30.8981005244806,29.121636368022124,32.677138209171055
2034-09-28,30.922862820906513,29.06397963582912,32.762126435510844
2034-09-29,30.88130774991685,29.100280899571285,32.7248108337273
2034-09-30,31.035205712193516,29.219075701864906,32.974079965552036
2034-10-01,31.187139197327202,29.361268584715877,32.93559754517303
2034-10-02,31.070638585439262,29.248459050601372,32.89919742509614
2034-10-03,31.134461346005967,29.243097133778576,32.883303586650314
2034-10-04,31.1757858231045,29.37702220371913,33.01053859871778
2034-10-05,31.20716761273867,29.265202568666577,32.99893963875288
2034-10-06,31.17083480722858,29.329174867335425,33.078953954551736
2034-10-07,31.32843154935114,29.49105012114002,33.12331892354673
2034-10-08,31.48243389118145,29.727880791451415,33.286998664351955
2034-10-09,31.36628903094362,29.56732871101309,33.09201608516923
2034-10-10,31.428697574871542,29.57748655904266,33.18907356171188
2034-10-11,31.466809892575522,29.656721959195227,33.25408636813715
2034-10-12,31.493184460741784,29.66676161965488,33.42009322482604
2034-10-13,31.45008437354078,29.645238838262177,33.28741111215487
2034-10-14,31.59922138380392,29.816692601726075,33.393873345179124
2034-10-15,31.74317141272043,29.89303592443452,33.63542751813047
2034-10-16,31.615512568230145,29.87680490442444,33.420548464524366
2034-10-17,31.665105312186956,29.913114326585163,33.34895650536258
2034-10-18,31.689285865187333,29.97850695032058,33.566472783899584
2034-10-19,31.700820792033323,29.882548279971964,33.46412041214218
2034-10-20,31.642199021524405,29.760169224085967,33.38542345161878
2034-10-21,31.775370765693676,29.853206552651315,33.64781586377176
2034-10-22,31.903157400715152,30.066168712266474,33.80243808225057
2034-10-23,31.759383494415307,29.836015589741287,33.63583158133274
2034-10-24,31.79315078165679,30.057128503500376,33.612535085914445
2034-10-25,31.80202534953751,30.111061772371098,33.61045902159223
2034-10-26,31.798986155365125,29.938614748303674,33.59318450629234
2034-10-27,31.72671131257202,29.90229725981434,33.587334908054956
2034-10-28,31.84731178715673,30.118929646333953,33.58077767391413
2034-10-29,31.96373673469175,30.04885665011072,33.88403364873266
2034-10-30,31.80990181563408,29.943930142797527,33.52610045084096
2034-10-31,31.834960422788594,30.098728846992756,33.63859807497858
2034-11-01,31.836489190720684,30.01791146285285,33.60987606174342
2034-11-02,31.827435989138042,29.993038545642236,33.54358630319727
2034-11-03,31.750406882548383,29.975098016637073,33.61591159007802
2034-11-04,31.867401711646973,30.100167786487727,33.800679736321364
2034-11-05,31.98122250385116,30.23758780888007,33.865318296597295
2034-11-06,31.825605992222588,30.120754957381283,33.703929962808644
2034-11-07,31.849500083222697,29.971194446592825,33.68821974678793
2034-11-08,31.850255516571803,30.121269260792534,33.731331240940975
2034-11-09,31.84058076255803,30.072441999389493,33.650964873739724
2034-11-10,31.762836456222708,29.880200236407013,33.45062877171792
2034-11-11,31.878778819533455,29.83762252740968,33.538119083949645
2034-11-12,31.990976058677386,30.097621377603115,33.77643777932337
2034-11-13,31.83294878569534,29.964474066313663,33.58241590151381
2034-11-14,31.853454071576973,30.00845074259988,33.58792742086171
2034-11-15,31.849684144334773,29.988664492426707,33.62077283507725
2034-11-16,31.834227558026463,30.102312083215057,33.60711467083173
2034-11-17,31.749368929751743,29.962407458139285,33.4064153444104
2034-11-18,31.856836516660962,30.090274827214525,33.65658120078064
2034-11-19,31.959221470088124,30.17146615910287,33.807241646307546
2034-11-20,31.79011969997083,30.054695474179276,33.65125859068941
2034-11-21,31.798415878799208,30.12245905048175,33.52007174103811
2034-11-22,31.7814805618507,29.979398161513235,33.61600399872844
2034-11-23,31.75212825599894,29.945589563464416,33.50603929188035
2034-11-24,31.652912584225444,29.821383128259008,33.42539991858159
2034-11-25,31.74586791115685,30.033818838503148,33.5146548603611
2034-11-26,31.83392140138252,29.8691380858566,33.63820317849452
2034-11-27,31.651026616691894,29.912579275288905,33.3886613945929
2034-11-28,31.646438388498044,29.794038018080254,33.485747184123255
2034-11-29,31.617900178062214,29.963676735130605,33.44080400425738
2034-11-30,31.578592015289892,29.81533920796026,33.457204358595014
2034-12-01,31.47141543735252,29.845544010425932,33.23329965457414
2034-12-02,31.558725074779222,29.691054699403075,33.29642216561139
2034-12-03,31.643731139385167,29.68549571523806,33.50075245492258
2034-12-04,31.460624195126226,29.66660851690683,33.18793599576474
2034-12-05,31.45884220750675,29.653131634330432,33.357811898176095
2034-12-06,31.43625132041158,29.635767127209427,33.31380816304386
2034-12-07,31.406088657208564,29.611817406362068,33.26932554500298
2034-12-08,31.311243737081796,29.53988753213188,33.139584661562054
2034-12-09,31.41398828220249,29.69995615441793,33.23735980527933
2034-12-10,31.517378752185216,29.677219937652787,33.24967182953074
2034-12-11,31.355383020083835,29.666267914678627,33.22438395524727
2034-12-12,31.37715116828359,29.443979887850592,33.18481868785826
2034-12-13,31.380201785157492,29.57400454892688,33.108625710613346
2034-12-14,31.377371941873708,29.48910860196308,33.252046513665036
2034-12-15,31.311107275997813,29.49316152233586,33.13792623827901
2034-12-16,31.443201750312824,29.620734165957852,33.30383695674167
2034-12-17,31.576211178431727,29.70075326096998,33.439479539317496
2034-12-18,31.4435916553042,29.523762992454767,33.224475874002195
2034-12-19,31.493982570732026,29.623604830807523,33.35126860673969
2034-12-20,31.52440527051818,29.68989738531322,33.33173665209138
2034-12-21,31.5472252209127,29.82932642130981,33.42311556019609
2034-12-22,31.5044537806274,29.79264848085508,33.43912731623615
2034-12-23,31.657498836708726,29.954971418194745,33.47362803448774
2034-12-24,31.808588102611072,29.95515184247193,33.67400432656406
2034-12-25,31.690915950454624,29.977126588988437,33.39606094926365
2034-12-26,31.752933224057035,29.96372878845816,33.55520492568258
2034-12-27,31.7915509071077,30.067139114577763,33.68790860943363
2034-12-28,31.81910535857309,30.020390605583934,33.5255619735073
2034-12-29,31.777661127017204,29.808016786883677,33.55064469886255
2034-12-30,31.92876056132037,30.156870452032013,33.846649528077215
2034-12-31,32.07484403251589,30.1572127241067,33.814530329449106
2035-01-01,31.949391710028145,30.042597756075867,33.62529274561905
2035-01-02,32.00120646358105,30.24298386674256,33.85430680709603
2035-01-03,32.02760893979591,30.2458001548416,33.838995863671805
2035-01-04,32.04139274578291,30.25188301950713,33.75837244903599
2035-01-05,31.985116011160528,30.04745590148701,33.779161965553826
2035-01-06,32.12083883833563,30.330501155220915,33.967402779935554
2035-01-07,32.25153077268443,30.47681290016022,34.02892059716283
2035-01-08,32.111199568892125,30.131369148800292,33.92616365634537
2035-01-09,32.1491611644084,30.248072593641012,33.93914197670336
2035-01-10,32.16322224635387,30.437446187208298,33.9576042721738
2035-01-11,32.166623669637204,30.298654989015244,33.88301195523647
2035-01-12,32.10232130246595,30.167752787299428,33.917816022071065
2035-01-13,32.23271408468776,30.50253261356345,34.0125111214006
2035-01-14,32.36104366951084,30.453031365906593,34.1769662075109
2035-01-15,32.22151712045544,30.520156458377482,34.17865427929066
2035-01-16,32.263572721549394,30.551172321731357,34.10732992244711
2035-01-17,32.28506038151508,30.523386918663142,34.08887019186176
2035-01-18,32.29918492911443,30.423762754781222,34.08754453737359
2035-01-19,32.24878885923991,30.465393766986217,34.06582752147076
2035-01-20,32.39608424327678,30.57373242524403,34.21008798672168
2035-01-21,32.54405804927477,30.899843624329346,34.36447563424132
2035-01-22,32.42660216943243,30.634863622312754,34.30438311095567
2035-01-23,32.49278799427678,30.721491954749933,34.28112757564463
2035-01-24,32.54005675787254,30.788499063825533,34.212168768016774
2035-01-25,32.581173664347624,30.781035270595762,34.285122765760754
2035-01-26,32.55852204638922,30.647134071261018,34.29218549745115
2035-01-27,32.73384694709596,30.87128897335968,34.60446774052868
2035-01-28,32.90967204468481,31.11326656547797,34.67480259032528
2035-01-29,32.81944089696186,31.014274925779574,34.68959929226944
2035-01-30,32.911802038990835,31.10848451909234,34.61070171628217
2035-01-31,32.98380887567903,31.053509214516342,34.81279045176978
2035-02-01,33.04788212837421,31.201691396100976,34.92647508674928
2035-02-02,33.046110873372825,31.223282221014063,34.83601638458045
2035-02-03,33.24000139543099,31.365789856323357,34.92295139922325
2035-02-04,33.4318976565198,31.576363233227625,35.20865950041026
2035-02-05,33.355124289697244,31.53467884928411,35.28834961775284
2035-02-06,33.458271638431285,31.642095506838267,35.19317519377068
2035-02-07,33.53839382382588,31.775222159434804,35.31850663342754
2035-02-08,33.6079676920086,31.769168336620606,35.335529022867995
2035-02-09,33.60918882199719,31.713300256131973,35.464180343374636
2035-02-10,33.80371400425995,32.07477484060331,35.5291322491361
2035-02-11,33.99407421619743,32.2081664330368,35.842140919060895
2035-02-12,33.91380926222277,32.11004573005752,35.63469193114874
2035-02-13,34.011743880385126,32.02287737336851,35.862312932329
2035-02-14,34.0851765948403,32.216804444711215,35.88289904292897
2035-02-15,34.146829469273726,32.40167959893821,36.0027777290524
2035-02-16,34.13913524121469,32.29910509353387,36.01671502976751
2035-02-17,34.323971534615914,32.564492350564976,36.10716861028831
2035-02-18,34.5040664427931,32.69136084708812,36.18589539882993
2035-02-19,34.4131268857903,32.606849555959165,36.227937646953265
2035-02-20,34.50010974372868,32.716947074294104,36.37660384129142
2035-02-21,34.56240720204409,32.68347043473683,36.33981470809082
2035-02-22,34.61279457242788,32.90843140260648,36.28682228150634
2035-02-23,34.5937171267704,32.788839730139216,36.29199127763876
2035-02-24,34.76702564555324,32.991971570006264,36.52087823581733
2035-02-25,34.93538492332415,33.15297637884557,36.66906421827063
2035-02-26,34.83240653364356,33.02971186363507,36.6483805775376
2035-02-27,34.906925704136555,33.04190409671332,36.5734802574453
2035-02-28,34.95619354184092,32.98469630588699,36.62414790573121
2035-03-01,34.99283263806609,33.12188899833046,36.849352879803284
2035-03-02,34.959132323616,33.20904823377921,36.69563524510116
2035-03-03,35.11679298571543,33.33086410726466,36.9421487172203
2035-03-04,35.268343384357415,33.547432086696,37.089557378185134
2035-03-05,35.14728196020732,33.350727695269846,37.033361345942346
2035-03-06,35.202361678737475,33.306932839013605,36.96979542790564
2035-03-07,35.23078935881503,33.43772233980829,37.12456996374496
2035-03-08,35.245187246184116,33.31836696243256,37.16353752235501
2035-03-09,35.187892865923786,33.27842259063991,37.163420791018225
2035-03-10,35.320706368140165,33.44784166005763,37.226757343174214
2035-03-11,35.44630915402274,33.68579193075515,37.161371321633894
2035-03-12,35.29840467557559,33.352067485230705,37.05253180423687
2035-03-13,35.326000910575225,33.48003913004037,37.14951238432586
2035-03-14,35.32660547573478,33.564265257127396,37.13837035949649
2035-03-15,35.31318121172653,33.52471613347009,36.965178938492734
2035-03-16,35.2284384045225,33.44947470412607,37.04868793697971
2035-03-17,35.334573041977016,33.59994842397253,37.06656847532138
2035-03-18,35.43467512706523,33.58723178154856,37.405436052791494
2035-03-19,35.26285821886624,33.42026589348176,36.99450038997146
2035-03-20,35.2685300166022,33.4839964069362,36.97759205260307
2035-03-21,35.24957529070273,33.34941090781053,37.141323548447886
2035-03-22,35.21929935319448,33.43954825978219,37.024842878256784
2035-03-23,35.12070859785061,33.13052154590981,36.81521129219512
2035-03-24,35.21623787168582,33.32238241426018,37.03455155156455
2035-03-25,35.309149047818515,33.4813450884172,37.05000068651125
2035-03-26,35.1336522949216,33.493885552260984,36.952395264866205
2035-03-27,35.13917014820605,33.330452712510855,36.88233218749865
2035-03-28,35.12351593212586,33.27934988613636,37.02789633226543
2035-03-29,35.09983492178117,33.27943146611554,36.85778048116004
2035-03-30,35.010884910143226,33.12918575969538,36.90084597286632
2035-03-31,35.11876601626816,33.25694932654154,36.98310238649334
2035-04-01,35.22632411173395,33.48688881582956,37.04115848783961
2035-04-02,35.067279299881605,33.21655784969303,36.90469100201984
2035-04-03,35.09049942481773,33.289965501842424,36.900917551399246
2035-04-04,35.093189967271215,33.27199231187471,36.890701260390216
2035-04-05,35.08784846046345,33.25144992328899,36.95217030879751
2035-04-06,35.016559784423315,33.222435996325444,36.85390129740786
2035-04-07,35.140741818075554,33.3497202817532,37.00920887975553
2035-04-08,35.26256543233729,33.47596858599481,37.137473197892966
2035-04-09,35.11509983691029,33.33337988665864,36.90089889471333
2035-04-10,35.14660281903329,33.406545625010565,36.85102034371015
2035-04-11,35.153726787626404,33.35355921842974,37.05435242956282
2035-04-12,35.14848831931709,33.42723623871917,36.87604023034707
2035-04-13,35.072577147181924,33.26595296593415,36.84653674798031
2035-04-14,35.187113684568885,33.40870497788386,36.971519997395546
2035-04-15,35.2940787218907,33.59696558110281,36.9296498003454
2035-04-16,35.126466015211065,33.23278673833852,36.832110885038745
2035-04-17,35.13257707118564,33.38194969293254,37.04457055762306
2035-04-18,35.10922887526523,33.38375917586408,36.75135909443179
2035-04-19,35.068722165717524,33.31009066116144,36.85537970471801
2035-04-20,34.95314617628996,33.19772270546256,36.878385655057514
2035-04-21,35.02412899928799,33.19754885002408,36.777759241070726
2035-04-22,35.084257343027204,33.2000151994986,36.93082920615953
2035-04-23,34.867216612546486,33.08744281684945,36.56323441727125
2035-04-24,34.82207089737865,33.00191996848716,36.64287018815099
2035-04-25,34.746453955107626,33.03210009306281,36.63198750094102
2035-04-26,34.653519189220084,32.87062888121564,36.54967642033046
2035-04-27,34.486224984345036,32.67566048177759,36.370446898392345
2035-04-28,34.507065024009904,32.90990505397878,36.33980006554846
2035-04-29,34.51946785927601,32.75312417155764,36.4115977397654
2035-04-30,34.257917159773854,32.41327105332119,36.124971794209934
2035-05-01,34.17221272882069,32.37923121645197,35.95851022771791
2035-05-02,34.06064385139458,32.16300217563588,35.70586764757926
2035-05-03,33.936923423183394,32.212229062060665,35.81288014093554
2035-05-04,33.7444596312142,31.877283560809587,35.57307784747246
2035-05-05,33.74607516556681,32.01199001780753,35.60107019818921
2035-05-06,33.745398522405715,31.828424784236518,35.535451215255286
2035-05-07,33.47697905136104,31.747620956181635,35.288934956848436
2035-05-08,33.39054597407142,31.64188441579609,35.139625189442455
2035-05-09,33.28418300743875,31.43641184116317,35.04720362367527
2035-05-10,33.171267022191714,31.48438423554895,35.061867513535546
2035-05-11,32.99474740757876,31.101140499031136,34.89196895162129
2035-05-12,33.016875942270325,31.22898419062613,34.94626881795296
2035-05-13,33.04061147695916,31.19440844567122,34.93863787261018
2035-05-14,32.79975075817101,30.968654020649037,34.69289581105654
2035-05-15,32.743205235936976,30.8193901111811,34.55106870105403
2035-05-16,32.66819505391977,30.89603124153586,34.58467320377635
2035-05-17,32.58720817804934,30.568524859064567,34.41681607151418
2035-05-18,32.44230083241714,30.52986090951787,34.21749188184102
2035-05-19,32.49484852585144,30.759691198248102,34.31730977949043
2035-05-20,32.5469714566619,30.65232141311332,34.29946210102798
2035-05-21,32.331685118858715,30.566161923621763,34.04588962628649
2035-05-22,32.297195471113604,30.519988294559173,34.106056013091376
2035-05-23,32.24010942262186,30.449550295571964,34.074652095447036
2035-05-24,32.17240819563667,30.38779736705564,34.029392626901746
2035-05-25,32.035759395308595,30.35740782131095,33.908788525156766
2035-05-26,32.09127679855698,30.34814111309313,33.899462703183815
2035-05-27,32.14095145084203,30.34355151036665,34.077540657677396
2035-05-28,31.91780477328797,30.07194450466833,33.778122229708124
2035-05-29,31.870183000893146,30.098172789962824,33.72488946686139
2035-05-30,31.794963746337384,30.013091780598337,33.553618247229295
2035-05-31,31.70452236884756,29.924415754595053,33.5849629247935
2035-06-01,31.541034174020968,29.808117770583284,33.369712178174304
2035-06-02,31.56622172174923,29.772732877838212,33.39611428988473
2035-06-03,31.582771159215515,29.702780404087104,33.35035196976939
2035-06-04,31.324468663332794,29.498502256935165,33.016720321836395
2035-06-05,31.240476738814458,29.34112249618482,32.90573768692518
2035-06-06,31.128521624139335,29.29493499195747,32.89648503898872
2035-06-07,31.001839962801906,29.263807903326864,32.8539600069812
2035-06-08,30.803461251552477,29.09972324643532,32.641092351615946
2035-06-09,30.795935823828682,28.991909612233723,32.54972061412283
2035-06-10,30.782732749503687,28.898144222427305,32.658904577664266
2035-06-11,30.498359170810488,28.68792553312344,32.12924221683401
2035-06-12,30.39262121678412,28.495785099241637,32.15721026047697
2035-06-13,30.263798095550047,28.42759448096686,32.04001129079948
2035-06-14,30.1255778117241,28.200144046231998,31.871631168949808
2035-06-15,29.92133124659331,28.230445518795793,31.785565349745532
2035-06-16,29.913834516543737,28.02505889456108,31.858802061757736
2035-06-17,29.90666407640761,28.149742223018535,31.718586372291952
2035-06-18,29.634316100385128,27.777046480250853,31.33117579238645
2035-06-19,29.54647022373496,27.584795710631212,31.440780640814836
2035-06-20,29.441169116306735,27.656428211353948,31.340925860455886
2035-06-21,29.331762142240333,27.596617287989922,31.177577271932833
2035-06-22,29.161189592115136,27.299039404019954,30.968675490972924
2035-06-23,29.191717100749848,27.365475902422673,30.932312058760658
2035-06-24,29.226344372976595,27.40134155231503,31.037908794280224
2035-06-25,28.99893937343559,27.16849978264421,30.80004616637163
2035-06-26,28.958517665158855,27.03943549199784,30.814292216751046
2035-06-27,28.9024379586127,27.153173223741774,30.76133798042429
2035-06-28,28.843361716103644,27.032218241227508,30.650753944997565
2035-06-29,28.72355289915489,26.849235828405956,30.560554706945055
2035-06-30,28.8046270942869,26.93916482874553,30.450235952401393
2035-07-01,28.888973792266892,27.06508140347614,30.62263376768535
2035-07-02,28.709902668480723,26.841376727451898,30.696710402828984
2035-07-03,28.7159332870032,26.90600201572368,30.619126519090134
2035-07-04,28.703999079875096,26.943226200810763,30.376936935350486
2035-07-05,28.68641329269807,26.79380729243806,30.41949045203663
2035-07-06,28.605172889434108,26.81232606911416,30.5101344110875
2035-07-07,28.721709617300498,26.952595283372307,30.610902967857957
2035-07-08,28.8383120317658,26.95536901705969,30.824651378080862
2035-07-09,28.688269411654026,26.8911621364713,30.283267414398527
2035-07-10,28.720157122840934,26.970416176832614,30.605815733654957
2035-07-11,28.73103446652716,26.84160477826625,30.425485736483314
2035-07-12,28.73340292989489,26.87448969716005,30.462237787065348
2035-07-13,28.66950109363984,26.912623841400187,30.434354062831115
2035-07-14,28.801045685708694,27.044681513996114,30.59144544995648
2035-07-15,28.930642887899847,27.040922539399123,30.776484782681276
2035-07-16,28.79192114124433,26.878277702447104,30.48140981970469
2035-07-17,28.833805324952188,26.950050604021182,30.750308469816197
2035-07-18,28.853703652790582,27.140930188257546,30.56934091166504
2035-07-19,28.86445549597354,27.098552972702677,30.806963812593995
2035-07-20,28.808616654122225,27.110211010722995,30.646713503041262
2035-07-21,28.948191799784112,27.09453851900033,30.749865869599304
2035-07-22,29.086038402801734,27.265657867222085,30.959991833505985
2035-07-23,28.955993539095118,27.106507588392798,30.754516191257732
2035-07-24,29.00714357309693,27.212730048287227,30.890967792814713
2035-07-25,29.037008126218492,27.192068997182247,30.850933469673986
2035-07-26,29.058486562435053,27.253097156075444,30.888906008697443
2035-07-27,29.014143488996716,27.269447791716306,30.922044421809794
2035-07-28,29.165942930749253,27.377392217713165,31.04253765298801
2035-07-29,29.316655377251912,27.44987388153757,31.142917478459598
2035-07-30,29.19998896443933,27.504076735122386,30.976925189356628
2035-07-31,29.264864606839726,27.524440191836923,31.17022790546687
2035-08-01,29.30860629506863,27.511237450392432,31.20734244679277
2035-08-02,29.343894574199275,27.543356740367653,31.06581939587726
2035-08-03,29.313059474489695,27.528047259047813,31.119772917157587
2035-08-04,29.477822322401842,27.670725687390565,31.28152517648869
2035-08-05,29.64071040339816,27.822470387925467,31.445955140739596
2035-08-06,29.535195519930348,27.825215877324474,31.391860189210913
2035-08-07,29.609976057801664,27.848140755748375,31.506641673049717
2035-08-08,29.662173593679956,27.778855927674368,31.438020311500654
2035-08-09,29.704291902936582,27.968345801177335,31.625438761692248
2035-08-10,29.67851451207389,27.770829233494318,31.413763302124824
2035-08-11,29.84645012839995,28.032657491407228,31.536110971241047
2035-08-12,30.010549856667957,28.316037071422297,31.899534490044253
2035-08-13,29.904247218486844,28.120660178775484,31.83089709195925
2035-08-14,29.976240593663462,28.285838210393422,31.789454580084133
2035-08-15,30.02368915434461,28.189607314538296,31.897987413279083
2035-08-16,30.059170218870776,28.24043630218691,31.903801200430216
2035-08-17,30.024974263694215,28.268976754221143,31.75520782561989
2035-08-18,30.182847042465497,28.315731829353986,32.009774316053864
2035-08-19,30.33540285624317,28.426997333114453,32.17833678435413
2035-08-20,30.216260137721946,28.447743231452403,32.02001017782768
2035-08-21,30.27431912333474,28.529172879548284,32.125745601651616
2035-08-22,30.3069528412237,28.424834401689314,31.94527554931251
2035-08-23,30.326959496323532,28.462129404915057,31.999077011569995
2035-08-24,30.276852637646464,28.454716507204225,32.10479529933395
2035-08-25,30.418598691527947,28.54936019919512,32.227140734424154
2035-08-26,30.55502602351783,28.744793939770215,32.48016873643384
2035-08-27,30.419956791314437,28.666250035645966,32.15994968195929
2035-08-28,30.46248144055597,28.58683420626329,32.30631874505511
2035-08-29,30.48014712605261,28.697878013698578,32.338889076479
2035-08-30,30.48590817029351,28.73987673403503,32.346681920289285
2035-08-31,30.42241495086556,28.644681830128455,32.21973285694759
2035-09-01,30.551750783981127,28.675544120325473,32.382937364279734
2035-09-02,30.67684092876966,28.8102981293895,32.34633916387213
2035-09-03,30.531584917650072,28.72273082105807,32.31152906209984
2035-09-04,30.565131991364108,28.680100059922182,32.44083132792966
2035-09-05,30.575070835399362,28.931187773683842,32.38554161744264
2035-09-06,30.57438163491016,28.842943121937562,32.33229837538032
2035-09-07,30.505726740243528,28.78659573865604,32.21641757237075
2035-09-08,30.63118940998792,28.82379061384301,32.39063948811109
2035-09-09,30.75368465920555,28.941947733260502,32.59890528767638
2035-09-10,30.607093328223108,28.647956705512257,32.45321730420317
2035-09-11,30.64053907111188,28.797239688210443,32.5405553421562
2035-09-12,30.651579394583145,28.83887934075139,32.53522955287902
2035-09-13,30.653158714248985,28.846216277723876,32.441429129593274
2035-09-14,30.587899687752326,28.873676797042435,32.3023836273206
2035-09-15,30.717842277685637,28.927282877679477,32.50285361828661
2035-09-16,30.84585457685116,29.142984976409597,32.583830340637256
2035-09-17,30.705766534522397,29.042724592387316,32.57458306041715
2035-09-18,30.746646323423438,28.839449320531827,32.61671281556166
2035-09-19,30.765990534084207,29.03856657483655,32.631455077647
2035-09-20,30.776676232413994,28.983918368274878,32.42736320145063
2035-09-21,30.721251218866204,28.90939528889152,32.50789790256282
2035-09-22,30.861672027561973,29.015213397688253,32.672800528600824
2035-09-23,31.000713786315337,29.241439286920755,32.98416429464508
2035-09-24,30.872103163788104,29.081926322716434,32.68829500119976
2035-09-25,30.924794226329073,29.174393950831373,32.78603742840083
2035-09-26,30.956158465737065,29.153180140046093,32.71218118007473
2035-09-27,30.978937096589007,29.216477217547624,32.87398426694558
2035-09-28,30.935532009556113,29.085320363515756,32.738210109711986
2035-09-29,31.08774494991095,29.25690330531159,32.82054541691681
2035-09-30,31.23818905384947,29.32565757560462,33.07093680113367
2035-10-01,31.120423960182308,29.2540928267074,32.94986793510724
2035-10-02,31.18323429051083,29.414193951041867,33.059392806923505
2035-10-03,31.223822709109967,29.3906135012773,33.00512800411999
2035-10-04,31.25476559172231,29.311826211731542,33.14262719762839
2035-10-05,31.218307602602238,29.4640015916834,33.09758895833221
2035-10-06,31.376104646758915,29.57292261559928,33.150688185624496
2035-10-07,31.530639215749627,29.783071341746396,33.251709095115324
2035-10-08,31.415359221939607,29.62879631113584,33.21812142807701
2035-10-09,31.478959987304744,29.726253143051107,33.24207965415809
2035-10-10,31.518580471026247,29.801182703407623,33.405798230518926
2035-10-11,31.546761642479783,29.581470894778814,33.235219953613395
2035-10-12,31.50574318527348,29.677677940762198,33.27724409809456
2035-10-13,31.65720789873076,29.888056841893164,33.364926764726704
2035-10-14,31.803697731725414,29.969433778521218,33.61396320227514
2035-10-15,31.678752480916632,29.779870624331366,33.512879751888505
2035-10-16,31.731190780132575,29.988981992415816,33.56427661218343
2035-10-17,31.75830445148903,29.920761895771435,33.46302462672754
2035-10-18,31.772814138372045,29.99115361754772,33.475471092839804
2035-10-19,31.71716244714541,29.82284274593818,33.595536246321906
2035-10-20,31.853254032612213,29.981735711198024,33.619063712616054
2035-10-21,31.98386665693529,30.053773760371207,33.695885387970456
2035-10-22,31.842784372955084,30.061295655608752,33.62775390887866
2035-10-23,31.879072598677517,30.121320221121717,33.62636309899403
2035-10-24,31.89026631098949,30.057970429911702,33.71755090648547
2035-10-25,31.889319449285303,30.068656237328053,33.58496627364735
2035-10-26,31.818891934599264,29.936141043028595,33.53150678548352
2035-10-27,31.941083920899075,30.080660848031833,33.78145806344863
2035-10-28,32.05884148723265,30.235268525803196,33.84580499570675
2035-10-29,31.90608509242984,30.1630710749361,33.7880996728972
2035-10-30,31.931980716149994,30.175197583810064,33.79177582409955
2035-10-31,31.934125052465888,30.076475383254046,33.788795324511845
2035-11-01,31.925492961066514,30.049055266415483,33.64203540614598
2035-11-02,31.848723668291253,30.05452281613262,33.714868262346684
2035-11-03,31.965855389999493,30.145742834933216,33.75392064447319
2035-11-04,32.07973260659443,30.424687563656057,34.06716526020179
2035-11-05,31.924137298184295,30.086829459051195,33.750817624281346
2035-11-06,31.94806401414539,30.11487048055393,33.71952790552123
2035-11-07,31.948910058434887,30.185650473181692,33.74228524293223
2035-11-08,31.939428877273027,30.114215795842938,33.6770118316236
2035-11-09,31.862022991926995,30.005018695974282,33.76835076084263
2035-11-10,31.97848597187564,30.209792894992127,33.712749158516885
2035-11-11,32.09141747917339,30.272087101146283,33.87900144906591
2035-11-12,31.934362475174606,29.996534552205635,33.60864837373032
2035-11-13,31.956094235683633,30.140772157182585,33.679049500634086
2035-11-14,31.953812222738797,30.04236956035071,33.73473482641815
2035-11-15,31.940102668384846,30.188823536710522,33.7677949003426
2035-11-16,31.857237990544782,30.011849316732615,33.67464594222054
2035-11-17,31.966924329015942,30.24126221558598,33.79166110354458
2035-11-18,32.07172104696129,30.359906906606664,33.77531979663289
2035-11-19,31.905183131259296,30.161202112201728,33.715082182633765
2035-11-20,31.916146012795693,30.080081738703473,33.77392455587385
2035-11-21,31.90192376719206,30.15820132882004,33.78282320184387
2035-11-22,31.87526850401252,30.058513427630018,33.69856069289383
2035-11-23,31.77866706003306,29.848712149544667,33.448871058220526
2035-11-24,31.87408432374268,29.97695951029489,33.783892521874336
2035-11-25,31.964377119059254,30.226784958086547,33.84524024617657
2035-11-26,31.783429706159684,29.816367514280955,33.57149418874054
2035-11-27,31.780430584282964,30.02584204518758,33.587306286737494
2035-11-28,31.753061755919134,29.907283118166514,33.52323033546396
2035-11-29,31.71444848967765,29.786832161394585,33.54603640863707
2035-11-30,31.607445950827195,29.79392261809871,33.5254640322909
2035-12-01,31.694372297593766,29.8597252133342,33.46009755141539
2035-12-02,31.778412452199497,29.933393108892716,33.55899561217664
2035-12-03,31.59374388783474,29.70160230506953,33.35401225112795
2035-12-04,31.58980439400979,29.794922905073566,33.506678249007095
2035-12-05,31.564473243720663,29.76255339373221,33.28697031617791
2035-12-06,31.53101404239855,29.874738976648576,33.226601097963666
2035-12-07,31.432355841905153,29.469381926290154,33.13249036183769
2035-12-08,31.530822296982855,29.693390532337094,33.336819512818565
2035-12-09,31.62953321198547,29.859528665876667,33.44658812576965
2035-12-10,31.462529912953322,29.59773973714035,33.36779737067505
2035-12-11,31.479044453092225,29.627740216703312,33.19212194790293
2035-12-12,31.476684070485934,29.65654599416946,33.31813893754068
2035-12-13,31.46837912265292,29.66236142196969,33.26769957909262
2035-12-14,31.39667097590623,29.650056769522873,33.17613126364308
2035-12-15,31.52344947401395,29.612324500815173,33.385608615858615
2035-12-16,31.651364137067315,29.790731960145237,33.495473200681374
2035-12-17,31.513960289616392,29.592754524516593,33.45764796382388
2035-12-18,31.55995985716606,29.736349997524144,33.202864929588685
2035-12-19,31.586457954896456,29.66220773137329,33.374617457227636
2035-12-20,31.605883180202053,29.770450454463976,33.353857763459935
2035-12-21,31.560297764332173,29.81837936305293,33.38747964310838
2035-12-22,31.711146884080744,29.911205863947544,33.49314921652004
2035-12-23,31.860680968920324,29.902715243083872,33.66827811063511
2035-12-24,31.742101903896092,29.893107256851223,33.57883624569885
2035-12-25,31.80385259371673,30.026407782345277,33.68840534567871
2035-12-26,31.84282077111012,30.137344607362458,33.67427491120473
2035-12-27,31.871304759873116,30.09025557376088,33.651248786021085
2035-12-28,31.831317192219217,29.993127408668848,33.55282018002213
2035-12-29,31.98433587571032,30.029793908048262,33.76908503041183
2035-12-30,32.13272559273782,30.342246147349893,33.90618692423141
2035-12-31,32.00988173538113,30.326454560783322,33.8537168123141
2036-01-01,32.06451529879144,30.19413158915604,33.909665603080846
2036-01-02,32.09385022770184,30.138245336155286,33.96541365084876
2036-01-03,32.1105809890592,30.335439780290667,33.92479757131291
2036-01-04,32.05716657969763,30.161903488914128,33.82284939163417
2036-01-05,32.19557041483343,30.393665531035552,34.05385286259961
2036-01-06,32.328670165233405,30.501718098634626,34.00033138590194
2036-01-07,32.19038875749676,30.304188074246387,34.05934436095711
2036-01-08,32.229966390344515,30.302061682524457,33.945766158590494
2036-01-09,32.2451449004446,30.478907379744342,34.071644830772385
2036-01-10,32.249112689533476,30.46965619463935,34.04670026639753
2036-01-11,32.18478675103021,30.299187392814698,33.951995589676436
2036-01-12,32.31454155266544,30.485146749997494,34.12153638818602
2036-01-13,32.441609126625536,30.612990206910286,34.22278767588498
2036-01-14,32.30020183036245,30.389815823322348,34.14307190701633
2036-01-15,32.33977783797498,30.44098056865704,34.24534753077492
2036-01-16,32.35822085527896,30.564657027223063,34.07614569994884
2036-01-17,32.36878237819792,30.554951861787174,34.1300225467141
2036-01-18,32.31436308599051,30.433982579122603,34.063154469268355
2036-01-19,32.45724312322741,30.73319776533662,34.1466762100192
2036-01-20,32.60048556379037,30.745784550738723,34.47590513631436
2036-01-21,32.478064408031415,30.654126887440004,34.35552550483472
2036-01-22,32.5391370105223,30.78148735421867,34.459943554190495
2036-01-23,32.58123222343164,30.767684734907693,34.365697314423436
2036-01-24,32.61720232752469,30.883227130964418,34.34769514864273
2036-01-25,32.589515062272824,30.76190056315848,34.417403213359506
2036-01-26,32.75999520477906,31.012207005738485,34.54879634735482
2036-01-27,32.931239671065775,31.028595597286206,34.746681340370856
2036-01-28,32.836757164932564,31.14337005753847,34.65128751243343
2036-01-29,32.925251948993164,31.101474755393337,34.819043866896465
2036-01-30,32.993822712464784,31.153645464553705,34.853604510456506
2036-01-31,33.05492431847383,31.20156533211672,34.86547480577548
2036-02-01,33.050668482630286,31.068618439327135,34.90136024924909
2036-02-02,33.24257260957393,31.518263018868453,34.987057829094475
2036-02-03,33.43298058117752,31.743364337024694,35.20229453296454
2036-02-04,33.3552063897185,31.5390639715583,35.07268951711041
2036-02-05,33.45782011032939,31.67960168941211,35.342287125970486
2036-02-06,33.53784716064403,31.700857821674393,35.3043035493036
2036-02-07,33.60772865777357,31.65600076012177,35.33516475127903
2036-02-08,33.60961900463378,31.77445361054602,35.5898737213523
2036-02-09,33.80513006282628,32.03532625406754,35.67552329053263
2036-02-10,33.99674588218733,32.17459463359613,35.82349544493667
2036-02-11,33.91795909720788,31.98840793145397,35.65199714367795
2036-02-12,34.01754873520844,32.233205822725054,35.94549718717324
2036-02-13,34.092770660625,32.17448483777015,35.74545941220865
2036-02-14,34.15630875942607,32.38797712110354,36.01986540133505
2036-02-15,34.15056329790667,32.467286778722325,35.98186494665521
2036-02-16,34.3373861143495,32.528496825017626,36.04434913879839
2036-02-17,34.51948690479326,32.73400258029449,36.304381910915296
2036-02-18,34.43056198511275,32.67067049173305,36.15445888370004
2036-02-19,34.51956551875047,32.57457739095115,36.28162062301527
2036-02-20,34.58389464391598,32.8216530867104,36.45207968809662
2036-02-21,34.636336772124615,32.802149577447565,36.45026198541932
2036-02-22,34.61935561339354,32.845147562614876,36.3431835896335
2036-02-23,34.79482565702098,33.057536026677674,36.510811839543635
2036-02-24,34.96543938668474,32.997766747587534,36.85851327595391
2036-02-25,34.86483857589898,33.02338597936208,36.642064719407216
2036-02-26,34.94188956436316,33.13778381478968,36.72563258895555
2036-02-27,34.99387381001919,33.18877593368972,36.79486776209405
2036-02-28,35.033441803686564,33.29974831639373,36.921229994139935
2036-02-29,35.002906676091136,33.21376002468033,36.780597947539064
2036-03-01,35.16398696700861,33.28748423055315,36.96853983377954
2036-03-02,35.31922255023814,33.557634053317145,37.05274130381275
2036-03-03,35.20211475840319,33.38521159227236,36.987391132092306
2036-03-04,35.261410298242616,33.34280603285569,37.12704770277309
2036-03-05,35.29429994330582,33.477293479190976,37.24418154912519
2036-03-06,35.3133797945445,33.4713982995003,37.11869135090969
2036-03-07,35.260951163209604,33.48192171321992,37.19881834888346
2036-03-08,35.3987683002221,33.60944043993688,37.13133585236584
2036-03-09,35.529457758075836,33.53180897816703,37.34271699347382
2036-03-10,35.38666026646314,33.57726027215679,37.184419922191054
2036-03-11,35.41931460014396,33.64463964240398,37.271079781219605
2036-03-12,35.42485436861026,33.544636298276615,37.23319022130895
2036-03-13,35.416165518230066,33.536606373195234,37.132903243674036
2036-03-14,35.33588065991485,33.38099455872526,37.10380662085399
2036-03-15,35.44611956277929,33.677630955117266,37.29294255527563
2036-03-16,35.549899771314884,33.77227564866477,37.45416238286945
2036-03-17,35.38126844966122,33.59683797794623,37.24973238829737
2036-03-18,35.38957519906104,33.63332167550071,37.2397388557892
2036-03-19,35.372657083586766,33.45286978141561,37.20278561790243
2036-03-20,35.343783989872335,33.479312185287384,37.19667541231493
2036-03-21,35.2459407890772,33.55059712581685,36.98283216573122
2036-03-22,35.341556006686034,33.570785124467186,37.363485193872165
2036-03-23,35.43390132214643,33.554268547491624,37.224146076168424
2036-03-24,35.257213355080744,33.319291291419894,37.03074887046587
2036-03-25,35.260957815323074,33.329977476107025,37.027759589151955
2036-03-26,35.24300755105139,33.42566134746888,37.02607830137287
2036-03-27,35.216582878597414,33.50776759202685,37.03418672070843
2036-03-28,35.12453087040521,33.251957679270774,36.77948855137071
2036-03-29,35.2290534584498,33.495666101475095,36.98873762973461
2036-03-30,35.333108764887136,33.53081399661347,37.140711178245056
2036-03-31,35.17053714063649,33.306614905641105,36.86712374834473
2036-04-01,35.190331945564594,33.47251392993729,36.96037245271582
2036-04-02,35.18982649318856,33.502078140339606,36.99476308941201
2036-04-03,35.181645366369956,33.3306841553437,36.93487257016669
2036-04-04,35.10799654132184,33.39056092192104,36.85325003110633
2036-04-05,35.23041388163209,33.37754678158171,36.986729154019635
2036-04-06,35.35117406919365,33.49351737360959,37.075833250194385
2036-04-07,35.2034390674139,33.28251881389026,36.95562167079309
2036-04-08,35.23554373438161,33.49210913376886,37.225483040238615
2036-04-09,35.2441995733776,33.46171274885428,37.005731294950984
2036-04-10,35.24146238364118,33.39380588727928,37.11417221525192
2036-04-11,35.16903980916469,33.412150319933474,36.980542808709686
2036-04-12,35.28804792373886,33.540928403023024,37.04567394872448
2036-04-13,35.400440523477535,33.69767035309459,37.28042845830334
2036-04-14,35.23916186544335,33.28985721554695,37.101855006326446
2036-04-15,35.252442162483426,33.408056603861546,37.1081886678532
2036-04-16,35.237006572170316,33.24386597191544,37.098171121789306
2036-04-17,35.20504525887594,33.33827361065673,37.04220674898779
2036-04-18,35.09852041426889,33.381456999411576,36.93256112287906
2036-04-19,35.17891933726082,33.21777274486696,37.01885649413894
2036-04-20,35.248677284660225,33.42784392055024,37.04204469132642
2036-04-21,35.04132094823618,33.18990927126516,37.052514714150455
2036-04-22,35.00575206023959,33.197755980750294,36.71350448801426
2036-04-23,34.93944212776606,33.17128379830916,36.69643312953475
2036-04-24,34.85538620188506,32.93052873252523,36.66109740030086
2036-04-25,34.69639195012776,32.86425019789358,36.60790470656488
2036-04-26,34.72481356353497,32.884747385401255,36.53482194960938
2036-04-27,34.743954675719316,32.93768339479151,36.519014805274786
2036-04-28,34.48819163996813,32.63902779206461,36.1341555773776
2036-04-29,34.40723716821334,32.61505358171199,36.137692840882565
2036-04-30,34.29931583256208,32.38809039409411,36.04239357909532
2036-05-01,34.178099821027196,32.36450487625705,35.9381026987386
2036-05-02,33.98698167446844,32.20527389968305,35.80322168683073
2036-05-03,33.988793955018245,32.10781798176024,35.749568673780146
2036-05-04,33.98720039201062,32.222042335787734,35.87189311223154
2036-05-05,33.71681015973462,31.911824103469026,35.518611598588706
2036-05-06,33.62743553058464,31.790856896098873,35.52932489939177
2036-05-07,33.51726456899709,31.601669036795723,35.270128016724684
2036-05-08,33.399797342904826,31.49713922599112,35.192533868224174
2036-05-09,33.21812238280813,31.310482049392444,35.07072429558616
2036-05-10,33.23464325938971,31.432145049605932,35.01017990875249
2036-05-11,33.25247966588554,31.39037608257263,34.993456221107124
2036-05-12,33.00559442308208,31.160629780769128,34.94841443903799
2036-05-13,32.94306634349183,31.05962574052595,34.81016771655585
2036-05-14,32.862280250205025,31.15303184133602,34.61830454052844
2036-05-15,32.77588220393741,30.857595866949005,34.63531216820498
2036-05-16,32.62607620257204,30.797501716560355,34.40464624909803
2036-05-17,32.67437172779058,30.82678391393369,34.5156474770519
2036-05-18,32.72300601073319,30.933890640074154,34.570428986831416
2036-05-19,32.505091915669496,30.661054355189684,34.34736843914823
2036-05-20,32.46891086782243,30.710147405458116,34.256674424472315
2036-05-21,32.41112163210896,30.602441388119516,34.285290067390946
2036-05-22,32.34373254151312,30.56947985360332,34.13344485405057
2036-05-23,32.20841303012021,30.377060478975924,33.87566072323151
2036-05-24,32.26625349187219,30.439443437152985,34.110648239317236
2036-05-25,32.319197048007545,30.605893590094407,34.13569237300694
2036-05-26,32.100193904751,30.38913903158063,33.974256369750464
2036-05-27,32.057497586792536,30.166192364986003,33.94875620468038
2036-05-28,31.98787379254552,30.254423426596198,33.78803705713467
2036-05-29,31.90356949013624,30.17656502097096,33.7135920613155
2036-05-30,31.746618209227027,29.980368793169283,33.459007889173854
2036-05-31,31.77859072659245,29.92325016698031,33.73857349484122
2036-06-01,31.80201497688719,29.855015280655774,33.50180337528565
2036-06-02,31.550516183409165,29.830224745263084,33.385597396394935
2036-06-03,31.47309686373562,29.733256712716795,33.40269499418295
2036-06-04,31.36732787186854,29.48350201808843,33.2532213234607
2036-06-05,31.24629854656069,29.459165881207866,33.06415266157799
2036-06-06,31.052902395030475,29.249167947347726,32.84823189672684
2036-06-07,31.04956799494146,29.33133349318579,32.88755751643002
2036-06-08,31.03965942953441,29.181031527231806,32.90462547109357
2036-06-09,30.757597720176275,28.95884664067113,32.625165574942336
2036-06-10,30.653123354967757,28.800484795591107,32.549664059475425
2036-06-11,30.524471481910787,28.80012518757014,32.25936278721207
2036-06-12,30.38530819655402,28.614744577370086,32.125479725117735
2036-06-13,30.179004658111158,28.456271501691152,32.004830930988255
2036-06-14,30.16835895944392,28.330355968890483,31.889887319954997
2036-06-15,30.15699024056967,28.36736928027802,32.11535313390897
2036-06-16,29.879456613624505,28.10399850212646,31.698929377133258
2036-06-17,29.785517028873457,27.956780618316362,31.68958149385681
2036-06-18,29.673308608968473,27.77700663781757,31.49966540460991
2036-06-19,29.556287769978688,27.719490468859227,31.343626932498545
2036-06-20,29.37751168595512,27.524462462030197,31.135812730549233
2036-06-21,29.399369784959394,27.52568161264388,31.224781284420253
2036-06-22,29.424989475886086,27.609126523515833,31.2972068508788
2036-06-23,29.188367339312393,27.406939785087733,30.939040920833992
2036-06-24,29.13864554245797,27.339584698719477,31.01660663261576
2036-06-25,29.073304611464312,27.297652513210856,30.904741683104053
2036-06-26,29.005120471852926,27.006308704801263,30.76529348788979
2036-06-27,28.876461903475718,26.970650035234218,30.669130174146684
2036-06-28,28.949037695532816,27.203856212388892,30.802196404820034
2036-06-29,29.025317317101315,27.295373901289448,30.827132150561
2036-06-30,28.83867598063894,26.994931892920924,30.5497289945747
2036-07-01,28.837683539747303,27.000797291725462,30.709826089334744
2036-07-02,28.819308080031963,26.93381716190839,30.576857670190872
2036-07-03,28.795881890288396,26.973426637792773,30.680354999155348
2036-07-04,28.70940579211463,26.920266806760274,30.598869634102147
2036-07-05,28.821301003897627,27.075013284459306,30.602667003057277
2036-07-06,28.933832304977376,27.20168429007189,30.72487877209526
2036-07-07,28.780253387722066,26.856730363236657,30.60648153260143
2036-07-08,28.809093907045227,27.048599603540175,30.593994418129505
2036-07-09,28.817359209170487,27.029180012331977,30.644815122553673
2036-07-10,28.817490599751846,26.873553895498148,30.65459127607258
2036-07-11,28.75166234623942,27.06182985585026,30.45477502332468
2036-07-12,28.881524844035965,27.060913815774907,30.73229590698437
2036-07-13,29.00961799479561,27.19039776885917,30.832664679983147
2036-07-14,28.869505987500023,27.06659197248242,30.58321378436747
2036-07-15,28.910053306294643,27.043149103023026,30.78487820354969
2036-07-16,28.928613263928156,27.174727978208246,30.645077824226227
2036-07-17,28.937977231664245,27.0609956185034,30.720686255980993
2036-07-18,28.88066105674804,26.963210978397182,30.700687739871707
2036-07-19,29.018638370739975,27.110898487767333,30.884635185902418
2036-07-20,29.154745081528922,27.21346547912811,30.933405724544894
2036-07-21,29.022806448892766,27.245539548978098,30.88648826039307
2036-07-22,29.071906736828954,27.237493960190854,30.979163195739158
2036-07-23,29.099572867220985,27.388517524880037,30.962014797981613
2036-07-24,29.11872032581963,27.253308675041495,30.90637228911676
2036-07-25,29.07193784520573,27.1071264955513,30.89198989174589
2036-07-26,29.221220555742722,27.542309595586563,31.072048624251437
2036-07-27,29.36937584092176,27.62006599436484,31.290253759741645
2036-07-28,29.250153199510535,27.358088714332332,31.049096666054012
2036-07-29,29.312517973384125,27.572113774340714,31.219710539206236
2036-07-30,29.353840199431335,27.5362765826495,31.1915680126452
2036-07-31,29.38684664437325,27.583591592578305,31.172373644629598
2036-08-01,29.353912335498155,27.516876859511555,31.121275989225143
2036-08-02,29.51680105389432,27.64667727727504,31.5368971818167
2036-08-03,29.67807879639921,27.801460740734964,31.535103717843775
2036-08-04,29.57125127962873,27.811595147172604,31.524585821326507
2036-08-05,29.64504512368428,27.81609221927438,31.35994489113473
2036-08-06,29.696603766710794,27.883383004152122,31.50597041664298
2036-08-07,29.738445981501393,27.92472863341271,31.617606257746996
2036-08-08,29.712763143952298,28.030056089736366,31.590030144959922
2036-08-09,29.881164585164257,27.95305728283062,31.735122921960073
2036-08-10,30.046094929920482,28.253718331331644,31.92149980317674
2036-08-11,29.940974424680096,28.09305368388642,31.707726614351763
2036-08-12,30.01448185655411,28.377197770088408,31.787519500666154
2036-08-13,30.063751112096735,28.194654579472022,31.877143457783514
2036-08-14,30.10132927738424,28.3240555989595,31.921489592539903
2036-08-15,30.069472489787415,28.071080735572554,31.907133958355633
2036-08-16,30.22988896107277,28.553198667393005,32.1485450890946
2036-08-17,30.385153185837797,28.496507271375787,32.26202015881016
2036-08-18,30.26884246867078,28.518671013092987,32.120149824464974
2036-08-19,30.329815515821984,28.525254874078783,32.13141792426904
2036-08-20,30.365404293557035,28.530712985236466,32.35617447458779
2036-08-21,30.388367211628267,28.619535457713024,32.28074260068969
2036-08-22,30.341179997792157,28.579146076728147,32.293727610290624
2036-08-23,30.485773832077722,28.643713885518533,32.22088097352556
2036-08-24,30.624944892875682,28.89984505484291,32.61418538172551
2036-08-25,30.49248657125653,28.754378223034102,32.26520348111944
2036-08-26,30.53746420392519,28.686667258167407,32.246244890575944
2036-08-27,30.55740361045246,28.742297458642057,32.3910646435019
2036-08-28,30.565241553810306,28.815139163167203,32.53241628529317
2036-08-29,30.503614526727286,28.6060832403353,32.33691434644738
2036-08-30,30.63459544508907,28.865915965369993,32.521335334062435
2036-08-31,30.761102389524773,29.055432074894075,32.45376683178538
2036-09-01,30.617030618762897,28.82979477979377,32.413493032658536
2036-09-02,30.65152765254426,28.75313915808054,32.484946451860964
2036-09-03,30.662182640269968,28.796562765432167,32.48806055272838
2036-09-04,30.661978051338018,28.959589079577302,32.51485168947475
2036-09-05,30.593579996825298,28.692383950264126,32.32231763047873
2036-09-06,30.719076665003502,28.945150386037497,32.58144976165669
2036-09-07,30.841388911395757,29.04980147307887,32.618390065896094
2036-09-08,30.69440412872279,28.891424264340124,32.457045018108005
2036-09-09,30.727253102538572,28.93382177525269,32.69833634462148
2036-09-10,30.737500986321564,28.912554304099544,32.53511326134617
2036-09-11,30.73810036238477,28.91441508808424,32.558023707739665
