ds,yhat,yhat_lower,yhat_upper
2026-09-07,31.18935296186138,28.725796621991357,33.83928984901752
2026-09-08,31.216358034554318,28.38408326309446,33.975320700552274
2026-09-09,31.091162164446438,28.470150243343625,33.83676840162019
2026-09-10,31.125793447608313,28.607966556110128,33.86147005959029
2026-09-11,31.353627733456676,28.673622974301587,34.181640682133356
2026-09-12,31.23089820964573,28.61731335166947,34.04555635275749
2026-09-13,31.39761334362214,29.03067009331345,34.044831370278494
2026-09-14,31.460972118065754,28.80587813642314,34.02993953972024
2026-09-15,31.534443152072335,28.919597706053867,34.32626465083099
2026-09-16,31.449661758193987,28.594036848356566,34.15787340800663
2026-09-17,31.51800173825186,29.088685545798505,34.189004958993124
2026-09-18,31.772357063101296,29.068737537301487,34.36153825516917
2026-09-19,31.66865688912147,29.021961711694015,34.09358670144654
2026-09-20,31.846784315237414,29.235757235044705,34.707585212565554
2026-09-21,31.91398792610023,29.322333998115877,34.30411132299042
2026-09-22,31.98395293873043,29.428436009864992,34.7317425657717
2026-09-23,31.88868633665833,29.16496120575246,34.46600055221034
2026-09-24,31.940073225485285,29.36679890834292,34.51875532261147
2026-09-25,32.171640069320475,29.468965755175564,34.67570654168779
2026-09-26,32.04004884241166,29.339388689239836,34.73200425537862
2026-09-27,32.1859931311972,29.600999812794274,34.62779934834567
2026-09-28,32.21758589508699,29.70060701866205,34.953180284515604
2026-09-29,32.249406378189285,29.470633206970696,34.938595828498414
2026-09-30,32.11436122411887,29.427741414860048,34.85569990356773
2026-10-01,32.125217670670814,29.397315016505317,34.8416306816447
2026-10-02,32.31634508401376,29.688405686658246,34.94289009907346
2026-10-03,32.14518940851471,29.587031127252928,34.70386765021914
2026-10-04,32.25315203694521,29.58410582827072,34.98365829587801
2026-10-05,32.24896319519646,29.762305196674355,34.9635936549405
2026-10-06,32.2477176269837,29.65712993668756,34.889972002560306
2026-10-07,32.08272782543828,29.462816757613528,34.549708836635695
2026-10-08,32.06705278158391,29.35395281917126,34.81331783157897
2026-10-09,32.23523850103473,29.504120444477415,35.13322827204138
2026-10-10,32.04479475813313,29.1595591209654,34.4575330183368
2026-10-11,32.137079392506166,29.323921458474103,34.84383532938336
2026-10-12,32.1206799579334,29.38189894417185,34.95612244946274
2026-10-13,32.11046015088711,29.565051613972017,34.79045313404698
2026-10-14,31.939425846243818,29.05745150140945,34.58403451386307
2026-10-15,31.92026824360867,29.133510872129754,34.644754001601896
2026-10-16,32.087119877054754,29.351855935813216,34.55914686933628
2026-10-17,31.897047442805253,29.324884075251564,34.57482375824867
2026-10-18,31.990952234957785,29.29241999656521,34.69780872748946
2026-10-19,31.97696749962762,29.38847256708181,34.61120281959089
2026-10-20,31.969519665564135,29.252702472314393,34.59983480662226
2026-10-21,31.801207853118537,29.30875302371414,34.435067734999066
2026-10-22,31.78435879504704,29.04671443554061,34.40169879022178
2026-10-23,31.95279261755059,29.20232931769387,34.762206511670364
2026-10-24,31.76332320501731,29.114225793660385,34.37899544630414
2026-10-25,31.856663786065873,29.369853849184867,34.54588114120018
2026-10-26,31.840826980144456,29.286710783139988,34.474410580196185
2026-10-27,31.83018627308235,29.36368422812722,34.60332674840985
2026-10-28,31.65735341296862,29.034495728315886,34.23017104449569
2026-10-29,31.634729023556222,29.072674976549443,34.27234274156082
2026-10-30,31.796262114594203,29.166951506367425,34.34416188048657
2026-10-31,31.59894250162856,28.957645791774105,34.066153052371845
2026-11-01,31.68369710942077,29.17054504741355,34.35988503440392
2026-11-02,31.658779770130273,28.98235460495689,34.034696304469605
2026-11-03,31.638821878979467,29.150673099151955,34.35050274556388
2026-11-04,31.456698802038808,28.763775803288798,33.96982529775101
2026-11-05,31.425069732062074,28.78854948112412,34.05565991327961
2026-11-06,31.578127052779962,28.93510422309608,34.0638921587246
2026-11-07,31.37307957515787,28.706004333243047,33.97387098423883
2026-11-08,31.451040929450386,28.94624845467084,34.27589178173237
2026-11-09,31.420412982921526,28.74340374346835,34.22869696196423
2026-11-10,31.39593184583011,28.839484877092836,34.0534908092037
2026-11-11,31.21053149546484,28.636429628441086,33.818098911151054
2026-11-12,31.176882780963346,28.5742593059774,33.890229290515805
2026-11-13,31.329143866331584,28.6564445820142,33.92930513577442
2026-11-14,31.124446403464866,28.562145981012954,33.805226791931936
2026-11-15,31.20378858165158,28.56118061853982,33.93764941621291
2026-11-16,31.175424725930736,28.3549760092988,33.94578071117077
2026-11-17,31.153918756483293,28.49573856935241,33.63579246525255
2026-11-18,30.972016244572433,28.18987814795426,33.655825873577406
2026-11-19,30.942192500034878,28.391698592191492,33.48909200425887
2026-11-20,31.098412398060407,28.472859671714048,33.53410557993066
2026-11-21,30.897625877514702,28.333356721324456,33.49337887728863
2026-11-22,30.98066990039936,28.552987220746818,33.67101245540795
2026-11-23,30.955666202779103,28.24262997152144,33.49789251627707
2026-11-24,30.9370818340231,28.380860399630283,33.607908025267896
2026-11-25,30.757606942048017,28.09899320188235,33.46936250266243
2026-11-26,30.72970700889116,28.043904793147906,33.390194543395516
2026-11-27,30.887385068812975,28.16825629918974,33.59579542467224
2026-11-28,30.687677727015096,28.074249386534213,33.41443635430405
2026-11-29,30.771555719922617,28.272573924553736,33.67428038648016
2026-11-30,30.747318366212745,28.028769102160812,33.46091075868517
2026-12-01,30.72964899158245,28.08421147696717,33.358787332313874
2026-12-02,30.551485935903653,28.04985915918714,33.01469165016655
2026-12-03,30.525566558202136,27.77621342637958,33.16546771784586
2026-12-04,30.686180036374903,28.057215960087223,33.32527929105799
2026-12-05,30.490653089503454,27.689789478057588,32.95988352990765
2026-12-06,30.58023970866565,27.85358237309156,33.299696873397444
2026-12-07,30.563504614315068,27.992784404993227,33.15936525263746
2026-12-08,30.555367904008502,27.871710172876565,33.22357099213351
2026-12-09,30.38896587925957,27.66578229464588,32.98864584693077
2026-12-10,30.37718583385067,27.668770603370266,32.82510629595383
2026-12-11,30.55441094181833,27.999530640830596,33.11410888710504
2026-12-12,30.37799967716965,27.905362387905676,33.075039408002915
2026-12-13,30.489171107775597,27.75937830244615,32.79826433376981
2026-12-14,30.49638598140269,27.85301473733272,33.17092698143307
2026-12-15,30.514391203549003,27.839501338763785,33.0369257628231
2026-12-16,30.376082762417294,27.832204794045328,32.79963471100654
2026-12-17,30.394044877381837,27.847199961043923,33.08574321854337
2026-12-18,30.602301429766833,27.94548864590044,33.22043859126831
2026-12-19,30.45780395660745,27.792695796926466,33.103598020737905
2026-12-20,30.6013273301376,27.904358824859823,33.1743069138535
2026-12-21,30.640862758945467,28.004938145406168,33.22460780897744
2026-12-22,30.690675374006286,27.913622801783976,33.35037792585835
2026-12-23,30.583181073847765,27.815552469195577,33.08940007773831
2026-12-24,30.63049999075433,27.885536257067358,33.21009734292414
2026-12-25,30.866222201494455,28.19308983844235,33.44334471507836
2026-12-26,30.746909520215166,28.310463669849472,33.38090301223136
2026-12-27,30.913004059282294,28.398560900774513,33.63577243544063
2026-12-28,30.97223277663107,28.399445435638857,33.74886434829015
2026-12-29,31.038674888327357,28.421052129981717,33.6751601531221
2026-12-30,30.944646481224243,28.259894427350115,33.809175486520694
2026-12-31,31.002259404562007,28.46220820902321,33.73516623625497
2027-01-01,31.245189846653762,28.809321888971706,33.81477032518742
2027-01-02,31.130180290398407,28.35227021552413,33.68387049001098
2027-01-03,31.297945468300046,28.66015544664856,33.810228919361585
2027-01-04,31.35657155245705,28.732694431327136,33.88376833429926
2027-01-05,31.42057555772743,28.585433363073857,34.02204100898599
2027-01-06,31.322779473323074,28.89449514646007,33.732705368851946
2027-01-07,31.375856458526176,28.859384122869187,33.98243150285806
2027-01-08,31.614084835461796,28.993755492307056,34.08708169304937
2027-01-09,31.494833960505918,28.794153788389124,34.301350214771865
2027-01-10,31.659453033172227,28.95581853235057,34.18962210168144
2027-01-11,31.71665255408495,29.085585060275736,34.342522126556204
2027-01-12,31.781545910687324,29.15280156649358,34.46505075423566
2027-01-13,31.687506116216806,29.027948340192136,34.150712229255774
2027-01-14,31.747695542789323,28.965484327353924,34.36735294262299
2027-01-15,31.996804866602808,29.30958298695826,34.669053354918496
2027-01-16,31.89252575735576,29.161647130951156,34.46190097824758
2027-01-17,32.07642877309906,29.519055432453268,34.74302791887885
2027-01-18,32.157336513972126,29.715689585582172,34.7570874046116
2027-01-19,32.25035978426275,29.656495510155835,34.89212672156367
2027-01-20,32.18875197931432,29.428605911779666,34.89594239990662
2027-01-21,32.28543964303817,29.615770631252513,34.951505035204704
2027-01-22,32.57476542893186,30.028723237239376,35.216641658249046
2027-01-23,32.51396792036818,29.687181959632436,35.167515338686854
2027-01-24,32.744069605133944,29.8526621073096,35.26918006442039
2027-01-25,32.87326280563571,30.349668414024702,35.592094397935156
2027-01-26,33.01596098293822,30.22505895127345,35.699682983661894
2027-01-27,33.00467022958225,30.312993473502296,35.47480915342604
2027-01-28,33.15153843615552,30.505438105561332,35.63987138346405
2027-01-29,33.490117857415,30.962997947735126,36.22991767396425
2027-01-30,33.47686499453404,30.833675419895204,36.206210276725486
2027-01-31,33.752048532616016,31.033147900982772,36.369292712197144
2027-02-01,33.923154578250305,31.411319255084553,36.72064140452208
2027-02-02,34.103956073888604,31.567814311053425,36.60265549887106
2027-02-03,34.12640069353591,31.58262669090247,36.67315638684422
2027-02-04,34.30217424007094,31.46982190431437,36.91905650379375
2027-02-05,34.66447486474923,31.972550837305704,37.19550547327555
2027-02-06,34.669521691588656,31.92775931284934,37.22860523862708
2027-02-07,34.957468333180756,32.42587221566525,37.58205856992572
2027-02-08,35.135810379071486,32.59025437181528,37.79620958813466
2027-02-09,35.31845366380569,32.66919933413351,37.96557638003176
2027-02-10,35.337597645850664,32.80579806732499,38.060517026713484
2027-02-11,35.50529104035411,32.80029949638271,38.114259908511485
2027-02-12,35.85519524165933,33.232858715395835,38.309037157359
2027-02-13,35.84407942048327,33.21071572313654,38.54923745335329
2027-02-14,36.11271816285629,33.44095232102332,38.783609206062906
2027-02-15,36.269281180163325,33.6142232177943,38.83932569732759
2027-02-16,36.42838240043357,33.72571584680081,39.167575455322556
2027-02-17,36.422943315625396,33.78079532033043,39.041687687664094
2027-02-18,36.5657282963442,33.882029761023595,39.06338120218474
2027-02-19,36.891087986894725,34.44355882495443,39.60998597411648
2027-02-20,36.85643523447779,34.09407577319574,39.43376965135098
2027-02-21,37.10312496406894,34.56934812281167,39.776461862472765
2027-02-22,37.23982803235718,34.5850575135027,39.83095318348069
2027-02-23,37.381566820097724,34.753980235017714,40.035122650017165
2027-02-24,37.3615678188834,34.67249785494759,39.94015941969709
2027-02-25,37.49278922589972,34.7445622272663,40.21145086904187
2027-02-26,37.80965987391044,35.34234051681614,40.59707151672231
2027-02-27,37.769554070487594,35.22412540780925,40.42266699237388
2027-02-28,38.013673780500284,35.38625440651548,40.50797565040637
2027-03-01,38.15042810947866,35.480729422178015,40.88339344216895
2027-03-02,38.29447767520198,35.60967042808587,41.018643219391784
2027-03-03,38.27859886032484,35.61791742647858,41.08400837912321
2027-03-04,38.41522561292312,35.92986559791525,40.98446582154691
2027-03-05,38.73820470202064,36.104894898980696,41.48593655262288
2027-03-06,38.70428852075147,36.01325648903829,41.27425391307474
2027-03-07,38.95403634266621,36.33311621855311,41.543233111384325
2027-03-08,39.095213428524545,36.418341118720384,41.82467593690156
2027-03-09,39.2418549953062,36.59017654963079,41.68418006781579
2027-03-10,39.22614946610921,36.57591652183841,41.734402604073985
2027-03-11,39.359998111868094,36.653446060072945,41.953632533704074
2027-03-12,39.67678647057706,37.02037630827537,42.536855883795575
2027-03-13,39.63289116499504,36.91263766682282,42.340491353227435
2027-03-14,39.86859261627059,37.145930825044914,42.44829745068553
2027-03-15,39.99148271822821,37.23672070400009,42.502273002214004
2027-03-16,40.11553423672381,37.34331053380659,42.75534202597128
2027-03-17,40.072986197812895,37.429219501632,42.723196034956146
2027-03-18,40.17590231778165,37.62810412779813,42.963341785768414
2027-03-19,40.4579379014348,37.76036684813663,43.14185259870003
2027-03-20,40.37583896777817,37.915399759418165,43.14513966866569
2027-03-21,40.57034433195949,37.908708972869945,43.28205915814781
2027-03-22,40.64958002617425,37.917681341209,43.0726373564593
2027-03-23,40.72811321890249,37.951016116681686,43.34442457741242
2027-03-24,40.63882035670495,38.101274494278755,43.13929351687697
2027-03-25,40.69442709384526,37.99028244825006,43.2920390962016
2027-03-26,40.929255985163934,38.440794367353824,43.752808437632254
2027-03-27,40.800706270802394,38.335963036062125,43.28086990389235
2027-03-28,40.95013705490139,38.37414906195207,43.675230490030486
2027-03-29,40.98624382095333,38.20096959423271,43.650683301005756
2027-03-30,41.02409597349395,38.51667157172105,43.552968553684025
2027-03-31,40.89699061518585,38.28635270593978,43.324995533295514
2027-04-01,40.91798054980516,38.107156449895285,43.42021103681983
2027-04-02,41.12161283939358,38.38921851493982,43.75111587376859
2027-04-03,40.96540251445424,38.3320648305667,43.52890973520386
2027-04-04,41.09071291884362,38.398189574188606,43.756111794218654
2027-04-05,41.10613271563223,38.50219057321673,43.75088855191945
2027-04-06,41.12651722875937,38.57302960667801,43.71385905274818
2027-04-07,40.984849216727675,38.45359292837745,43.78125549142897
2027-04-08,40.99377686132469,38.35148257841501,43.727616848615405
2027-04-09,41.18736500368507,38.52854040440493,43.88807947756559
2027-04-10,41.02258385084446,38.42297049504691,43.594243260817365
2027-04-11,41.14020619007951,38.236207153736125,43.697479641050805
2027-04-12,41.14820263756833,38.46157921650171,43.674652672648655
2027-04-13,41.160802055737385,38.583962887042134,44.05769101002159
2027-04-14,41.01037167048001,38.398956676567735,43.59320034580546
2027-04-15,41.00897409827411,38.17977171984058,43.515803630031535
2027-04-16,41.19013675162735,38.72060466184565,43.86256684739511
2027-04-17,41.01035730788556,38.3954007432907,43.68153152493408
2027-04-18,41.1100157823934,38.566903731023885,43.53604467984059
2027-04-19,41.09678229257131,38.5344140718347,43.697739554764574
2027-04-20,41.08468727690405,38.442500213376775,43.72547586150997
2027-04-21,40.90600841003479,38.39457073319969,43.46812033495359
2027-04-22,40.87283122308092,38.0951094697807,43.38992752015486
2027-04-23,41.01881879166989,38.30298947382822,43.634559992635
2027-04-24,40.800714168912165,38.13898267982529,43.47067515346884
2027-04-25,40.85924619474693,38.293966418444164,43.370592146350894
2027-04-26,40.80252795432427,38.256648449504844,43.39613338195786
2027-04-27,40.74511492544799,38.16661924575561,43.53176182998817
2027-04-28,40.519877414135124,37.89012565490331,43.32769507174016
2027-04-29,40.43954471629704,37.83780947993603,42.95103345775774
2027-04-30,40.538456855222314,37.88287706534176,42.990774453086786
2027-05-01,40.27404810298399,37.69259142517995,42.84594932247119
2027-05-02,40.28773347598036,37.72902871649963,42.88305077143293
2027-05-03,40.188288047218414,37.409194068897065,42.8590037180706
2027-05-04,40.09088667951885,37.413570807837715,42.762717209518044
2027-05-05,39.82895932009837,37.29025714189743,42.327928258437446
2027-05-06,39.71571979713448,37.18654772513235,42.438842981497764
2027-05-07,39.785904416672196,36.80920488934012,42.32405869793896
2027-05-08,39.49724494938638,36.73909503848597,42.02520881125322
2027-05-09,39.491347500151406,36.894097263046035,42.27814647583335
2027-05-10,39.37706731802116,36.6610460868406,42.112563250366165
2027-05-11,39.2695472716663,36.55981855934591,41.954233845282005
2027-05-12,39.00207515391489,36.356213707971385,41.599277007660646
2027-05-13,38.88761768081951,36.16068445759415,41.507558659030124
2027-05-14,38.96056731239088,36.23423766722006,41.60390003967291
2027-05-15,38.678226222515846,35.949415600546104,41.36313422802169
2027-05-16,38.68169856609373,35.990976600602984,41.211060550129055
2027-05-17,38.57928068372996,36.03060213295287,41.057297462213306
2027-05-18,38.485516492034286,35.71213249589539,41.06239671178168
2027-05-19,38.23307270092188,35.64171206119186,40.82104026622139
2027-05-20,38.1342911717408,35.56502745522718,40.74847646549952
2027-05-21,38.22295397925008,35.534474506190286,40.9221042554756
2027-05-22,37.955784945430096,35.46089624571697,40.677880856062906
2027-05-23,37.97335825546184,35.352568169434505,40.656995285803646
2027-05-24,37.88350329671821,35.24290907420538,40.40397365704962
2027-05-25,37.80037252290253,35.21675499382621,40.50490598504594
2027-05-26,37.55632660623835,34.837417704904325,40.210365520468386
2027-05-27,37.463493892163086,34.88868161428127,39.93336363956939
2027-05-28,37.55553950864519,35.016027975123976,40.14968355841818
2027-05-29,37.28916778256336,34.815093567340476,39.77802598008937
2027-05-30,37.30502855692666,34.771467954352254,40.133032247332906
2027-05-31,37.21111663319521,34.45495452299376,39.90898054493688
2027-06-01,37.12183132200202,34.41747245298051,39.91426164687391
2027-06-02,36.86985063880123,34.2305244678372,39.39103569535898
2027-06-03,36.7676775170065,34.13364725029357,39.447087995538745
2027-06-04,36.8493938226564,34.246719810748786,39.439459170868766
2027-06-05,36.57214631568058,33.85676596651332,39.16001871325557
2027-06-06,36.57703569009471,33.988390834970396,39.26370086132275
2027-06-07,36.47249848535238,33.820024523308156,38.93338355646722
2027-06-08,36.37334943206069,33.90677506840997,39.2559626342218
2027-06-09,36.11263934263207,33.42093071031821,38.83154040315241
2027-06-10,36.00318646960335,33.41181640831552,38.60478525383757
2027-06-11,36.07931762476115,33.57438854859579,38.829142814134364
2027-06-12,35.798343655898435,33.08174325725763,38.466245261536756
2027-06-13,35.80144079348246,33.02352875651815,38.38455146082112
2027-06-14,35.69702795493636,33.172973882613825,38.4316549761944
2027-06-15,35.599807770834644,33.047960086361705,38.33047199055932
2027-06-16,35.34262654282797,32.654357277278166,37.84095724960482
2027-06-17,35.23801104928946,32.69142471963885,37.999650504041526
2027-06-18,35.31991837782349,32.4936458043787,38.04609677634288
2027-06-19,35.04522316249008,32.30145287909405,37.842010327172545
2027-06-20,35.05461341916556,32.40980229176077,37.69122853583046
2027-06-21,34.95598465658199,32.23671540479706,37.4952886317214
2027-06-22,34.86349953689964,32.22922440378964,37.41181079931999
2027-06-23,34.60946773880128,31.741733902181032,37.29003245632156
2027-06-24,34.5059033316636,31.639975383548613,37.01998289856859
2027-06-25,34.586295199654835,31.901256344294417,37.233052913483895
2027-06-26,34.30711423908402,31.803914048333287,37.088097704126795
2027-06-27,34.308727873341944,31.50442469974352,37.15320626130317
2027-06-28,34.1988109387208,31.488605843734312,36.65649487592413
2027-06-29,34.09141963472412,31.52458697037364,36.70919401066166
2027-06-30,33.818882673587204,31.186897532511416,36.38885249011457
2027-07-01,33.69336649778664,31.184899504553854,36.17465926322198
2027-07-02,33.74864975731506,30.99093980447664,36.30130475120584
2027-07-03,33.441630527736585,31.12165502680966,36.30696165006985
2027-07-04,33.413236684493974,30.740565346084214,35.88102496735238
2027-07-05,33.27182847727864,30.71183638457402,35.92827657445231
2027-07-06,33.13226011025285,30.505409965504253,35.81613195863645
2027-07-07,32.82775469558015,30.05229510967008,35.43751591028582
2027-07-08,32.67144979770474,29.932503087452847,35.126207696385194
2027-07-09,32.69814921678255,30.149532498393263,35.51430922992333
2027-07-10,32.3658050455219,29.691636156400325,35.26089931987701
2027-07-11,32.3164010508195,29.711330831927633,35.19867476267697
2027-07-12,32.15932712574763,29.59405051628907,34.92133175861845
2027-07-13,32.01041236659317,29.440055520056596,34.77052099364787
2027-07-14,31.70377191815009,29.151859942906505,34.091117923416746
2027-07-15,31.553325585882153,29.12417014752303,34.056135210154245
2027-07-16,31.5945246282523,28.795598191964704,34.105217375646376
2027-07-17,31.285811490539434,28.70273996804308,33.91617067434635
2027-07-18,31.269484199913737,28.454521761160812,33.8348389895224
2027-07-19,31.15505575774018,28.542646168390203,33.78361984369947
2027-07-20,31.05827657884174,28.52878106293193,33.821519645180544
2027-07-21,30.81297550553996,28.049329997105126,33.599256867237735
2027-07-22,30.732577657348017,28.08698289274098,33.206941727498666
2027-07-23,30.851835660600955,28.314625468515345,33.69334779843226
2027-07-24,30.628299013881538,28.051291730474382,33.27362642044736
2027-07-25,30.703193165468715,27.997036313397256,33.258769189067806
2027-07-26,30.68479835942122,27.957147208282397,33.24475490189849
2027-07-27,30.68749589073796,28.033775811528177,33.26137813547095
2027-07-28,30.54363676780474,27.970409493390143,33.226098129338865
2027-07-29,30.56509040590749,27.789314710199207,33.22877869644524
2027-07-30,30.785009167548882,28.126570354954293,33.614739597462176
2027-07-31,30.659332703844463,28.169791891939987,33.536380294746714
2027-08-01,30.827702819367754,28.27931335565768,33.37445499337436
2027-08-02,30.896878033034728,28.06452366165608,33.48492949177547
2027-08-03,30.979814584493695,28.347907624262444,33.55447193069312
2027-08-04,30.907568009749763,28.479961920982742,33.432691590507886
2027-08-05,30.990872074997277,28.363072501567505,33.65215813172654
2027-08-06,31.261930111448663,28.724135080045286,34.01918550999935
2027-08-07,31.17594201504307,28.380814932776328,33.59932776736246
2027-08-08,31.37203704402303,28.759357898882033,34.12357571309638
2027-08-09,31.456701114579623,28.5885933495587,33.92614647872443
2027-08-10,31.542865001379607,28.89708033087303,34.298948344020125
2027-08-11,31.461807363207097,28.56384063093667,34.07911209477286
2027-08-12,31.524729324062847,28.920410185131974,34.26787306103499
2027-08-13,31.764535740582215,29.27431437229778,34.49238062909667
2027-08-14,31.63734665241231,29.031076882090943,34.133951463233444
2027-08-15,31.78340942006063,29.367253714713137,34.55125591981871
2027-08-16,31.81050075115812,29.020210069363564,34.5801926268719
2027-08-17,31.832985638884317,29.000383701923305,34.296133523374884
2027-08-18,31.6836878498645,28.983816730838786,34.33641322485087
2027-08-19,31.675429490343745,29.131117336707945,34.107698774292544
2027-08-20,31.842775640614537,28.978346885282892,34.45981947859266
2027-08-21,31.643508451518155,28.869576267868574,34.19933467588731
2027-08-22,31.719502119709738,29.101431947239277,34.28474215045203
2027-08-23,31.680088845840544,28.91059840754636,34.32613150956519
2027-08-24,31.641083670545214,29.134868451426485,34.42435094698176
2027-08-25,31.43662364206593,28.782392109720494,34.009448886075276
2027-08-26,31.380679585504538,28.888896436576694,34.17462417531909
2027-08-27,31.508777110603564,29.088965467379335,34.2223863108597
2027-08-28,31.279451788688668,28.557559940301637,33.91256933327988
2027-08-29,31.335110328696487,28.844343941079178,33.932122722844184
2027-08-30,31.28538813666182,28.50026128598564,33.99731160469543
2027-08-31,31.246171294394387,28.714987434510604,33.903893398728606
2027-09-01,31.051438410340218,28.319159647649784,33.63555067107993
2027-09-02,31.014780471398097,28.368047476695597,33.72101438668619
2027-09-03,31.17113505621588,28.511165118898955,33.961888339088866
2027-09-04,30.978259437531843,28.285613126821485,33.72599423177721
2027-09-05,31.07761388586268,28.42338839592107,33.73391011577268
2027-09-06,31.077744941470627,28.411816630521763,33.89969218423808
2027-09-07,31.09333599051645,28.386188282625856,33.64648653038518
2027-09-08,30.957079835611825,28.26685062067617,33.61915738575472
2027-09-09,30.98123058462429,28.434056278631108,33.54872072852495
2027-09-10,31.19937039296287,28.658077189054605,33.85730123989278
2027-09-11,31.067914763277596,28.375836326563423,33.57730015565506
2027-09-12,31.227026914576488,28.51548130383437,33.865621413059166
2027-09-13,31.284030231527677,28.538818802929374,33.766630951835374
2027-09-14,31.3524854371457,28.75348744199976,34.006732199531044
2027-09-15,31.26408656710345,28.495043481751036,33.96509610996047
2027-09-16,31.330232553240858,28.553552375853457,33.97904089453252
2027-09-17,31.583809542882776,28.867732277086137,34.209032021751014
2027-09-18,31.480707366015622,28.90729043887916,34.16873292110695
2027-09-19,31.6607404927079,29.014767027097562,34.12307505132683
2027-09-20,31.731062446463554,29.019905999490536,34.33458034999721
2027-09-21,31.80524039488836,29.16161345089899,34.352900136171726
2027-09-22,31.715144192798398,29.39503715450412,34.55819813489732
2027-09-23,31.772506993071172,29.400478303540734,34.49708468530746
2027-09-24,32.01069295984965,29.35425073986201,34.55910077287677
2027-09-25,31.886195990967007,29.46974167464553,34.45986804331064
2027-09-26,32.039540358335046,29.326812996883753,34.65255912704988
2027-09-27,32.078672852625395,29.456647038483172,34.47539849050683
2027-09-28,32.11801381027699,29.35035190445819,34.5433264071974
2027-09-29,31.990321971586443,29.37802340894972,34.517334063977145
2027-09-30,32.0082309567797,29.28653450505581,34.53965253597265
2027-10-01,32.20599354549005,29.652860311925323,34.95478863363688
2027-10-02,32.04095827895292,29.476673462058493,34.8706440780675
2027-10-03,32.15444985142505,29.35682923614204,34.81507466164767
2027-10-04,32.15514336592008,29.3857841849456,34.96380497837167
2027-10-05,32.15810023996326,29.691775827473933,34.9615386804082
2027-10-06,31.99662102722616,29.29120896902207,34.70597330489956
2027-10-07,31.98377316169582,29.332396547354385,34.60475740753175
2027-10-08,32.15412992854294,29.565313330899503,34.89163851034051
2027-10-09,31.965245197901826,29.280182062306896,34.44075668419172
2027-10-10,32.058535305363435,29.45712174971406,34.57004980226398
2027-10-11,32.042657977068636,29.407523993860163,34.78836388655658
2027-10-12,32.03255582105962,29.56240728771477,34.64375633226234
2027-10-13,31.86131930997703,29.124010929278533,34.489939436154415
2027-10-14,31.84172685643365,29.163188390407978,34.37059374745332
2027-10-15,32.00799782905575,29.196784564637245,34.71800257549808
2027-10-16,31.817282553391358,29.176164190691452,34.36654753196396
2027-10-17,31.91056016936562,29.232634167593787,34.43932140691874
2027-10-18,31.896033726821265,29.207783215100775,34.50000185585723
2027-10-19,31.88818953603946,29.39260407031199,34.5394801218547
2027-10-20,31.71967522013844,29.22397004191085,34.24889767068741
2027-10-21,31.702853632955133,29.149662115571964,34.235978829386504
2027-10-22,31.87156810549876,29.29957145745466,34.457698725823036
2027-10-23,31.682642743606028,28.933970738295617,34.3987984677262
2027-10-24,31.77678839843628,28.986360806299498,34.4085795193642
2027-10-25,31.76200351889203,29.077706993821703,34.24618582828055
2027-10-26,31.752636811246333,29.13494485149317,34.403911584752734
2027-10-27,31.581266143004456,28.7747646220505,34.30435544462212
2027-10-28,31.56025092463596,28.651838399462534,34.079306364765905
2027-10-29,31.72349357805178,29.157162686781266,34.29337755440014
2027-10-30,31.527934029361838,28.897579494498203,34.18441802984149
2027-10-31,31.614448123103518,28.835747744822346,34.25105363927114
2027-11-01,31.591239492750088,29.0222357171324,34.241707866343376
2027-11-02,31.572892177058602,29.07229048652477,34.219730631180916
2027-11-03,31.39223880921431,28.64239877030799,33.89562895038985
2027-11-04,31.361902014741226,28.584732486628546,33.8227502762075
2027-11-05,31.516045028146312,28.99487281593585,34.32863533352864
2027-11-06,31.311855852477343,28.71072115837865,33.90601258016771
2027-11-07,31.39043621856081,28.572927954583466,33.8425527074824
2027-11-08,31.36018519970668,28.823432710361235,33.950263619472636
2027-11-09,31.335845043713654,28.60979340316346,33.92537895647339
2027-11-10,31.150364264359503,28.639020358685045,33.77127279419052
2027-11-11,31.11643578011226,28.42519756485224,33.704042106576495
2027-11-12,31.26824619411034,28.41264772500891,33.87648648470728
2027-11-13,31.062960554107512,28.37877026651562,33.855463503576864
2027-11-14,31.141613794338433,28.51423718822053,33.86159223262315
2027-11-15,31.11249859378478,28.350928521895682,33.77237517515942
2027-11-16,31.090217029567714,28.632459858334652,33.712449347960074
2027-11-17,30.907550829702203,28.32433690422026,33.58846510767434
2027-11-18,30.87700772868335,28.17832930803188,33.57209375599613
2027-11-19,31.032579699594066,28.677797598434484,33.827817513296964
2027-11-20,30.831237056053872,28.25894254311283,33.70439791901265
2027-11-21,30.91382926778752,28.362214515188544,33.71629852690004
2027-11-22,30.888481865528878,28.311138836834935,33.51456452081793
2027-11-23,30.86965646713856,28.147862196820327,33.57213486800508
2027-11-24,30.690028406060033,28.291192314335465,33.28922864370326
2027-11-25,30.662039177482875,27.991828132680773,33.39569570179791
2027-11-26,30.819659232551018,28.2620489996117,33.550345857300975
2027-11-27,30.619884924018965,27.946539649856522,33.27492893449283
2027-11-28,30.703640317122247,28.012061706713595,33.39488783195589
2027-11-29,30.679173176076922,28.128445084497688,33.06720945726159
2027-11-30,30.661112159998297,28.01622698814097,33.28792461785707
2027-12-01,30.48233977886117,28.062107729118214,33.19006332779349
2027-12-02,30.455538459916777,27.754428873862704,33.10790719630369
2027-12-03,30.61494545159734,28.103332032699836,33.230311428812456
2027-12-04,30.417840620284853,27.73410231484223,32.96185477873114
2027-12-05,30.505438153134097,27.73865898920079,33.21097942431778
2027-12-06,30.48627181452153,27.831848377409013,33.18880005381117
2027-12-07,30.47524115391588,27.933085868853887,32.967299518813704
2027-12-08,30.30547359475659,27.68662183279279,32.98450279692735
2027-12-09,30.28986013626967,27.787091854522963,32.895186958960245
2027-12-10,30.462800766586398,28.004764529836,33.12616572733385
2027-12-11,30.28168399139299,27.56810611846643,32.88866677142734
2027-12-12,30.38777180579537,27.756306297559007,33.21452999948299
2027-12-13,30.38958002633098,27.739599719744092,32.97874301466716
2027-12-14,30.401921595757912,27.70591576895756,33.08796397193226
2027-12-15,30.257767942659946,27.62241305337848,32.995779075974525
2027-12-16,30.269786212067466,27.67164158744021,32.87941863214432
2027-12-17,30.47208847780672,27.817791728110304,33.138321957140434
2027-12-18,30.321717279712,27.616960207844304,32.908700876514445
2027-12-19,30.45953867972777,27.977911850422945,33.1029622652501
2027-12-20,30.493632550765412,27.77458507314285,33.0581636015923
2027-12-21,30.53834744379197,27.872180940856058,33.136509179066316
2027-12-22,30.426174791538855,27.76434414063557,33.03427609617264
2027-12-23,30.469299894061987,27.679030648785556,33.162460796253775
2027-12-24,30.701365389672546,28.06611740607446,33.30702469157153
2027-12-25,30.57897112300185,27.97567517755944,33.00050127125715
2027-12-26,30.74258116188226,28.35147420669969,33.298671972505225
2027-12-27,30.79992723711935,28.153167101329252,33.40791909697543
2027-12-28,30.86507552712798,28.15143531350465,33.73397189273986
2027-12-29,30.7703111518476,28.189548469547244,33.46388512316565
2027-12-30,30.827697469487845,27.898548004388964,33.37441056498416
2027-12-31,31.070845581448882,28.48805149497596,33.44486241133989
2028-01-01,30.95641772267946,28.339813175752624,33.606830047898725
2028-01-02,31.125035126266262,28.484708069622904,33.97680809297841
2028-01-03,31.184679551147624,28.380650956148767,33.802344474221194
2028-01-04,31.249755391148806,28.518749905110187,33.87764410325175
2028-01-05,31.152966808720922,28.512486748423555,33.79378715911772
2028-01-06,31.206867147333575,28.691243740001042,33.68039139278646
2028-01-07,31.445616266191852,29.031151133121465,34.07160735652821
2028-01-08,31.326469784543153,28.829989832664193,34.09342694668965
2028-01-09,31.490671197889384,28.85969838154627,34.03355076174015
2028-01-10,31.546836481700318,29.006060132991763,34.187581736726145
2028-01-11,31.609998568695964,28.78606355101218,34.20012355277624
2028-01-12,31.513466638774737,29.105234476550166,34.16786194194885
2028-01-13,31.570357984769636,28.78178382173865,34.16481813649965
2028-01-14,31.815338605517724,29.29949718817366,34.47856454315543
2028-01-15,31.706097005004757,28.994571817591577,34.312977867813416
2028-01-16,31.88422262037556,29.2908528614199,34.261991461034214
2028-01-17,31.958578910010008,29.445281490995036,34.492963163568696
2028-01-18,32.04433884579222,29.594881043471904,34.788464394867994
2028-01-19,31.974838038093928,29.276495300786593,34.60164226107745
2028-01-20,32.063103468288666,29.3304935551965,34.67812879871849
2028-01-21,32.3435941071612,29.80636811981543,35.00191955718772
2028-01-22,32.27367793562565,29.478526695225632,34.841890345072265
2028-01-23,32.49451673695982,29.84435887766236,35.12055656702661
2028-01-24,32.61444854772971,29.73073043593946,35.05684774277198
2028-01-25,32.74803528043945,30.00171249577463,35.307338422677226
2028-01-26,32.727930434188465,30.021635346316263,35.40165671237952
2028-01-27,32.8664244831965,29.940459102309397,35.40002083031083
2028-01-28,33.19720377446778,30.55133938918831,36.073510605890256
2028-01-29,33.176846954139044,30.505487151962637,35.95835126691623
2028-01-30,33.44572975919291,30.82726741479367,36.14898179392912
2028-01-31,33.61142750853581,31.008451036974883,36.2905361538609
2028-02-01,33.78778224851918,31.233357644903055,36.531568230322435
2028-02-02,33.80678892251696,31.09614635154091,36.41655214660712
2028-02-03,33.980157634785805,31.32552280190847,36.5142038651643
2028-02-04,34.34108736243418,31.626618325807677,37.137175599331634
2028-02-05,34.345774713781225,31.798183100491503,37.10323687968927
2028-02-06,34.63432821701274,31.936743973868083,37.203274436090695
2028-02-07,34.81417719943753,32.358769215353284,37.37722886210867
2028-02-08,34.99914202597951,32.27120116746198,37.60279776032462
2028-02-09,35.02131997297269,32.465217133633956,37.572059439268294
2028-02-10,35.192643810090985,32.59933420694347,37.79482348758344
2028-02-11,35.54664854304656,33.06104234903909,38.19678940856099
2028-02-12,35.53997010800446,32.95268364904106,38.0232940433418
2028-02-13,35.813246782795645,33.10737138250559,38.42881468764149
2028-02-14,35.97451273715575,33.37411362537795,38.65677619495717
2028-02-15,36.138250922969405,33.49088921124337,38.63808840025244
2028-02-16,36.137260071298996,33.73421194539539,38.70023474504987
2028-02-17,36.2841934037887,33.61321490711931,38.856409780606334
2028-02-18,36.61330507488609,33.961189855626465,39.245787567715055
2028-02-19,36.581928712209056,34.05457965711059,39.13647507043557
2028-02-20,36.8313593926475,34.17795437839306,39.35130932865593
2028-02-21,36.970229028450355,34.269943093398595,39.737208197761774
2028-02-22,37.113542879901,34.7952304722504,39.89473932933131
2028-02-23,37.09453242550448,34.36079936771576,39.65195084914667
2028-02-24,37.22618259669688,34.5899419147136,39.934184408690875
2028-02-25,37.54296971630851,34.682014885612084,40.18704701083227
2028-02-26,37.50233474511617,34.890414283263716,40.07927457645263
2028-02-27,37.74556331823679,34.99402036187651,40.416194308756666
2028-02-28,37.88116259272097,35.216942147509556,40.38110014453128
2028-02-29,38.02390257162294,35.3409219730751,40.51877513246907
2028-03-01,38.00667698719566,35.43986074228734,40.5759849681185
2028-03-02,38.142041509197036,35.44446514201235,40.81204687092558
2028-03-03,38.4639652908693,35.782147525586794,41.07502301607697
2028-03-04,38.42932005406586,35.67126194609582,41.063906383753846
2028-03-05,38.678777727939334,36.14507028676503,41.25237657212092
2028-03-06,38.820206144434685,36.1797812968761,41.485459325329785
2028-03-07,38.96772990204137,36.18900288795256,41.63016274258563
2028-03-08,38.95361090708591,36.13799896160997,41.66357859916515
2028-03-09,39.089805782452736,36.47459120905811,41.59567540158611
2028-03-10,39.40973559427533,36.682109478631254,42.1427086748589
2028-03-11,39.36979156652458,36.688188917898835,41.941117109279006
2028-03-12,39.61024731249553,36.978973262777366,42.054806012611884
2028-03-13,39.738666661241254,37.01927213273133,42.17924818506271
2028-03-14,39.868973837931,37.160622601053774,42.399030612623655
2028-03-15,39.833340238005945,37.14563190509947,42.36202219904574
2028-03-16,39.943744806465645,37.241744708668165,42.513190301418305
2028-03-17,40.23374339038759,37.628366274300355,42.76785569649771
2028-03-18,40.159970750701774,37.45140392750258,42.91154332041256
2028-03-19,40.36304587627953,37.816553844367604,43.02810314669729
2028-03-20,40.45096988702569,37.73535226728384,42.95910211609392
2028-03-21,40.53818358207306,38.079628552911416,43.35528049838388
2028-03-22,40.45743924968862,37.781338440520805,43.06968266451305
2028-03-23,40.521344195486755,37.787523502173705,43.21006384688966
2028-03-24,40.764111857758046,38.04823996468916,43.482752597597916
2028-03-25,40.643044737201556,37.95958944109992,43.22273284770581
2028-03-26,40.79942035005699,38.250093242450546,43.35010369410927
2028-03-27,40.84187006522069,38.02978869736831,43.33118138383865
2028-03-28,40.88541844632386,38.39500012387146,43.59540763270022
2028-03-29,40.76333825458574,38.00413204913319,43.40024244018758
2028-03-30,40.78867906670116,38.260385328057744,43.60536295929599
2028-03-31,40.99600581789872,38.321255552927106,43.74609442205063
2028-04-01,40.84287186950891,38.207822569077834,43.511175107183554
2028-04-02,40.970698101784514,38.260300139688255,43.52268745241793
2028-04-03,40.988148095379735,38.54505667047187,43.97789249956905
2028-04-04,41.01016713038071,38.34036621694268,43.720893638490395
2028-04-05,40.869840168558305,38.270702577294095,43.30978721016381
2028-04-06,40.87992668453153,38.140140547326105,43.17369549542684
2028-04-07,41.074608471707805,38.36264213296752,43.62061918135247
2028-04-08,40.910974747752924,38.35085268524211,43.517736353740496
2028-04-09,41.02991570358157,38.305210013973856,43.59452829799856
2028-04-10,41.039514130949975,38.548822236700175,43.70370801973907
2028-04-11,41.05410237029518,38.5979218528258,43.78042315009549
2028-04-12,40.90613921274727,38.30943330047886,43.636325311698016
2028-04-13,40.90776406155282,38.327339035397735,43.32393520647177
2028-04-14,41.09256390621155,38.459612147655754,43.692568608096956
2028-04-15,40.917076866299624,38.493981877930295,43.708787253598544
2028-04-16,41.02170290294306,38.55262417558059,43.48416587837166
2028-04-17,41.01411082475972,38.26297527283347,43.74728630342372
2028-04-18,41.00830837461749,38.28146510622556,43.73363241801931
2028-04-19,40.836529642218395,38.245752129353384,43.56879668046639
2028-04-20,40.81079679678715,38.11888536965578,43.374489342374886
2028-04-21,40.9646914692789,38.509392010069405,43.76864262386676
2028-04-22,40.754859411054305,38.23035202076986,43.47921017811243
2028-04-23,40.821918994437716,38.1021851034413,43.513135912131844
2028-04-24,40.77386274807288,38.131314898989714,43.23731746494137
2028-04-25,40.72511887595704,38.1052441872021,43.22837102906433
2028-04-26,40.50842725943636,37.96784596806315,43.29111304985971
2028-04-27,40.43638727471,37.7587536925886,43.039980936083836
2028-04-28,40.54321316754874,37.82444177449837,43.27906731442727
2028-04-29,40.286221086069624,37.64634445495657,42.697641882715956
2028-04-30,40.30671885840761,37.75749060104118,42.77713159860431
2028-05-01,40.21338826153074,37.566746847543364,42.85030658887917
2028-05-02,40.121327298857196,37.58396406316856,42.717472330911235
2028-05-03,39.86390755310462,37.354991399937894,42.66584780190907
2028-05-04,39.75430449560544,37.137343896346806,42.243697350937346
2028-05-05,39.827237007539374,37.36394991455412,42.503819071784726
2028-05-06,39.540440677385334,36.92382059742268,42.16297538680364
2028-05-07,39.53554636084928,36.70198912274691,42.23985995898498
2028-05-08,39.42145407282665,36.73068469192451,42.08162829088856
2028-05-09,39.313369966696825,36.85627417712039,42.00618986960284
2028-05-10,39.04466161225573,36.28896038675605,41.82595600898336
2028-05-11,38.92838950128553,36.39255645313393,41.611494300015636
2028-05-12,38.99905098550152,36.13089624362139,41.68145800663832
2028-05-13,38.71406106365517,36.063067579536046,41.33364965043081
2028-05-14,38.714641264029005,36.13753099558911,41.11575737352729
2028-05-15,38.60920636685499,35.87802645384007,41.1276560117283
2028-05-16,38.5124163216662,35.954248789367526,41.2313437495966
2028-05-17,38.257048107501966,35.381162679223934,40.86333000258692
2028-05-18,38.15554495260612,35.601608707298254,40.64109222533759
2028-05-19,38.24177857256564,35.540640681445474,40.95905197507299
2028-05-20,37.97254828102483,35.39727591564466,40.614777294029594
2028-05-21,37.988487656967884,35.411916687155724,40.629915273005295
2028-05-22,37.89746796834075,35.47982048545724,40.79134339289837
2028-05-23,37.81366519647321,35.396664700165964,40.5117471257523
2028-05-24,37.56944494857878,34.77718075502847,40.09442333354438
2028-05-25,37.47692227842468,34.99687216093394,40.082266153900015
2028-05-26,37.569731753963055,34.91185526665155,40.22909086237089
2028-05-27,37.30453139234834,34.73397632376075,40.054520779588444
2028-05-28,37.32191100644372,34.796244092957885,40.01547462298274
2028-05-29,37.22979412107002,34.43934989826164,40.08086884299944
2028-05-30,37.14250036201816,34.68853339490064,40.1017866999915
2028-05-31,36.892622762154474,34.13568603247582,39.3687380385032
2028-06-01,36.79257725589179,34.37874259333521,39.61395565724662
2028-06-02,36.876360038710786,34.258373274254026,39.66045464828632
2028-06-03,36.601036826747695,33.88907405218908,39.272128354269086
2028-06-04,36.60763503932091,34.11195962995287,39.210233657701615
2028-06-05,36.504528591264005,33.81289297024763,39.17228100181979
2028-06-06,36.40648276023312,33.89381721894727,39.06294445485763
2028-06-07,36.14651415197263,33.49243056056907,38.73828769023427
2028-06-08,36.03742361196799,33.475964321722635,38.66155058765879
2028-06-09,36.113538317995385,33.41341268963883,38.80088597750222
2028-06-10,35.8321876094716,33.049828798963034,38.45199553245278
2028-06-11,35.83458404408574,33.42515733754036,38.55318688924182
2028-06-12,35.72919976764291,33.06764527040229,38.31122234661635
2028-06-13,35.63080598001438,32.891141355660224,38.2555676485409
2028-06-14,35.37233074561145,32.66687956087441,37.999016998740395
2028-06-15,35.266393122063235,32.63012946572914,37.81433499452344
2028-06-16,35.347049861580025,32.52843737938944,38.101213737007924
2028-06-17,35.071279153683996,32.2564720353288,37.498954014221766
2028-06-18,35.07987270662728,32.45050844302388,37.679736212302195
2028-06-19,34.98082595894974,32.21367941371494,37.64129864541775
2028-06-20,34.88839381571476,32.179991275122326,37.4407961007113
2028-06-21,34.63496668633101,31.97238846785133,37.352408220077685
2028-06-22,34.53262425595397,31.80736179958749,37.078672541144606
2028-06-23,34.61490264860272,31.992348564008186,37.35838299454463
2028-06-24,34.33829881683906,31.613841867731264,37.07864728031612
2028-06-25,34.34318280258597,31.655539222695158,37.162973779799884
2028-06-26,34.23720700821496,31.386534095768848,36.85280118304544
2028-06-27,34.13437924021292,31.50884996685696,36.76796713666814
2028-06-28,33.86695370928863,31.09096918608459,36.54234075258495
2028-06-29,33.746996883602534,30.935915970558447,36.19034896569308
2028-06-30,33.80816339236253,31.49500042238134,36.47904439437587
2028-07-01,33.507205443215014,30.832477468425573,36.44748938730452
2028-07-02,33.48488612851635,30.74535831127673,36.18091496521506
2028-07-03,33.34938560174955,30.793056402523295,36.067180141903435
2028-07-04,33.21536684667724,30.5863937190261,35.917812941171874
2028-07-05,32.915855304867414,30.36209660669738,35.43269283094514
2028-07-06,32.76378946113641,30.17787237312638,35.30184090953192
2028-07-07,32.793777904460796,30.18894266935437,35.42741697607325
2028-07-08,32.46358675837021,29.821938248111277,35.097049760790036
2028-07-09,32.415028386192276,29.91765218135454,34.996216872596555
2028-07-10,32.257340969135164,29.613763364079603,34.585309098960565
2028-07-11,32.10622636678303,29.4873496311428,34.86838594161764
2028-07-12,31.795701264606258,29.234076018567155,34.53352416069212
2028-07-13,31.639619479022322,29.05458372723226,34.2153365231029
2028-07-14,31.67340171946038,29.01216038477382,34.32492903260262
2028-07-15,31.355497472385142,28.74923464109731,34.0949239443642
2028-07-16,31.32825065120495,28.65672435125164,33.66236134591704
2028-07-17,31.20125929496431,28.614501954932813,33.95129573116086
2028-07-18,31.090397337029753,28.429803650526754,33.59846059594983
2028-07-19,30.829653968736185,28.310693148493954,33.34338613799766
2028-07-20,30.732648882037374,28.000948820010304,33.300864251839144
2028-07-21,30.83435998436877,28.287214642528674,33.54323343355091
2028-07-22,30.592588415157113,27.841185185117826,33.054445079278636
2028-07-23,30.648832536835314,28.05290748149941,33.19998240620052
2028-07-24,30.611661074172797,28.005747651424038,33.318411608536515
2028-07-25,30.595753177320965,27.804637020012773,33.339254141521714
2028-07-26,30.43376055598093,27.68393101053479,33.11022663931783
2028-07-27,30.437849468101064,27.984159363834785,33.047421491414994
2028-07-28,30.64145854473844,28.010991310970667,33.29411296046031
2028-07-29,30.50079657317645,27.88860223286502,33.141145619760294
2028-07-30,30.655751125959476,27.91695519452469,33.15988049126355
2028-07-31,30.713297366859592,28.11314769692787,33.482582533866136
2028-08-01,30.78657393052284,28.141218576692022,33.43763035524458
2028-08-02,30.70678013178883,28.019641449681075,33.36712263310944
2028-08-03,30.784751407282712,28.080517907335874,33.27720410728152
2028-08-04,31.052748124058343,28.333258636608434,33.640537000385216
2028-08-05,30.965981086962724,28.331237068894545,33.561526926530895
2028-08-06,31.163543919526248,28.316852674889855,33.735284920443576
2028-08-07,31.25184103315272,28.849976742294928,33.78184717971279
2028-08-08,31.343677578408954,29.013002215059238,33.92305506841751
2028-08-09,31.270165258269156,28.447464515998497,33.850263859346285
2028-08-10,31.342300666975003,28.74489195631868,34.05816633282675
2028-08-11,31.592751194098593,28.94857865013599,34.20447457774855
2028-08-12,31.47737187692761,28.803482829741146,33.88180145777085
2028-08-13,31.636123572957548,29.05515321405613,34.26184237147017
2028-08-14,31.676481504862025,29.180324395840543,34.20794119633864
2028-08-15,31.71250104125459,29.150124939390054,34.24788279713864
2028-08-16,31.57669518240607,28.716358307565475,34.276618904156315
2028-08-17,31.581581108239217,28.92701005275784,34.210123180661675
2028-08-18,31.761431608231835,29.06374006332441,34.375466457580316
2028-08-19,31.57375562229734,28.81710253570723,34.16748038989102
2028-08-20,31.660179154293633,28.854494960457057,34.35974209271319
2028-08-21,31.62981652115562,28.901555921877755,34.22144187211331
2028-08-22,31.598299708638713,28.958056283889032,34.355755625261416
2028-08-23,31.399621184123596,28.851932338864064,34.23600220880376
2028-08-24,31.34764835605185,28.573735977363903,34.074570359208444
2028-08-25,31.477846261414673,28.710111564152882,33.897922461279016
2028-08-26,31.24873338256074,28.635685706521016,34.05974386762512
2028-08-27,31.302742420605806,28.69917466762641,33.64478796197256
2028-08-28,31.249576433644297,28.610059591370785,33.865804797299205
2028-08-29,31.205228424948917,28.820853437531692,33.820778133743474
2028-08-30,31.003819907660745,28.2689676398735,33.61099373241262
2028-08-31,30.9591166701243,28.306242501451454,33.403944044143664
2028-09-01,31.10625821687988,28.43710992838991,33.7232340502254
2028-09-02,30.903225543255914,28.163114344252065,33.42345454931591
2028-09-03,30.99171869849205,28.37558827400509,33.59014698379228
2028-09-04,30.980534055319108,28.273123943340412,33.68993942327231
2028-09-05,30.9846087771327,28.44046030702739,33.53682577334801
2028-09-06,30.836887328313907,28.04361682182044,33.37795996232776
2028-09-07,30.849867502884706,28.140320576002793,33.58865579013554
2028-09-08,31.057361650113563,28.140700706781658,33.52423039399143
2028-09-09,30.915996932750772,28.189082110188455,33.48088693586722
2028-09-10,31.06612524673094,28.38069587806733,33.71329643086065
2028-09-11,31.115231912109945,28.60896719169072,33.81634215135571
2028-09-12,31.177009857337094,28.581596253360473,33.8216216735966
2028-09-13,31.083253432106304,28.62667467174391,33.58847443819877
2028-09-14,31.145428690341866,28.481609851531772,33.66226756399999
2028-09-15,31.396455280447498,28.91007881937602,34.1337952257692
2028-09-16,31.29222334205552,28.477463263883735,34.08897292814558
2028-09-17,31.472515716323215,28.949096576924216,34.01710953936596
2028-09-18,31.544424379069945,28.99314870815026,34.075815338582316
2028-09-19,31.621427742593486,29.04987481199416,34.27530134687644
2028-09-20,31.535283009095057,28.791906739397856,34.15972703428223
2028-09-21,31.59759058505989,28.91082745743124,34.33870532398939
2028-09-22,31.841565974692806,29.350336483302367,34.62223708155586
2028-09-23,31.723542935650038,29.125309799223803,34.06846886737274
2028-09-24,31.88387867867201,29.146106978123278,34.74338129553532
2028-09-25,31.930350570386484,29.303476688566892,34.433784727006405
2028-09-26,31.977211593887564,29.075444316529126,34.645683080209714
2028-09-27,31.857059399422784,29.33314958737084,34.583171038993655
2028-09-28,31.882376625742232,29.264569748855653,34.42453637626255
2028-09-29,32.08727858405035,29.407192176023763,34.7711703153748
2028-09-30,31.928992745543525,29.333809427976902,34.754416616096094
2028-10-01,32.04874143775624,29.51097086726936,34.72776728352783
2028-10-02,32.055117781829864,29.378217646860975,34.64273176659982
2028-10-03,32.06312263257489,29.253398864282047,34.69137557917252
2028-10-04,31.90601778257913,29.322123943435283,34.46627649370766
2028-10-05,31.896853451411644,29.231908609547318,34.52400680284786
2028-10-06,32.070206396411315,29.292898705902232,34.56513326522545
2028-10-07,31.883653230258027,29.285601986621558,34.633622717644876
2028-10-08,31.978650392767637,29.38830647205943,34.57518821456654
2028-10-09,31.96391075090918,29.448678647717056,34.512405165714945
2028-10-10,31.954444434664307,29.28121315699322,34.666734180622846
2028-10-11,31.78341892682044,29.0976620541043,34.23338435356764
2028-10-12,31.763696105061932,29.013878152182468,34.525003137465895
2028-10-13,31.92958218247553,29.234189985465218,34.39799230522272
2028-10-14,31.738314686769687,29.159525609162145,34.3754504970879
2028-10-15,31.830957441225404,29.250960877087817,34.325639634376046
2028-10-16,31.815793012726385,29.140277142241217,34.46901164459069
2028-10-17,31.80737971772968,29.102311866847007,34.50807020044816
2028-10-18,31.63842769516218,29.08021535770492,34.29305587667062
2028-10-19,31.621351258436288,29.012019680020224,34.43086044999786
2028-10-20,31.790033023579817,28.983393977905973,34.46760033335053
2028-10-21,31.60132355469737,28.94247209983774,34.033568084798546
2028-10-22,31.695947151423624,29.21257833083556,34.29393003606182
2028-10-23,31.681902975198042,29.11914634457092,34.182011418980295
2028-10-24,31.673528412941096,29.242422694253733,34.233628955229264
2028-10-25,31.50337907510907,28.796074884368167,34.10154151982562
2028-10-26,31.483782610073778,28.932777669155325,34.14899057513581
2028-10-27,31.648601882220436,28.767239720356063,34.00918876011538
2028-10-28,31.454731382295012,28.768029228869437,33.835513813816455
2028-10-29,31.54299769307017,29.065846588291837,34.02242407154955
2028-10-30,31.521553468425406,28.980722013871357,34.27323052249949
2028-10-31,31.504932138664717,28.917060151879742,34.184736863263744
2028-11-01,31.32591809485404,28.643231518307786,33.87215547318873
2028-11-02,31.297089918879884,28.516454302604586,33.93763728247786
2028-11-03,31.452572607118526,28.870214493233245,34.03599963605004
2028-11-04,31.249523058918413,28.640133881663363,33.79018827295238
2028-11-05,31.329020044435595,28.53032586290979,34.012326633784795
2028-11-06,31.299448477385987,28.55784695379268,33.91779169468935
2028-11-07,31.27554553717749,28.403634880057904,34.00788898545075
2028-11-08,31.090263678506698,28.583015704093945,33.57838497008536
2028-11-09,31.05630832530173,28.530710675618458,33.69954043686737
2028-11-10,31.20788636498584,28.377667304754407,34.009168116142604
2028-11-11,31.00218981559161,28.337208881831057,33.62249138386345
2028-11-12,31.080285912164904,28.28250928904768,33.66855151549062
2028-11-13,31.05050340043207,28.479535150726946,33.83160817678429
2028-11-14,31.0274824771117,28.448988305554494,33.57442464052488
2028-11-15,30.844043246748516,28.07100322991702,33.43585046246802
2028-11-16,30.81273026694015,28.298066852364162,33.63667597902018
2028-11-17,30.967569024404398,28.36465806954249,33.41193268757347
2028-11-18,30.765558401986492,28.264487693390826,33.41503058961131
2028-11-19,30.847570042899832,28.27152384314831,33.36653861859177
2028-11-20,30.82174404399352,28.198785862931278,33.68994732238375
2028-11-21,30.802548057662836,28.26918088595704,33.30954887981838
2028-11-22,30.622654321293105,27.811133987102238,33.200295221357536
2028-11-23,30.59449185601713,28.126652340969656,33.346196297832826
2028-11-24,30.752009379338173,28.09227755812112,33.4061409482547
2028-11-25,30.552172736396727,27.71514122591711,33.30104184300219
2028-11-26,30.63586755213534,28.031204725493655,33.32723393463663
2028-11-27,30.61129639067872,28.01290973451724,33.3442598598261
2028-11-28,30.593037419730695,27.959792494352044,32.98864996453238
2028-11-29,30.41391908388802,27.55574003398998,33.08525693398221
2028-11-30,30.386568081309456,27.66387521862293,33.12025287760167
2028-12-01,30.5451663072954,27.87291040992125,33.3901400060909
2028-12-02,30.346940751298046,27.86220600144731,33.0291056665097
2028-12-03,30.433057288471847,27.85895331583306,32.78156592823414
2028-12-04,30.412007940486994,27.70555202308798,33.15418490099481
2028-12-05,30.398658932105867,27.66182673987061,32.93456232594986
2028-12-06,30.226114405786657,27.521317903826198,32.791460176567156
2028-12-07,30.207253465155294,27.542707595837953,32.712666343938274
2028-12-08,30.376476592932935,27.563254619557107,33.04433495279293
2028-12-09,30.191185804911644,27.47742014737978,32.67021832263108
2028-12-10,30.292669836709994,27.944007618874473,33.102538313077396
2028-12-11,30.289484262140874,27.56454895356177,33.07854955525601
2028-12-12,30.296494151308398,27.69215523814847,33.03796570356628
2028-12-13,30.14673435994278,27.394074468161723,32.84022003619541
2028-12-14,30.152945289504665,27.593941177649604,32.887100801965694
2028-12-15,30.349320265383916,27.62910447054596,32.76098729183526
2028-12-16,30.192988925364453,27.467252614483677,32.881488741534895
2028-12-17,30.324907872329355,27.72724202162431,33.20377850041267
2028-12-18,30.353248374358316,27.766334483010308,33.10515598195244
2028-12-19,30.392448534162266,27.65893028419668,33.170180119637116
2028-12-20,30.275084767649606,27.612279078053646,32.86416592006995
2028-12-21,30.313420120773095,27.712166825918317,32.93231815943656
2028-12-22,30.54116521193281,28.01689880746044,33.1954387334942
2028-12-23,30.414975792813227,27.591760032746414,33.00950022742889
2028-12-24,30.57535775515447,28.05729393995002,33.36302447809799
2028-12-25,30.630068925704695,28.028993778823054,33.254168296239605
2028-12-26,30.693184629616454,27.949787831137883,33.333001018227385
2028-12-27,30.596981433201847,27.896671751995804,33.342203619593334
2028-12-28,30.65349619265941,28.117419239224283,33.43655747855645
2028-12-29,30.8962958326365,28.22117808912912,33.473407815496586
2028-12-30,30.781981534985498,27.9572837058469,33.447987790311664
2028-12-31,30.95109791393864,28.31465439429484,33.64114518695019
2029-01-01,31.011536338517757,28.661436524685147,33.61356479655559
2029-01-02,31.07759927738665,28.44583329561952,33.66129676784102
2029-01-03,30.98188005272398,28.31092230874905,33.4617105968709
2029-01-04,31.036815188013406,28.49944382332834,33.89487804299377
2029-01-05,31.276444913912314,28.6391238179233,33.9887695564857
2029-01-06,31.157905731882327,28.379075654631947,33.92495006019211
2029-01-07,31.32232590457116,28.512257489716536,33.66840235362489
2029-01-08,31.378213392314294,28.694832561415296,34.063267397133146
2029-01-09,31.440503525415636,28.811473733175802,34.1895500488393
2029-01-10,31.342421257581435,28.633788827663597,34.06842540159797
2029-01-11,31.397015675449236,28.70786660880017,34.077733958870546
2029-01-12,31.638902835619245,28.95068593814116,34.308383249303446
2029-01-13,31.525741338398735,29.002926590641888,34.32503357269454
2029-01-14,31.699112004294538,29.180778930088024,34.59514946192167
2029-01-15,31.76789164211854,29.133687555272896,34.43425057224887
2029-01-16,31.847288626475358,29.386744994182497,34.53001632890322
2029-01-17,31.77069550353704,29.09984968019277,34.466238997508185
2029-01-18,31.851216607599124,29.32971595893499,34.50498388996142
2029-01-19,32.123406991626815,29.45869245766633,34.777647944940156
2029-01-20,32.044747229644805,29.486613882339512,34.58975504873469
2029-01-21,32.256525517182794,29.33506336258918,34.76391017352903
2029-01-22,32.36721702795449,29.5481033688085,35.05493081147475
2029-01-23,32.49152812288322,29.925391675149445,35.11938919725612
2029-01-24,32.462260420603194,29.72209174602274,35.12144595853366
2029-01-25,32.591852419275114,30.060579936609418,35.124902402012054
2029-01-26,32.91413460525489,30.23198670468655,35.565804169191544
2029-01-27,32.88582217378582,30.2838601595327,35.50511289505003
2029-01-28,33.14741630226531,30.471332868378774,35.92214200705351
2029-01-29,33.3066034092638,30.69046052792303,35.946322447023505
2029-01-30,33.47731944592073,30.744225107621116,36.122455341231145
2029-01-31,33.491633670615215,30.999275091039987,36.1639116464474
2029-02-01,33.6613090457185,30.963510854850075,36.213828064940905
2029-02-02,34.01957466415488,31.186248825072582,36.534573107295074
2029-02-03,34.02263384156961,31.370350637127174,36.77701704723926
2029-02-04,34.31057837812179,31.82485531957348,37.06556436127126
2029-02-05,34.4907980521138,31.905731224297984,37.18262168607337
2029-02-06,34.67705209778349,32.00176922047461,37.36383204838539
2029-02-07,34.70135690918893,32.08909220464609,37.31750498403912
2029-02-08,34.87554699193174,32.25883151709826,37.56072391687482
2029-02-09,35.23304454877904,32.626042063636916,37.944699222990316
2029-02-10,35.23036140994106,32.538220591810656,37.882580061497606
2029-02-11,35.508003981563654,32.89099546830807,38.04293503184182
2029-02-12,35.67387053437088,32.99260678960213,38.48678743926345
2029-02-13,35.84230792732744,33.29613640123897,38.54719622157205
2029-02-14,35.84598242417035,33.1033870048881,38.41305789847545
2029-02-15,35.99742210179081,33.304889790665634,38.67964923046665
2029-02-16,36.33076676180502,33.74560645914098,38.98040931431295
2029-02-17,36.303249614003846,33.85212626171826,38.840107553689265
2029-02-18,36.55608198008159,33.893600206832,39.031478494176845
2029-02-19,36.69783091459474,34.217291628278865,39.28131318083021
2029-02-20,36.843457396732845,34.257830097094384,39.548915300447355
2029-02-21,36.82617027682731,34.227333789939756,39.314732203790065
2029-02-22,36.95895395506338,34.49028896326703,39.637830962757015
2029-02-23,37.27630612035717,34.78446803329529,39.92394362963365
2029-02-24,37.23571016111133,34.56355007822863,39.92546976959437
2029-02-25,37.47851375541483,34.96182426394729,40.155691403136274
2029-02-26,37.61330370551271,34.96146569580034,40.301230480873066
2029-02-27,37.75494474173144,35.22193290652066,40.39097205117057
2029-02-28,37.73643745310533,35.0844587773295,40.508643871658094
2029-03-01,37.87045319774092,35.28312528428165,40.36319919934499
2029-03-02,38.191082102575535,35.72616006894957,40.621002033636834
2029-03-03,38.15531845815474,35.77558363787944,40.646963751930905
2029-03-04,38.40395463114101,35.89283041172799,41.06079046921327
2029-03-05,38.544973106991364,36.14871952057084,41.17906262365412
2029-03-06,38.6926038811892,36.24316067773559,41.203699576816454
2029-03-07,38.67920180986005,35.91734437097939,41.1998876877005
2029-03-08,38.81680120283387,36.13798896579115,41.61268250629965
2029-03-09,39.13888319176701,36.53952899082801,41.741573788529806
2029-03-10,39.101879611839465,36.43066295929372,41.630817022342235
2029-03-11,39.34608397911724,36.82453248096594,42.003183181939235
2029-03-12,39.47905867763252,36.81609823684593,42.0783512416564
2029-03-13,39.61470513308793,36.9880617279647,42.09596126600222
2029-03-14,39.58515121233469,36.95423986075864,42.236286650016034
2029-03-15,39.702312840627364,36.9693049549882,42.28009985798119
2029-03-16,39.99966516742248,37.40726131640675,42.75119635854645
2029-03-17,39.93374691245339,37.32472986957712,42.61384203752617
2029-03-18,40.145068465536816,37.54675513745066,42.77859393348014
2029-03-19,40.241512943940656,37.62209712637424,42.9244537747111
2029-03-20,40.33739716971524,37.68713713717578,42.87931149932168
2029-03-21,40.26534708182787,37.692304973874975,42.97119870781542
2029-03-22,40.33784493290463,37.581713719428876,42.89314943210157
2029-03-23,40.588984030653236,37.99028652285075,43.03105303806606
2029-03-24,40.47595514385285,37.69069608760614,43.21085159541486
2029-03-25,40.63993567894751,37.847300416645616,43.21841159351002
2029-03-26,40.68947139241723,38.09458034818947,43.318040068495804
2029-03-27,40.73951817478064,38.02403399815487,43.29906810707609
2029-03-28,40.62329898981428,37.98942779332261,43.321944146110305
2029-03-29,40.65383386594126,37.95837749740749,43.32177204447438
2029-03-30,40.865679209334715,38.364667753149014,43.59444720633681
2029-03-31,40.71640101532445,38.07891624763094,43.280394219497055
2029-04-01,40.847453474655026,38.19628507443403,43.29348875335281
2029-04-02,40.86755305246014,38.07501390968432,43.492690922573345
2029-04-03,40.891715801567265,38.17524045414829,43.43081092750335
2029-04-04,40.753113125736746,38.16164445471332,43.51755268311224
2029-04-05,40.764603924322444,38.09388762919098,43.403062906869614
2029-04-06,40.96047932378364,38.33875820164493,43.56011907445486
2029-04-07,40.79794441191471,38.24599789559984,43.400683437670395
2029-04-08,40.91800821864053,38.188019322798304,43.32332125047694
2029-04-09,40.928871684163184,38.11118310716127,43.441855485638186
2029-04-10,40.9449809645012,38.432158612053385,43.63580672882293
2029-04-11,40.79890081624203,38.216129505241334,43.56938217092135
2029-04-12,40.80286546991314,38.14325416392064,43.391642012441466
2029-04-13,40.990542642638,38.30195605945212,43.736198084314424
2029-04-14,40.818534534774344,38.18798556937838,43.30680264202122
2029-04-15,40.927286483850054,38.23278358852951,43.65911864975148
2029-04-16,40.92449246355164,38.10193879669994,43.593918981879824
2029-04-17,40.92416425864549,38.35961263218934,43.44764024783269
2029-04-18,40.75851858776607,38.18299180035344,43.43719108172169
2029-04-19,40.73953917683785,38.033428996685075,43.227115167627886
2029-04-20,40.900749102326984,38.125067269731254,43.428595660634706
2029-04-21,40.69871700270435,37.955811385802434,43.39364807828873
2029-04-22,40.77396767743405,38.19008969019272,43.44293303611742
2029-04-23,40.73438620413351,37.91712631108637,43.27280102139984
2029-04-24,40.694282446288966,38.074614587457546,43.348550814562536
2029-04-25,40.486270362254785,37.77784106488931,43.200511182221014
2029-04-26,40.422819350193734,37.75401527136656,43.0868958937866
2029-04-27,40.53801326636213,37.839348867382625,43.25440755860073
2029-04-28,40.289041109892246,37.635992628014456,42.97400403285983
2029-04-29,40.317090353205934,37.73383545230548,42.82970350583752
2029-04-30,40.23073255963017,37.68493001395843,42.73872028204798
2029-05-01,40.14496870747999,37.72086056203508,42.93196502907847
2029-05-02,39.89308919782287,37.244707742115175,42.375645651031775
2029-05-03,39.788206349775315,37.10229950463507,42.269004125430385
2029-05-04,39.864995575545045,37.33711170390562,42.61190762213383
2029-05-05,39.58116975239338,37.139618091572835,42.30966327671183
2029-05-06,39.57835824802437,37.05498658058859,42.14711471382944
2029-05-07,39.46548065758484,36.826882490022285,42.14605652652693
2029-05-08,39.35778301490758,36.74325412824815,41.872468064272525
2029-05-09,39.088691715025476,36.709597465931864,41.572431731301506
2029-05-10,38.97134312037592,36.48551478759523,41.75358482210635
2029-05-11,39.04032511521386,36.25795005601231,41.60728093741842
2029-05-12,38.753155099290424,36.218312177655584,41.30304386568051
2029-05-13,38.751165753632556,35.97949308705708,41.236566530405554
2029-05-14,38.6428884191955,35.990520489007636,41.35790762059319
2029-05-15,38.54310154636492,35.7100448928589,41.071139800770524
2029-05-16,38.28469906982891,35.71808478792552,40.87506528202351
2029-05-17,38.18023623238166,35.555983681966865,40.895660469618
2029-05-18,38.263688620641815,35.61167435597479,40.968950330174046
2029-05-19,37.99194836477958,35.17477624344232,40.553933034419
2029-05-20,38.00572827508607,35.24509537900431,40.421461054289885
2029-05-21,37.91296319215349,35.17327228442846,40.42932074742966
2029-05-22,37.82787545796219,35.16805051372644,40.5292599281813
2029-05-23,37.582858841742144,34.978176058526394,39.99678610618644
2029-05-24,37.490037969672265,34.88221111856185,40.040207739911764
2029-05-25,37.58303860759154,34.93544972662823,40.05109426410311
2029-05-26,37.318492408523696,34.72829361557639,39.901854258154096
2029-05-27,37.3369466417258,34.773057956658725,39.79970947105189
2029-05-28,37.24626801614859,34.47659919510751,39.94801782012905
2029-05-29,37.160707439215614,34.39920832736275,39.759683085287925
2029-05-30,36.9127800783562,34.181001640278005,39.79037926606548
2029-05-31,36.814817907080766,34.22369034850689,39.39463103444485
2029-06-01,36.900730313005376,34.19476290997891,39.48107948317533
2029-06-02,36.62749669667286,34.09008146871166,39.37128748196446
2029-06-03,36.6360619743873,34.179782510242035,39.399576687318046
2029-06-04,36.534724561965255,33.71867901058974,39.16851583887875
2029-06-05,36.4381841978979,33.81038016411551,39.08851346720461
2029-06-06,36.17940452872756,33.396804489249085,38.755714328847404
2029-06-07,36.071148214581065,33.59558735625761,38.62169552447226
2029-06-08,36.14772071152476,33.49130533386444,38.814453407983265
2029-06-09,35.86644722387692,33.17072785600308,38.57572682295585
2029-06-10,35.86855427144279,33.22231441847999,38.48542434020408
2029-06-11,35.76254593094214,33.21650625088331,38.44456029313893
2029-06-12,35.66324252767525,32.94160777062359,38.345898439234126
2029-06-13,35.40363703934957,32.54801588733795,37.98474977201671
2029-06-14,35.29642721942801,32.3988268102213,37.97041574976829
2029-06-15,35.375759747498925,32.87189493491852,38.1769043600665
2029-06-16,35.09871094645241,32.55232145286604,37.70801262179276
2029-06-17,35.10617545096801,32.592605852718584,37.700348865273675
2029-06-18,35.00625271964655,32.42205090903063,37.81954113279988
2029-06-19,34.91329889704286,32.23571723589445,37.53338239355537
2029-06-20,34.65979892180908,32.06610269715295,37.18193733994888
2029-06-21,34.55791643640731,32.00152098630782,37.23558292012344
2029-06-22,34.64125728041541,31.753677864507402,37.343576715960545
2029-06-23,34.366370522968786,31.735096589479394,36.837940129708585
2029-06-24,34.373657792677555,31.65221575851054,36.79710044465374
2029-06-25,34.27078014754675,31.452269807031755,36.894565729940595
2029-06-26,34.17172933691119,31.350385669051825,36.730191811903914
2029-06-27,33.90871771247041,31.181171839368872,36.668997751589146
2029-06-28,33.7937437393227,31.18872665050992,36.45867312929181
2029-06-29,33.860368337601834,30.983836416708726,36.69515163584925
2029-06-30,33.565225529278194,30.8583875953301,36.09112099528448
2029-07-01,33.5489377534167,30.837736351885532,36.154609415657845
2029-07-02,33.419524796421705,30.81344429802619,35.962045724943074
2029-07-03,33.29147300273443,30.690604500725946,35.87418411238804
2029-07-04,32.997618953430894,30.273751604751947,35.63373190656207
2029-07-05,32.85070461486797,30.222146713932933,35.69187000211403
2029-07-06,32.88513936077723,30.156366808858767,35.42786133269872
2029-07-07,32.55849263391719,29.946350981254078,35.382864876692146
2029-07-08,32.51238801437504,29.914535973571894,35.15313323378801
2029-07-09,32.35588814758327,29.77366112096737,35.13962793136779
2029-07-10,32.20453779407252,29.613679212674885,34.85593188892109
2029-07-11,31.89221985940419,29.154061253505397,34.49606974623654
2029-07-12,31.73268213424675,28.973510247619313,34.193605025133806
2029-07-13,31.761270912964015,28.981249110542937,34.38499631950862
2029-07-14,31.43639603792529,28.73428833192167,33.899644592473635
2029-07-15,31.40039891246156,28.693759266385662,34.21865460289043
2029-07-16,31.262913684140436,28.63293741834229,33.97178959057385
2029-07-17,31.139889560602768,28.392372826644703,33.833835866695466
2029-07-18,30.865429748156938,28.218605936151285,33.509337652805655
2029-07-19,30.7533052878369,28.238014654738055,33.65172794179567
2029-07-20,30.83868039878319,28.38677523305438,33.47371117585433
2029-07-21,30.579574200965855,27.83688649280952,33.14733543594203
2029-07-22,30.617730557624807,27.845981885958537,33.08395965815443
2029-07-23,30.561986302314953,27.88271814689903,33.14765732582864
2029-07-24,30.52730573826246,27.816394572735064,33.185546149453785
2029-07-25,30.346636688268124,27.685718785984854,32.968771207005446
2029-07-26,30.33244602453731,27.68594316128229,32.976393380301516
2029-07-27,30.51847081747741,27.96765084617494,33.05600959377633
2029-07-28,30.36120939029516,27.797577355084005,32.990426644793295
2029-07-29,30.500823334778076,27.740478281361078,33.06880773482081
2029-07-30,30.54453998564142,27.9714867254218,33.313470315894094
2029-07-31,30.605722410726848,28.088964981510617,33.33861380275453
2029-08-01,30.51576132347859,27.845495222224613,33.28906279616032
2029-08-02,30.58564595668679,27.968675456724075,33.15370788146758
2029-08-03,30.847749150856668,28.31105534934247,33.621108264169735
2029-08-04,30.757350086532554,28.174837723793864,33.29554627036714
2029-08-05,30.953564909429957,28.276946021004335,33.57729100397648
2029-08-06,31.04277401157974,28.43093612887246,33.604503649107485
2029-08-07,31.13771238374229,28.606298588374713,33.51064779179431
2029-08-08,31.06937691284111,28.467047207883294,33.654285083180795
2029-08-09,31.148607254463965,28.398382312250504,33.954270286217735
2029-08-10,31.407875259780198,28.877804996877146,34.103490337281976
2029-08-11,31.302806254664695,28.738212637030855,33.85684051994285
2029-08-12,31.473102434613306,28.9566516742549,34.1115415444802
2029-08-13,31.525957299565086,28.992085703361084,34.23363549858897
2029-08-14,31.575127847006122,28.838256440811417,34.2143910901286
2029-08-15,31.452818834649232,28.711620667628285,34.005218779638746
2029-08-16,31.471236303407036,28.943443774511866,34.15610374754224
2029-08-17,31.66434600919487,29.05824977690347,34.3333720529933
2029-08-18,31.489360821622373,28.75705044534127,34.178969206191184
2029-08-19,31.587628184633903,29.030999636330993,34.248113270077916
2029-08-20,31.56800744426009,28.799993121839552,34.24548589280735
2029-08-21,31.54590466948222,28.836082005583187,34.14476604796059
2029-08-22,31.355120188138702,28.69917125000094,33.962847572078104
2029-08-23,31.309366918645765,28.763222629284225,34.059485768173296
2029-08-24,31.443995992638747,28.611620311293038,34.04103118824753
2029-08-25,31.21745450787725,28.770777365947733,33.931818290343045
2029-08-26,31.272147202785074,28.595455485187767,33.94535533966938
2029-08-27,31.217792451455217,28.657439775163372,33.93118183860667
2029-08-28,31.170440681574156,28.49333957514091,33.95665655283999
2029-08-29,30.964310784954122,28.18162462808427,33.563227965939205
2029-08-30,30.913302812497417,28.161668981596073,33.56627686690066
2029-08-31,31.052723518730556,28.48408080272683,33.584559143982396
2029-09-01,30.840749523899525,28.187336423673777,33.44400737221504
2029-09-02,30.919299675243256,28.326390574092677,33.464947270312074
2029-09-03,30.89740666531282,28.291927279777433,33.46140235398989
2029-09-04,30.890255547757572,28.200945998048404,33.52390840459447
2029-09-05,30.73104415068447,28.004161982065856,33.3240251382907
2029-09-06,30.7325230184792,28.10831791980168,33.37970497359601
2029-09-07,30.92875071343047,28.256411419302168,33.93032791052602
2029-09-08,30.77658845854285,28.36524139056698,33.70006505392568
2029-09-09,30.916604885388782,28.425308837072528,33.629928355020716
2029-09-10,30.95648011759464,28.322612135704397,33.44082639383613
2029-09-11,31.010076015769556,28.257849305067722,33.367609949510566
2029-09-12,30.90932680323326,28.44095463817561,33.48525707767681
2029-09-13,30.965806976696182,28.284443491781673,33.652761228931524
2029-09-14,31.212511678858252,28.675522855115343,33.83959588143523
2029-09-15,31.105372948515186,28.47502855622761,33.69171812576355
2029-09-16,31.28418214822196,28.832969526442426,34.09678362506892
2029-09-17,31.35600744897808,28.5740731409309,34.11138180121604
2029-09-18,31.43427296647033,28.782147971672778,34.066748108870506
2029-09-19,31.350653660843278,28.666484940372708,34.075378598433126
2029-09-20,31.416642921057267,28.767452443080664,34.07788823297039
2029-09-21,31.66532814911629,29.108982661848103,34.298527445941055
2029-09-22,31.55289801323015,28.983270796837257,34.32281443182144
2029-09-23,31.719552029328632,29.063376880124498,34.46397684542513
2029-09-24,31.77290180359994,28.985722259286295,34.40542584511121
2029-09-25,31.827031063242927,29.18346851911487,34.49002034906441
2029-09-26,31.71436918311198,29.201106098475588,34.35327544635973
2029-09-27,31.747235770316756,29.048166915360483,34.265475986157945
2029-09-28,31.95959228959201,29.329077418427524,34.5064328790912
2029-09-29,31.808525073480155,29.272036520761038,34.481192508184236
2029-09-30,31.93513104024061,29.16880752651429,34.415445364722174
2029-10-01,31.94789608591153,29.4139265356346,34.65958812902777
2029-10-02,31.961733864745277,29.333896646671434,34.63223409556605
2029-10-03,31.809840190608472,29.199266626957225,34.40368775332947
2029-10-04,31.805221070999565,28.91435722581547,34.666842444413746
2029-10-05,31.98243071988295,29.273628639191468,34.439102122296845
2029-10-06,31.799044162488222,29.09268534137314,34.33750071119837
2029-10-07,31.89653592449902,29.164646562227443,34.62484864874324
2029-10-08,31.88365483980412,29.37768362746061,34.712689478905496
2029-10-09,31.875462657652072,29.04218917193454,34.42544665300779
2029-10-10,31.705191551067568,29.09456596108429,34.22191506557179
2029-10-11,31.68577831639496,29.124538452754813,34.24929379200743
2029-10-12,31.85161130640908,29.310399696071286,34.50693808315966
2029-10-13,31.660014335427746,29.0285042445362,34.19049784391294
2029-10-14,31.752138616310255,28.990544904406896,34.37329402973997
2029-10-15,31.736352287492153,28.9880635468323,34.260317139414624
2029-10-16,31.727294706846678,29.085640237453205,34.31111520464897
2029-10-17,31.55775009796907,28.646065508008046,34.19780013498874
2029-10-18,31.54019782632575,28.90004988963597,34.12435515215545
2029-10-19,31.70857485434052,29.07416373141749,34.438660258467834
2029-10-20,31.519774154296776,28.91798311302277,34.16705523457475
2029-10-21,31.614549726178627,29.000241087316017,34.18484880827005
2029-10-22,31.60091742417351,29.204557076194323,34.30163773661847
2029-10-23,31.593218481936944,28.77033284801834,34.159379801882395
2029-10-24,31.424000110403455,28.772714352740646,33.999455123833975
2029-10-25,31.40557031324921,28.603363734396385,33.98267848474004
2029-10-26,31.571762418433636,28.913777563311168,34.08267880637391
2029-10-27,31.379433135150066,28.701608604807475,33.937426867322756
2029-10-28,31.46936489187059,28.70553831901129,34.179137414092786
2029-10-29,31.449661840544643,28.652172321786956,34.23915225057649
2029-10-30,31.434806663436703,28.70710498587155,34.15969885980839
2029-10-31,31.257532858431922,28.598293902660032,34.06941112815711
2029-11-01,31.23036999445827,28.402164649887013,33.96301783053628
2029-11-02,31.38739781419953,28.697829295107887,34.15983825403794
2029-11-03,31.185733391236674,28.600495260844653,33.827422326330854
2029-11-04,31.26642250073877,28.425453297726964,33.989973692719985
2029-11-05,31.237824984209738,28.568167684974686,33.95011910584232
2029-11-06,31.214661619450638,28.454198866043395,33.87058395002081
2029-11-07,31.02987751316706,28.429554127458236,33.528017123229766
2029-11-08,30.996179805679503,28.124972510238237,33.50143460868459
2029-11-09,31.147785809570024,28.550518124467374,33.96361069977553
2029-11-10,30.941905973588888,28.24493297617769,33.46636686494732
2029-11-11,31.019632949228836,28.246029587441537,33.764409006234196
2029-11-12,30.989326589894546,28.197684019830003,33.43665790189984
2029-11-13,30.96566237345895,28.244730500616836,33.83279015216593
2029-11-14,30.781498177137866,27.943586621453747,33.25846661793445
2029-11-15,30.749417041167174,28.21418396673328,33.42191612244426
2029-11-16,30.903481831634803,28.089567340873863,33.61986901737021
2029-11-17,30.700725931503477,28.086915300638278,33.42277835492326
2029-11-18,30.782050933564893,27.99320487160769,33.242318138536284
2029-11-19,30.755620830932795,28.06155183980291,33.531414396835814
2029-11-20,30.73591984255856,28.12040330512507,33.43893321472958
2029-11-21,30.555628442661508,27.819763511944583,33.270145894886035
2029-11-22,30.52717487622953,27.974844619263607,33.29389213726222
2029-11-23,30.684497734524594,28.123853423556792,33.31181435402205
2029-11-24,30.484543412660578,27.805919676851822,33.019177010042185
2029-11-25,30.56816915616567,27.948779030274117,33.182463252564766
2029-11-26,30.543540974507547,27.88168791292318,33.32302781855075
2029-11-27,30.525193398406756,27.9633715912168,33.33519889079775
2029-11-28,30.345905551703897,27.878449165232873,33.01900957547471
2029-11-29,30.318250788090772,27.634967922059598,33.00673427571819
2029-11-30,30.476355502394547,27.896637546230114,33.16045114406494
2029-12-01,30.277391041198747,27.495538873271567,33.01333938277252
2029-12-02,30.362469586161893,27.510409934421492,32.88367996259741
2029-12-03,30.340033513278005,27.839992591179463,33.04391640806724
2029-12-04,30.324905481692962,27.703963869638205,32.98783523327892
2029-12-05,30.15015404243938,27.62991287820737,32.731306809269114
2029-12-06,30.12863236937832,27.31544405270346,32.76704365901299
2029-12-07,30.294726095116303,27.775326282253364,32.86081745069862
2029-12-08,30.105834558415633,27.340065075880627,32.59080786697724
2029-12-09,30.2032567145301,27.463901862322004,32.90759539946341
2029-12-10,30.19557157329253,27.509173340250307,32.86918084104409
2029-12-11,30.197680751654943,27.614065613952885,32.79260284934793
2029-12-12,30.042668224260527,27.633735983622028,32.66850442412846
2029-12-13,30.043335117519774,27.404268696923527,32.707119861740146
2029-12-14,30.233945714426724,27.531312121196972,32.86541164022289
2029-12-15,30.0717090956471,27.478931821568118,32.83796873792748
2029-12-16,30.197667716907496,27.45519874352986,32.730324138121944
2029-12-17,30.2200827631925,27.77340926627844,33.05399278639045
2029-12-18,30.253483768838297,27.812380589795428,32.79378444122211
2029-12-19,30.130537418184915,27.23917727962871,32.69208994402559
2029-12-20,30.16359313634134,27.580298283912626,32.91028705294715
2029-12-21,30.386441340866753,27.590590687068506,33.20151603313289
2029-12-22,30.255808431277632,27.560033072743742,32.98803799716341
2029-12-23,30.412259425912303,27.759046656686664,33.087602061232595
2029-12-24,30.463597665765242,27.660127249581002,32.998996042963284
2029-12-25,30.523928635849593,27.710044264690595,33.190083330684864
2029-12-26,30.42554237597539,27.715404868858666,33.15724860047151
2029-12-27,30.48047165714066,27.705986610792323,33.1974786269409
2029-12-28,30.722261383975397,28.055389839472063,33.29265243405954
2029-12-29,30.607472925819753,27.9197382839676,33.32992112076846
2029-12-30,30.77659395967159,28.26424431205478,33.33299320778684
2029-12-31,30.83744297717312,28.213220425898932,33.4451114081831
2030-01-01,30.90423530659327,28.277682275439368,33.57202816474143
2030-01-02,30.809464997040372,28.243855395448353,33.49469734155806
2030-01-03,30.865459696341034,28.343249060541734,33.53886504357434
2030-01-04,31.10614402056434,28.55144650623862,33.759580140725035
2030-01-05,30.98853523780633,28.38702716392687,33.657696485234716
2030-01-06,31.153642049421265,28.437258075883456,33.60774463123824
2030-01-07,31.20985589593612,28.597195113584895,33.89037433518466
2030-01-08,31.27200198154243,28.54275546885469,33.94412995106559
2030-01-09,31.173204765923504,28.613567974520738,33.883864505043604
2030-01-10,31.22642550368374,28.528442914751064,33.8097050111908
2030-01-11,31.466207812960537,28.976756631854727,34.153143512375415
2030-01-12,31.35015560005662,28.747974180093887,34.10724840175429
2030-01-13,31.519814633724682,28.875149142198147,34.3083238616713
2030-01-14,31.58404769784277,28.84950682743713,33.97636640779511
2030-01-15,31.658070994163072,28.90051106826422,34.42334559556515
2030-01-16,31.57530698356689,28.666854394234903,34.125760390866134
2030-01-17,31.648911634483415,28.94204449523392,34.3614017974145
2030-01-18,31.913512385000775,29.345921365180633,34.460391439097755
2030-01-19,31.82668139711534,29.05958536412352,34.31377757803031
2030-01-20,32.02981556670834,29.306590815439165,34.719197424593936
2030-01-21,32.13151330066039,29.493432498009955,34.81734304284523
2030-01-22,32.246615724888365,29.700201805015535,34.868993930820594
2030-01-23,32.208067412706704,29.45339071972669,34.924072401558874
2030-01-24,32.32845441397989,29.900943127646574,34.936755090917536
2030-01-25,32.64175561905209,29.916150018861103,35.2428954605998
2030-01-26,32.60483168612901,29.822078068590884,35.22302662359061
2030-01-27,32.85832257818433,30.28991693284333,35.48255512916499
2030-01-28,33.01004324719835,30.326602295005806,35.70574245378583
2030-01-29,33.17404461298018,30.493679777763383,35.629851629685874
2030-01-30,33.182494381153646,30.557530174581363,35.93020907492925
2030-01-31,33.34723492323821,30.660785342079844,36.02879642468708
2030-02-01,33.70155369849928,31.058866063151548,36.37049122507232
2030-02-02,33.701689911095094,31.136165478783273,36.33976012440196
2030-02-03,33.98774794829816,31.151813253280885,36.59211442343899
2030-02-04,34.16710668653943,31.564080886150634,36.96137025073111
2030-02-05,34.3534914240681,31.785895025740768,37.108010940144524
2030-02-06,34.378862670436476,31.997152776918302,36.98086039805514
2030-02-07,34.55497878476082,31.885786107281326,37.234948296713775
2030-02-08,34.91516780186462,32.40171310573833,37.59128862155075
2030-02-09,34.91583209423446,32.395497900344715,37.567285510821584
2030-02-10,35.19735646631527,32.46319222668797,37.68393735297025
2030-02-11,35.36750891417474,32.73824604215727,38.07355987261453
2030-02-12,35.54050104707903,32.783841943948644,38.2408590671651
2030-02-13,35.548862723828655,32.66647780069339,38.0730792424952
2030-02-14,35.70498829437991,33.07974136285938,38.51145254385726
2030-02-15,36.0428902490647,33.42795131096942,38.72029175212353
2030-02-16,36.0196844378447,33.2705025648312,38.8308082329471
2030-02-17,36.27647800747154,33.56384471933974,38.79464230298984
2030-02-18,36.42174986168892,33.800705238979674,39.060105546549636
2030-02-19,36.57039121755846,34.060729789212225,39.35193996675539
2030-02-20,36.555561375075015,33.96986884175227,38.98114478508719
2030-02-21,36.6902166263614,33.96805549195826,39.23157850858125
2030-02-22,37.008848598402004,34.47734875674433,39.72091205503932
2030-02-23,36.968956625158576,34.30348931519938,39.6703140343225
2030-02-24,37.21192565930981,34.472549192628406,39.75817421114583
2030-02-25,37.346399809720666,34.5821817957064,39.87409089616945
2030-02-26,37.487319268985054,34.660732912089344,40.086590334645315
2030-02-27,37.46777584420258,34.589539815965935,40.125314038259106
2030-02-28,37.60054501516631,35.118683395419616,40.281384140296844
2030-03-01,37.91983071376556,35.3575877810842,40.55178723514798
2030-03-02,37.88274722507461,35.273569615844615,40.69309560180023
2030-03-03,38.130209435499104,35.60965249580911,40.84658968325278
2030-03-04,38.270321147975395,35.69964880722707,41.014253942075065
2030-03-05,38.41742879187719,35.731912977434675,40.92316452753925
2030-03-06,38.40399524625438,35.785506576719335,41.01223428863069
2030-03-07,38.54215116264992,35.95317129904434,41.12419048254807
2030-03-08,38.865459415636344,36.36077493584022,41.38118866126961
2030-03-09,38.830416504668726,36.09565382804761,41.48565180872852
2030-03-10,39.07736156153542,36.24377567934911,41.59466085534221
2030-03-11,39.213882134551625,36.53312334057729,41.861839001413585
2030-03-12,39.3538835668166,36.710866662760765,41.82833621069735
2030-03-13,39.32947623020233,36.71279587672997,42.049346342158685
2030-03-14,39.45253761102257,36.69516421610592,42.103285152196804
2030-03-15,39.756484563452375,36.98677307167475,42.46788736740795
2030-03-16,39.69777932950901,36.98088959227523,42.52165843406647
2030-03-17,39.91683984885411,37.264683456067736,42.62102321257683
2030-03-18,40.021443496323336,37.15417311091247,42.69210010415369
2030-03-19,40.12579112979481,37.40575329499391,42.80463722946637
2030-03-20,40.06238587201675,37.53397614045824,42.65306666510767
2030-03-21,40.14358387618033,37.408452196669224,42.88912184134849
2030-03-22,40.40335272946928,37.546763731684855,42.977389873746944
2030-03-23,40.2987615059202,37.60390234228529,42.95340640277089
2030-03-24,40.47087346661844,37.90102407253912,43.08506166385102
2030-03-25,40.528131068017316,38.06963113577867,43.07697748638154
2030-03-26,40.58540071667354,37.971450031841,43.32003997243389
2030-03-27,40.47583226604313,37.968984669902284,43.06592603831823
2030-03-28,40.51239107660784,37.91972663174458,43.137451733319914
2030-03-29,40.72959884768484,38.09236529731348,43.145253969276695
2030-03-30,40.585007752581205,38.03237429505026,42.976411304280525
2030-03-31,40.7200793463714,37.908349852614535,43.21485699814509
2030-04-01,40.7435583152787,38.15499269534019,43.198494736045404
2030-04-02,40.77050883909452,38.17473514040402,43.4115284478281
2030-04-03,40.63416881046372,37.9951450429207,43.39974367831739
2030-04-04,40.647479888277545,38.13766995754641,43.45557161400765
2030-04-05,40.84482965259482,38.08238146688178,43.50199469422124
2030-04-06,40.68353035329153,37.94508964565767,43.241999948744834
2030-04-07,40.80470558474934,38.30566050795509,43.41817327183457
2030-04-08,40.816674725313106,38.07603495159092,43.49692727491265
2030-04-09,40.83400259608111,38.227743090988874,43.51874016239313
2030-04-10,40.68936918888647,37.98822503986815,43.1658052893543
2030-04-11,40.695116981179154,37.96316350715267,43.36579512769415
2030-04-12,40.88501159388748,38.284754757614074,43.51282241448247
2030-04-13,40.71573973628142,38.22050177244407,43.32083068714348
2030-04-14,40.827815201560085,38.05626656191838,43.261251754629676
2030-04-15,40.8289821795831,38.24324753792455,43.38669091688533
2030-04-16,40.833282782349464,38.51784087556295,43.47376169163826
2030-04-17,40.672943102942625,37.916248321457616,43.1904926101917
2030-04-18,40.65993484211274,37.941490360551825,43.250430289785264
2030-04-19,40.8277478348704,38.147596019776884,43.4531669918428
2030-04-20,40.632897069876776,37.95766244902254,43.14851239944814
2030-04-21,40.71583469694868,38.03270445022517,43.345587738972704
2030-04-22,40.68435611146684,38.17945704227939,43.27876212282121
2030-04-23,40.65266692970979,38.104831310029766,43.29174974642719
2030-04-24,40.45326519268283,37.75190058673686,43.10970958835631
2030-04-25,40.39849594734764,37.58652653167816,43.127122575445014
2030-04-26,40.52231374680945,37.75709002641083,43.029629956721195
2030-04-27,40.281776959658906,37.491396477691254,42.823671171996544
2030-04-28,40.31794476042957,37.782838676274665,43.12276008928025
2030-04-29,40.23926633476252,37.60245432303175,42.91344482268607
2030-04-30,40.160629612790196,37.542557177742374,42.8230155923409
2030-05-01,39.91522440772779,37.167042924199585,42.516839580139965
2030-05-02,39.816077671727676,37.24235708902539,42.523184481578134
2030-05-03,39.897796980654185,37.36267752629949,42.337389247953844
2030-05-04,39.61804669797782,37.14013749820262,42.33778341994444
2030-05-05,39.618428222980576,37.03595390882266,42.16520018483685
2030-05-06,39.507854347273785,36.9631986161436,42.27429429470698
2030-05-07,39.40158546623797,36.66679332697404,42.068325029022304
2030-05-08,39.133082885044644,36.424471997241874,41.79465890003825
2030-05-09,39.015537212889186,36.57155308644442,41.756640274696444
2030-05-10,39.08360814903807,36.392110006245034,41.54338528386074
2030-05-11,38.794900207575864,36.23614688454107,41.63983785051189
2030-05-12,38.790845784557526,36.126223523134264,41.40247174090911
2030-05-13,38.68008549207661,36.01234732269726,41.36904146845578
2030-05-14,38.57751331131387,35.944371490053115,41.22037676429407
2030-05-15,38.316141520683196,35.64205121682159,40.77919129354484
2030-05-16,38.208643028597386,35.851507359331286,40.73759369600531
2030-05-17,38.289106981014896,35.43258018075795,41.00831116030175
2030-05-18,38.014531700906005,35.45471727746484,40.63919717931493
2030-05-19,38.0257258322417,35.32907441338854,40.77694361250802
2030-05-20,37.93070705666099,35.38043539408803,40.595843793973124
2030-05-21,37.84376537032597,35.27526099304887,40.52274124464785
2030-05-22,37.59734532138369,35.24363308339531,40.375338710858145
2030-05-23,37.50360430793197,34.667155916268584,40.10874392376012
2030-05-24,37.59618231913312,35.20086426807346,40.20371370153696
2030-05-25,37.331706746368994,34.70168008618941,39.977185723833756
2030-05-26,37.35070277728042,34.72606948430447,40.01183690723581
2030-05-27,37.26099846283787,34.53042188949758,39.90089187462616
2030-05-28,37.176791257354445,34.60563299562223,39.771402438963044
2030-05-29,36.93053034081954,34.28078027955458,39.5577052359781
2030-05-30,36.83447183192541,34.10139932718932,39.53030009166181
2030-05-31,36.922442382623316,34.49659642435054,39.56703442977834
2030-06-01,36.65133498596132,33.73285155716514,39.48745051783888
2030-06-02,36.662007805678144,34.11052473801663,39.400443270024816
2030-06-03,36.562675495339185,33.82533630495621,39.26034647764905
2030-06-04,36.467960255332926,33.81547439817178,39.192188377163255
2030-06-05,36.21075744269224,33.63899814450471,38.857512830145296
2030-06-06,36.103773389587445,33.30215081350968,38.6225394856019
2030-06-07,36.181271493958675,33.363138825742354,38.74374319227539
2030-06-08,35.90055099416775,33.2665923304572,38.4575950473572
2030-06-09,35.90282980587023,33.24116392671227,38.66050957604843
2030-06-10,35.79662143040527,33.062831734347455,38.40627857979042
2030-06-11,35.69677367922292,33.01429986856904,38.093634630935824
2030-06-12,35.436324464421936,32.66948893043904,38.21420160689216
2030-06-13,35.32803267117259,32.672127864630845,38.04704905236492
2030-06-14,35.40612044818446,32.8739342708789,38.245544080524475
2030-06-15,35.12775150432008,32.48335878261768,37.69219023411131
2030-06-16,35.13391686259127,32.376509061625846,37.61299093809792
2030-06-17,35.03281804722485,32.582402047681605,37.54199970345605
2030-06-18,34.93891530780045,32.40711994049961,37.57564988516617
2030-06-19,34.68479588593537,32.03197101919752,37.318722570040066
2030-06-20,34.58271999771397,32.019427070697425,37.310705869933976
2030-06-21,34.66638043664648,32.08174164398987,37.29961938789835
2030-06-22,34.39239987682402,31.79593291686586,37.021458721967505
2030-06-23,34.40123675645805,31.68319832290969,36.95481267880538
2030-06-24,34.30058910016812,31.60114282792192,36.91090860379557
2030-06-25,34.204463238305024,31.660365197572116,36.95819574028237
2030-06-26,33.94506177385058,31.15341855337905,36.63600476517741
2030-06-27,33.83434782535202,31.197608239956594,36.52291050328698
2030-06-28,33.90582083566914,31.188096160169575,36.39762766907004
2030-06-29,33.61602745983138,30.940998641548287,36.28089564913605
2030-06-30,33.605477912073425,30.902085411797728,36.12995759966871
2030-07-01,33.482056712524724,30.750319913526962,35.89323475403968
2030-07-02,33.36009447003551,30.79114683846422,36.07757360967905
2030-07-03,33.072254836918795,30.46373897135618,35.8298443925969
2030-07-04,32.93109356470295,30.065373035618798,35.62875850933738
2030-07-05,32.970824971498466,30.33132942123142,35.65745089421147
2030-07-06,32.648819476838334,30.084785774366537,35.32252519520104
2030-07-07,32.60650284634026,29.906757884586312,35.44383405056906
2030-07-08,32.452746463231264,30.17178396096747,35.262672303384754
2030-07-09,32.30291574510602,29.697308118594673,34.973687136874226
2030-07-10,31.990731417121147,29.21890081159636,34.74094085379285
2030-07-11,31.829801224661907,29.14133373409291,34.48701725264981
2030-07-12,31.85535811153049,29.133405830071652,34.42856483204446
2030-07-13,31.525729277017824,28.701880934073642,34.19015106133238
2030-07-14,31.48320753339196,29.05198527170388,33.971992883486315
2030-07-15,31.337415059955994,28.755865200186115,33.99885128845243
2030-07-16,31.204327429523307,28.572580040987045,33.87565733389783
2030-07-17,30.918113332754963,28.50099021942799,33.563369517194346
2030-07-18,30.792648234091587,28.07871247499913,33.36968525460679
2030-07-19,30.863238553392282,28.209204163859937,33.60279461619718
2030-07-20,30.588081255410238,28.02213219104766,33.214352150461416
2030-07-21,30.609130623638414,27.917156060626933,33.164768249472445
2030-07-22,30.53546254483159,27.90545167635436,33.355294014417794
2030-07-23,30.482304277262816,27.918992514567243,33.16993574541238
2030-07-24,30.282885088190174,27.765328433498752,32.925602979651465
2030-07-25,30.249965816412452,27.5923255527633,33.0368507376319
2030-07-26,30.41758364147897,27.88637943495226,33.21397802470788
2030-07-27,30.242536501281037,27.60347626028604,32.87858041499222
2030-07-28,30.36527837674914,27.784139901237687,32.98739435453817
2030-07-29,30.393315108406433,27.885111905218853,32.98253910131606
2030-07-30,30.44026796918519,27.87341768494125,33.08946709882093
2030-07-31,30.33775956234237,27.447127741675136,33.03558637021157
2030-08-01,30.396979236806647,27.73651204300844,32.915873619454295
2030-08-02,30.650463413583548,27.938299377233907,33.321221090458934
2030-08-03,30.55361437588497,28.052955998276218,33.02672736482763
2030-08-04,30.7456278750109,28.24168941177863,33.36175180771889
2030-08-05,30.832918395346507,28.443740071966342,33.3255900979523
2030-08-06,30.928208548715574,28.283971697204922,33.50721643060283
2030-08-07,30.862436500143197,28.16052056791948,33.549631600806485
2030-08-08,30.94633805586594,28.152796653876223,33.62663355882048
2030-08-09,31.212238366148437,28.547695072084455,34.01298877677216
2030-08-10,31.115576487021052,28.408253556565967,33.619920446097915
2030-08-11,31.295832985249884,28.8164577181895,33.93603564336
2030-08-12,31.35994940795698,28.779219157245922,33.96796137693916
2030-08-13,31.421406211718345,28.800124455924028,33.92925035189366
2030-08-14,31.312113321324496,28.50822784859597,34.03967696360226
2030-08-15,31.34397035391298,28.577633722102284,33.78123245546208
2030-08-16,31.55063199218782,28.940732784457012,34.05351166363483
2030-08-17,31.389002394388434,28.70827039021708,33.88359041807765
2030-08-18,31.500129564632587,28.899466718881413,34.0370508116598
2030-08-19,31.49258932067708,28.833241254303964,34.21593482337548
2030-08-20,31.481526324691984,28.842991972461704,34.2417281292845
2030-08-21,31.300507250412398,28.684914108108234,33.90252187637812
2030-08-22,31.263044034485205,28.503617755177746,34.07242684700448
2030-08-23,31.404323593111606,28.829013056131206,33.92804158748701
2030-08-24,31.182668751176347,28.59373263890193,33.6863346653168
2030-08-25,31.240402107047274,28.49552991800912,33.932578112323334
2030-08-26,31.187203189374962,28.533108866800976,33.65183951264132
2030-08-27,31.139126992306963,28.52857452485777,33.87650123698958
2030-08-28,30.930439469459483,28.47179262489314,33.46341879397562
2030-08-29,30.875128315276044,28.200865135065307,33.52621226640174
2030-08-30,31.00862566062846,28.468233633324022,33.70273681240511
2030-08-31,30.789267535393694,27.998826558687092,33.34268609754125
2030-09-01,30.859161784951386,28.41058520453377,33.46666627209935
2030-09-02,30.827554621323195,28.590815083612103,33.49963260581974
2030-09-03,30.80986358635763,28.347307916810017,33.69732825113718
2030-09-04,30.63953207437998,27.77198503472822,33.41697201230434
2030-09-05,30.629563198815855,28.066677072259825,33.17731356628054
2030-09-06,30.814268989950214,28.10548153709245,33.374573363855525
2030-09-07,30.650759059045566,27.889689632886306,33.30700529571021
2030-09-08,30.779839640492433,28.318512535466926,33.37989547293562
2030-09-09,30.809412380618465,28.233031413830524,33.65532314659804
2030-09-10,30.85353982362935,28.156045618227438,33.44553272374299
2030-09-11,30.74433192227213,28.099018477197777,33.32734679486435
2030-09-12,30.79351056660907,28.142822737802916,33.50011753068713
2030-09-13,31.0341873759621,28.464411486740026,33.60556557389217
2030-09-14,30.922378215249847,28.204549353413153,33.49351193606837
2030-09-15,31.097924758009587,28.371147021567747,33.713697142471
2030-09-16,31.167911974365676,28.509623477253218,33.82967042120592
2030-09-17,31.245748114273034,28.82618310915685,33.94945348288583
2030-09-18,31.163061251917053,28.53108268802801,33.737760188073715
2030-09-19,31.231269246083716,28.592289972626943,33.853337643377486
2030-09-20,31.48335834757695,28.84226055937602,34.24452702375216
2030-09-21,31.375394023284475,28.741412552521464,34.155988419364746
2030-09-22,31.54743454466904,28.83258044784893,34.2063365431402
2030-09-23,31.60693655283,28.796759286637073,33.87087951611051
2030-09-24,31.667819601506363,29.084999026419727,34.4264591340238
2030-09-25,31.562344258136353,28.98401178632745,34.2913674509789
2030-09-26,31.60266119937438,28.90597268122417,34.13854871004429
2030-09-27,31.822567163536892,28.977696988254426,34.604481513504794
2030-09-28,31.678991992271538,29.081624943809665,34.399028420345026
2030-09-29,31.81288798412731,29.174363218308326,34.47075869110424
2030-09-30,31.83261144029054,29.045177017464987,34.48605078581623
2030-10-01,31.852964046692446,29.153179809602264,34.43962623404235
2030-10-02,31.707049272829387,28.862735374247436,34.438176089493425
2030-10-03,31.707801765477384,29.116625416241902,34.228676756534995
2030-10-04,31.889726069284816,29.35083943455029,34.53985867997745
2030-10-05,31.710369292380623,29.15576335478015,34.31316809940817
2030-10-06,31.811199232921062,29.322958542453783,34.34278383838626
2030-10-07,31.80097804161003,29.084299490521925,34.29625811250653
2030-10-08,31.794799157604864,29.121136115725047,34.41371928931981
2030-10-09,31.62594268985054,29.125677799078176,34.219226742271246
2030-10-10,31.607407115096233,29.016259761670245,34.365456178771126
2030-10-11,31.773653424845943,29.031087655252964,34.23318742670203
2030-10-12,31.582086055117767,28.873601898594693,34.247903953252276
2030-10-13,31.673941756825148,29.212190726548346,34.448410826508145
2030-10-14,31.65767606241538,29.110394987415795,34.16698529844042
2030-10-15,31.648014619629645,28.947682502474255,34.350057236548665
2030-10-16,31.477824065870443,28.71751726945705,34.05678241418312
2030-10-17,31.4596597997678,28.86011000928306,33.99865433750874
2030-10-18,31.62752626729711,29.068309560632645,34.379384518619624
2030-10-19,31.43837359681199,28.740618137453446,34.27435076285043
2030-10-20,31.533001271501373,29.02218603453509,34.203856191249
2030-10-21,31.519458069290312,28.817465661102844,34.135596509344886
2030-10-22,31.51210517106797,28.854498555786872,34.11524449380771
2030-10-23,31.343496806367273,28.733996631490346,33.98394097804278
2030-10-24,31.325935561980803,28.588514682523392,33.91389015032055
2030-10-25,31.49323781840564,28.818662378584214,34.08525544239177
2030-10-26,31.302233077328253,28.610895186133796,33.92626137196114
2030-10-27,31.39366787902073,28.68355020351772,34.023874042793196
2030-10-28,31.375603629140098,28.85651449315392,33.917609912674486
2030-10-29,31.362475399577043,28.594632865719188,33.69027619788986
2030-10-30,31.186966303410244,28.639246563548554,33.74530744312153
2030-10-31,31.161554858590954,28.75437665117667,33.80725312481401
2030-11-01,31.320271141760188,28.681443865730838,34.00562275954085
2030-11-02,31.120185867314323,28.49960383601709,33.74054417712887
2030-11-03,31.202303484917305,28.38917599152202,34.0622437906448
2030-11-04,31.17494901821032,28.603126277841792,33.83031911143654
2030-11-05,31.15281610808314,28.526353797956876,33.71899361071062
2030-11-06,30.968831241596288,28.432453332680616,33.46434412635858
2030-11-07,30.93569193212163,28.309441818594017,33.46299602460584
2030-11-08,31.08761496179002,28.452970240958674,33.88731955470735
2030-11-09,30.881819080106112,28.166522812932854,33.69417288974772
2030-11-10,30.959413451767663,28.112313091681123,33.52788052192034
2030-11-11,30.92878171163746,28.32612752852464,33.660558823290074
2030-11-12,30.904629156984253,28.321270739220697,33.59494520974218
2030-11-13,30.719848055147317,28.05273015382855,33.347537639117874
2030-11-14,30.68705876042767,28.165875983713104,33.455419108134635
2030-11-15,30.840362613990802,27.963945696429686,33.47314269209098
2030-11-16,30.636830823114668,27.94178304234251,33.41948521013041
2030-11-17,30.71740036242069,28.09404702838286,33.388321854122815
2030-11-18,30.690266460744134,27.877207292230914,33.30845874462507
2030-11-19,30.66993887605615,28.079184914934665,33.32251897053873
2030-11-20,30.489116586876982,27.93825266170892,33.011443119210085
2030-11-21,30.460238234477757,27.651721109112827,33.07348827307044
2030-11-22,30.61724393273892,27.871928486966798,33.181249687282026
2030-11-23,30.417072299963422,27.804403453570995,32.95119676521089
2030-11-24,30.50056343996081,27.90864674081796,33.17841136077071
2030-11-25,30.4758571582203,27.626432328750084,33.08663709501555
2030-11-26,30.457453384912842,27.77172230707302,33.019584096385316
2030-11-27,30.278089257628245,27.636259998469622,32.93245793025241
2030-11-28,30.250290083978253,27.536023188129423,32.845929668342386
2030-11-29,30.40812975226192,27.87472334970908,33.24215897601784
2030-11-30,30.208724463396646,27.595351854736357,32.897056272604274
2030-12-01,30.29313059751989,27.786109733814005,32.93093342665505
2030-12-02,30.269736152075428,27.59676840223718,32.89625731753391
2030-12-03,30.253312934223437,27.483657619316897,32.819630443554615
2030-12-04,30.076884225191645,27.24485661826972,32.4346071215644
2030-12-05,30.053265446466927,27.382754817562788,32.66505831860274
2030-12-06,30.216813741005126,27.485689145294412,32.979562272148264
2030-12-07,30.024910711499352,27.233295782759722,32.55270271969331
2030-12-08,30.118849509946966,27.46136723548183,32.61115678514188
2030-12-09,30.107216095431838,27.397186396605967,32.582171767457375
2030-12-10,30.104932209872583,27.238789084977274,32.60327244391763
2030-12-11,29.945115130633905,27.352954766203037,32.621616080058814
2030-12-12,29.94061203413241,27.310949435632242,32.57987700147264
2030-12-13,30.12574514011538,27.51581903786574,32.79773098789726
2030-12-14,29.95779207858686,27.280740180155245,32.53986908246493
2030-12-15,30.077872809486603,27.380830626440684,32.6594694596277
2030-12-16,30.094332978589662,27.34042498841741,32.52140056437377
2030-12-17,30.121791253402513,27.547143924222873,32.79534960702693
2030-12-18,29.99300561858266,27.349038515878497,32.61179174714092
2030-12-19,30.020416313571573,27.264935240679655,32.72447653263782
2030-12-20,30.23790136247721,27.52248140853732,32.802614971196434
2030-12-21,30.102268856130102,27.538678796021962,32.5824616062351
2030-12-22,30.254156979944838,27.62209189008517,32.73013954185133
2030-12-23,30.30143129001998,27.598735475056312,32.75816008743658
2030-12-24,30.35824636677573,27.766976008980805,32.995722636462
2030-12-25,30.25692639031045,27.577350106386834,32.71298815719408
2030-12-26,30.309521877177932,27.614667807409013,32.695970392706926
2030-12-27,30.549578091622013,28.0791125681878,33.206430511256336
2030-12-28,30.433638873815596,27.719108866605925,33.0733579448867
2030-12-29,30.602156494264964,28.016935433560953,33.1702570115215
2030-12-30,30.662896697395677,27.967592747948753,33.23685489819841
2030-12-31,30.73000578058261,28.129397651850535,33.28695426165972
2031-01-01,30.635894035469597,27.935253490008133,33.26671455030516
2031-01-02,30.69279264736103,28.061090068951888,33.17032230433849
2031-01-03,30.934519500639933,28.422025071828426,33.74749509399595
2031-01-04,30.817977649641286,28.29912948305057,33.54964582323535
2031-01-05,30.98405716366536,28.55880596133768,33.63904951491363
2031-01-06,31.041029689495204,28.225860476269727,33.620460082585424
2031-01-07,31.103602834546752,28.555702845435228,33.827854624573206
2031-01-08,31.004789024277766,28.35566497961817,33.769613899390905
2031-01-09,31.057446317469466,28.421340499886917,33.626151950392774
2031-01-10,31.296027065512206,28.823738161236307,33.90595794954569
2031-01-11,31.17805865126888,28.596150534690725,34.093671215791815
2031-01-12,31.345027516624825,28.60815203967882,33.995827602415716
2031-01-13,31.4057563323883,29.013002465168533,34.325298135771156
2031-01-14,31.475441918810734,28.761352235405816,34.28144669714901
2031-01-15,31.387509055418562,28.680085919582044,34.16417307514904
2031-01-16,31.455138114318437,28.99202406846087,33.918997444000155
2031-01-17,31.71300280543898,28.832433817303905,34.33089083315441
2031-01-18,31.618742611156133,28.758816817217745,34.207471078442644
2031-01-19,31.813841390199272,29.25543390194422,34.58343546997315
2031-01-20,31.907002195486427,29.220937376381606,34.39007281624539
2031-01-21,32.01318601905917,29.44318552057847,34.640279040187465
2031-01-22,31.96546961774744,29.26815439090586,34.342485552483424
2031-01-23,32.07658027733178,29.406204378638787,34.668721853758996
2031-01-24,32.38064363747327,29.907491726616904,35.010605559042745
2031-01-25,32.334668902820184,29.863320479722983,34.99490214658106
2031-01-26,32.579442588876255,29.866625665593457,35.281206976672046
2031-01-27,32.722920445753665,30.2754337961299,35.30569815305965
2031-01-28,32.87928481217628,30.17081474137723,35.4850738579578
2031-01-29,32.88082204623072,30.281982678962365,35.849928074062476
2031-01-30,33.03947735149668,30.447714357211467,35.63944866842311
2031-01-31,33.38862256495496,30.629377149349583,35.91248694651598
2031-02-01,33.384560675434145,30.699785961282313,36.012973155925565
2031-02-02,33.66743767982599,30.95085894716208,36.3785062862037
2031-02-03,33.844650909707845,31.180309779911816,36.54624098415831
2031-02-04,34.02992061609194,31.397897834229195,36.73711737141746
2031-02-05,34.05517905356537,31.403228097652505,36.57765551406698
2031-02-06,34.23213404855167,31.82133915853212,36.85067629934519
2031-02-07,34.594042365520146,32.02842434094644,37.38809698314406
2031-02-08,34.597216476256065,31.94180428822861,37.21864642607505
2031-02-09,34.88193526974382,32.328725022304,37.546871109200296
2031-02-10,35.05584786202238,32.449257751820426,37.30034384858346
2031-02-11,35.23303741637493,32.5746902338266,38.09605004491618
2031-02-12,35.24589943047522,32.509801967414724,37.91189096260332
2031-02-13,35.406691777445694,32.90282908293171,38.07139204314367
2031-02-14,35.7492921951956,33.12913258938989,38.414710837788476
2031-02-15,35.730687277348,32.89768609674674,38.335699229163644
2031-02-16,35.99186400637032,33.32924740581045,38.794300902773394
2031-02-17,36.141193531797136,33.530469719673995,38.96268408592083
2031-02-18,36.29347467236632,33.779325493220206,38.99303351755878
2031-02-19,36.28179217571116,33.678298222013865,39.018827435959956
2031-02-20,36.419047591440915,33.69551041734056,39.09078277292289
2031-02-21,36.73969899640913,34.33500521887861,39.18655563599994
2031-02-22,36.70123412954098,34.02288436432705,39.22229251396935
2031-02-23,36.945048426036024,34.24681561096107,39.747576909095514
2031-02-24,37.07981803505516,34.59910387350033,39.7236388426726
2031-02-25,37.22053560192108,34.70500974775708,39.77113856115881
2031-02-26,37.2003640627258,34.52684304926009,39.809298891484815
2031-02-27,37.332166427450225,34.603047545382424,39.95416277615073
2031-02-28,37.65024781283997,34.89792644184721,40.18550666103685
2031-03-01,37.61183420666277,34.95916156167784,40.256701688853276
2031-03-02,37.85795928113868,35.08964109529818,40.45297155161429
2031-03-03,37.99684907649707,35.36451190513217,40.51552205045764
2031-03-04,38.14297198894399,35.55740196969492,40.83470835063602
2031-03-05,38.12890889083731,35.49007955695082,40.781446383502704
2031-03-06,38.26690087771561,35.63951942931775,41.13562565675369
2031-03-07,38.59061037500613,35.93954553496645,41.182805219939716
2031-03-08,38.55661952570835,36.08960379344659,41.03882845449016
2031-03-09,38.80533660124422,35.869189714623396,41.26256861374178
2031-03-10,38.94439968228045,36.22975058477399,41.317902632245875
2031-03-11,39.087744487889196,36.436536100528514,41.77919644715387
2031-03-12,39.06749065939263,36.37049925674796,41.655662818088686
2031-03-13,39.19550352195787,36.549614653092604,41.7448933753718
2031-03-14,39.505166648609496,36.82314114341593,42.241522097260734
2031-03-15,39.45288881541242,36.67222708116459,41.882860240442454
2031-03-16,39.679015842661784,37.085011837931084,42.35202210167549
2031-03-17,39.79123641398541,37.4828652576215,42.50953394381534
2031-03-18,39.90364869380272,37.059264147979015,42.390599896063534
2031-03-19,39.848642090251296,37.071676813721496,42.53404021151541
2031-03-20,39.93845132474177,37.42019602525155,42.616850379086486
2031-03-21,40.206918364299504,37.456247296937995,42.6873567429296
2031-03-22,40.110986123358195,37.38748310636834,42.57217168824919
2031-03-23,40.291594824840885,37.80424272250019,42.857945015446795
2031-03-24,40.357070572876026,37.66666439467882,43.04698161483192
2031-03-25,40.42217346986584,38.10321573521529,42.94326910443706
2031-03-26,40.31996017397971,37.87201978190383,43.18159767630278
2031-03-27,40.36331862776527,37.92052517100346,42.94614987511819
2031-03-28,40.58671108724052,37.910593080742814,43.29533771818017
2031-03-29,40.44764991813764,37.87389728446419,43.15883996097374
2031-03-30,40.58757757943077,37.86518855797948,43.092508869276514
2031-03-31,40.61524083135781,38.179782473329674,43.431838384359104
2031-04-01,40.64572692582697,37.99563968783933,43.08670955132851
2031-04-02,40.51231702820922,38.037037713193214,43.23720624360204
2031-04-03,40.52801487141797,37.91152760349838,43.197076831056066
2031-04-04,40.72728695118368,38.0928434154035,43.28652110115277
2031-04-05,40.567538812816565,37.89931133433763,43.3196146152458
2031-04-06,40.68999883469759,38.16325184010291,43.36904574348114
2031-04-07,40.70309943289992,37.92257721096844,43.4659887258323
2031-04-08,40.721523237345025,37.92224554252164,43.1864455518888
2031-04-09,40.578069192500834,37.92251564303743,43.23413294874173
2031-04-10,40.58519620780696,37.898502880538146,43.05422495636445
2031-04-11,40.77678022241913,38.223312363809406,43.39689023749189
2031-04-12,40.609608734752484,38.04873914642734,43.13901741023054
2031-04-13,40.72428366167524,37.90400320686116,43.37172880274681
2031-04-14,40.72862188665179,38.07179591886981,43.41649453916389
2031-04-15,40.73672047429535,38.12719076778928,43.48625589617128
2031-04-16,40.58084094044296,37.981910132405616,43.249483607016586
2031-04-17,40.57296966484865,37.83866862764284,43.08310939870512
2031-04-18,40.7465898147331,38.31480529332579,43.449843334619075
2031-04-19,40.558188389755635,37.913591019305386,43.096383838433525
2031-04-20,40.64816888284213,37.98399584532768,43.417745699904636
2031-04-21,40.62425862620668,38.26330321740039,43.06340208455122
2031-04-22,40.60057759910193,38.07297437501457,43.61482641408129
2031-04-23,40.40952298048518,38.043354179042325,43.087620108446266
2031-04-24,40.36332652587555,37.696844722645785,42.907955496017074
2031-04-25,40.49582022708663,37.96425568656819,43.231799072319035
2031-04-26,40.26393405150792,37.737525063680195,42.75023882195004
2031-04-27,40.3085965313861,37.52717096103396,42.808468305601195
2031-04-28,40.23812763030774,37.629862433801456,42.78720502173213
2031-04-29,40.16729109231707,37.591692127155234,42.637420178489066
2031-04-30,39.92916104403832,37.20651816109336,42.42160894100024
2031-05-01,39.83666045994691,37.30786221534464,42.49172275472136
2031-05-02,39.92430750831984,37.217940619272284,42.61641570689592
2031-05-03,39.64969414440277,37.131205768434384,42.19315071573044
2031-05-04,39.6543682854566,37.01746144580407,42.35803876601441
2031-05-05,39.5472095362696,37.041149966271945,42.241115637554515
2031-05-06,39.443466173156104,36.879572952380734,42.089157868778955
2031-05-07,39.176608605487374,36.53233580205394,41.90184851655731
2031-05-08,39.05985730634975,36.467172028639034,41.64145468972252
2031-05-09,39.127921532491264,36.48050885798381,41.73162515281214
2031-05-10,38.83847341520505,36.18559964675477,41.36463953828624
2031-05-11,38.833028877604086,36.102491479900074,41.67550955861706
2031-05-12,38.72032537008783,36.16783223409786,41.25667690213292
2031-05-13,38.615364056840214,36.00731250391038,41.25213591564251
2031-05-14,38.35127150120653,35.42090761522709,41.01671932970344
2031-05-15,38.24083857947901,35.54897352932542,40.83042064128593
2031-05-16,38.31827259843269,35.65798162306217,40.99663639179792
2031-05-17,38.040686780913845,35.43548078489092,40.99908512484693
2031-05-18,38.04899809797249,35.31347021429379,40.655180941997564
2031-05-19,37.9513229170932,35.2276317959467,40.674522845472275
2031-05-20,37.86203754776197,35.28898375978809,40.34971502721214
2031-05-21,37.61365816806735,34.91868559501943,39.8935820300831
2031-05-22,37.51839730239314,35.00601920874607,40.18329000644588
2031-05-23,37.60993228780194,34.8840699166349,40.24902981724081
2031-05-24,37.34490939390265,34.67661034510646,39.95787200103263
2031-05-25,37.36385412883984,34.630816907279446,40.1595240915847
2031-05-26,37.274576822411106,34.50358668833077,39.954914022098016
2031-05-27,37.191240268184245,34.35122933643685,39.81825015693473
2031-05-28,36.946243697460446,34.415047890222354,39.54903701770988
2031-05-29,36.8517801395267,34.34745984237357,39.84904768442669
2031-05-30,36.941602589265955,34.21372206173117,39.5443772528292
2031-05-31,36.6725227303789,33.89126458079409,39.472059308682454
2031-06-01,36.68531292793947,34.160941883841495,39.22559239887399
2031-06-02,36.58810085497292,33.964948380755324,39.403538844433946
2031-06-03,36.49542389302799,33.91317518920193,39.06232989709545
2031-06-04,36.24009801147396,33.71968962158084,38.6318979443506
2031-06-05,36.13475867264369,33.53203498401957,38.88799927348569
2031-06-06,36.213609722434384,33.68315715948465,38.96909247468816
2031-06-07,35.93390458253708,33.34017921286072,38.564194662837195
2031-06-08,35.93683103799878,33.21161647347846,38.623962186100165
2031-06-09,35.830889558803364,33.223406824909915,38.33857166577912
2031-06-10,35.73093284562469,33.085855237558775,38.50027418664549
2031-06-11,35.47002181357652,32.85102449236654,38.13339863489398
2031-06-12,35.360956012860925,32.751748903511924,37.92226788943489
2031-06-13,35.438014825821504,32.754832904848435,38.00590639656153
2031-06-14,35.15843405212045,32.48847115452834,37.73210420610776
2031-06-15,35.16328937677184,32.43636953251972,37.90394616089026
2031-06-16,35.06087675899963,32.45686793667636,37.89695938583324
2031-06-17,34.96575742531059,32.307093013483936,37.61277983273582
2031-06-18,34.71062256664017,31.875682972289727,37.224459528525074
2031-06-19,34.607835519453786,32.20634556932054,37.1646488479259
2031-06-20,34.69118745150512,32.363766974264756,37.359895120526616
2031-06-21,34.41739075376674,31.695198420959578,37.05927164082022
2031-06-22,34.426981142838066,31.860287691491866,36.99685394902011
2031-06-23,34.32771795497229,31.725866576670136,36.941440692954764
2031-06-24,34.23364970768419,31.580614855836675,36.79043023524138
2031-06-25,33.97699938847067,31.574738047515684,36.68427488979613
2031-06-26,33.86972659604622,31.134353548708805,36.33022027871294
2031-06-27,33.94530190568203,31.267682957150477,36.5571400927781
2031-06-28,33.66021703590493,30.926634348544695,36.20122226512913
2031-06-29,33.65490124066128,31.08919415531418,36.500409136619695
2031-06-30,33.53713288975862,30.997544835553754,36.370026216946165
2031-07-01,33.421112873807665,30.721561105469164,36.241650788161074
2031-07-02,33.13935394613127,30.42901469673731,35.74663487031318
2031-07-03,33.00424288470028,30.310521472394445,35.53288643253122
2031-07-04,33.04981071683341,30.34823077789975,35.51046573226463
2031-07-05,32.73323457446368,30.29022469532318,35.43669720211573
2031-07-06,32.69574171619029,29.968332698441113,35.13278008204959
2031-07-07,32.546004911751474,29.96859339674369,35.03984692069883
2031-07-08,32.399196173725336,29.707617261054093,34.856078591314336
2031-07-09,32.088853405598066,29.491146121139465,34.65713460595753
2031-07-10,31.928417402484495,29.32537585692259,34.560845159570675
2031-07-11,31.95297508315967,29.198802186830022,34.81114401878655
2031-07-12,31.620733222931275,29.03495808142528,34.39382955081977
2031-07-13,31.573893972530787,28.807945571680158,34.29639471294136
2031-07-14,31.422022134322063,28.812285129255987,34.104397420707755
2031-07-15,31.28107196190342,28.517356395809124,34.09545074480219
2031-07-16,30.98522881706825,28.299767599639242,33.44619112156643
2031-07-17,30.84842384750252,28.22940241171204,33.35972406949806
2031-07-18,30.90605823225352,28.391351597021593,33.626127255860965
2031-07-19,30.616461854925326,28.104216854302024,32.99979634447861
2031-07-20,30.621758184779484,28.102345565648584,33.25858194602493
2031-07-21,30.531225721712065,27.975674884662837,33.30608282218407
2031-07-22,30.460324033368767,27.89615815573266,33.09133334884513
2031-07-23,30.242539849416122,27.5119606985093,32.88158768184404
2031-07-24,30.190911370844894,27.541800617282657,32.764412096942
2031-07-25,30.339767197808136,27.575454006604435,32.99037314051783
2031-07-26,30.146204456605098,27.3429958181772,32.628128516754344
2031-07-27,30.250977496675375,27.720391252736963,32.74605690372607
2031-07-28,30.261886983976673,27.70861521996538,32.84266590458127
2031-07-29,30.292836781928706,27.726620060930205,32.93670616101115
2031-07-30,30.175713356365417,27.633396334439105,32.86937690241648
2031-07-31,30.22194506080672,27.546885022058028,32.887368785571404
2031-08-01,30.4642768517074,27.830824276891317,33.16478342178313
2031-08-02,30.358284130219097,27.738450972279157,32.89225598329498
2031-08-03,30.54329619043242,27.994042381183572,33.295699112770926
2031-08-04,30.625818225921932,28.103704643013977,33.28957735543426
2031-08-05,30.718618451018195,27.994767199020973,33.357786158838884
2031-08-06,30.65263430026426,27.929024002707823,33.1319629444363
2031-08-07,30.738554372005893,28.16588048609866,33.658799313523026
2031-08-08,31.008611076362318,28.264193628604318,33.58740496019492
2031-08-09,30.918107211763793,28.18533516251496,33.74315387156073
2031-08-10,31.106346607317185,28.645860956366576,33.82937178575789
2031-08-11,31.180057579379536,28.627720483507005,33.58571277296565
2031-08-12,31.252475700083394,28.605940240534323,33.8835905701827
2031-08-13,31.15523992939801,28.44129078161254,33.764988556048706
2031-08-14,31.19995900937517,28.438235566923804,33.663289352134676
2031-08-15,31.419983452400057,28.747249445279266,34.28164920124342
2031-08-16,31.27190684834241,28.3927023446431,33.87151899762481
2031-08-17,31.396467244822436,28.903726737232294,34.16149188498542
2031-08-18,31.4019380660361,28.694233036359368,34.09856160139529
2031-08-19,31.403175866365896,28.805033306911874,34.013339516590314
2031-08-20,31.23347982943024,28.567184807102752,33.832989781494895
2031-08-21,31.206120808480872,28.653617018835746,34.00725084560864
2031-08-22,31.356076152049322,28.63469903808114,33.85452188339744
2031-08-23,31.141494943024913,28.36017702382333,33.607378329802955
2031-08-24,31.204565276482956,28.47287107524355,34.14443177468892
2031-08-25,31.15487385823847,28.377086741242117,33.82354238304816
2031-08-26,31.108425961524865,28.49508303841924,33.87718842198315
2031-08-27,30.899481299418927,28.173963820968908,33.57892970171256
2031-08-28,30.842064145651804,28.367599357813273,33.45025372726131
2031-08-29,30.971684361036036,28.488542201259683,33.719268927598485
2031-08-30,30.74679423384579,28.291171079254152,33.36026959488217
2031-08-31,30.80965290033204,28.212351995736228,33.62452433957022
2031-09-01,30.769688626512444,28.173357729052782,33.38682993519877
2031-09-02,30.74252684741942,28.071522536968835,33.719707627947145
2031-09-03,30.561839245032886,27.86590101140853,33.08921049078676
2031-09-04,30.5408717944955,27.886970423511354,33.04176568223937
2031-09-05,30.714187918202487,28.158357714643294,33.64762394042109
2031-09-06,30.53915103865537,28.03719230250944,33.04212911655458
2031-09-07,30.656817596454605,28.171681606784908,33.24236555263818
2031-09-08,30.675330051783707,28.066894500672653,33.24177800725088
2031-09-09,30.708976960645423,28.104203388629738,33.40532638828516
2031-09-10,30.590074581778467,28.166413071600676,33.16183375724448
2031-09-11,30.63052712024023,28.08704509922909,33.384248291121494
2031-09-12,30.863600946916243,28.347921526312927,33.65269858877414
2031-09-13,30.745436328711882,27.888038553941154,33.446026627798766
2031-09-14,30.915967043082716,28.19332813425527,33.49344235016193
2031-09-15,30.982336783275546,28.405525668754244,33.79524650712908
2031-09-16,31.057978929261857,28.384371577315584,33.81369403365745
2031-09-17,30.974513731699165,28.19824621819208,33.62020084840439
2031-09-18,31.043319722979422,28.465998371331143,33.626418218392246
2031-09-19,31.29731452504796,28.583711889771195,33.98398985369075
2031-09-20,31.19246854364809,28.487084009092175,33.79195503226568
2031-09-21,31.368722000826377,28.554951100566488,33.97089311736253
2031-09-22,31.433394408969562,28.710675594915646,34.14793402153111
2031-09-23,31.500253369091475,28.78114197296547,34.198797651812626
2031-09-24,31.401397148665417,29.065114639076523,34.152329277163666
2031-09-25,31.448808347929724,28.64680870886585,34.09433748622809
2031-09-26,31.67611439067422,29.0545316844797,34.401822587713255
2031-09-27,31.540078949809434,28.851950314703473,34.2352083488449
2031-09-28,31.68149541621444,29.124614401367957,34.29149960114387
2031-09-29,31.708572187758243,28.963543178621435,34.27800652166169
2031-09-30,31.73597733280188,29.015892386948536,34.40547394639489
2031-10-01,31.596697734306463,28.61628591928596,34.21368587831354
2031-10-02,31.603570635916554,29.0594498123815,34.22565641855803
2031-10-03,31.791023883765202,29.303777785933164,34.209784363469616
2031-10-04,31.616549463104587,29.077322808372497,34.28056360481459
2031-10-05,31.72158184590121,29.044039667203045,34.27405765638952
2031-10-06,31.714871243397774,29.25549785957734,34.41206226972431
2031-10-07,31.711519537715624,29.145161382637877,34.31023449971973
2031-10-08,31.544834117358413,28.890816881271554,33.94864591086313
2031-10-09,31.52785755486441,28.88296026188953,34.171476675167
2031-10-10,31.695109337702853,29.087655908065802,34.614066285328704
2031-10-11,31.50406407425306,28.85866141183518,34.18863327759977
2031-10-12,31.596037426997412,29.15077403144364,34.30591931687822
2031-10-13,31.579569526148433,28.806013113296448,34.21073121157399
2031-10-14,31.569473232455273,28.96830275158499,34.23894010907329
2031-10-15,31.398702017872406,28.643841389166333,34.21505645339019
2031-10-16,31.379894910354984,28.740763920310908,34.02607155287384
2031-10-17,31.54713420170562,28.948764499926853,33.98513009170746
2031-10-18,31.357439824005695,28.840124576316505,33.97137695219388
2031-10-19,31.451671141977563,28.816860536496375,34.07512625850071
2031-10-20,31.437925436310177,28.749687488694054,34.0319212499025
2031-10-21,31.430600008975482,28.792005631874808,33.99173746007057
2031-10-22,31.26227229431405,28.49686715735191,33.88898435697358
2031-10-23,31.245255100568887,28.557042177445187,33.88715543417984
2031-10-24,31.413362430775756,28.735641418086896,33.86540231451627
2031-10-25,31.223409616075816,28.409119125030937,33.85370805092025
2031-10-26,31.316118417184416,28.64310112149828,33.97696147978408
2031-10-27,31.299516359176767,28.43804329960249,33.86163707974075
2031-10-28,31.287997300656784,28.530113552202337,33.9305048044674
2031-10-29,31.11419776686809,28.317045920902803,33.780949332549085
2031-10-30,31.090546386325894,28.360541746500292,33.64790513569249
2031-10-31,31.251022155443046,28.70347214114521,33.88108736904965
2031-11-01,31.05264558993463,28.409478466814075,33.628357946168485
2031-11-02,31.136373782996404,28.565395520744023,33.91469965921973
2031-11-03,31.11048902538545,28.355545322420483,33.637649181861406
2031-11-04,31.089648390762605,28.452652470578535,33.82333868521746
2031-11-05,30.90674921696167,28.314253041490268,33.49307710120364
2031-11-06,30.87446820944037,28.35677939593307,33.59477260931803
2031-11-07,31.0270102509003,28.316221932446926,33.596854121687734
2031-11-08,30.821591296890567,28.080913245242687,33.41536977898595
2031-11-09,30.89932664965143,28.353032345043555,33.5193138991151
2031-11-10,30.868614480532123,28.102446281386918,33.35852983569269
2031-11-11,30.844182156133137,28.27974908629234,33.5358726764758
2031-11-12,30.658950382926772,28.09795377849085,33.384601175228184
2031-11-13,30.62557291107012,28.149270912082248,33.27889874011144
2031-11-14,30.77818782667814,28.229603903541733,33.43917065221154
2031-11-15,30.573904690969094,27.835942983371808,33.16083818201214
2031-11-16,30.65369863550609,27.983561574691155,33.338030752551454
2031-11-17,30.625801045873516,28.1171699803179,33.335246729528755
2031-11-18,30.604754104703993,27.92387703401418,33.03808837443626
2031-11-19,30.42328388840962,28.058581112559036,32.99051123208074
2031-11-20,30.39384941301693,27.976319076539315,33.0171332641908
2031-11-21,30.5504033001268,27.912052666346302,33.31411559932476
2031-11-22,30.349887962713048,27.645557766997765,33.091033264995886
2031-11-23,30.433138073075558,27.747991026908164,33.1820294013255
2031-11-24,30.408278622232295,27.80764953336859,33.17251071204499
2031-11-25,30.38978555350437,27.449801544645535,32.91513986657193
2031-11-26,30.21036342136646,27.659962746166887,32.71194087754399
2031-11-27,30.182497280982062,27.615257947569187,33.00359610723716
2031-11-28,30.340214349462038,27.58058222496735,33.039665470294764
2031-11-29,30.140579273260855,27.65407915475481,32.794901957265154
2031-11-30,30.22459376593632,27.691048061598273,32.86721435126135
2031-12-01,30.200589995033496,27.548732306389365,32.686504244956964
2031-12-02,30.183284835938327,27.40375068856099,32.554716836079585
2031-12-03,30.005649640412898,27.33769178269565,32.586531669684724
2031-12-04,29.980452977247527,27.353720330313532,32.50810193386404
2031-12-05,30.14201218547358,27.409638975723635,32.83390138060607
2031-12-06,29.947677911705654,27.34533597775549,32.542199351942735
2031-12-07,30.03872275985377,27.3551760526774,32.755379527459866
2031-12-08,30.023723810928576,27.421016798683834,32.57790455101521
2031-12-09,30.01760651229082,27.206063851727013,32.75226495516599
2031-12-10,29.85350495540185,27.11789933040953,32.422735728778456
2031-12-11,29.84429634835624,27.20686332891572,32.497501239019876
2031-12-12,30.024345838134916,27.463606195181306,32.8966243738133
2031-12-13,29.850986123515153,27.282992005321624,32.46931937255262
2031-12-14,29.965403201695434,27.06748719832441,32.47975929235936
2031-12-15,29.976018158832062,27.306980142612105,32.690087071878715
2031-12-16,29.99753258808919,27.319237303993184,32.62797762042254
2031-12-17,29.862792666623132,27.139420325017657,32.63590415252495
2031-12-18,29.88432963667568,27.26127866258598,32.58893300565127
2031-12-19,30.096112712067615,27.413618982663728,32.601402365818075
2031-12-20,29.955038647949262,27.18256398717825,32.447627619191785
2031-12-21,30.10182904973031,27.45547517559536,33.01633178634916
2031-12-22,30.144425007710204,27.540243606678438,32.97177100629471
2031-12-23,30.197046270082055,27.62993320655879,32.798200916113046
2031-12-24,30.09206957848854,27.493208015694552,32.83471873488622
2031-12-25,30.14158347996455,27.6810109533708,32.90380021961721
2031-12-26,30.37915519422193,27.640720331997247,32.97638416157272
2031-12-27,30.26133333430404,27.735805289788686,32.98953521366511
2031-12-28,30.42855713306528,27.85134552109096,33.03562159092073
2031-12-29,30.48856136801928,27.865561081394475,33.13748097455627
2031-12-30,30.555443845509455,27.783464926319525,33.309001113177246
2031-12-31,30.461549770264643,27.89177113129087,33.20316887907034
2032-01-01,30.519030079643247,28.025655435184987,33.16497386195254
2032-01-02,30.761609158606205,27.995567654017698,33.342160864626464
2032-01-03,30.646085648331894,28.039083871485246,33.381350744483655
2032-01-04,30.813236997086985,28.01207344060387,33.32901512807087
2032-01-05,30.87121702489237,28.261100251740213,33.65292840121446
2032-01-06,30.93461352335404,28.200281170061743,33.572220539259604
2032-01-07,30.836320455007712,28.11401894619272,33.44279880923552
2032-01-08,30.889082141505934,28.12581669992389,33.45222977888631
2032-01-09,31.12724523022853,28.605299600326763,33.64759359653351
2032-01-10,31.008242578884527,28.381500631290887,33.60758502784311
2032-01-11,31.17348017463407,28.60898456540372,34.06546564805214
2032-01-12,31.231716854946583,28.658664672388188,33.79518759738956
2032-01-13,31.298104360790894,28.70238848247409,33.92037989847499
2032-01-14,31.206042794334234,28.369538671867875,33.8287793831352
2032-01-15,31.26870936196818,28.467004823418456,34.04410988518402
2032-01-16,31.520796652715724,28.961505536225122,34.04829963221385
2032-01-17,31.419985007194466,28.689363962198684,34.22374167232036
2032-01-18,31.607820451729946,29.165644561967344,34.16898811837309
2032-01-19,31.693088254265625,29.149191107146788,34.32584759858617
2032-01-20,31.790849844308948,29.255624687096507,34.491362457734695
2032-01-21,31.73429829597666,29.157789534183472,34.33735171371255
2032-01-22,31.83629029258901,29.37030798848929,34.63884705522249
2032-01-23,32.13109076929888,29.46527997377789,34.749778574091216
2032-01-24,32.0758546449136,29.4578864626002,34.652559132848275
2032-01-25,32.31151688637783,29.662998408994593,35.121950778116805
2032-01-26,32.44618065036067,29.972753158903902,35.10281160763137
2032-01-27,32.59417085921825,29.87034394346831,35.18577251795955
2032-01-28,32.58790796328384,30.018688305202474,35.22311518267664
2032-01-29,32.739459311102856,30.19477282788126,35.20345700226123
2032-01-30,33.08230379153284,30.21421163010317,35.71465941932654
2032-01-31,33.072833605720156,30.50735179909681,35.48599853306591
2032-02-01,33.351263854457706,30.69323190040873,35.96356413418743
2032-02-02,33.52503913868873,30.969820324462685,36.12238659221715
2032-02-03,33.70790401080537,31.08101307141239,36.285844926206096
2032-02-04,33.7317915512498,30.935109547723414,36.366048257758536
2032-02-05,33.9083870707444,31.18757752814729,36.32618663984373
2032-02-06,34.27090224935182,31.506203440423626,36.88764488116899
2032-02-07,34.27558329662206,31.87924117676238,36.89055617602269
2032-02-08,34.56262363191731,31.95738525644102,37.26802395140321
2032-02-09,34.739570189145134,31.905087189714813,37.3769861361078
2032-02-10,34.92039018611239,32.126954448117814,37.58339994086203
2032-02-11,34.93735273186311,32.273841775682,37.595895870248654
2032-02-12,35.102582464968876,32.60006910434757,37.817269632667276
2032-02-13,35.44982081513558,32.77972792808588,38.07920593903715
2032-02-14,35.43591883433978,32.743107971597055,37.99484432813918
2032-02-15,35.70173252890841,33.048852097726645,38.37526694844617
2032-02-16,35.85551028747059,33.32243064431608,38.56063687817288
2032-02-17,36.011939779808245,33.231297093754435,38.55674957915262
2032-02-18,36.004009263702066,33.2811653890026,38.67063811076789
2032-02-19,36.14454106917186,33.58107292031452,38.78702244484572
2032-02-20,36.46793342498692,34.0125099209977,39.2193017600184
2032-02-21,36.43163512563485,33.9865822718937,39.04644403662481
2032-02-22,36.67702448583856,33.927943391504414,39.419212166850535
2032-02-23,36.81278264167601,34.132645011292006,39.32421523667372
2032-02-24,36.953928972718174,34.39630741796734,39.470315667765036
2032-02-25,36.933673905124486,34.05367258077727,39.55731971571739
2032-02-26,37.064947102078825,34.26596769004668,39.864256410131475
2032-02-27,37.38213735057654,34.83290575343765,40.2477169888381
2032-02-28,37.342568689905505,34.65265798189973,39.86617388748559
2032-02-29,37.5873841775606,35.054305291497116,40.146758668223235
2032-03-01,37.72492720336754,34.938773057209296,40.42754524044656
2032-03-02,37.86978788521633,35.27499855223956,40.56369794279391
2032-03-03,37.85466947968508,35.14064868117983,40.45050488093738
2032-03-04,37.991932411029154,35.3814580565215,40.82460037118374
2032-03-05,38.31535176027842,35.80235743061161,41.09003599431922
2032-03-06,38.2816122416188,35.56038516193679,40.90713059506142
2032-03-07,38.53121150797957,35.916727865866584,41.14523202684025
2032-03-08,38.67186112325696,35.95915733095633,41.32116805343779
2032-03-09,38.817552158474115,36.176970147618306,41.320932527969354
2032-03-10,38.800439783091605,36.31941137415141,41.458147537503386
2032-03-11,38.932403923486966,36.35573191556886,41.38967929941806
2032-03-12,39.246821344835695,36.561305069169,41.940634385729105
2032-03-13,39.2000727584258,36.5817549303755,41.74004903447112
2032-03-14,39.43245544386775,36.61380839094961,42.16218070049696
2032-03-15,39.55159045417841,36.97074335976491,42.219388175523534
2032-03-16,39.67149118248721,36.96052694641491,42.24704240069982
2032-03-17,39.62444757920379,37.210009322666764,42.33241980415901
2032-03-18,39.72258310766554,37.150535012753764,42.39837227122425
2032-03-19,39.99961990861924,37.39249836852882,42.61594182543902
2032-03-20,39.91237598420938,37.29428080010353,42.60208394719326
2032-03-21,40.10166518801066,37.53491317954011,42.92918020029404
2032-03-22,40.175689465860344,37.58467892211986,42.9792944187609
2032-03-23,40.24909057150785,37.544590330142604,42.79135542309458
2032-03-24,40.15481604657453,37.499150321700675,42.811816804311015
2032-03-25,40.20565709416428,37.625654537177766,42.68917889358234
2032-03-26,40.43599438239624,37.727817724862796,43.143880651194486
2032-03-27,40.303276162404984,37.72497679751578,42.99605373029729
2032-03-28,40.44890005226162,37.925690701172144,43.22469807243709
2032-03-29,40.4815884707579,37.9727110283653,43.082201495994646
2032-03-30,40.51642544272309,37.80669041540381,43.14654013875148
2032-03-31,40.386710006714836,37.76769475575268,43.0644786197034
2032-04-01,40.405484226471934,37.76690400000544,43.16687597015593
2032-04-02,40.60727213412461,38.03847979112571,43.200080774695856
2032-04-03,40.449554192564115,37.94227306994356,43.05566067083423
2032-04-04,40.57364873631819,38.04766439869885,43.37727566951577
2032-04-05,40.58809038472978,37.84568043140639,43.28201591315965
2032-04-06,40.60767306055179,37.924752213325974,43.073267082207096
2032-04-07,40.465312660523445,37.75535976876377,42.97992581117291
2032-04-08,40.47358710471608,37.94189413417839,43.10103481214241
2032-04-09,40.66648973592094,37.79221364220981,43.384752010950976
2032-04-10,40.5009202281343,37.86864804726551,43.280443806610116
2032-04-11,40.6175839762335,38.024773136046235,43.3081715117446
2032-04-12,40.624389428919024,38.03309184587195,43.24498531736839
2032-04-13,40.63551043757482,38.114831260179066,43.27590894012259
2032-04-14,40.483268095027846,37.78377625298496,43.08794194618874
2032-04-15,40.47968922326274,37.94223744291771,43.24552676971378
2032-04-16,40.65827693528291,38.06639333259147,43.3128867487014
2032-04-17,40.475516921944504,37.901765349370706,43.23300740011808
2032-04-18,40.571789980555415,37.99562440193645,43.18841002807115
2032-04-19,40.5547798583902,37.900204873510845,42.90896157240215
2032-04-20,40.53854317280782,37.69600688840125,43.402281691395395
2032-04-21,40.35539565809443,37.87044332091734,43.07247642193406
2032-04-22,40.31747176801687,37.72244043082512,43.170701432937555
2032-04-23,40.45849302677722,37.764613938657035,43.08912200994776
2032-04-24,40.23526884525695,37.61789747230486,42.91153683239776
2032-04-25,40.288600481895,37.65750522465507,42.97084713728459
2032-04-26,40.22667747560863,37.53106643591442,42.90022428172709
2032-04-27,40.16413365073105,37.56537129796095,42.88357327792654
2032-04-28,39.93391735636567,37.27639567617802,42.47155264975228
2032-04-29,39.848833443033385,37.26835394392632,42.661356693255456
2032-04-30,39.94329289074709,37.35315368697103,42.67005511344401
2032-05-01,39.67479435871584,37.10867432217053,42.22027630003076
2032-05-02,39.684808904795204,36.98872447684837,42.34412815594302
2032-05-03,39.58215776927544,36.832698729257366,42.244802004329046
2032-05-04,39.48205087162681,36.82519172531409,42.14829273229237
2032-05-05,39.21794119635493,36.81886187102858,41.83133877844089
2032-05-06,39.103053034347994,36.64860191236813,41.732711574130924
2032-05-07,39.172120393189445,36.56825175517439,41.858636612336376
2032-05-08,38.88286017001062,36.16400805127801,41.497023933486574
2032-05-09,38.87685157263458,36.319139972411065,41.372628232152955
2032-05-10,38.762911828427725,36.02750587685384,41.24372269390639
2032-05-11,38.65613587730638,36.19996413646822,41.192590779655546
2032-05-12,38.38975517431825,35.83760837743722,41.16516953069913
2032-05-13,38.27667342061882,35.5367251822629,40.86526737677813
2032-05-14,38.35121529636854,35.72876139655348,40.8979742510975
2032-05-15,38.07061246404002,35.494257926358365,40.7179200792727
2032-05-16,38.075897927604025,35.36184298546425,40.70091856941205
2032-05-17,37.97529832367327,35.33295045807525,40.40665473086773
2032-05-18,37.88329132862653,35.16016924804549,40.50836836658779
2032-05-19,37.63248276138119,34.9530409582751,40.34472502626239
2032-05-20,37.53516063798769,35.00205002644788,40.1407262945818
2032-05-21,37.62506168930802,34.880012160749125,40.43511254014831
2032-05-22,37.358874065524695,34.89446480919679,39.95405538632239
2032-05-23,37.37714680241088,34.56887360586519,39.91338694027032
2032-05-24,37.2876951647514,34.716301478698874,40.04657182365384
2032-05-25,37.20466865444645,34.47457651862842,39.761237666449006
2032-05-26,36.96043594277881,34.2029903290675,39.630407955586165
2032-05-27,36.86714374931199,34.14061755509541,39.36026949106613
2032-05-28,36.95848503878342,34.38308573203753,39.77210860164154
2032-05-29,36.69120021825509,34.07345625719869,39.304833712248715
2032-05-30,36.70598196795601,33.937158110122354,39.36391225463078
2032-05-31,36.61087297832657,33.95548085468939,39.33872644136583
2032-06-01,36.52032363191141,34.078592203368046,39.0766524504815
2032-06-02,36.267064227526014,33.66454841742982,39.05720558334118
2032-06-03,36.16364918371032,33.47785886578661,38.74101947069829
2032-06-04,36.24420907166087,33.78071724225852,38.888003221516854
2032-06-05,35.9659346884483,33.283767189180935,38.415959773233304
2032-06-06,35.96996436617143,33.250082165694685,38.40891034406649
2032-06-07,35.8647643681446,33.3139988540715,38.41291836379597
2032-06-08,35.76516998798937,33.00301364588406,38.42395240169161
2032-06-09,35.50424250681114,32.90312193500848,38.31300287458982
2032-06-10,35.394799966435244,32.665653632421815,38.19919114688655
2032-06-11,35.47115807642523,32.84449350494006,37.98260103675765
2032-06-12,35.19060586482685,32.79288830233537,37.92468017528891
2032-06-13,35.194287585951706,32.58775829038034,37.94658891724666
2032-06-14,35.09058096178304,32.16767814671591,37.71897589195887
2032-06-15,34.994139498084515,32.28243354230564,37.5940315429861
2032-06-16,34.73775405039512,32.27947720237052,37.31432581521139
2032-06-17,34.63389151064685,31.895814302253232,37.31628082786884
2032-06-18,34.71644673896719,31.90940466952158,37.481920114952516
2032-06-19,34.4422320561335,31.775440079232425,37.02481283308337
2032-06-20,34.45187542165288,31.74326256906982,37.092067774973536
2032-06-21,34.353216902503526,31.686402575899887,36.81914752366806
2032-06-22,34.26037063197444,31.63260751898777,37.03242551567106
2032-06-23,34.00560683741878,31.280301603884876,36.66335242736496
2032-06-24,33.90091117380217,31.22588123825375,36.56765301344815
2032-06-25,33.97975683492521,31.363757440943097,36.65112584877326
2032-06-26,33.69861310539981,31.087302501245333,36.361302728375826
2032-06-27,33.69786084615041,31.057540715548935,36.27133838753208
2032-06-28,33.58520392545961,30.932035092222428,36.37637196462835
2032-06-29,33.474743259624226,30.81635502337217,36.23320882192074
2032-06-30,33.19886758117908,30.603252674985523,36.00379793744926
2032-07-01,33.06981780017795,30.482149011092318,35.74110206630403
2032-07-02,33.12146016085636,30.549273949955126,35.537244626494314
2032-07-03,32.81079169893331,29.956841493426893,35.547298430992726
2032-07-04,32.778848452614895,30.07695118494394,35.33497815992642
2032-07-05,32.63410552104056,30.19238510370192,35.46025176734826
2032-07-06,32.49153583715706,29.927672868689818,35.12867541629003
2032-07-07,32.184482093276955,29.50061106211397,34.78497602361713
2032-07-08,32.02619911533364,29.401288106254402,34.58580112632563
2032-07-09,32.05160241853157,29.225812324163904,34.61605548174112
2032-07-10,31.718747066319157,29.171775861317304,34.32776230428829
2032-07-11,31.669707972721262,28.90758972896841,34.4853260020417
2032-07-12,31.513951480777404,28.835014154709086,34.29538395517731
2032-07-13,31.36736585504353,28.861789274424314,33.99534392117266
2032-07-14,31.06410590827727,28.501978744408092,33.739775430444325
2032-07-15,30.918109829348285,28.096177163180357,33.489492546169274
2032-07-16,30.96482468354448,28.264344686875106,33.62822482580952
2032-07-17,30.66266539214909,28.022910484827722,33.296871270257164
2032-07-18,30.653878942966738,27.734975258593323,33.25743856384907
2032-07-19,30.54790418490751,28.064816945256577,33.0521414906475
2032-07-20,30.460395258058632,27.799303710104578,33.18887605056286
2032-07-21,30.22506417318405,27.598474380282127,32.716778407960255
2032-07-22,30.155200772120725,27.737491801673023,32.895403999931006
2032-07-23,30.285406569174953,27.469439257717045,32.86865626275059
2032-07-24,30.073067171356733,27.389515193449196,32.592855990619775
2032-07-25,30.15923478325898,27.586438417070557,32.87393512537732
2032-07-26,30.15201077215346,27.632457088898377,32.87546647263576
2032-07-27,30.165595844122436,27.420814998370435,32.817507831611465
2032-07-28,30.032162733555047,27.472103453979393,32.77823849017102
2032-07-29,30.063408930139445,27.384614279104035,32.580402116750754
2032-07-30,30.29232515829923,27.689163063508367,32.89638556667482
2032-07-31,30.174703464043823,27.527233294100295,32.92979123382536
2032-08-01,30.350055536460907,27.71736306766335,32.99096814905466
2032-08-02,30.42503034796032,27.87156190731464,33.13643381330761
2032-08-03,30.512497783303587,27.73054973294925,33.034840052421856
2032-08-04,30.443452312873934,27.91767453470709,33.024251512779095
2032-08-05,30.528593443926027,27.75743028531674,33.03470221287221
2032-08-06,30.80011795186578,27.98842555855216,33.34036474556633
2032-08-07,30.71324713033701,28.172450595935743,33.59288161153835
2032-08-08,30.907159184346362,28.236235450038475,33.67133839987024
2032-08-09,30.98841547444146,28.33936953639455,33.74791393331164
2032-08-10,31.070047042996602,28.256795410749998,33.88008885128621
2032-08-11,30.983455382914613,28.27625216622337,33.3639836264112
2032-08-12,31.039984233891527,28.23438057004172,33.69856099897136
2032-08-13,31.272697605297232,28.424346925871546,33.85020887155058
2032-08-14,31.137887602045993,28.554036434282253,33.751568125341024
2032-08-15,31.275982647193,28.729244291791364,33.92306371433998
2032-08-16,31.29494539857748,28.48831252315365,33.9790551174903
2032-08-17,31.30932748425974,28.77824986125534,33.97968089435386
2032-08-18,31.152135797047652,28.569930661460795,33.74254275672714
2032-08-19,31.136367979259738,28.36730002930549,33.84184755736452
2032-08-20,31.296753186633453,28.690464587194036,34.13948504408668
2032-08-21,31.091222618340026,28.48910624467941,33.99541287101931
2032-08-22,31.161781314576103,28.418193594036026,34.073313864360756
2032-08-23,31.117871400295147,28.467180502618344,33.71503941287835
2032-08-24,31.0753947320732,28.343803433446464,33.53887818428175
2032-08-25,30.868550450230604,28.234620453574127,33.41796269593083
2032-08-26,30.811345739524583,28.216580054742703,33.65108284238636
2032-08-27,30.939316452945466,28.185913480504787,33.75856493986711
2032-08-28,30.710982530829103,28.08356775656799,33.3703412787655
2032-08-29,30.76871003088698,28.16281703612638,33.43628101026154
2032-08-30,30.722070123832097,27.846233702293546,33.4236819302227
2032-08-31,30.686863046144676,28.177491488123668,33.22875540470151
2032-09-01,30.496962405695502,27.78034278776442,33.26257296036528
2032-09-02,30.46583790021886,27.89505770189837,33.02027702831598
2032-09-03,30.62829273083176,27.944588556504883,33.099153295540034
2032-09-04,30.44194015250327,27.91904084203464,32.993654413628946
2032-09-05,30.548090383070893,27.896875002547596,33.08569141179105
2032-09-06,30.55513754448606,27.805376141573085,33.45832691013437
2032-09-07,30.57761387890571,27.913709411029394,33.17764437363338
2032-09-08,30.448065838929455,27.900573198177643,33.471344565014554
2032-09-09,30.47860928971308,27.684519971263253,33.23172410014626
2032-09-10,30.702699279070927,27.93025739951489,33.368214871368544
2032-09-11,30.57663800929415,28.11272809825988,33.41459744138823
2032-09-12,30.740491463274843,28.161966275861744,33.43742557702714
2032-09-13,30.801503648278175,28.11080964846194,33.335359153136096
2032-09-14,30.873175066362013,28.35053209413227,33.64194077615827
2032-09-15,30.787159469262807,28.20318237969396,33.68497690185465
2032-09-16,30.854835699019027,27.972427966141275,33.46117184577085
2032-09-17,31.109089748662463,28.666339961736732,33.80473366304859
2032-09-18,31.00583047625378,28.525242405506297,33.82472218181939
2032-09-19,31.184909348531868,28.575646680956226,33.88449544214042
2032-09-20,31.253533225267468,28.612537737314582,34.0180726734396
2032-09-21,31.325336961081348,28.544834348646212,33.92740714601461
2032-09-22,31.232270163509046,28.504317405445132,33.68375158924105
2032-09-23,31.286155292611788,28.66580818287921,33.755240171035304
2032-09-24,31.520452711011544,28.914782448417316,34.30263514425083
2032-09-25,31.39175666757091,28.710125855502035,34.04513451451815
2032-09-26,31.540693199825146,28.848427043549187,33.99856629860943
2032-09-27,31.57530961559441,28.928163982292386,34.214127858186515
2032-09-28,31.610123001763455,29.117320156545183,34.29250441651201
2032-09-29,31.47798277286572,28.75647718258429,33.99504369824904
2032-09-30,31.491605102506686,28.76796974116545,34.21570902377586
2032-10-01,31.685315470095574,29.133457137088037,34.426989842430665
2032-10-02,31.516523879014066,28.961855415924234,34.14989950127082
2032-10-03,31.626604238512503,29.011759255904597,34.19778977300907
2032-10-04,31.624267998751996,29.046065113206822,34.44621186279448
2032-10-05,31.624599827432586,28.998497745146423,34.13640720813656
2032-10-06,31.46091058522738,28.66386688190817,34.14305315688204
2032-10-07,31.446265587221188,28.98219838776157,34.1267228265034
2032-10-08,31.615224425107137,28.98125001399017,34.337464672901085
2032-10-09,31.42531684809329,28.827060802966347,33.964198689036174
2032-10-10,31.517926040602248,28.964904589953075,34.04208186510542
2032-10-11,31.50166914299192,28.629397369457124,34.11250294057114
2032-10-12,31.49144248108378,28.844495203876328,33.945683958602764
2032-10-13,31.32028637129219,28.46391721727338,33.88460469822527
2032-10-14,31.300927043732397,28.6852522143625,33.70508099816774
2032-10-15,31.467531473565646,28.751915155773403,34.028314418897864
2032-10-16,31.277199109910704,28.56706690303626,33.892096891530805
2032-10-17,31.370861323667196,28.74406163165735,34.11724913805459
2032-10-18,31.3566779113345,28.62921661534497,34.05998749970408
2032-10-19,31.34909763445731,28.590679961959804,33.87852524150192
2032-10-20,31.180737212395353,28.576233984945905,33.82905077904107
2032-10-21,31.163935911660452,28.49230408988192,33.77755421406882
2032-10-22,31.332521183762953,28.71321404507,33.93733041162162
2032-10-23,31.143309072382223,28.528940451592753,33.603419787124665
2032-10-24,31.237010018878465,28.458101343519022,33.68358096900852
2032-10-25,31.221629291280834,28.759671168780578,33.744616317164024
2032-10-26,31.211528986094788,28.593266866193993,33.842750199465044
2032-10-27,31.039306071037174,28.16291649998838,33.69171866891602
2032-10-28,31.017343739258298,28.40215905587531,33.654724108344695
2032-10-29,31.179571725409886,28.313513014817563,33.76945288695681
2032-10-30,30.982959565609708,28.249185412179525,33.6262535275335
2032-10-31,31.068413744602733,28.425360032088406,33.66369597344786
2032-11-01,31.044168311025157,28.50528436026044,33.65076734989093
2032-11-02,31.02483629490107,28.45101457364913,33.69810854255143
2032-11-03,30.843276795934536,28.086639995216053,33.44080401824708
2032-11-04,30.812135415881357,27.97114248227396,33.34514153681639
2032-11-05,30.96559407677528,28.20961438808761,33.568688363765204
2032-11-06,30.760854574570182,27.94654508340626,33.36686443559867
2032-11-07,30.839027143114976,28.129285209065678,33.61743490661995
2032-11-08,30.808513894679145,28.089143930033153,33.21249765807804
2032-11-09,30.78405470132279,28.363838743133165,33.50332876824975
2032-11-10,30.598590553802083,27.864658564719935,33.27895500046485
2032-11-11,30.564802172555403,27.81373419374214,33.18600072556621
2032-11-12,30.716859944504332,28.0895803237912,33.244497859876724
2032-11-13,30.511909497616344,27.796497982763963,33.27645867404169
2032-11-14,30.590964083049364,27.847018552199085,33.26722315607274
2032-11-15,30.562293462919616,27.89168912229137,33.111040111086965
2032-11-16,30.54047664296131,27.930137170089182,33.24001981610131
2032-11-17,30.358273213220603,27.715193299250462,33.00334341646958
2032-11-18,30.328170758949177,27.70651316965074,33.05885091773968
2032-11-19,30.484144075239037,27.77811093689199,33.162238776688696
2032-11-20,30.28315014117774,27.49322826584706,32.7498103481964
2032-11-21,30.366029663600877,27.783230309811547,33.13671052691236
2032-11-22,30.34090453746531,27.695494198759047,32.809032516142224
2032-11-23,30.322238232038774,27.83507202024655,33.13641493971293
2032-11-24,30.142713568154285,27.522983872590686,32.57555896929413
2032-11-25,30.11478509335981,27.486865959023508,32.63435293635846
2032-11-26,30.272441584475196,27.718113544200815,32.932462006329594
2032-11-27,30.072702487863133,27.43232433301334,32.730907111419825
2032-11-28,30.15651902566841,27.464470091367183,32.857415061492695
2032-11-29,30.132169300059612,27.68958302670938,32.648992662004275
2032-11-30,30.114314457329446,27.499636228730004,32.77043094457304
2032-12-01,29.93587049611082,27.283199802188093,32.31953629479496
2032-12-02,29.909553108261186,27.269519077022263,32.75009367206239
2032-12-03,30.069631320811315,27.264520740503226,32.578975872506795
2032-12-04,29.87341403767133,27.172087556228547,32.48602902894728
2032-12-05,29.962140538043396,27.371031989853975,32.686536293794916
2032-12-06,29.944364621958677,27.291181125169558,32.530432970006814
2032-12-07,29.934999841177007,27.153136053672466,32.589000648509
2032-12-08,29.767180781749296,27.001627153500714,32.33736522123065
2032-12-09,29.7537981618748,27.204298820139133,32.358135071546116
2032-12-10,29.9292438690498,27.274142012213503,32.5430097643123
2032-12-11,29.750890359325563,27.248773150339396,32.603082206667416
2032-12-12,29.859975757246442,27.0282393704841,32.504213143545
2032-12-13,29.864984576114637,27.299628193157336,32.342492337985625
2032-12-14,29.88069166552505,27.25550468277902,32.53188414901427
2032-12-15,29.740024454199236,26.84570103783133,32.340892703154715
2032-12-16,29.755601282327415,27.084519996982444,32.246079903578895
2032-12-17,29.96148190466892,27.3400400841356,32.6191970022468
2032-12-18,29.814654471542518,27.211347610510455,32.45573364861871
2032-12-19,29.95593014010031,27.216769463213403,32.59894474069661
2032-12-20,29.993334983821956,27.472821999752142,32.60041551123624
2032-12-21,30.041166496794155,27.279212539313292,32.68924226333481
2032-12-22,29.931869400748965,27.288075151584795,32.51705065621723
2032-12-23,29.97758814977567,27.40732050841454,32.50254515265087
2032-12-24,30.211931787493956,27.605451168628687,32.68393806803418
2032-12-25,30.091475022889004,27.34390010491322,32.74506841034917
2032-12-26,30.256666235554718,27.578581966083988,32.72651657480138
2032-12-27,30.315231649372993,27.58256615568164,32.9962536915732
2032-12-28,30.381242568680076,27.59310484308443,32.9844975021721
2032-12-29,30.287000021451906,27.38847381224409,32.75874455868837
2032-12-30,30.344593891948435,27.82488338137181,32.957990464265166
2032-12-31,30.58767194627795,27.819552948773612,33.2281660129512
2033-01-01,30.472942435701977,27.81907183830069,33.20145742820512
2033-01-02,30.641080883324797,28.022773119798078,33.3791685055749
2033-01-03,30.700130268896963,27.832656404779613,33.4209469652765
2033-01-04,30.764561564034093,28.079278613414168,33.34707600222293
2033-01-05,30.667149102728562,28.07264621443292,33.44704339160612
2033-01-06,30.72051808884465,27.98515764183122,33.275338374751136
2033-01-07,30.958899936910775,28.251641367966705,33.72602556214438
2033-01-08,30.83961948949846,28.32990502991883,33.59082469772935
2033-01-09,31.00398513135305,28.210187415835442,33.76954726224706
2033-01-10,31.060671473752798,28.45194070854226,33.659236834137175
2033-01-11,31.124762051471148,28.472239252393727,33.70053060218875
2033-01-12,31.029607024434924,28.327966460544037,33.782791057060685
2033-01-13,31.088353695361963,28.372890282212747,33.67469633211269
2033-01-14,31.33568603663383,28.553915250965765,33.9924001775276
2033-01-15,31.229297739302684,28.484464694124405,33.88274294225078
2033-01-16,31.410770232413324,28.953308391458467,33.965307971275365
2033-01-17,31.488945719709324,28.68781006583662,34.02462497782919
2033-01-18,31.578962983620958,28.93820409472254,34.26198875139811
2033-01-19,31.514111180442363,28.69317376149765,34.16681179599836
2033-01-20,31.607359586607735,28.916760335604714,34.213396356873155
2033-01-21,31.89309954952268,29.342521094313195,34.66279156664135
2033-01-22,31.828623125138414,29.102866177274365,34.55189687344054
2033-01-23,32.05500972882031,29.465914068284842,34.77785606795153
2033-01-24,32.1805106367753,29.548177075820707,34.6956702209054
2033-01-25,32.319598795295434,29.670332026686246,35.06959942691442
2033-01-26,32.30483879407123,29.684928481290637,34.882313135722164
2033-01-27,32.44843453074911,29.737480223984786,35.05950510239196
2033-01-28,32.783990334605605,30.212900008782295,35.612873581779844
2033-01-29,32.76800950644847,30.198107452503486,35.48594020695855
2033-01-30,33.04080105185902,30.46216412440715,35.65634153516543
2033-01-31,33.20988388678626,30.471222322865675,35.72384057021738
2033-02-01,33.38905542174014,30.726933149433407,35.975055616275995
2033-02-02,33.41027885297085,30.769094653812477,36.0810969330718
2033-02-03,33.58524619853243,30.99315647363745,36.334827994032814
2033-02-04,33.94715241046159,31.40498220103669,36.479977344604436
2033-02-05,33.95220414929813,31.46221897541985,36.52166609731517
2033-02-06,34.24053370371999,31.463680287167882,36.905301181735034
2033-02-07,34.41960712536116,31.909727874815374,37.00042491542542
2033-02-08,34.60329336795284,31.99578096495173,37.30317817832636
2033-02-09,34.623748737595086,32.1178962040279,37.30358777187226
2033-02-10,34.79297376690469,32.20446603546297,37.38611433605196
2033-02-11,35.14457801390366,32.35835355539384,37.877764886298976
2033-02-12,35.13527663155436,32.2733960981883,37.82587964752974
2033-02-13,35.405789533266095,32.84466623796044,37.939718975947805
2033-02-14,35.564232640341416,32.95324312901044,38.15334902947082
2033-02-15,35.72516847781148,33.13864995869859,38.3404352911624
2033-02-16,35.721470950621296,33.22726159148674,38.471317966416585
2033-02-17,35.86586197096633,33.22831802498977,38.60195630821866
2033-02-18,36.19265601242103,33.322432188300695,38.87753724860425
2033-02-19,36.15923701177954,33.22193812504231,38.98855185846311
2033-02-20,36.406939002669525,33.76583048668302,39.40802924949303
2033-02-21,36.54442049299897,33.8966137080518,39.168717034478455
2033-02-22,36.68670033108538,33.96309777508311,39.544141248109604
2033-02-23,36.66701030917285,33.91310450526845,39.434573814365415
2033-02-24,36.798322518075054,34.33482707232525,39.55716868824793
2033-02-25,37.11508778775484,34.578035357432434,39.981589820635364
2033-02-26,37.07470980269616,34.67114301224899,39.795208460238754
2033-02-27,37.31842634766956,34.61006985746959,39.7430675324769
2033-02-28,37.45468766927704,34.89949252480305,40.028846458830635
2033-03-01,37.59819957376109,35.0400259659941,40.25242883314284
2033-03-02,37.58178629139195,34.86296781849951,40.17779951829333
2033-03-03,37.7179308151177,34.91961907381668,40.34598736859556
2033-03-04,38.0405286634807,35.27533718330918,40.554988212330535
2033-03-05,38.00637920417594,35.50771575590096,40.47336263899583
2033-03-06,38.2560854871265,35.74423650137889,40.7810029982484
2033-03-07,38.397452026031786,35.80767895577283,40.953101321813065
2033-03-08,38.544547578855294,35.81759461882714,41.06867172757223
2033-03-09,38.52958738058283,35.934679989318155,40.94598277916759
2033-03-10,38.66449196880333,36.155218585634714,41.1127863118748
2033-03-11,38.98265801145714,36.43160767398675,41.433190717830584
2033-03-12,38.94046477481642,36.37576794251242,41.62148830849155
2033-03-13,39.178186739025485,36.670068466784166,41.91636267235435
2033-03-14,39.30340142850654,36.835638545077465,41.88810167188194
2033-03-15,39.43005921664821,36.85348796318094,41.971000813966704
2033-03-16,39.390369356237876,36.778728065758294,41.89738598206496
2033-03-17,39.49635926941677,36.76663591224054,42.114307763725684
2033-03-18,39.781642497875865,36.92438418912307,42.228753608321625
2033-03-19,39.702919041124666,36.9285653115706,42.319033539250405
2033-03-20,39.90087877565374,37.24906240795566,42.629518117351715
2033-03-21,39.9835972980003,37.32072475715977,42.49038436883425
2033-03-22,40.06559130892593,37.444447557510806,42.589643027798864
2033-03-23,39.979688219469615,37.33428469461016,42.85217962966237
2033-03-24,40.038567500816136,37.1524889221148,42.55192044417568
2033-03-25,40.27650971128722,37.78754413423685,42.86115919117169
2033-03-26,40.15087748960157,37.42748116519299,42.826796747462225
2033-03-27,40.30299978071877,37.84489016599582,42.844010477114686
2033-03-28,40.34154920598577,37.74603999686682,42.895461853266134
2033-03-29,40.381580241962226,37.52667677202496,43.05182198269366
2033-03-30,40.25638339815002,37.67730923453949,42.9353486522153
2033-03-31,40.27901337228794,37.7768274607155,42.781660550848194
2033-04-01,40.48402750699423,37.982674245188306,43.163351590565384
2033-04-02,40.3289591496443,37.71691027843474,42.91251262572103
2033-04-03,40.45519740750469,37.800087703263436,43.095640322967675
2033-04-04,40.471363341909445,37.663677966275365,43.1653518862383
2033-04-05,40.49235030034371,37.942195017144954,43.11059411187755
2033-04-06,40.35118351259965,37.731808530002496,42.94363622036826
2033-04-07,40.3605567688771,37.607494392926625,42.97154935876632
2033-04-08,40.55458225098006,37.521845578918864,43.042300254731366
2033-04-09,40.39027778134719,37.793728931998,42.938342899702526
2033-04-10,40.50846257043975,38.02781180875112,43.15122702898735
2033-04-11,40.517151032413594,37.761932220856096,43.09335555357649
2033-04-12,40.530611845933564,38.05743783980141,43.2496497560888
2033-04-13,40.38124683145363,37.77992919748064,42.92306562024071
2033-04-14,40.381146891737004,37.70302167160705,43.03697356191456
2033-04-15,40.563860516189564,37.93336436116881,43.21267011308292
2033-04-16,40.385898560736116,37.83857890723779,43.04135375430454
2033-04-17,40.487645864583044,37.727989269192236,43.03313696589434
2033-04-18,40.4767688039388,37.911029350803524,43.1844289404832
2033-04-19,40.46728555285909,37.85557418771277,42.98971159339507
2033-04-20,40.29145329114253,37.55525531275664,43.11807352331239
2033-04-21,40.26132935966732,37.4713648104171,42.632980559646995
2033-04-22,40.410541709773554,37.637884938558834,43.006832695279115
2033-04-23,40.195792301317326,37.46316019270667,43.006375504781374
2033-04-24,40.257764052226655,37.65216204419455,42.8376987581572
2033-04-25,40.20452057842628,37.75562233715033,42.7408607399208
2033-04-26,40.15056572621538,37.40509562876463,42.4736061632944
2033-04-27,39.92871745517752,37.36603685165775,42.53589677314402
2033-04-28,39.85165346685531,37.40645913787302,42.541681109753306
2033-04-29,39.95366438554555,37.297813886414815,42.413351413288844
2033-04-30,39.692138656814045,37.12965643398616,42.33529920064641
2033-05-01,39.708450313417984,36.995723784345536,42.43282906771566
2033-05-02,39.61133941399563,36.915758095603415,42.30078917057991
2033-05-03,39.51595272579601,36.70700889600342,42.25386320792294
2033-05-04,39.255699764360656,36.676608208358715,41.75820287126592
2033-05-05,39.14378210935628,36.386833526309225,41.774357125696866
2033-05-06,39.21493228036396,36.552673440778854,41.82259099557425
2033-05-07,38.92688675476883,36.34310683756782,41.62829482902672
2033-05-08,38.92126462084516,36.30501933612346,41.61950517447105
2033-05-09,38.8069419311972,36.202060025898966,41.39711342404482
2033-05-10,38.699089496396695,35.92814154632702,41.247711496510256
2033-05-11,38.43102930403028,35.75732479905824,40.94241976600316
2033-05-12,38.31576745625378,35.636551822803405,40.7909620443143
2033-05-13,38.38773978597213,35.58697531333069,40.930390480260364
2033-05-14,38.10429451637931,35.5722181689185,40.73891005724324
2033-05-15,38.10658315230303,35.48352755941882,40.70857965309434
2033-05-16,38.002949286002085,35.31479093201014,40.61650624049226
2033-05-17,37.90798260840274,35.1720110525504,40.545647147357904
2033-05-18,37.654392809457725,34.94325566407467,40.25771842820343
2033-05-19,37.5545607217422,34.88157015829652,40.39952592010905
2033-05-20,37.642302307425396,34.91180843077071,40.1113065685327
2033-05-21,37.37436928933773,34.60704486419017,40.075333041861406
2033-05-22,37.39135706390055,34.730552070246915,39.8909165903244
2033-05-23,37.3011090579137,34.47284142353646,39.9704153465688
2033-05-24,37.21778434569316,34.615761667798125,39.88822724440757
2033-05-25,36.973742796407734,34.21997839895189,39.74895414082444
2033-05-26,36.88110476548691,34.186260015421524,39.69766609571367
2033-05-27,36.973520674065796,34.2585393128518,39.57329045065625
2033-05-28,36.70767411333379,33.96935823993153,39.289117278681495
2033-05-29,36.724189045153224,33.989635587257375,39.29748531983925
2033-05-30,36.631030294527804,33.86773872180935,39.414464176950794
2033-05-31,36.54256428310131,34.07438864477779,39.328051455556356
2033-06-01,36.29143450182123,33.802583703880295,38.85868437312926
2033-06-02,36.190109053636355,33.625062213198646,38.80960430710889
2033-06-03,36.27263600672707,33.59883571117957,38.851533927125146
2033-06-04,35.996130659149294,33.41719009583213,38.63522750891824
2033-06-05,36.001665803836666,33.55814345882398,38.6095592173959
2033-06-06,35.89765474489906,33.39561754019717,38.62601954350824
2033-06-07,35.79889459060268,33.195676866799054,38.4100583854227
2033-06-08,35.53842490034138,32.86248206605087,38.27549705552197
2033-06-09,35.42905958084027,33.0245954804355,38.164297378588074
2033-06-10,35.505128303782655,32.9552534745255,38.04955569011103
2033-06-11,35.22395202812712,32.49479333208274,37.961130603733224
2033-06-12,35.2267241336125,32.478888423908664,37.65982011487169
2033-06-13,35.12188725552107,32.2379417535679,37.74014316496625
2033-06-14,35.02417359544864,32.48867931484825,37.64721197846043
2033-06-15,34.766463936314324,31.892954083581127,37.28026536619145
2033-06-16,34.66132330341519,31.922676959112593,37.36885039206524
2033-06-17,34.742749483308074,31.977420340681377,37.34365765466273
2033-06-18,34.46765881683073,31.69590231855093,37.02635229761471
2033-06-19,34.47678050298039,31.598385692780067,37.069212255842295
2033-06-20,34.378049137980746,31.752193825558987,37.038650457006014
2033-06-21,34.28566281242798,31.674125654247355,36.91315499595369
2033-06-22,34.0319614692321,31.33571119710931,36.73252211147186
2033-06-23,33.92898287993251,31.40002358507013,36.5246790092418
2033-06-24,34.010231825016916,31.43794793800304,36.607050418531465
2033-06-25,33.73218624473146,31.113699492350182,36.35041659205693
2033-06-26,33.735210942849136,31.20279771765318,36.36768287177633
2033-06-27,33.626967928641506,31.058160016335666,36.04625383658755
2033-06-28,33.52149011534398,30.844982908866797,36.12747068360673
2033-06-29,33.25107252641784,30.593372360959645,35.940117904387805
2033-06-30,33.12783788624066,30.628659577181608,35.644737323778564
2033-07-01,33.18551178575694,30.555526609248314,35.80236360961715
2033-07-02,32.88093089360578,30.277599347239534,35.54999159552808
2033-07-03,32.85495460867205,30.292218219982953,35.541503657548795
2033-07-04,32.71586916960433,30.339365985476302,35.40811946495437
2033-07-05,32.578450990888754,29.865644727958827,35.00574859200753
2033-07-06,32.27584354959289,29.581302509349047,34.963304223041725
2033-07-07,32.121104990880944,29.265342259161237,34.81524643304191
2033-07-08,32.14896204671403,29.571388810822373,34.693541217229615
2033-07-09,31.817294244768078,29.193581053707458,34.57247023965979
2033-07-10,31.76801940000989,29.191808444222037,34.3679801677882
2033-07-11,31.610470075575144,29.0002966053137,34.4191065264813
2033-07-12,31.460428510268013,28.791851308180636,34.146788822537864
2033-07-13,31.15197510177989,28.566323894473538,33.68099275043272
2033-07-14,30.99900839488801,28.47988251147804,33.82601185713084
2033-07-15,31.036972944801626,28.534982743691067,33.78330948105945
2033-07-16,30.72431978132452,28.149350885150458,33.36042315691767
2033-07-17,30.703371166540602,28.317551845985093,33.28896733009302
2033-07-18,30.583679964329786,28.145864904611535,33.286846799451375
2033-07-19,30.481051663858533,27.579725769681975,33.11331015254933
2033-07-20,30.229384587598865,27.690663821613278,32.859519545744966
2033-07-21,30.142186557928728,27.181288197089053,32.820719077799424
2033-07-22,30.25430458996452,27.64114101773518,32.801504872703816
2033-07-23,30.023392399498906,27.245418114382716,32.7170255458965
2033-07-24,30.09078734420015,27.518244308512674,32.83884175908818
2033-07-25,30.06488690443996,27.548157127894072,32.68938807698672
2033-07-26,30.060192400556915,27.454942120087885,32.78814498534441
2033-07-27,29.909175006292752,27.140201703732355,32.68945121566905
2033-07-28,29.92382174725865,27.26308091641842,32.59413126461031
2033-07-29,30.137397367117323,27.597415827028264,32.920727560783355
2033-07-30,30.005946082825815,27.403991094438812,32.80257176187578
2033-07-31,30.169204016664583,27.52274732240673,32.682298108805895
2033-08-01,30.234011539650464,27.513616823030155,32.903857207318666
2033-08-02,30.313392332708517,27.699733247397766,33.150462766197556
2033-08-03,30.23845333967257,27.311526248110926,32.75987167239609
2033-08-04,30.319962443494816,27.64759439860836,32.81061491471741
2033-08-05,30.59013894176971,27.93116708572549,33.18146142650677
2033-08-06,30.504180108763794,27.90980140582829,33.01772808920263
2033-08-07,30.701193989679354,28.06413332950489,33.30768652794513
2033-08-08,30.78762712901326,28.113248845007412,33.358460698653744
2033-08-09,30.876353630485596,28.220060973686778,33.48863213788157
2033-08-10,30.798579448595472,28.145140707619696,33.50375303663407
2033-08-11,30.86541861162782,28.352752105216364,33.64736969694656
2033-08-12,31.10967646695252,28.45801653292842,33.75814940843758
2033-08-13,30.987363396749235,28.317395034381086,33.391359427810194
2033-08-14,31.138609452944177,28.549099073151588,33.693666805124
2033-08-15,31.171069050821814,28.60362194204225,33.65870379861681
2033-08-16,31.19898267942783,28.829698844308226,33.96051899826774
2033-08-17,31.05505019801081,28.294022709672472,33.76139993330877
2033-08-18,31.051973178585115,28.467928780949876,33.55377832396282
2033-08-19,31.224202216973183,28.713000747890266,33.87939764663065
2033-08-20,31.02941354144424,28.304000267439083,33.74577057576806
2033-08-21,31.109386275419904,28.580512306000937,33.67662092574628
2033-08-22,31.073370404309923,28.493453180511477,33.57819401241202
2033-08-23,31.037113294667666,28.647192026432183,33.57674287139542
2033-08-24,30.83470018145482,28.253356194107894,33.5372277669266
2033-08-25,30.780066864840407,28.147107400808576,33.73889164533957
2033-08-26,30.908721235125086,28.155582755719283,33.4605366602349
2033-08-27,30.67919854863917,28.08932990708925,33.23371946410329
2033-08-28,30.733922287512055,28.104862021825692,33.496616893994485
2033-08-29,30.682561001127596,27.92902302131554,33.157881919329625
2033-08-30,30.64104918851785,27.82829955278,33.29848294647777
2033-08-31,30.443427707546526,27.84011422831253,33.04832882050443
2033-09-01,30.403361880862377,27.7885920616777,32.96679508052288
2033-09-02,30.55587370758274,27.79146089512217,33.01512161036805
2033-09-03,30.358812762496914,27.63593819916952,33.11111781917129
2033-09-04,30.45373715369533,27.859471759864775,33.265626438072395
2033-09-05,30.44929436685587,27.849634693359363,33.214736430027486
2033-09-06,30.46026939450077,27.845009673038003,33.06448021409211
2033-09-07,30.31945490224656,27.91309629095636,33.05187501671636
2033-09-08,30.33920081550633,27.552283357499395,33.05210435563307
2033-09-09,30.553178917728715,28.018618182349904,33.16876005581028
2033-09-10,30.417886214779276,27.62922642868787,33.00974782924426
2033-09-11,30.573557621707657,27.808413701446522,33.37448644925401
2033-09-12,30.62757701940512,28.020148759538426,33.338296948794024
2033-09-13,30.69355335271718,28.14716837239141,33.41978684249383
2033-09-14,30.60321586767395,27.943084166080503,33.15079970686265
2033-09-15,30.66798530547819,27.96251331501819,33.35607385655851
2033-09-16,30.92075618056159,28.42771199286977,33.557482008358946
2033-09-17,30.817413546162005,28.018395996055457,33.218516016176906
2033-09-18,30.997754572407942,28.302303477123804,33.74966835709455
2033-09-19,31.06890387701543,28.457728248121377,33.84204830999078
2033-09-20,31.144389297077744,28.423452230319356,33.74986843570345
2033-09-21,31.056032337932564,28.458256131415652,33.367772590689604
2033-09-22,31.115510370193505,28.305405735586493,33.56553932981167
2033-09-23,31.35612606166855,28.631200043274323,33.94468005469603
2033-09-24,31.234307900784355,28.646274185637022,33.88399060329319
2033-09-25,31.390512669181053,28.834536494965388,34.16713938031467
2033-09-26,31.432619399283283,28.680635468203945,33.95298283399883
2033-09-27,31.474982146338032,28.838875800205766,34.14848023186582
2033-09-28,31.350296478407728,28.593460674299806,34.05347810323128
2033-09-29,31.37113743044353,28.75496099202733,33.89534526400082
2033-09-30,31.57170507258015,29.032846083811258,34.420200823351216
2033-10-01,31.409302183095573,28.77754728364208,34.048660001187926
2033-10-02,31.525215470682927,28.8841306390826,34.26440975999244
2033-10-03,31.528090406780432,28.84396270508596,34.08743018089508
2033-10-04,31.532967447020702,28.94314877549825,34.11279376148733
2033-10-05,31.373134908699186,28.711314298706633,34.00679403930373
2033-10-06,31.361656519451806,28.61261272692832,33.85487448601489
2033-10-07,31.533109956838558,28.84160696949599,34.06152785972459
2033-10-08,31.345060936988403,28.75658179534115,34.07825722494737
2033-10-09,31.438944263590557,28.85673435330839,34.043649000919906
2033-10-10,31.42344176723898,28.782400557508005,34.237623482064414
2033-10-11,31.413524692415606,28.81133258169033,34.0444705543256
2033-10-12,31.24231549522506,28.74857030481139,33.88241903943537
2033-10-13,31.22262669239042,28.592912895068178,33.73142089747882
2033-10-14,31.388712648649687,28.72910550558294,34.18573599680543
2033-10-15,31.19775838467675,28.532740684650154,33.903759177858696
2033-10-16,31.29077631278397,28.699771556677753,33.68914285505893
2033-10-17,31.27600031414112,28.545875701543682,34.020278374513666
2033-10-18,31.26794420234721,28.6385155797169,33.676817163335
2033-10-19,31.099279043156066,28.460781325257802,33.808849191443514
2033-10-20,31.082386511260346,28.25446787905869,33.853397507674835
2033-10-21,31.2511237585181,28.59618988294708,33.98341969613491
2033-10-22,31.062323521357712,28.592364461265603,33.68673678110392
2033-10-23,31.156700087875002,28.417378289019602,33.95074642666401
2033-10-24,31.142250326575223,28.57313928464803,33.85782881593019
2033-10-25,31.133316689269584,28.315904525952288,33.77237718480887
2033-10-26,30.962466607249738,28.338807976777392,33.507297640570826
2033-10-27,30.942045492112968,28.355319474122535,33.490986528213526
2033-10-28,31.10593892421035,28.512887997355943,33.59396096403073
2033-10-29,30.911067937728895,28.074797472640128,33.36146943035424
2033-10-30,30.998288269374633,28.353136100894694,33.59765784408512
2033-10-31,30.975783074603843,28.40077210220185,33.62565226845979
2033-11-01,30.958116370479445,28.30164814274628,33.61331959459707
2033-11-02,30.778102003015153,28.1894138176237,33.41779690454732
2033-11-03,30.74834574819919,28.29375647526286,33.36620109685631
2033-11-04,30.90299653307819,28.229474338732395,33.537523449886166
2033-11-05,30.699231081394043,28.07867503997157,33.24013772530772
2033-11-06,30.778143225387947,28.18287148491321,33.418159047126316
2033-11-07,30.74812772933869,28.046562915679477,33.320685644003674
2033-11-08,30.723926181700385,28.15020115079048,33.364299598855524
2033-11-09,30.538489998385113,27.97288397818203,33.176676796666186
2033-11-10,30.50451833055233,27.799280771675644,33.06620057248917
2033-11-11,30.656206981568513,28.230942881949826,33.39872488058468
2033-11-12,30.45073268707853,27.789101577182716,32.90501422063032
2033-11-13,30.529143979397322,27.98553093524482,33.21968791643917
2033-11-14,30.499748393310544,27.91285296334984,32.97570864786224
2033-11-15,30.477163417188105,27.98054788263605,33.21621561695205
2033-11-16,30.294186020450915,27.71242767399059,32.92057207372611
2033-11-17,30.263338288465725,27.586283620577166,32.950424394445804
2033-11-18,30.418624965904336,27.76505486469778,33.14204238920155
2033-11-19,30.217026928117086,27.52586311146145,32.938036476430376
2033-11-20,30.299401448495992,27.723285948639454,32.956880207953745
2033-11-21,30.27387865883295,27.73026369118356,33.00626698590111
2033-11-22,30.254921252251116,27.626645047378148,32.95537881661022
2033-11-23,30.07520192333964,27.599699192663742,32.74621141123859
2033-11-24,30.047155769624105,27.443861821395352,32.609832242292114
2033-11-25,30.204743188505038,27.69229480088094,32.917150423459226
2033-11-26,30.0049470716917,27.435213059184942,32.9340650024506
2033-11-27,30.088675004344196,27.465772968578296,32.84034855161963
2033-11-28,30.064155767876816,27.351097476636472,32.76273765408409
2033-11-29,30.04599716411184,27.46895923530769,32.639867808580675
2033-11-30,29.867059691210436,27.065807544090383,32.33188465959622
2033-12-01,29.840003398161613,27.36863141836812,32.519502064655114
2033-12-02,29.999043618501226,27.296959781332756,32.759859174317235
2033-12-03,29.801439610461916,27.240543062959734,32.425741715927586
2033-12-04,29.88838708763095,27.447185190367613,32.63555504576283
2033-12-05,29.86840425861105,27.280847237142343,32.488622291960645
2033-12-06,29.856378745400153,27.11999263924339,32.49445235335965
2033-12-07,29.685430283933144,26.79436548118997,32.531662095589446
2033-12-08,29.66844691537847,27.06567399387782,32.268224617347926
2033-12-09,29.839830746870316,27.234053176902965,32.281893811926174
2033-12-10,29.65697767047718,26.881511020788434,32.15724032443008
2033-12-11,29.7611623575926,27.338951975243585,32.493348355436325
2033-12-12,29.760918440432526,27.289960436860486,32.4763793689999
2033-12-13,29.77108149354097,27.321399969790757,32.30534304623404
2033-12-14,29.624649903242194,27.06854663279138,32.50015045199402
2033-12-15,29.634321452610255,27.027334110399583,32.40561168966101
2033-12-16,29.834241749247013,27.221790055504723,32.47442689373498
2033-12-17,29.68148886037642,26.96789473863955,32.201575161655704
2033-12-18,29.816965374775876,27.21210219486074,32.2401495803023
2033-12-19,29.848787634356682,27.22542933963607,32.36059465319167
2033-12-20,29.891339512362958,27.284257376152368,32.646321562473275
2033-12-21,29.77714552968363,27.176584708960448,32.48215907218616
2033-12-22,29.818420788241067,27.12601152533302,32.29440493599559
2033-12-23,30.04883345825223,27.60258051872264,32.73409901149712
2033-12-24,29.92500376294949,27.32966179789888,32.652618072344055
2033-12-25,30.08741024178799,27.472094911969887,32.88558496018757
2033-12-26,30.143792592147207,27.501346640253782,32.753493458635276
2033-12-27,30.208218033161813,27.420340835742554,32.69210431308022
2033-12-28,30.112965572791023,27.744847388202594,32.631433625296324
2033-12-29,30.170085282781947,27.52870852804891,32.99673369859431
2033-12-30,30.41316799201134,27.793300319161453,33.075269507156555
2033-12-31,30.29884907435743,27.608406048770348,32.913042063694895
2034-01-01,30.46771691253039,27.673237340963876,33.07679817134167
2034-01-02,30.527715213212417,28.05444230070981,33.177314453625876
2034-01-03,30.593206072361912,28.090177470940624,33.27310120796088
2034-01-04,30.496848209380133,28.020970345269752,33.039007233092626
2034-01-05,30.55114759477022,27.721690459256934,33.26913911661464
2034-01-06,30.79021608176107,28.132606684786644,33.57861224029499
2034-01-07,30.67126199312028,27.9934404335204,33.2631696024445
2034-01-08,30.83548358748096,28.215929277449394,33.49513288264113
2034-01-09,30.891454982094963,28.293792209180065,33.48445897689689
2034-01-10,30.95417187970463,28.247941799893695,33.76096701931539
2034-01-11,30.85691200177656,28.08247264007209,33.40566294794023
2034-01-12,30.912767957019028,28.257809831972597,33.32763909491615
2034-01-13,31.15638866606423,28.530640255185407,33.60743439659857
2034-01-14,31.045453795027335,28.448616539469157,33.60962922400625
2034-01-15,31.221552600100793,28.578320762443433,33.776268407372335
2034-01-16,31.29355719973859,28.71348342838576,33.81425203534503
2034-01-17,31.376658010504368,28.423417524390334,33.98546884458089
2034-01-18,31.3042165738163,28.64322689816175,33.88709358032571
2034-01-19,31.38929375407899,28.766222770532643,33.93105700806022
2034-01-20,31.666389599048536,29.057677380347197,34.50190426067604
2034-01-21,31.592919397844852,28.97910686014332,34.248726087406126
2034-01-22,31.81009733082597,29.133179379340934,34.45718246810514
2034-01-23,31.926317628878817,29.174207306622957,34.57985953721056
2034-01-24,32.05620078999953,29.517390614551818,34.79947572828579
2034-01-25,32.03245980786821,29.283382082242348,34.48810177917133
2034-01-26,32.167444043092466,29.46343372674379,34.84088628641647
2034-01-27,32.494896610523696,29.936632223668543,35.29919399809927
2034-01-28,32.47144934438272,29.83034078807512,34.99138994579651
2034-01-29,32.73752621891849,30.212914044549297,35.58309820046162
2034-01-30,32.900744597324596,30.143256890574023,35.394980890894686
2034-01-31,33.074981299259996,30.215659143015774,35.42067916387527
2034-02-01,33.09225788731546,30.425751594360108,35.79857090453449
2034-02-02,33.26430226805867,30.48510604818777,35.95265547697481
2034-02-03,33.624321980638335,31.132682917440935,36.45753572584194
2034-02-04,33.628512783723664,31.189383924623215,36.27069640779888
2034-02-05,33.916973030006005,31.338846473862315,36.65265849116355
2034-02-06,34.09711288660865,31.44274724067414,36.96788406255924
2034-02-07,34.28272516078027,31.701410612206562,37.06456891077066
2034-02-08,34.30587199068037,31.362103165488385,36.76771199695666
2034-02-09,34.47844445119801,31.589034749284348,37.05120170208091
2034-02-10,34.83393049865436,32.13713619404137,37.50999324967252
2034-02-11,34.828915011358774,32.30909298527434,37.46471286145458
2034-02-12,35.1039826530171,32.35209621591689,37.73783145275366
2034-02-13,35.26711293999993,32.675820456104304,37.9963984899945
2034-02-14,35.43273467040078,32.86196889259119,38.01331575988991
2034-02-15,35.43359443788093,32.84444914814657,38.114408511720704
2034-02-16,35.582296794806915,33.11655961470594,38.34736763205302
2034-02-17,35.91305203981069,33.24207413817408,38.2906050114903
2034-02-18,35.88315595887324,33.41798915596296,38.46097186930713
2034-02-19,36.13387282349696,33.5539675683589,38.63708004283617
2034-02-20,36.27381159124663,33.664400875338714,38.94787531963012
2034-02-21,36.417963002381775,33.64947382262191,39.106080149468106
2034-02-22,36.399552787218006,33.52099697637671,39.03719117170807
2034-02-23,36.531568982121776,33.507873603893415,39.0988434337086
2034-02-24,36.848499691649124,34.284852438195664,39.569639251350964
2034-02-25,36.80780590690502,33.954016041973894,39.414958842259175
2034-02-26,37.0508008749231,34.49230674811933,39.62280836506742
2034-02-27,37.186026060375,34.632702199060304,39.77157497875555
2034-02-28,37.328291391187285,34.6360528063988,40.06644830720926
2034-03-01,37.31053490258152,34.64634612474612,39.988852454716806
2034-03-02,37.445359582036936,34.746741944657856,40.095262630742724
2034-03-03,37.766783467838124,35.30085608921868,40.20335478520332
2034-03-04,37.73172724516,34.983674666997835,40.40144808544629
2034-03-05,37.98091039781363,35.246919436988684,40.734581636904394
2034-03-06,38.12224546242581,35.27595010714036,40.76587207630083
2034-03-07,38.269897538672005,35.553629530703,40.71353131992993
2034-03-08,38.256163604452794,35.514195173992235,40.945009044880564
2034-03-09,38.39302886163179,35.940342433826686,41.09723563515651
2034-03-10,38.71393559387588,36.07201000203826,41.46177275180198
2034-03-11,38.67528823173619,36.10980891869401,41.471375283178276
2034-03-12,38.91736517275485,36.562336770243455,41.51028992238561
2034-03-13,39.04772644637439,36.530798183708065,41.72566407111731
2034-03-14,39.18028398704409,36.691652946055925,41.81604971678689
2034-03-15,39.14718875226782,36.56287298436784,41.732415291197825
2034-03-16,39.26039168647143,36.58982590970081,42.058408937963826
2034-03-17,39.55341388119389,36.721055117828385,42.12365830492861
2034-03-18,39.482849593507424,36.625880799615004,42.05098150464872
2034-03-19,39.68927273573168,37.13336026140569,42.359248488693936
2034-03-20,39.78063608818885,37.39819034874604,42.33297249177019
2034-03-21,39.871330252201616,37.14900306869035,42.51518259907673
2034-03-22,39.794056918286174,37.26288767041305,42.44440615165485
2034-03-23,39.86137386288404,37.080423788704266,42.25289527584824
2034-03-24,40.10744749895829,37.4813755229227,42.58604804648142
2034-03-25,39.98953716520147,37.231301499616315,42.80099413628036
2034-03-26,40.14888232261128,37.5088341788474,42.91367687284298
2034-03-27,40.19408248221423,37.4699978354462,43.03369205859448
2034-03-28,40.24013745262938,37.51433329709658,42.702169223626576
2034-03-29,40.1203030365004,37.45368083170829,42.83068916428684
2034-03-30,40.14762010954402,37.40329210634742,42.71196563824946
2034-03-31,40.35665337871096,37.78286864463901,43.07575635105692
2034-04-01,40.204964412462566,37.46783490089517,42.80138417443897
2034-04-02,40.3339904450317,37.527347587158374,42.99994366629515
2034-04-03,40.35241902663587,37.85686056840669,42.83351432564552
2034-04-04,40.37522626429884,37.73709994462978,42.9761255417337
2034-04-05,40.23553384141147,37.656349115654734,42.73848813372021
2034-04-06,40.24614271025497,37.6629244261983,42.77344902962364
2034-04-07,40.44127961708937,37.80396396643284,43.148441307197864
2034-04-08,40.27808082249763,37.74410795400239,42.844728940824815
2034-04-09,40.39748420201938,37.8010246523519,43.00488134243378
2034-04-10,40.40761940505775,37.86352116708952,43.28695422668
2034-04-11,40.42286335719989,37.85587861073027,42.98329665343985
2034-04-12,40.27571578270323,37.71561137474117,42.91493185303846
2034-04-13,40.27835209324407,37.665514649599835,42.87031025488396
2034-04-14,40.464389233899205,37.86009192881396,43.172179022129185
2034-04-15,40.290388276767295,37.37738289004043,42.85668537999758
2034-04-16,40.396764388287245,37.87348300690119,43.09985517590345
2034-04-17,40.3911933191141,37.77996248530941,42.96074628012598
2034-04-18,40.387681218134595,37.64457775658283,42.86103509433
2034-04-19,40.21845202368625,37.548204169087306,43.150798692450266
2034-04-20,40.195509426840246,37.568604511988156,42.90180531800996
2034-04-21,40.352408729288676,37.6438304559383,43.12570500136123
2034-04-22,40.14576220865149,37.572506337467686,42.661673903513055
2034-04-23,40.216148535647974,37.55309873718462,42.8797224521364
2034-04-24,40.171515408855136,37.40398882418285,42.83151455148975
2034-04-25,40.12624232336832,37.53909927005161,42.779470991246754
2034-04-26,39.913017935625135,36.85712645676407,42.4130169155867
2034-04-27,39.84438931662116,37.162835164373014,42.369894056102645
2034-04-28,39.95451879276957,37.25514346585688,42.53407193912642
2034-04-29,39.700672431946444,37.09923260821653,42.56869343544822
2034-04-30,39.72411121872781,37.185613437096634,42.548673608719504
2034-05-01,39.63347462389922,36.801798422411,42.28921914063752
2034-05-02,39.54382404774897,36.80861354897125,42.309198127299496
2034-05-03,39.288501169470514,36.90921247130322,41.994276129228446
2034-05-04,39.180659054941295,36.51562400337533,41.826984287853676
2034-05-05,39.25500225532025,36.82524782982048,41.992370338946145
2034-05-06,38.969260444458996,36.44048508031344,41.60945762626881
2034-05-07,38.96506707217588,36.286905746095535,41.87099786163243
2034-05-08,38.851333101216404,36.236649775410136,41.54132724160543
2034-05-09,38.743283588910494,36.07575962735996,41.20437008866834
2034-05-10,38.47431233785332,35.90573320465976,41.325524030194096
2034-05-11,38.357512564538894,35.67308152284869,40.850919812715986
2034-05-12,38.42741981689753,35.823965182998414,40.8669199370474
2034-05-13,38.14149158926013,35.58273824684146,40.60656589008243
2034-05-14,38.14099491725168,35.56480933276964,40.83268307653022
2034-05-15,38.03439173685562,35.363449699967326,40.57410167791213
2034-05-16,37.93638940461747,35.40592951267425,40.56855326244156
2034-05-17,37.67981116983091,35.04707705265314,40.320270608716264
2034-05-18,37.57714405786943,34.945923480595916,40.46322190971632
2034-05-19,37.662299864581385,34.97959611735242,40.323062909454364
2034-05-20,37.392113153846125,34.790778515717626,40.04836667530659
2034-05-21,37.40724697626399,34.70265399268042,40.079116019602665
2034-05-22,37.31559553755499,34.72018824026443,40.090286748089476
2034-05-23,37.231350683953174,34.63174620318887,39.826797166199775
2034-05-24,36.986886507948405,34.48996046141823,39.816981591033915
2034-05-25,36.894319103332265,34.149703801461996,39.58023523659634
2034-05-26,36.98727680962043,34.38370748448244,39.68100898774865
2034-05-27,36.72240456002171,34.09362311372501,39.559267565266815
2034-05-28,36.740272863292105,34.046405520396,39.538259597835264
2034-05-29,36.64878055699225,33.97800982443564,39.26778946350272
2034-05-30,36.56221820794636,33.8912126090742,39.04236505532653
2034-05-31,36.3131465714392,33.852733568826345,39.1219174354372
2034-06-01,36.21394734292452,33.60975869295445,38.85134311689224
2034-06-02,36.298581838017434,33.53614436891872,39.07819341593307
2034-06-03,36.02408159252325,33.26088156577007,38.71789370574644
2034-06-04,36.03144186127118,33.287851254900325,38.735055648612224
2034-06-05,35.92900765886376,33.31475100664766,38.51514719104917
2034-06-06,35.83151976560845,33.09108150094494,38.35152943997975
2034-06-07,35.571975682774315,32.8677579095843,38.0903717226644
2034-06-08,35.46316335113058,32.832316226041215,38.14008071481599
2034-06-09,35.53940383820962,32.96801356772753,38.205430622401785
2034-06-10,35.25802752758959,32.634285250751894,37.86216343871525
2034-06-11,35.26025528516015,32.76411347586872,37.89266543687069
2034-06-12,35.15457468059416,32.58273108207738,37.6719510062275
2034-06-13,35.055779047193795,32.48277325040012,37.6951591536537
2034-06-14,34.79682463699967,32.26606123560385,37.55811375346135
2034-06-15,34.69036386128382,31.979674414832502,37.19798351510336
2034-06-16,34.770490894930546,32.09744672700058,37.44225388760819
2034-06-17,34.49422414440842,31.77228955668115,37.00162251479804
2034-06-18,34.50239691373792,31.922914264846277,37.08861296533314
2034-06-19,34.40304610210704,31.68824774627205,36.975144087834245
2034-06-20,34.31046637373566,31.40763168719015,37.1461183994274
2034-06-21,34.05708462546411,31.40982308190745,36.76980569129288
2034-06-22,33.955012233787,31.34163430581857,36.584452780861156
2034-06-23,34.03781078879786,31.366678800112318,36.75131761860723
2034-06-24,33.76199519735223,31.006914846588554,36.24615307912627
2034-06-25,33.76794484424288,30.98579241114199,36.39420165129038
2034-06-26,33.66331199002305,31.04090450905848,36.281875338300175
2034-06-27,33.56209420137272,31.005631378009877,36.00734860115764
2034-06-28,33.296525024484346,30.697853224697706,35.82377730740147
2034-06-29,33.178639816794124,30.466229404435133,35.83857662041729
2034-06-30,33.24205194441263,30.700219413427412,35.680211650052534
2034-07-01,32.94346280970891,30.302691567044565,35.55803411874166
2034-07-02,32.9235760759731,30.171871529837595,35.334800738579716
2034-07-03,32.790505053090435,30.27206148261106,35.43324464386456
2034-07-04,32.658839940724306,30.10875678440816,35.24154866973707
2034-07-05,32.36152916031538,29.73934638817054,35.115656373874515
2034-07-06,32.21143183380188,29.508980835990176,34.90600167584737
2034-07-07,32.24307687867991,29.560074164491674,34.858042614438396
2034-07-08,31.91415256041572,29.171978415641487,34.52510457646223
2034-07-09,31.866397351044274,29.404982145312864,34.686737129325024
2034-07-10,31.708981633291888,28.99129068864,34.29570827735041
2034-07-11,31.55754760068246,29.160468860204812,34.20438203631689
2034-07-12,31.24606230034626,28.543203495498013,33.94820606794877
2034-07-13,31.088341633980644,28.437714666738813,33.63135047467832
2034-07-14,31.119781565731177,28.651496697448792,33.76325796756677
2034-07-15,30.798821157140118,28.138782058358572,33.291183247583696
2034-07-16,30.76780903546137,28.106422896035205,33.49733087266177
2034-07-17,30.636363548926457,28.057046079010142,33.24986763196426
2034-07-18,30.52039461011288,27.932079416179477,33.12203774618812
2034-07-19,30.253942742208725,27.6904338165198,32.80656026745308
2034-07-20,30.15069361237403,27.383894937301275,32.637170971157104
2034-07-21,30.245704655978237,27.546220406816506,32.94649801979669
2034-07-22,29.996868642016434,27.286854114119212,32.809581031462706
2034-07-23,30.045785883200324,27.196651400255107,32.65958593469457
2034-07-24,30.001135304361508,27.323765253727508,32.67302800310125
2034-07-25,29.9777121924327,27.204818643246828,32.617072616940746
2034-07-26,29.80828783029476,27.300294565618536,32.420090725952896
2034-07-27,29.80514885824364,27.145003324864746,32.40584661167893
2034-07-28,30.001852409088364,27.30174255073698,32.69000844043982
2034-07-29,29.854721205590447,27.34402881167731,32.47552785813482
2034-07-30,30.003749575123116,27.43124569932434,32.68908108131267
2034-07-31,30.05600977851425,27.415856023422933,32.83709123061821
2034-08-01,30.12472561282841,27.284457428864574,32.727432609995766
2034-08-02,30.04116760239996,27.28815330798549,32.676219425983795
2034-08-03,30.116226732848205,27.53785736656802,32.770613326049336
2034-08-04,30.38220190735113,27.712882557925365,32.90474858668355
2034-08-05,30.294324492530855,27.664115263916127,32.79989710498902
2034-08-06,30.491690154653476,27.682468515782055,33.09183708698125
2034-08-07,30.58068671631537,28.00493877879342,33.32080603303322
2034-08-08,30.67408443188627,27.867938048739017,33.16346167061956
2034-08-09,30.60294255496376,28.187983266004764,33.29289358638149
2034-08-10,30.67818884398431,28.063959151525516,33.2059907521046
2034-08-11,30.93240701758894,28.310268466934993,33.46404316895934
2034-08-12,30.821355505140918,28.159794961343856,33.43935487064037
2034-08-13,30.98488781765572,28.314653582736067,33.50015512105943
2034-08-14,31.03036353749637,28.447416721685897,33.45704989333803
2034-08-15,31.07171672993434,28.399189451035603,33.80327401918554
2034-08-16,30.941336181004708,28.535434031074377,33.63246419495427
2034-08-17,30.951614751352004,28.320346848931354,33.73396187432027
2034-08-18,31.136703596972247,28.52422634703998,33.68091598148151
2034-08-19,30.953995417861456,28.203099949906928,33.816593799049336
2034-08-20,31.045007930630327,28.138588799018272,33.688742613797224
2034-08-21,31.01875746658419,28.32300401467449,33.79905389091684
2034-08-22,30.990790410506644,28.41804820528301,33.47288075760942
2034-08-23,30.79502778192701,27.90147818595584,33.29316902152397
2034-08-24,30.74528110813878,28.292860862585037,33.423807845559686
2034-08-25,30.876976139387004,28.368742909460714,33.785884466017244
2034-08-26,30.648609286558987,28.09526711171884,33.17965077355477
2034-08-27,30.702608598244225,27.942130273872586,33.274550955634474
2034-08-28,30.648689685632174,27.804344807584314,33.20520122755613
2034-08-29,30.602874691296577,28.070065642713217,33.06827804479239
2034-08-30,30.399329849444342,27.881539692015604,32.96371368472048
2034-08-31,30.351879892357797,27.578449432332878,33.05738014795024
2034-09-01,30.495735817290903,28.03897861049967,33.13984062570784
2034-09-02,30.288960718507443,27.75698037672962,32.85047904376814
2034-09-03,30.373345192296114,27.65714145992592,32.922140713510096
2034-09-04,30.35778229055138,27.620483434002914,32.82705913693069
2034-09-05,30.35730957483696,27.85018678596229,32.93979847124618
2034-09-06,30.204973178766007,27.606742503504968,32.82615311517839
2034-09-07,30.21337141600825,27.70885128865869,32.78729246903744
2034-09-08,30.416413672831887,27.974555701451212,33.06286097865221
2034-09-09,30.270818477802965,27.773574115829433,32.723365058004156
2034-09-10,30.417021429567207,27.783041478023428,33.031589040272806
2034-09-11,30.462582138444375,27.779773350573564,32.95725867611282
2034-09-12,30.521256942629638,27.688212482578354,32.80910532314352
2034-09-13,30.424891564777827,28.11115930445956,33.22456942235095
2034-09-14,30.48499057221246,27.84221815028289,33.05016314799865
2034-09-15,30.734498790349527,28.081545925463786,33.19030066965572
2034-09-16,30.629318071549925,28.040183677118073,33.308073944727994
2034-09-17,30.809229720210347,28.044829543553817,33.496686521067794
2034-09-18,30.881311468089272,28.42376406856339,33.60257568333702
2034-09-19,30.959015622105298,28.36875817128407,33.586432144492186
2034-09-20,30.874062536392803,28.267599674969844,33.63366710499507
2034-09-21,30.938006380247916,28.244685259176926,33.574240829609046
2034-09-22,31.18400857700822,28.58284300990289,33.695942059206885
2034-09-23,31.068342650014166,28.270872561747836,33.5938859219866
2034-09-24,31.231301207444535,28.571428746313867,33.98965232366931
2034-09-25,31.28059447430822,28.589910661405625,33.83810684498343
2034-09-26,31.330407575395874,28.673058406947113,33.878127444739285
2034-09-27,31.213271352352777,28.743396267928386,33.685516452731356
2034-09-28,31.241604349234123,28.80163165605827,33.96840223056711
2034-09-29,31.449462016466995,28.91875602842226,33.99392236248674
2034-09-30,31.294017537474563,28.360019296830114,33.8892042839199
2034-10-01,31.41644565262942,28.829942911054136,34.11924800364445
2034-10-02,31.425299489001382,28.770498811135212,33.97540807077266
2034-10-03,31.435548141498444,28.783106083733678,33.989799358582616
2034-10-04,31.28043025810157,28.670937974670718,33.856624158834364
2034-10-05,31.27298164934411,28.644279847001126,33.94454130660481
2034-10-06,31.447773265261098,28.946924542221037,34.1273130688879
2034-10-07,31.262384138794346,28.66348556694284,33.761445572524885
2034-10-08,31.358280763542915,28.651286064777523,33.912560041803495
2034-10-09,31.344192906022865,28.66067285798665,33.84159677486002
2034-10-10,31.33515349111662,28.53198412355196,34.02954506452668
2034-10-11,31.164357613661753,28.559231650966765,33.82009757977228
2034-10-12,31.14469841208059,28.48898846433818,33.638210980060286
2034-10-13,31.31051578916433,28.911796389019305,33.91682463097903
2034-10-14,31.1190821595995,28.591759957509403,33.77063054211727
2034-10-15,31.211496225566986,28.507843158271474,34.002961150074356
2034-10-16,31.196074282041977,28.495443060834084,33.83782087172696
2034-10-17,31.18740617578987,28.40698479923092,33.807390285208875
2034-10-18,31.01823045611355,28.578420020190762,33.57806990746455
2034-10-19,31.00098595377514,28.22884137963085,33.8115245428936
2034-10-20,31.16957530384132,28.542491897976827,33.827648041932
2034-10-21,30.980864166474785,28.230016083050657,33.611395641036125
2034-10-22,31.07558677700603,28.645793173686677,33.70899596637542
2034-10-23,31.06174702253883,28.441537939274227,33.92800793995348
2034-10-24,31.053681938001326,28.39935531682252,33.74350174589023
2034-10-25,30.883942007221293,28.186622090916376,33.51087616557224
2034-10-26,30.864845434291148,28.118939087369682,33.4520203823164
2034-10-27,31.030241911359774,28.402203131707928,33.621455122392874
2034-10-28,30.837009726324453,28.162486737991806,33.61179084005897
2034-10-29,30.925957005514505,28.19612452274902,33.59143457525692
2034-10-30,30.905216519581735,28.304285253070436,33.44160416248812
2034-10-31,30.889301234612724,28.02509373352179,33.61513765756643
2034-11-01,30.710975330576847,28.13121995974513,33.33836119887014
2034-11-02,30.682798224277747,28.030720120327395,33.47853652717223
2034-11-03,30.838877517257288,28.295519926348828,33.58886957044252
2034-11-04,30.636355115395016,28.07932265067416,33.314855409742
2034-11-05,30.716297714021263,28.174746083886376,33.694653568244576
2034-11-06,30.687081457767853,28.360817965818686,33.13966227335433
2034-11-07,30.66343830814215,27.95466055562161,33.304566454874845
2034-11-08,30.4783191506056,27.997380290079114,33.24388958025678
2034-11-09,30.444431437068733,27.979777008666105,33.14581392671721
2034-11-10,30.595987484107045,27.878664414517566,33.3500882192652
2034-11-11,30.390187808821402,27.775735964387692,32.9387100847255
2034-11-12,30.468110762921867,27.820950124966412,32.88331317430542
2034-11-13,30.4380982713193,27.889930109888844,32.95215720070678
2034-11-14,30.414805136448656,27.72308085931263,32.88245997878801
2034-11-15,30.231066802807778,27.67778170998484,32.76939843931027
2034-11-16,30.199443180078582,27.485058629501818,32.888970532908985
2034-11-17,30.353974394760325,27.51512668470444,32.92304531929028
2034-11-18,30.151672557928663,27.626404126793048,32.72240935804567
2034-11-19,30.233420481993857,27.617347877898954,32.97756475702291
2034-11-20,30.20736680304802,27.607673607994837,32.899542916967924
2034-11-21,30.187984610499246,27.663080765687887,32.73066137889495
2034-11-22,30.007948121554367,27.150724515878963,32.83087449049322
2034-11-23,29.97968465692632,27.399861165721145,32.59867933289251
2034-11-24,30.137137472300353,27.568980460621592,32.84558393161639
2034-11-25,29.937263255404147,27.295120587416736,32.48955983126614
2034-11-26,30.02093499085051,27.22008356495918,32.52048236713541
2034-11-27,29.99633947380054,27.484656509737736,32.712725822576566
2034-11-28,29.97803645999941,27.374736677096774,32.81166473488225
2034-11-29,29.798833941078698,27.16697118693393,32.62940103537047
2034-11-30,29.77133682036019,27.366367188806212,32.31308010964381
2034-12-01,29.929704629859707,27.290626990336545,32.47717343083837
2034-12-02,29.731142249259904,27.095808189034308,32.30192655445386
2034-12-03,29.816794540161712,27.235022439500298,32.70595979480577
2034-12-04,29.795134441362876,26.89555166845181,32.347259491596766
2034-12-05,29.781011822487695,27.046073028271614,32.39049179512467
2034-12-06,29.607517929820762,26.869235868949875,32.266722085556495
2034-12-07,29.587523068462275,26.943234234260647,32.204156015354485
2034-12-08,29.755423542286344,27.08252083530191,32.459377269985076
2034-12-09,29.568622192616054,26.933206569490736,32.152446101118805
2034-12-10,29.668413815809494,26.946873072974913,32.28765617974215
2034-12-11,29.66336534680581,26.884757317283484,32.17716858711564
2034-12-12,29.668358410154067,27.04432809287219,32.45233956568663
2034-12-13,29.51644932893098,26.78340277406042,32.250262369693424
2034-12-14,29.520404435549743,26.664256568007566,31.931651180284135
2034-12-15,29.71444684182652,27.138622401764955,32.19105645728897
2034-12-16,29.555739075773705,27.01246875889397,32.02783787239177
2034-12-17,29.685272859340884,27.090167672303355,32.34064832492079
2034-12-18,29.71125583475504,27.18570590182765,32.49829062185299
2034-12-19,29.748162689591823,27.133456198035475,32.27133381899367
2034-12-20,29.628605551293006,27.004574241541437,32.17164316595839
2034-12-21,29.66488121309278,27.17238839447653,32.48740543623241
2034-12-22,29.89073101228429,27.375003789808105,32.48905628177223
2034-12-23,29.762837387204144,27.254790048647852,32.35179713114163
2034-12-24,29.9217279727135,27.142215039246373,32.66211090320617
2034-12-25,29.975176606481945,27.194017325956953,32.5553762734701
2034-12-26,30.037268253199148,27.633375762810278,32.743757446861316
2034-12-27,29.940282280437604,27.287828221048425,32.670690969837175
2034-12-28,29.996251230778363,27.409304916224492,32.69004150321918
2034-12-29,30.23873052660482,27.646911817234198,32.898799831252916
2034-12-30,30.124302794580053,27.395423221028075,32.71314060315605
2034-12-31,30.29348738652,27.64668921856041,32.85719043707123
2035-01-01,30.35414425164174,27.64083542314333,32.792851400707626
2035-01-02,30.420539023383,27.718141902690675,33.04837222003089
2035-01-03,30.32522368945542,27.666261390304758,32.98925179358834
2035-01-04,30.38059000660484,27.732602812624783,33.02541781875213
2035-01-05,30.620631196004595,28.05337818543503,33.205394295670246
2035-01-06,30.502435786679037,27.869824458910973,33.11255209559319
2035-01-07,30.667084440484988,28.11157855718079,33.3377935253243
2035-01-08,30.72303924044991,28.125513099032442,33.3337313861451
2035-01-09,30.785192693489602,28.070527784164764,33.41370673447485
2035-01-10,30.686731254328382,28.099837875089367,33.20549383846588
2035-01-11,30.740671008231352,27.975689379026196,33.37731392715062
2035-01-12,30.981601548964534,28.25410060429147,33.5262001291798
2035-01-13,30.867162429572847,28.107120741574228,33.47841971200707
2035-01-14,31.038923524747986,28.50375011892741,33.79299881917641
2035-01-15,31.105759271590156,28.226133339507285,33.674880082647626
2035-01-16,31.1828844903404,28.411074898104577,33.84263000840546
2035-01-17,31.103706994254907,28.63432622527992,33.81042981118249
2035-01-18,31.18135496811997,28.430078603002283,33.770557133266855
2035-01-19,31.450415422539482,28.7166241169976,34.09040846551281
2035-01-20,31.368408292670587,28.850598585865463,34.11404515921643
2035-01-21,31.576667624997192,29.022370779868975,34.302217731550876
2035-01-22,31.683719833919834,29.199262217807355,34.34044637868219
2035-01-23,31.80432665335279,29.196946932202213,34.38943363715172
2035-01-24,31.771347826289254,29.096055310926605,34.34230020837789
2035-01-25,31.89728125978239,29.223804912014362,34.658381163993724
2035-01-26,32.21601662121583,29.591224563109833,34.83919792283388
2035-01-27,32.18432654293813,29.37604965991207,35.069932346861705
2035-01-28,32.442766418113735,29.697472751509917,35.08071265595281
2035-01-29,32.59907226240272,29.793339340407705,35.155486130558394
2035-01-30,32.76722372751833,30.109155845395627,35.473075443144594
2035-01-31,32.779326753771386,30.068500275433315,35.333359942156925
2035-02-01,32.947173032397565,30.219850514608314,35.59819386489574
2035-02-02,33.304011712166385,30.67116539203249,36.02847367495383
2035-02-03,33.306057006891876,30.655271800072484,35.833355533929584
2035-02-04,33.59340222202976,30.894714379934467,36.20640401165721
2035-02-05,33.773429269737136,31.197082108868695,36.58150512654814
2035-02-06,33.95988042457323,31.378449181030938,36.65334741411027
2035-02-07,33.98474655433581,31.340044927503605,36.88604377875443
2035-02-08,34.15982883321859,31.45772495338018,36.86138978925862
2035-02-09,34.5185093020834,31.7829313838597,37.14599815170346
2035-02-10,34.5172539592064,31.939075451518637,37.25928941627002
2035-02-11,34.79651902231204,32.126299034337514,37.43040519689802
2035-02-12,34.96414964664742,32.427061305119,37.4641621341819
2035-02-13,35.134438153467585,32.487613730792006,37.815406134797854
2035-02-14,35.139996384011795,32.414767882517054,37.84244291398065
2035-02-15,35.29329963431158,32.49738512192375,37.96273696022257
2035-02-16,35.62843803871036,33.01699168641668,38.268492500025296
2035-02-17,35.602599628981416,33.04193640675667,38.266133115699056
2035-02-18,35.85695627830465,33.1031462757275,38.45196490976864
2035-02-19,36.0000423918827,33.28383904073099,38.51588830183822
2035-02-20,36.14679396746132,33.3522793040259,38.6500939558921
2035-02-21,36.13040318522475,33.62738879403721,38.73074811745222
2035-02-22,36.263846486503816,33.69128645839168,38.884362567055625
2035-02-23,36.5816224583754,34.065607501346456,39.06907698279597
2035-02-24,36.541224132239606,33.81920440045989,39.16491731834659
2035-02-25,36.78401720785761,34.27001022564388,39.3634825676127
2035-02-26,36.91861427889791,34.29989446545449,39.59175535276802
2035-02-27,37.05991280347179,34.35677045640224,39.66265453924801
2035-02-28,37.04095200165593,34.466204287150546,39.86071658012009
2035-03-01,37.174446563627015,34.375242046908454,39.69354434516448
2035-03-02,37.49453331347856,34.83211456415821,40.07078859641568
2035-03-03,37.45825517368087,35.09079933456535,40.244654689216574
2035-03-04,37.70645359488277,35.05377728772867,40.39091546957754
2035-03-05,37.84715910700862,35.15732402590415,40.63177812947708
2035-03-06,37.99464725373533,35.474291206768434,40.64054484991576
2035-03-07,37.98131456382234,35.461799315455025,40.57529539856053
2035-03-08,38.119231882671016,35.35071055761074,40.6602362832455
2035-03-09,38.441910633583824,35.945518306472806,41.143724854385276
2035-03-10,38.40580577946503,35.697289967854346,41.055309795261564
2035-03-11,38.651226093826715,36.08788566439058,41.221953315508195
2035-03-12,38.78574087556414,36.10329430517203,41.31776379015139
2035-03-13,38.92324989797927,36.242605376139686,41.579116397843066
2035-03-14,38.89587083742556,36.535319751538154,41.55810890614777
2035-03-15,39.01550117237658,36.37830959323005,41.78998188491629
2035-03-16,39.31558987500166,36.75147988667873,41.988345339746914
2035-03-17,39.25264251116974,36.81163576631562,41.94916578031616
2035-03-18,39.4671302997406,36.880154971365094,42.09067485684026
2035-03-19,39.56689230642313,37.079542992319986,42.204084557160165
2035-03-20,39.66619770076151,36.87097938788754,42.26054837614856
2035-03-21,39.5976225531153,36.86230026907786,42.13081520355023
2035-03-22,39.67359848032119,37.043950425197124,42.41907677637167
2035-03-23,39.92816885718023,37.26731712364874,42.74170683566503
2035-03-24,39.81847667006007,37.05279346849778,42.43855565024887
2035-03-25,39.98565507580389,37.22727702626689,42.6216072709977
2035-03-26,40.03821039015118,37.44204393314843,42.63263212523821
2035-03-27,40.09106500378688,37.4537658831533,42.619778312740834
2035-03-28,39.97741527605677,37.3605044153787,42.84165009326166
2035-03-29,40.01026227510006,37.266704081000626,42.62368852641552
2035-03-30,40.22415161177073,37.59633814258061,42.84822462782963
2035-03-31,40.07664692854216,37.66827275661628,42.847469304503996
2035-04-01,40.209208531764816,37.68758193910346,42.88744924100198
2035-04-02,40.23056724438145,37.78933311625963,42.846305583782616
2035-04-03,40.25576124743836,37.627370004521296,42.85164979312333
2035-04-04,40.11799113999891,37.53946434492438,42.77274543067374
2035-04-05,40.13015116978007,37.56100520810141,42.72354303339289
2035-04-06,40.32657286703687,37.80187083058028,43.06098410215316
2035-04-07,40.1645055300839,37.54677954489134,42.71135048912059
2035-04-08,40.28500484328251,37.68331531015266,42.8799783720402
2035-04-09,40.29631940867287,37.712753820682956,42.85948887696925
2035-04-10,40.312942583828125,37.56980133742368,42.79211994784205
2035-04-11,40.167484411235534,37.577855779813014,42.83436531680218
2035-04-12,40.17222109171495,37.22912354042908,42.76989663715008
2035-04-13,40.36085769401472,37.645032218126275,43.07997045400645
2035-04-14,40.19002798383598,37.469619673877034,42.7889834044
2035-04-15,40.30020208023334,37.60424733089229,42.91187613007091
2035-04-16,40.29909115661499,37.754201032154704,42.68818425410247
2035-04-17,40.30071604087061,37.425414681653834,43.08169871564109
2035-04-18,40.13729400354848,37.61405735833479,42.735471774887834
2035-04-19,40.120800746718395,37.402939766611446,42.902171934248756
2035-04-20,40.284742915181646,37.771297051959465,42.89981086735707
2035-04-21,40.08566472339095,37.518969804383175,42.69797682403338
2035-04-22,40.1640592050394,37.39250439087897,42.67991640827987
2035-04-23,40.12777319665808,37.368678923675795,42.78457576294703
2035-04-24,40.09107290189596,37.51066803771584,42.59308335072401
2035-04-25,39.88652441590223,37.361595842772886,42.405086790845736
2035-04-26,39.82654640847121,37.194408083089215,42.397684334949375
2035-04-27,39.94517056372541,37.33983410568189,42.78892591334123
2035-04-28,39.699533727491804,37.12481456319108,42.37344143293402
2035-04-29,39.730772698255514,37.19921713146595,42.47987320070466
2035-04-30,39.64741126020975,36.94878808500134,42.2833180525442
2035-05-01,39.56440683596884,37.1576475053521,42.09706758564371
2035-05-02,39.31501169713654,36.59023219132699,41.99378242265267
2035-05-03,39.212306501365674,36.598624271763,41.880920389006015
2035-05-04,39.29094231779649,36.72650109258462,41.821062467223115
2035-05-05,39.00861563345387,36.536423229003525,41.73613144954807
2035-05-06,39.006947779093814,36.44957402033984,41.740405594048774
2035-05-07,38.894858821660314,36.10397450368681,41.615307803617384
2035-05-08,38.78760368237004,36.18141298045888,41.37954263784078
2035-05-09,38.51862572130658,36.000796487938715,41.206456358309794
2035-05-10,38.401085772168415,35.736481372917346,41.08530946484478
2035-05-11,38.46960290994351,35.8488738525484,40.88130558413406
2035-05-12,38.18173146727176,35.52912408178545,40.650323826940465
2035-05-13,38.178845662778315,35.43624005241892,40.713091593052575
2035-05-14,38.069521717378585,35.11645387652831,40.664363495737064
2035-05-15,37.968584955500106,35.4169866141778,40.51573900129561
2035-05-16,37.708976787249775,35.072195298198245,40.45262456424241
2035-05-17,37.60329913787761,34.96506588285756,40.32704123381083
2035-05-18,37.685572130312174,35.00635582459212,40.35512526443121
2035-05-19,37.4127290142784,34.51779269613571,40.052708733723584
2035-05-20,37.4255191537,34.8180737871109,40.01190234758342
2035-05-21,37.33190838423837,34.68973961097094,40.071660105564504
2035-05-22,37.2461436784141,34.686781760015,39.68241121056452
2035-05-23,37.000636476617885,34.15572464969747,39.5507633338694
2035-05-24,36.90752175086568,34.125885976543145,39.37281061594398
2035-05-25,37.00042816117928,34.31933796883255,39.65108323479442
2035-05-26,36.735982919594996,34.00646237045499,39.48963697918294
2035-05-27,36.75472187412205,33.98324862160434,39.40093064828665
2035-05-28,36.664493913632526,33.88706577757091,39.35065547672877
2035-05-29,36.579526515547954,33.83505712097612,39.183985592831576
2035-05-30,36.332306778082696,33.684274495870454,39.057157509075566
2035-05-31,36.2351350873425,33.68006046889957,38.845661955560416
2035-06-01,36.32188696027924,33.706084012447846,38.960872254175456
2035-06-02,36.049506952158154,33.51001281706168,38.73452597340867
2035-06-03,36.058905498965885,33.40343996405818,38.68434277232111
2035-06-04,35.958348227645,33.36674392379564,38.5521224836818
2035-06-05,35.86250504866443,33.49659309275941,38.56029507966235
2035-06-06,35.60431391125009,32.96638908068344,38.15663555483999
2035-06-07,35.49651693949976,32.96446273873999,38.153707583198496
2035-06-08,35.57340507033909,32.95189996894086,38.35569572916169
2035-06-09,35.292295655987274,32.715059730923635,37.712005381833336
2035-06-10,35.29441445156202,32.715506320536655,37.85965238756617
2035-06-11,35.18827202974791,32.61381455879511,37.723625038930145
2035-06-12,35.08870238888308,32.48625253271031,37.72732111369714
2035-06-13,34.82871901463791,32.17130523858572,37.46719489016087
2035-06-14,34.72104640908381,32.243755047786166,37.363331427848074
2035-06-15,34.79986340911163,32.15067834439726,37.29994676351531
2035-06-16,34.52228285618464,31.862293254939235,37.13856988312038
2035-06-17,34.52923903124842,31.91482139435899,37.28605127365561
2035-06-18,34.42887278281204,31.87404963465929,36.922999722257885
2035-06-19,34.33558189547355,31.614575696416562,36.895851968783894
2035-06-20,34.08189164032046,31.41290620464925,36.91804781166632
2035-06-21,33.980003110729285,31.435326460825348,36.594553141824186
2035-06-22,34.063555175178045,31.42746159713191,36.650087296115885
2035-06-23,33.78912405215645,31.118034631629,36.514921719831236
2035-06-24,33.7971313136221,31.245673163934644,36.20067645035161
2035-06-25,33.69524960464245,31.24491639906215,36.53481486537517
2035-06-26,33.59747297206754,30.870403094375707,36.10983515075564
2035-06-27,33.3360060944976,30.590852056755434,35.79363932705443
2035-06-28,33.222829392868405,30.644733975016226,36.00422447179684
2035-06-29,33.291475273000984,30.63472781012895,36.010085506621714
2035-06-30,32.9985389869438,30.358732261169035,35.59315571071017
2035-07-01,32.98459447974579,30.34832695707619,35.614234973047985
2035-07-02,32.85760416230282,30.11375739572843,35.346103442952774
2035-07-03,32.731989260721015,30.04813811736452,35.30615974499026
2035-07-04,32.440514905648726,29.80239956980054,34.874967486876955
2035-07-05,32.295846931426475,29.681259555155336,35.05730990127986
2035-07-06,32.33231574853043,29.622785913656415,34.87771793449746
2035-07-07,32.00741100893512,29.323905712977613,34.50217432382632
2035-07-08,31.962677779663693,29.343201508110972,34.575500785688774
2035-07-09,31.807103621770715,29.264494900578043,34.51169262100036
2035-07-10,31.656163778505114,29.01187166615898,34.37432082573781
2035-07-11,31.34367927197566,28.886643534921483,34.11480650922429
2035-07-12,31.183345579894354,28.53124567867773,33.75911460624673
2035-07-13,31.210468004870044,28.419133640119444,33.896386968302245
2035-07-14,30.883428231506922,28.33057101340256,33.6398078154729
2035-07-15,30.844553567841146,28.182443372181464,33.28889557610057
2035-07-16,30.70347903323927,28.111453481041234,33.23680454710918
2035-07-17,30.576170223524052,28.016482644021643,33.08793737720479
2035-07-18,30.296762421068795,27.624446253798364,32.823499665757794
2035-07-19,30.17907421188837,27.342848171742173,32.67022521223778
2035-07-20,30.258332217119328,27.676173325350923,32.95477398416821
2035-07-21,29.992631818895795,27.266031519597988,32.639177326754556
2035-07-22,30.023805639306467,27.319237013737578,32.66231714534868
2035-07-23,29.96079006558883,27.16291241173485,32.440092235780945
2035-07-24,29.91865774686573,27.08024838371391,32.54765055949132
2035-07-25,29.730471386624558,27.046232257153758,32.48494457028909
2035-07-26,29.708816813567733,27.054064709357093,32.25932978433175
2035-07-27,29.88755152901503,27.288057162286538,32.457144344491056
2035-07-28,29.723293081160975,27.02864426769379,32.37876414363592
2035-07-29,29.856318387866438,27.154432410771857,32.8086341114777
2035-07-30,29.89396357253682,27.026455567103827,32.336823928229116
2035-07-31,29.949691436828488,27.239981337941405,32.46141751382042
2035-08-01,29.85498104052303,27.188841962483792,32.56917271838317
2035-08-02,29.920896487182308,27.223528245672494,32.491309123581
2035-08-03,30.179870222771395,27.36843496312945,32.796944941156404
2035-08-04,30.087224323106295,27.43666836374987,32.76963674919962
2035-08-05,30.282100056955354,27.60244408468335,33.08095373189326
2035-08-06,30.37088451643596,27.759110551955548,32.94347149004836
2035-08-07,30.466300748027432,27.914902424470018,33.20751426411236
2035-08-08,30.399315265177883,27.738624791585547,33.063114632813765
2035-08-09,30.48071956872658,27.828810094723735,33.176135632861154
2035-08-10,30.742920639656987,28.05447680020739,33.29207551837123
2035-08-11,30.641463676563546,28.026545886685373,33.331068948534856
2035-08-12,30.815957306021094,28.045084886267446,33.395279188480885
2035-08-13,30.873490145570525,28.283485295948623,33.415069158950914
2035-08-14,30.927705385396685,28.418728533779714,33.53412952241309
2035-08-15,30.81068764121668,28.255597921530992,33.44874670454185
2035-08-16,30.834519205305266,28.364441691449514,33.69812257381857
2035-08-17,31.03304127716233,28.27868034916834,33.62600374204898
2035-08-18,30.863344163220237,28.03161686661701,33.396213327169136
2035-08-19,30.966657472303744,28.477688438671354,33.58512282160355
2035-08-20,30.951730045602304,28.234753202152067,33.67047627396286
2035-08-21,30.933867184501935,28.217667825915616,33.49268289418177
2035-08-22,30.746780340864632,28.162460929844617,33.296300107778904
2035-08-23,30.70410729998821,28.043008979809184,33.26843992138349
2035-08-24,30.841139308822353,28.217101571851668,33.4003129662129
2035-08-25,30.616279955422662,27.890790945225643,33.25479448641784
2035-08-26,30.67190756746264,27.995568606587412,33.38389759850324
2035-08-27,30.61773151559105,27.951899199283815,33.48519375772678
2035-08-28,30.569810521673414,28.09114210391809,33.2078047318715
2035-08-29,30.36238854985267,27.580079532778626,33.027824915640174
2035-08-30,30.309406590809456,27.687052251328733,32.970946124781904
2035-08-31,30.44622693267162,27.752521401971403,32.90380621531123
2035-09-01,30.231094723696476,27.449843043747116,32.91763613734827
2035-09-02,30.306008453357666,27.71741581233084,33.06643620847711
2035-09-03,30.280089461204213,27.499656119170236,32.77956232679223
2035-09-04,30.26861817051623,27.630072428439128,32.82441022808054
2035-09-05,30.10489210701843,27.321845729434322,32.761453829198025
2035-09-06,30.101763395617603,27.42065330328423,32.81820422380043
2035-09-07,30.29339162879411,27.583140928157494,32.754193079450665
2035-09-08,30.13673614896818,27.467158853145435,32.9377469507224
2035-09-09,30.27245856658289,27.595998084895438,32.964909049347895
2035-09-10,30.30832479795013,27.733872248801628,33.13744117607026
2035-09-11,30.358273496261855,27.631158958759166,33.01852141816499
2035-09-12,30.25430513573204,27.843271736172557,33.055229814820215
2035-09-13,30.308048685675796,27.854925361259937,33.050213378951895
2035-09-14,30.55254107542268,28.016963143035575,33.201297672969055
2035-09-15,30.443742880460057,27.878248653038625,33.14737217288988
2035-09-16,30.62146053520003,27.991485248900975,33.37480781165636
2035-09-17,30.692763947870596,28.19449056218563,33.35477096997784
2035-09-18,30.771066098999466,28.109673859499708,33.4401272200344
2035-09-19,30.6880187138637,27.89785926616864,33.3193083601106
2035-09-20,30.755080900610878,27.995060557332163,33.48154050494238
2035-09-21,31.0052960331659,28.28290038317525,33.90856438761179
2035-09-22,30.894800506153864,28.33788859898244,33.525888707395865
2035-09-23,31.063734975029643,28.46782034123638,33.68480428467173
2035-09-24,31.119647364837366,28.652108563552872,33.812789632132045
2035-09-25,31.17655472395109,28.714446530863786,33.66887657141437
2035-09-26,31.066818579490697,28.335822551556323,33.81809924402646
2035-09-27,31.10269130677293,28.50543170708958,33.82366899773327
2035-09-28,31.318069448554485,28.617927751337696,33.764933641090565
2035-09-29,31.169978284943017,28.661327430683656,33.86265215566399
2035-09-30,31.299458938739505,28.61511241298885,33.898595972386836
2035-10-01,31.314947950478036,28.583437263173316,34.12704342660241
2035-10-02,31.33131701193684,28.800863451635205,33.879635308251224
2035-10-03,31.181728072580462,28.637626636139533,33.87152481209758
2035-10-04,31.17916182006786,28.523234143389626,33.58392139030321
2035-10-05,31.358155878240897,28.76177740595177,33.81892564636342
2035-10-06,31.17627734058155,28.65732503646299,33.82006522793169
2035-10-07,31.275001143653842,28.557958618341946,33.82590214393278
2035-10-08,31.26308433353103,28.605833643632685,34.02161881868179
2035-10-09,31.25560393088584,28.67245679074907,33.926621720560895
2035-10-10,31.085813526519097,28.43210766055644,33.69159454092051
2035-10-11,31.06667643121672,28.441094542411015,33.67794122102865
2035-10-12,31.232611459337065,28.5563550229424,33.91333164359156
2035-10-13,31.040975623333146,28.420320500845023,33.70211906757834
2035-10-14,31.132954838393363,28.618393670614022,33.69544120246257
2035-10-15,31.11695223404382,28.542237675208316,33.72306094010758
2035-10-16,31.10764128637532,28.374177515546634,33.74918886825511
2035-10-17,30.937838390520717,28.537504292386352,33.608967526657096
2035-10-18,30.92005218096841,28.197491765149977,33.77890674689539
2035-10-19,31.08824517431713,28.484592546796776,33.889262913529514
2035-10-20,30.899331533494305,28.287928607958392,33.382313307321894
2035-10-21,30.994081614913085,28.559136611880348,33.56174881123375
2035-10-22,30.980522510486864,28.27403498011408,33.674247471439
2035-10-23,30.97300147658994,28.584373628970845,33.74553796660049
2035-10-24,30.804066619592117,28.143778288196213,33.53586915870377
2035-10-25,30.786021973038864,28.02372813194528,33.23699357489815
2035-10-26,30.952692449523997,28.511250010595965,33.66171162270848
2035-10-27,30.760922456360856,28.05146248066557,33.27344740815888
2035-10-28,30.851478906595503,28.197667518360973,33.597980592128266
2035-10-29,30.83244798303944,28.156258047603174,33.38276586794903
2035-10-30,30.818292762346115,28.308905122183404,33.44785111053099
2035-10-31,30.641726344258842,28.154327869126377,33.279452913440124
2035-11-01,30.61525794689733,27.904727950595607,33.19246671518813
2035-11-02,30.77294781533623,28.142070610965845,33.25437359031625
2035-11-03,30.571895122569657,27.86721898915752,33.12620667296057
2035-11-04,30.653129996699946,27.835642152191628,33.393177732321725
2035-11-05,30.62499943313411,27.75513104791899,33.28134040393138
2035-11-06,30.60221458546148,27.71575615986112,33.121544515493085
2035-11-07,30.417714439716015,27.81140723087753,33.018093032819706
2035-11-08,30.384203653853586,27.802271000736482,33.150123785939
2035-11-09,30.535900681990995,27.87034432152071,33.289681778505184
2035-11-10,30.33002057771647,27.717894229216192,32.87576464133656
2035-11-11,30.407663762070623,27.69508677080652,33.05314292100037
2035-11-12,30.377200599098373,27.74203548303262,32.82061397065656
2035-11-13,30.35331928709127,27.78756032719762,33.06785247002462
2035-11-14,30.168892015493654,27.504410667978167,32.480059500318156
2035-11-15,30.136517047932298,27.58350856896749,32.755473302654046
2035-11-16,30.29027266784544,27.700485547113306,33.06301144798349
2035-11-17,30.087207143057306,27.48124400420278,32.92449137125674
2035-11-18,30.168235710641888,27.33650942691231,32.800047637998965
2035-11-19,30.1415341045814,27.517928849340453,32.94080932648645
2035-11-20,30.121595789038274,27.37031887594431,33.007071612702205
2035-11-21,29.941107488942798,27.609004439584876,32.687985773914775
2035-11-22,29.9125003196759,27.131896248172243,32.755517976538584
2035-11-23,30.069712105415334,27.37966397971104,32.658453486369794
2035-11-24,29.86968471941649,27.328503674320174,32.70715308887235
2035-11-25,29.95326715944175,27.145760109519106,32.672169774854964
2035-11-26,29.928613637538927,27.450102801289262,32.55299784874137
2035-11-27,29.91024365700323,27.269001767949188,32.54840034041998
2035-11-28,29.730918538278445,27.14621336554104,32.49262692763548
2035-11-29,29.703191630224474,27.018330011534797,32.35179199987689
2035-11-30,29.861167798275833,27.277364028508487,32.52884726091928
2035-12-01,29.661996092217333,27.031841090101715,32.27545966689169
2035-12-02,29.746766441875863,27.107871893113366,32.30546603661665
2035-12-03,29.72389985658515,27.231139375853214,32.25195482991855
2035-12-04,29.70819935326851,27.214076243479482,32.156537313388306
2035-12-05,29.53271637428979,26.980711251845708,32.27189701092401
2035-12-06,29.51029026866846,26.786407576061908,32.04082879537694
2035-12-07,29.675296792193116,27.093090651180997,32.34276173022683
2035-12-08,29.485129908112775,26.79813611536951,32.05498602967033
2035-12-09,29.581088118228816,27.002087057458013,32.35632308620597
2035-12-10,29.571755171573997,26.835794366108644,32.02113973100184
2035-12-11,29.572042724378143,26.912391836387435,32.16434099138966
2035-12-12,29.415050026951132,26.90316130768286,31.9137483335146
2035-12-13,29.413598480478214,26.745904932612838,32.10182435106969
2035-12-14,29.601977234035385,26.98356291524129,32.44196728051092
2035-12-15,29.43742425601647,26.927207244773545,32.0908018091795
2035-12-16,29.56101419402665,26.68302721899495,32.133792224878604
2035-12-17,29.581042882794787,26.804973644913495,32.17830711420512
2035-12-18,29.61207601269555,26.827955834530016,32.2060943614929
2035-12-19,29.486816900883298,26.939142943979753,32.24770508480206
2035-12-20,29.517651004912363,26.976386945671223,32.09894902104613
2035-12-21,29.738403082069535,26.96105672797402,32.338650905861186
2035-12-22,29.60583110489429,26.931981086541946,32.18996739927105
2035-12-23,29.760527876020173,27.274240890508146,32.615563580432735
2035-12-24,29.81031979466033,27.288163354038435,32.59462993618367
2035-12-25,29.869329855986415,27.225402980222377,32.63823871431032
2035-12-26,29.769859383037993,27.31416778001088,32.63568556161501
2035-12-27,29.823945691267227,27.114279289824655,32.456071143585405
2035-12-28,30.06513116540545,27.385266550725053,32.788100422330466
2035-12-29,29.949967465203972,27.368168820855665,32.59539184783845
2035-12-30,30.118925451447506,27.341079638143068,32.709209281707494
2035-12-31,30.179799986436596,27.568315594792317,32.775214208762065
2036-01-01,30.246776455663582,27.859666437109176,32.86641704238159
2036-01-02,30.152313347421618,27.53908552430271,32.883200659029285
2036-01-03,30.208698005294636,27.642874667106515,32.60182109702758
2036-01-04,30.449811029426485,27.941111499966464,33.191152997058325
2036-01-05,30.332623122076406,27.507042797605322,33.05596128898847
2036-01-06,30.498095129292043,27.85034361309544,33.23374327307464
2036-01-07,30.554570671180215,27.961392239081846,33.34635401146965
2036-01-08,30.616828517527104,28.130944082359182,33.205311300872815
2036-01-09,30.517949419045017,27.812693674494614,33.23097045839611
2036-01-10,30.570854935848544,27.803088524212907,33.25324110120929
2036-01-11,30.81005420697361,28.264136052285615,33.55722455100925
2036-01-12,30.69312295213119,28.029740726113637,33.38742190857761
2036-01-13,30.861585966729287,28.147901492557615,33.53946895979239
2036-01-14,30.92429301050542,27.989435490003896,33.49280439701801
2036-01-15,30.99645573798901,28.38014484463769,33.701988135466436
2036-01-16,30.911500841531364,28.30009351646365,33.59939938168221
2036-01-17,30.982597364157524,28.20182999457941,33.523034124633
2036-01-18,31.244394484069417,28.501852031181024,33.959952290312714
2036-01-19,31.15449435144982,28.3393389387964,33.869696146866914
2036-01-20,31.354331450246963,28.606266656101713,33.94479441353368
2036-01-21,31.452548512149093,28.959207879781353,34.03280059702381
2036-01-22,31.56403666860993,28.851013058354777,34.097587172726755
2036-01-23,31.521794958115194,28.858713319222225,34.08225743129547
2036-01-24,31.638467001877828,28.99705631763161,34.45187901892429
2036-01-25,31.94809091871783,29.36024946285036,34.643812988937725
2036-01-26,31.90758674754514,29.356218566688934,34.641239987642805
2036-01-27,32.1576524651566,29.476237345164815,34.7941030254892
2036-01-28,32.306158179455366,29.713221265702447,34.64852857891489
2036-01-29,32.46720568712239,30.013344346365805,34.96996416132107
2036-01-30,32.47300798034874,29.847356475751887,35.11628965288897
2036-01-31,32.635445962682894,29.986617261915942,35.3090986007081
2036-02-01,32.987837886796925,30.31866202392188,35.69616469330008
2036-02-02,32.98644523587303,30.402703058791293,35.61906349696142
2036-02-03,33.27138561674344,30.766259284205283,35.81295684844865
2036-02-04,33.450041767421425,30.686388082472202,36.00469397162209
2036-02-05,33.63613344676654,31.01819404183009,36.14359114562509
2036-02-06,33.661606438167375,31.022585292779922,36.23848206760196
2036-02-07,33.83819565358467,31.10913025401603,36.32920754343741
2036-02-08,34.19919766425735,31.572259521523918,36.87179423749336
2036-02-09,34.20097628632913,31.602881313987982,36.951642234685906
2036-02-10,34.48387179205072,31.755041101557325,37.21763032571504
2036-02-11,34.655602948035174,32.083073403380915,37.19088968742216
2036-02-12,34.830328840987434,32.14335384740257,37.26019177074941
2036-02-13,34.84052500395122,32.07462414225086,37.522877214456535
2036-02-14,34.998531191302924,32.60681493465158,37.75638025308067
2036-02-15,35.33830656124745,32.56375746971869,38.171289922516735
2036-02-16,35.31691638465507,32.756898179338975,37.86297950911205
2036-02-17,35.57542138574628,33.01055328451595,38.27410655589206
2036-02-18,35.72225947987325,33.05975212372467,38.29944688963274
2036-02-19,35.87228744519348,33.23364651581389,38.65462856469901
2036-02-20,35.85863761380242,33.073225191724426,38.38931916275917
2036-02-21,35.99424748259753,33.47178884460775,38.81316006690592
2036-02-22,36.31359851817844,33.61940280166094,39.06074922894398
2036-02-23,36.27418873886032,33.74222524431389,38.8368984334594
2036-02-24,36.51741057865482,34.0665091478416,39.16036794390382
2036-02-25,36.65192412129651,34.250687641760805,39.33722424674321
2036-02-26,36.792693478100084,34.24403679746501,39.128980564373485
2036-02-27,36.77284153939205,34.16511826171569,39.5714086366701
2036-02-28,36.90518104686887,34.177159150697,39.53049867166352
2036-02-29,37.22395820989955,34.69901486032834,39.8989362912816
2036-03-01,37.18633330055166,34.631552464263706,39.78891398000162
2036-03-02,37.43326949115494,34.67558141868681,40.20236751640474
2036-03-03,37.572919695856804,34.885384281065406,40.204794716253616
2036-03-04,37.71967878704999,34.97096965746149,40.1000528128366
2036-03-05,37.706055949094925,34.9943493984439,40.3675706957716
2036-03-06,37.84422459858126,35.13298328776066,40.832601145675234
2036-03-07,38.16778554031912,35.42317572124783,40.816485579044105
2036-03-08,38.13326722044174,35.42360372672025,40.84041293865765
2036-03-09,38.38103376441085,35.75303826856158,40.962306132621755
2036-03-10,38.518689999263174,35.97654448762434,41.13245600467445
2036-03-11,38.660150299509105,36.28079041206395,41.388843486748705
2036-03-12,38.63752553365127,35.97277432616117,41.14491794388032
2036-03-13,38.76268511538923,36.263501463347765,41.41941828718063
2036-03-14,39.06902947620776,36.58954055927205,41.80374305913399
2036-03-15,39.01299655136212,36.35937197444263,41.68425149368562
2036-03-16,39.23497278842531,36.702276728600275,41.8307525339343
2036-03-17,39.34269779537505,36.75726779166894,41.98757888735477
2036-03-18,39.450329483686495,36.78449519754378,42.04802559923328
2036-03-19,39.39032409743574,36.69913740616296,42.156710962121274
2036-03-20,39.47498834117205,36.898072928320026,42.11394483098565
2036-03-21,39.738239220350316,37.13342936091365,42.11838147699776
2036-03-22,39.63709556304479,36.895451933063256,42.228627802074925
2036-03-23,39.81257217744553,37.290095128342756,42.39693793300501
2036-03-24,39.873066262746065,37.16620982882426,42.29514903795415
2036-03-25,39.93340347018589,37.13375086641153,42.563637910155926
2036-03-26,39.82669857121242,37.15366110184794,42.510883602081805
2036-03-27,39.86588851936845,37.13813367737964,42.60142815054498
2036-03-28,40.08547408460129,37.58950668677861,42.76535988463056
2036-03-29,39.942994567942186,37.25811236821685,42.713473521022436
2036-03-30,40.07990704866023,37.50626806731478,42.64782236799202
2036-03-31,40.10496022288639,37.4775833361009,42.85330711610537
2036-04-01,40.13323060249289,37.393102365873474,42.87680022547934
2036-04-02,39.99797632294001,37.44717477363761,42.57314411212799
2036-04-03,40.0121665495272,37.312146043362425,42.50831374233407
2036-04-04,40.21022276865786,37.797147739493084,42.91326488500932
2036-04-05,40.04949648191381,37.49419798364243,42.6136177336318
2036-04-06,40.171154666489755,37.71235838284468,42.75272524742552
2036-04-07,40.183562876695945,37.51139431261252,42.89315427010817
2036-04-08,40.201333480737375,37.65466009094561,43.05435563979961
2036-04-09,40.05719392473743,37.506640880888334,42.86086681449383
2036-04-10,40.063532585097256,37.49580471370091,42.60684298033797
2036-04-11,40.254158008573214,37.41101263468397,42.80167771409324
2036-04-12,40.085795526103496,37.77538235389296,42.79467775837201
2036-04-13,40.19899204351275,37.450809519273264,42.88416996586242
2036-04-14,40.2015183111991,37.62155413191766,43.03853294552338
2036-04-15,40.20743559928379,37.49841786906612,43.03046670142627
2036-04-16,40.04898112409822,37.54429721599187,42.896976261477576
2036-04-17,40.03812927890764,37.157999191656856,42.6801157957702
2036-04-18,40.20836401289504,37.78029564371998,42.826250755040896
2036-04-19,40.0161859555744,37.418352432320425,42.685089659192066
2036-04-20,40.10202477874517,37.513482451026,42.81268308017159
2036-04-21,40.07364587426661,37.32179417288969,42.662282283712365
2036-04-22,40.045218144038316,37.42367827763277,42.49858074252446
2036-04-23,39.84919721559363,37.32690832309589,42.67082067822806
2036-04-24,39.79788120222071,37.0840275734703,42.39114569420759
2036-04-25,39.92517451423442,37.28577703918622,42.423921182458436
2036-04-26,39.68808357279276,37.00207714462896,42.30171367772672
2036-04-27,39.727615256669324,37.070224009751655,42.4269327532888
2036-04-28,39.652167572536946,37.11103347743527,42.45275596508434
2036-04-29,39.5765798190541,36.99639667500173,42.21845027238689
2036-04-30,39.333997079562764,36.72335292792066,41.83630376536369
2036-05-01,39.237406715678134,36.4647276229696,41.80202960427546
2036-05-02,39.321382937135276,36.45245313303092,41.8223670254567
2036-05-03,39.04356386645981,36.37665490871536,41.60752539105394
2036-05-04,39.04553247756419,36.4169563314801,41.60676724472711
2036-05-05,38.93619141252769,36.278733360017114,41.45142071894617
2036-05-06,38.830799410369266,36.32597407818288,41.3607144277701
2036-05-07,38.562824582004865,36.101931310486364,41.278626308907675
2036-05-08,38.4454725269745,35.65322564183514,40.91853126623182
2036-05-09,38.51342560497408,35.87957025400425,41.14497537415797
2036-05-10,38.22431792561267,35.579016592178306,40.86252086114811
2036-05-11,38.21961748324432,35.60040412679007,40.8598035917142
2036-05-12,38.10800539048957,35.61664891375506,40.752629326608556
2036-05-13,38.004419796639546,35.32378480720771,40.497475112155165
2036-05-14,37.74191948518408,35.07136476017718,40.34010186835853
2036-05-15,37.63322482100277,34.94858910061579,40.285018374015344
2036-05-16,37.712471959943876,34.89427925178018,40.50366661242107
2036-05-17,37.43670442085738,34.658092857380055,40.17583618653407
2036-05-18,37.44677293456464,34.84184657355296,40.23124787780234
2036-05-19,37.350732977553974,34.899407673673196,39.93009679508506
2036-05-20,37.262907014008555,34.70444867021614,40.006755780745586
2036-05-21,37.01576587812375,34.476249446445934,39.53871990504681
2036-05-22,36.92148642248736,34.45304228100138,39.57124009400867
2036-05-23,37.0137208347506,34.38324780878435,39.7730286205883
2036-05-24,36.749101261935394,34.11634809374886,39.31963473725808
2036-05-25,36.76815026038447,33.88155916548128,39.48174437610629
2036-05-26,36.67868615895033,33.89582678497016,39.51831359513096
2036-05-27,36.594890125332775,33.739087977507864,39.328680501908195
2036-05-28,36.34918922759844,33.823747902700546,38.96787015535694
2036-05-29,36.25381257521839,33.68685715685959,38.97152704793855
2036-05-30,36.342556000295616,33.60890452421879,38.98087311126373
2036-05-31,36.07227907551021,33.32735550454303,38.796515329425446
2036-06-01,36.083805237849624,33.488140861798946,38.74890167867339
2036-06-02,35.985314443699274,33.36500015088769,38.77245021635756
2036-06-03,35.89139555973158,33.19600122146675,38.614981674207314
2036-06-04,35.63491326047697,32.961984451430595,38.1699786833017
2036-06-05,35.52854704541063,32.800508454248984,38.246603414205865
2036-06-06,35.60653839851061,32.981571159327515,38.22949644255013
2036-06-07,35.32617046532892,32.6269915385282,37.910550643677894
2036-06-08,35.328651593927475,32.75721345084009,38.075651965473
2036-06-09,35.22249272298233,32.46384688363992,37.92465114182128
2036-06-10,35.12254634245611,32.53010344261662,37.886563314751136
2036-06-11,34.8618622652417,32.041191129747816,37.36105889684026
2036-06-12,34.753218221789716,32.15615434482867,37.46949155981262
2036-06-13,34.830861618291785,32.26030734529618,37.45787011075691
2036-06-14,34.55198705896746,31.9257551795112,37.42245452667605
2036-06-15,34.55762110402203,31.802163863404644,37.26325664280269
2036-06-16,34.45600426656855,31.60636816184605,36.98849572159698
2036-06-17,34.36163788666764,31.794832671985763,36.96139167094924
2036-06-18,34.10715092778308,31.310812790524306,36.7265766558838
2036-06-19,34.004844413096805,31.406652806881215,36.75090501992936
2036-06-20,34.08844945399253,31.56350434205305,36.70391591473456
2036-06-21,33.81462299968748,31.080288738626084,36.302429249816804
2036-06-22,33.82385223791292,31.26205636463548,36.38522925307933
2036-06-23,33.72385705359002,31.146427413868995,36.34597599219072
2036-06-24,33.62865754982373,30.98058324434326,36.381759486160796
2036-06-25,33.37046102374172,30.71724856369157,36.218018361208244
2036-06-26,33.26122546236253,30.765267785987426,35.88559064737611
2036-06-27,33.33443487849045,30.878432555720128,36.021251593154474
2036-06-28,33.04661002264489,30.461815501429065,35.607835226390215
2036-06-29,33.03822486556163,30.448626731879173,35.73510037218765
2036-06-30,32.91711779735054,30.397927651253863,35.75258780104821
2036-07-01,32.797564176198776,30.03182994865154,35.394982759512125
2036-07-02,32.51216434967192,29.906193544085315,35.10073851479717
2036-07-03,32.37340405589671,29.782944875881252,35.03659087211713
2036-07-04,32.415422484954526,29.523416140723754,35.09685211659063
2036-07-05,32.09551161822465,29.55199272744449,34.652323331396296
2036-07-06,32.05501744309524,29.237464816312,34.913915100895295
2036-07-07,31.902732309448485,29.32664233438204,34.57224498970569
2036-07-08,31.753945491354386,29.02787281542016,34.44803548015789
2036-07-09,31.442306607348584,28.742952946445303,34.35552191706909
2036-07-10,31.28135942328274,28.778314178249623,34.032341897027244
2036-07-11,31.306282005060716,28.506079322263837,34.01996861484674
2036-07-12,30.975357577962324,28.22884457771606,33.67862999249167
2036-07-13,30.93084746098144,28.386468720196383,33.73345570963465
2036-07-14,30.782356124448278,27.981708027236635,33.370275788821395
2036-07-15,30.645856205369885,27.953597928074494,33.23654580886031
2036-07-16,30.35552887236058,27.618326360165838,32.83123272687439
2036-07-17,30.225277749111605,27.56703812296447,32.88667911851756
2036-07-18,30.290452975306238,27.538808275670945,32.93464458153418
2036-07-19,30.009310282091654,27.44777653502117,32.644069469874424
2036-07-20,30.02387686399647,27.52791690170025,32.79569028526022
2036-07-21,29.943314389356456,27.187065798574643,32.53678676215292
2036-07-22,29.882947148141604,27.18026870349065,32.61180377706824
2036-07-23,29.676110757991168,27.02470808667087,32.33374054450082
2036-07-24,29.63567952832053,27.05553934311833,32.27093618407079
2036-07-25,29.79580881559828,27.15479914735369,32.46662772376387
2036-07-26,29.61341686933766,26.935349344591046,32.099728581445774
2036-07-27,29.729077450060068,26.86402337593589,32.49881723463173
2036-07-28,29.750412949726204,27.10471227354082,32.46053404474449
2036-07-29,29.79115530616038,27.021253465028384,32.30232648247354
2036-07-30,29.683029347115593,27.13553329338094,32.35398735174036
2036-07-31,29.737315821006632,27.113221449490958,32.31274850955186
2036-08-01,29.986629568800222,27.377295850568125,32.619584021093466
2036-08-02,29.886436445144593,27.185047561217186,32.434987851807435
2036-08-03,30.07597938924161,27.409993547712833,32.690242207024305
2036-08-04,30.161702529046334,27.401497646719967,32.794261633653925
2036-08-05,30.256339819947698,27.550449987330776,33.09510839012918
2036-08-06,30.19082214068137,27.603632228096625,32.88086877118499
2036-08-07,30.275859487300277,27.60242045290695,32.995252997864
2036-08-08,30.543733216686274,27.82796898385237,33.219473406689964
2036-08-09,30.44982157162551,27.708583739753102,33.071923205834814
2036-08-10,30.63352864893436,28.072035470754557,33.196221093715195
2036-08-11,30.701705599086356,28.07173081085794,33.417969539669535
2036-08-12,30.767730609911194,28.214006542700247,33.37793094708489
2036-08-13,30.66340179411278,27.92146773871748,33.1459773618431
2036-08-14,30.700499959009328,28.12157343846893,33.179445062614064
2036-08-15,30.912556679532265,28.336884183638745,33.547875605396435
2036-08-16,30.7563514957618,28.118172497281474,33.45764231605693
2036-08-17,30.87280909019732,28.192977670302472,33.544716835620605
2036-08-18,30.870386013219694,28.216656860111115,33.65636828510613
2036-08-19,30.864114355281384,28.31178330014322,33.37852861774512
2036-08-20,30.687457375449224,28.082646570342813,33.43572325116002
2036-08-21,30.653834975303685,27.786689907098896,33.502761550211346
2036-08-22,30.79835534691582,28.156374740435183,33.27889783382442
2036-08-23,30.57927749748,27.71927363538664,32.98484699994829
2036-08-24,30.638876338011045,28.06490835446567,33.38182712632097
2036-08-25,30.586800666402862,27.90381371741661,33.47108437939927
2036-08-26,30.53909211554574,27.904475721485003,33.05108333302325
2036-08-27,30.330020641760566,27.62819057083714,32.86771424597148
2036-08-28,30.273594887791976,27.659160973526767,32.89266363394508
2036-08-29,30.405284063226496,27.611007884640816,33.096204489637756
2036-08-30,30.18347622101621,27.515923323813038,33.03353626346745
2036-08-31,30.250344652082692,27.69419851319503,32.877894833525524
2036-09-01,30.2152126218683,27.395783270452235,32.74258899766951
2036-09-02,30.193584276239708,27.571809880236188,32.94929812890669
2036-09-03,30.018996919647787,27.436156704108818,32.9230269360008
