ds,yhat,yhat_lower,yhat_upper
2026-09-15,30.938913837040438,28.16389794957686,33.71607188041203
2026-09-16,30.772153183725887,27.807676709279086,33.4674236016608
2026-09-17,30.70523711362994,27.900399928080937,33.43952402608255
2026-09-18,31.037651312185698,28.19737640430182,33.771999416843585
2026-09-19,31.008006380263044,28.21614672616106,33.803241856784766
2026-09-20,30.998893854802542,28.12721998984856,33.894699548606475
2026-09-21,30.74469628707014,27.853428527060224,33.38700866460048
2026-09-22,30.871411907732018,27.930352026862685,33.58249148480173
2026-09-23,30.66117937940302,27.78224054054875,33.45691761678013
2026-09-24,30.553887190864312,27.64576134083477,33.20723823790918
2026-09-25,30.84967753894616,27.81796965219552,33.26683318558072
2026-09-26,30.787688707197834,27.967803060699673,33.60650363132146
2026-09-27,30.75090129669514,27.95183933368263,33.60537154967339
2026-09-28,30.4739429194886,27.60273478488943,33.17946417441779
2026-09-29,30.5829119287118,27.480986018127858,33.407577007458386
2026-09-30,30.359905594473023,27.50872848635306,32.87518141055642
2026-10-01,30.244637057095026,27.443839894488995,33.2502749327904
2026-10-02,30.53695055904445,27.815517557253372,33.35770689765782
2026-10-03,30.47557851084018,27.674500551621637,33.20631674605892
2026-10-04,30.443005199093715,27.751446909730916,33.16072982729614
2026-10-05,30.173291125259393,27.268679384342263,32.91768457712144
2026-10-06,30.29191787302258,27.389836116277763,33.15722048776034
2026-10-07,30.080338205224322,27.310171275926507,32.78408142387559
2026-10-08,29.977615004178283,27.257665678271962,32.744774182652236
2026-10-09,30.282957852238457,27.360167136205927,33.081159932785624
2026-10-10,30.234500138647235,27.54319136260433,33.0617177276126
2026-10-11,30.214180887247398,27.355486639384093,33.16704699305548
2026-10-12,29.95558475451372,27.17264382853563,32.95650125795692
2026-10-13,30.08379964694975,27.43546832050839,32.862024364594475
2026-10-14,29.87997631325226,27.05315179207758,32.639383075728155
2026-10-15,29.782973292408983,27.04811503752241,32.734329813501866
2026-10-16,30.091895900663197,27.226603243435427,32.740403717724675
2026-10-17,30.04487215013057,27.219118985312925,32.82511238181212
2026-10-18,30.0239299194165,27.064473332703074,32.77045788023083
2026-10-19,29.762829064665894,27.056692211448762,32.55535683528538
2026-10-20,29.886908263291925,27.109684142205296,32.91199817311728
2026-10-21,29.677631380636104,26.789265330311476,32.41634198950293
2026-10-22,29.574217252076448,26.877395763562554,32.39848517119321
2026-10-23,29.87616213369411,27.149275357093284,32.75110900520104
2026-10-24,29.82199832403821,27.247138977452423,32.71569120083628
2026-10-25,29.794153906068093,26.85561255933775,32.63477662286592
2026-10-26,29.52676792456095,26.491407909807492,32.29680262420757
2026-10-27,29.64552139537752,26.690608688098795,32.39278654816965
2026-10-28,29.432169498370033,26.67097120823724,32.34994934461171
2026-10-29,29.326159346934904,26.283905451569947,32.32616311418382
2026-10-30,29.627143010410574,26.9187490875966,32.55782127377944
2026-10-31,29.573729623678847,26.724297875845153,32.32031891721969
2026-11-01,29.54834176289338,26.803901115629785,32.366077219483216
2026-11-02,29.285030523032276,26.594875118550945,32.00446246938278
2026-11-03,29.40930970071588,26.686676508459815,32.31216892591438
2026-11-04,29.202694327685446,26.166400801391227,32.14690734581877
2026-11-05,29.104327731578124,26.28261458529215,31.921531950785216
2026-11-06,29.413506480963346,26.682735410598646,32.18820773594532
2026-11-07,29.368446637398204,26.62281706396537,32.17398757513899
2026-11-08,29.35115600286968,26.484582213808988,32.11606833833487
2026-11-09,29.09526624490321,26.178822279292177,32.06657784885045
2026-11-10,29.225884704648543,26.120261766630183,31.779096302587224
2026-11-11,29.024150510116613,26.485488855374335,31.943089071653798
2026-11-12,28.928878543431047,26.096541450570236,31.759592979713066
2026-11-13,29.239100007464245,26.290955711010927,32.04205322045108
2026-11-14,29.192842439578286,26.205625324861927,31.96541314238976
2026-11-15,29.17201334149655,26.36154551934696,32.022472447424654
2026-11-16,28.910240861603526,26.14905926709396,31.792743853008254
2026-11-17,29.032730977560778,26.35294605357281,31.840673373919216
2026-11-18,28.820825545143716,26.104196223708467,31.775700844421365
2026-11-19,28.713644616390713,25.914324508591438,31.58295062682865
2026-11-20,29.010621743108935,26.051220203935582,31.81148245554714
2026-11-21,28.950275202749065,26.174007099384777,31.919055363382572
2026-11-22,28.915079522158297,25.883035948151473,31.838942413307294
2026-11-23,28.639291053774077,25.883355379523024,31.138180341846695
2026-11-24,28.748787473467452,26.126465270586205,31.619991193372506
2026-11-25,28.525606078028364,25.589561336307067,31.287428719423296
2026-11-26,28.40956487310446,25.39406761422858,31.225260687064832
2026-11-27,28.700775813269107,25.803231776895956,31.181331247795
2026-11-28,28.63839381511582,25.72525349495263,31.558640221611107
2026-11-29,28.605466619948633,25.738245606695738,31.57138134949018
2026-11-30,28.336739957034567,25.51365871430103,30.996506565579587
2026-12-01,28.458478546541663,25.69706470765543,31.21163202116759
2026-12-02,28.252988442302225,25.432346935826725,30.99147575109604
2026-12-03,28.160225259545186,25.268343358892338,31.084316111018556
2026-12-04,28.480298117808204,25.55520418788757,31.421391812305334
2026-12-05,28.452213286902914,25.5911526132056,31.362269542461963
2026-12-06,28.458722865394744,25.90946341036384,31.151734880062072
2026-12-07,28.234133072012547,25.48486561321015,31.197163336960465
2026-12-08,28.404132689581157,25.316456936130734,31.170273300993106
2026-12-09,28.250327031397273,25.519430198355607,31.00720734851664
2026-12-10,28.21186171660026,25.409018811000124,30.98959303815584
2026-12-11,28.587945703950737,25.81316795463238,31.522120509242427
2026-12-12,28.616617078943467,25.6440039366693,31.21856122406285
2026-12-13,28.67961633204409,25.951196431765553,31.566837231812574
2026-12-14,28.510221034710938,25.66401475024766,31.181915588922394
2026-12-15,28.733101716224905,25.997002213681395,31.59554001446244
2026-12-16,28.628883533092502,25.702139016390237,31.333683142898174
2026-12-17,28.635797220699796,25.785587976531573,31.492314637425217
2026-12-18,29.05222798445947,26.157782533132604,32.070397379222115
2026-12-19,29.11550506161,26.3917787347103,32.04069279741963
2026-12-20,29.206795978902104,26.350386620732912,32.164697088184695
2026-12-21,29.05895877328947,26.512257812034115,31.816848734080914
2026-12-22,29.296411431511533,26.566991677991624,32.317870626529064
2026-12-23,29.199702702806373,26.518776688148403,32.147791919714656
2026-12-24,29.207167460294837,26.33167015832428,31.924962117671406
2026-12-25,29.617475087929407,26.666925534566204,32.58031734784787
2026-12-26,29.66841358397945,26.781092072778637,32.3784551354541
2026-12-27,29.741773508706608,26.98544907847674,32.56263772644511
2026-12-28,29.571185286378565,26.965587450517162,32.423288570704656
2026-12-29,29.78196949523116,26.763145345693832,32.562347915405724
2026-12-30,29.65568480190615,26.8671216648303,32.40969762374825
2026-12-31,29.631757329023298,26.783048289507505,32.456573934705844
2027-01-01,30.010000639544202,27.261335124406507,32.59515517038824
2027-01-02,30.02936980934397,27.434659469543867,32.77692474888857
2027-01-03,30.07281454749201,27.229867296650156,32.72580926613297
2027-01-04,29.87508573371508,27.063844027673536,32.64671695729787
2027-01-05,30.06255586864386,27.275098252890647,32.88711094729159
2027-01-06,29.917738932956212,27.234786405487363,33.00024520646869
2027-01-07,29.8808942367978,27.00474144118574,32.60523689122401
2027-01-08,30.25252416575185,27.161314579522728,33.018641055827224
2027-01-09,30.27210992602429,27.33590697381561,33.24819090857992
2027-01-10,30.32295076953567,27.48028599244851,33.18694815928214
2027-01-11,30.139961464072815,27.17833686093319,32.88019842435779
2027-01-12,30.349488762331152,27.613606932629416,33.30829728512354
2027-01-13,30.233832478910095,27.304818278960013,33.15331523451327
2027-01-14,30.232855720643492,27.306631890934035,33.06024937867676
2027-01-15,30.646493992308642,27.973665543794272,33.64990516340098
2027-01-16,30.71350695301431,27.969835942791452,33.5222452416832
2027-01-17,30.816337842778587,27.887570607514434,33.61779873878202
2027-01-18,30.688934762596688,27.988378932678785,33.47007565575385
2027-01-19,30.95659387630123,27.968621573092534,33.710190747639224
2027-01-20,30.900509373823088,28.415205152843736,33.79795679977585
2027-01-21,30.959413910381095,28.1165278375817,33.70144488876952
2027-01-22,31.43211837558073,28.78227207381527,34.118171719465806
2027-01-23,31.55629388794259,28.81106558901319,34.46440954122249
2027-01-24,31.71336016853215,28.855397555273285,34.31259676042862
2027-01-25,31.636333650616344,29.026800677825825,34.52174695782589
2027-01-26,31.94969463092866,29.119985186856027,34.79466625929597
2027-01-27,31.933957625544952,29.124569212670085,34.66126379936235
2027-01-28,32.02732807423513,29.329295719396708,34.544656086155626
2027-01-29,32.52825379945765,29.76077258823119,35.385947401463646
2027-01-30,32.67421380348192,29.863094045403024,35.41757856254282
2027-01-31,32.846608390410104,30.13842570393594,35.56785241906636
2027-02-01,32.778603952924406,29.992380040330346,35.79306690833588
2027-02-02,33.0949918624924,30.51907706867242,35.91664255015625
2027-02-03,33.07674590531601,30.170504240960344,35.794435664909756
2027-02-04,33.162661824866134,30.399845634245153,35.96199682732399
2027-02-05,33.65188791926929,30.63228522593007,36.66544652213153
2027-02-06,33.78268992798225,31.08838430844819,36.466538802356304
2027-02-07,33.937314934686995,31.19503927387108,36.4952662465128
2027-02-08,33.84980843348463,31.140212417707133,36.56235230868463
2027-02-09,34.14584484701934,31.434135112609056,36.96542196196495
2027-02-10,34.107256805952716,31.16156277406604,36.92965054733575
2027-02-11,34.173647608781415,31.40031414603687,36.99049804586307
2027-02-12,34.64489663358306,31.65803052111786,37.31260624462944
2027-02-13,34.75990169979624,31.92259010049019,37.699310224447615
2027-02-14,34.90142378783838,31.975093389683895,37.893526687248965
2027-02-15,34.80388884116011,32.069301331171296,37.4565882835339
2027-02-16,35.093207395922704,32.18230053171631,37.75945399100935
2027-02-17,35.05129766945174,32.08855357883445,38.168443047565965
2027-02-18,35.11769670348374,32.29589446467001,38.152591395706224
2027-02-19,35.59206936057073,32.71977259254821,38.48469110586594
2027-02-20,35.712959047305944,32.95519754747323,38.382697179100035
2027-02-21,35.8626453002181,33.15027716780564,38.74537066115645
2027-02-22,35.77496254728236,32.800857760914376,38.42755219931775
2027-02-23,36.0751402515182,33.38985254223564,38.78238925067185
2027-02-24,36.044349418043744,33.346827307890905,39.000965958427216
2027-02-25,36.12133931948402,33.27190364198054,38.86252361002107
2027-02-26,36.60497342809407,33.811209308289726,39.60560422662999
2027-02-27,36.7330075740651,34.05228057727448,39.584442659470405
2027-02-28,36.88697459337864,33.90958144836858,39.52209330833377
2027-03-01,36.80002891442737,33.985267867628025,39.54845199094767
2027-03-02,37.09681046113855,34.15050774152541,39.8426584454075
2027-03-03,37.05801208609747,34.44336858558621,39.882025147138506
2027-03-04,37.12203370537214,34.098164346473915,39.68131778470437
2027-03-05,37.58753154629209,34.48386073423437,40.44618352166654
2027-03-06,37.692205075009426,34.88257064833793,40.67554462516201
2027-03-07,37.81768555367944,35.08129023118083,40.6613457395828
2027-03-08,37.69737951243818,34.76648590109774,40.349926469012374
2027-03-09,37.95632650554708,35.10206720241893,40.77805023046838
2027-03-10,37.87575551369744,35.157967619325234,40.68546822718675
2027-03-11,37.89472346609975,35.056627698846164,40.62618026589683
2027-03-12,38.31264474098241,35.27906790402553,41.09841448823434
2027-03-13,38.36805479134472,35.49984798795728,41.17737333402532
2027-03-14,38.44347254200601,35.52613474982169,41.235178360142626
2027-03-15,38.273215635018964,35.24030024152783,41.071042029529416
2027-03-16,38.48322875713729,35.873470099148285,41.329206677062224
2027-03-17,38.35561032224169,35.52057509397733,41.381686024916334
2027-03-18,38.33022191260858,35.614908824300436,41.05873619972007
2027-03-19,38.70719025898727,36.06038087524732,41.4176240657423
2027-03-20,38.725645790785975,35.90638750631398,41.61440333151579
2027-03-21,38.76856322257283,35.956749145213635,41.69652823106185
2027-03-22,38.570558984464824,35.80723571338327,41.35681711228504
2027-03-23,38.75770634778454,35.81743310534104,41.519049996284025
2027-03-24,38.61205400392515,35.91270705479485,41.59461519022917
2027-03-25,38.57323283661526,35.737360796487096,41.41404398854108
2027-03-26,38.94096084339538,36.19259864618034,41.87812523821002
2027-03-27,38.95379024580725,36.02932740337543,41.7718908384698
2027-03-28,38.9939620930955,35.979998804168446,41.82455834915085
2027-03-29,38.79522283873611,35.91607057197315,41.77060776930461
2027-03-30,38.98266325401052,36.270827127726896,41.74467513936399
2027-03-31,38.83726480323658,35.930964658008804,41.78215205693431
2027-04-01,38.797537458452936,36.05586455262677,41.62611853539639
2027-04-02,39.16205803906036,36.44205974236148,42.02109296756584
2027-04-03,39.168252162327036,36.32081989632539,41.90132966844691
2027-04-04,39.19728409979618,36.286506373504686,42.008988366142084
2027-04-05,38.981907982262534,36.293415817787306,41.942754764490225
2027-04-06,39.14633968417941,36.190914928214696,41.8746035269318
2027-04-07,38.97083351249999,36.171297714591304,41.753812384230955
2027-04-08,38.89334674166032,35.89367914426357,41.41838798987167
2027-04-09,39.21210023574169,36.42911825896678,42.17190761232516
2027-04-10,39.164377516732564,36.37072782286249,41.85653803390722
2027-04-11,39.13142598685208,36.32193227443581,41.88889316804759
2027-04-12,38.84631331930126,36.15040456204587,41.66493154023886
2027-04-13,38.93379809287871,36.07436212495638,41.69429932228374
2027-04-14,38.674898722384974,36.15399358621175,41.46122674194056
2027-04-15,38.50854383982773,35.453952963135045,41.31199196071012
2027-04-16,38.73411266604453,36.14553662241683,41.68204569803747
2027-04-17,38.59020820875122,35.730643489435295,41.518824866643456
2027-04-18,38.45952763896229,35.752053765663746,41.45650711753169
2027-04-19,38.07668365398611,35.216617461205246,41.11849881990953
2027-04-20,38.06803682518015,35.06570439032806,40.58311087085266
2027-04-21,37.71622400868653,35.04165735906126,40.573487572127334
2027-04-22,37.46176707581633,34.67116784799559,40.2871984963767
2027-04-23,37.60557164890958,34.76362416286182,40.240831251441776
2027-04-24,37.38765983724098,34.445716064616796,40.02710832919467
2027-04-25,37.19200246282931,34.44352247506237,39.86520718404695
2027-04-26,36.75430566926144,33.85506819445043,39.458379561432956
2027-04-27,36.70181291205669,33.866916466067444,39.42992826988165
2027-04-28,36.317808295729385,33.33774407917961,39.141522394354354
2027-04-29,36.0432062614085,33.14754536757828,38.86245294148707
2027-04-30,36.179037896134744,33.218891565665736,38.910387061161636
2027-05-01,35.96517826388464,33.07791504171948,38.75281339642392
2027-05-02,35.785180460978026,33.07671046986112,38.6776938479558
2027-05-03,35.37407130159651,32.53436891660966,38.12621746906611
2027-05-04,35.35816944267772,32.62980391256285,38.233042912192474
2027-05-05,35.019611525817474,32.23551921732114,37.933352283756236
2027-05-06,34.79797076409892,31.937512309646063,37.47285917681266
2027-05-07,34.9927774952893,32.2271693993524,37.821924350884345
2027-05-08,34.842285198075984,31.846277420573525,37.57220524618179
2027-05-09,34.72834664137988,32.13014038148653,37.279466527346926
2027-05-10,34.38425393870544,31.67112660894253,37.274946984949075
2027-05-11,34.43460211312701,31.68983475224978,37.17648818918135
2027-05-12,34.15986051042871,31.045578699015685,37.12180794551971
2027-05-13,33.99803524613438,31.176016086926722,36.87318005681781
2027-05-14,34.24723099852996,31.32801954196363,37.06185312370012
2027-05-15,34.14445450190727,31.452226657804825,36.81921730857057
2027-05-16,34.07052336662154,31.34373251893521,36.735290942859585
2027-05-17,33.75793308341222,30.884958062378214,36.50875262251423
2027-05-18,33.8307410579124,31.174721105657976,36.40016703166786
2027-05-19,33.56915143004073,30.67084398754475,36.14239466004242
2027-05-20,33.41118347504386,30.79045553797499,36.16334529497501
2027-05-21,33.65523171479396,30.77035781323355,36.462286766776685
2027-05-22,33.53886012131514,30.566414363837833,36.386295823308835
2027-05-23,33.44369427833491,30.81568339919153,36.6114051367057
2027-05-24,33.10326480266318,30.48636130820977,35.921896047880395
2027-05-25,33.14286150936806,30.62674485335841,36.1579315019829
2027-05-26,32.844082889701774,29.80523968501442,35.65802809909547
2027-05-27,32.646464666977074,29.938063416193973,35.3661139198666
2027-05-28,32.84999665475632,29.88993016639204,35.46025486614288
2027-05-29,32.69387149241309,29.794935904664467,35.580123658773104
2027-05-30,32.56133038089241,30.035138711621233,35.29715733519377
2027-05-31,32.187460406774356,29.163592148594937,35.13653394347502
2027-06-01,32.19900421814941,29.456886596567177,35.045862521094506
2027-06-02,31.878867858434052,29.006273814188543,34.64569668596625
2027-06-03,31.66771168340553,28.881157223187927,34.575895156671116
2027-06-04,31.866434636456596,28.90050133780613,34.67478722389854
2027-06-05,31.714896368666704,28.727679935130382,34.62350509655077
2027-06-06,31.5967430734543,28.728560016761477,34.43273523443419
2027-06-07,31.247192185141703,28.284680797819874,34.10284570492179
2027-06-08,31.29283706453801,28.545705289602857,34.3273201167162
2027-06-09,31.0161576254769,28.18738123638765,33.61993612953216
2027-06-10,30.857121759223688,28.22027231414126,33.48722585906759
2027-06-11,31.11568754897823,28.342619465521334,33.975405860414234
2027-06-12,31.030550271523598,28.209128753203,33.79340096235242
2027-06-13,30.9839993731911,28.23796521145225,33.6779696708726
2027-06-14,30.70973971249617,28.036667295825943,33.70550072514128
2027-06-15,30.83273718528002,28.029792402650624,33.76200711688997
2027-06-16,30.633773556564055,27.94722563308574,33.44648772760462
2027-06-17,30.551094135407535,27.94942763034323,33.314810637748685
2027-06-18,30.882957007395408,28.20375935863152,33.772724308834384
2027-06-19,30.866426522969316,28.064379877985314,33.75128766199452
2027-06-20,30.882274944621138,27.90964484741121,33.89613702127933
2027-06-21,30.662845311839984,27.96229009155141,33.390382357893266
2027-06-22,30.831934490955245,28.253908511021802,33.676868768133815
2027-06-23,30.66938020221248,27.883274724849098,33.44906799126121
2027-06-24,30.612734773817536,27.705696852296466,33.576012328971046
2027-06-25,30.95983362099341,28.1160647425412,33.66730274008128
2027-06-26,30.947600621192173,28.13226933786862,33.76979904518063
2027-06-27,30.956953965532126,28.089163881818376,33.65770889967617
2027-06-28,30.720665435114334,28.071601482787713,33.558630991400484
2027-06-29,30.863232174562228,27.931861089326723,33.65243793503681
2027-06-30,30.66544507250108,27.79360396954005,33.41117851868913
2027-07-01,30.56603701908549,27.788715037715882,33.3070450055986
2027-07-02,30.864219747010573,28.052469655237076,33.80495022141363
2027-07-03,30.79845230363519,27.964873424418908,33.587086856194446
2027-07-04,30.751305754015945,27.751894610613355,33.690796598427774
2027-07-05,30.457278197800306,27.592299196574057,33.319052552376995
2027-07-06,30.54262038951111,27.693643798496055,33.35619449441115
2027-07-07,30.289857337856983,27.45476423894535,32.87773269516404
2027-07-08,30.13939043360733,27.30081903711367,32.725076189397946
2027-07-09,30.391990069892724,27.64770555003518,33.12050839996246
2027-07-10,30.28752300305203,27.586649811760978,33.16854793663472
2027-07-11,30.209780164374553,27.400751540729697,32.93098731398923
2027-07-12,29.89425999579879,27.23654855384287,32.836288186594466
2027-07-13,29.967968441656527,27.158923435181002,32.65218637986934
2027-07-14,29.71392164450287,26.75360433284105,32.59433210017862
2027-07-15,29.57273637872532,26.71950623945453,32.49762217362597
2027-07-16,29.845118469183937,27.04051582280339,32.64284981580578
2027-07-17,29.77059351871791,26.871682746612603,32.81729572437529
2027-07-18,29.73234552172205,26.963381092501415,32.86987325939914
2027-07-19,29.465018099667304,26.61444159148334,32.09031770305125
2027-07-20,29.594538959855665,26.959885173318277,32.40912873200126
2027-07-21,29.4026529167352,26.614073032307626,32.07657923364508
2027-07-22,29.32854764368461,26.612224932972087,32.18939544761174
2027-07-23,29.671381404432914,26.934724219570207,32.428536311796755
2027-07-24,29.669055986266315,26.869219873839523,32.42128162050062
2027-07-25,29.70309923807966,26.94757040599378,32.531703444513695
2027-07-26,29.506510735718273,26.746504393178604,32.19717837803057
2027-07-27,29.703629957162764,26.72778901791688,32.393961084897
2027-07-28,29.574711116825625,26.74618186278256,32.09634748984912
2027-07-29,29.557587698281395,26.733642492574194,32.28017029598754
2027-07-30,29.950234898691225,27.23764407567286,32.774019801292845
2027-07-31,29.989572291747695,27.00827979735419,33.07416172745906
2027-08-01,30.056370342283845,27.23361431626727,32.98662656009189
2027-08-02,29.883113690675437,27.053344299655475,32.587207439092005
2027-08-03,30.093880166464356,27.368238137823532,32.974013107472075
2027-08-04,29.968919448857562,27.19174785175302,32.79217174617802
2027-08-05,29.946314378241425,27.11366758025603,32.732039398047526
2027-08-06,30.32453329240279,27.67273175545927,33.14844621574924
2027-08-07,30.34121604431036,27.417909674309485,33.05067145336741
2027-08-08,30.378057862588545,27.768930803608136,33.22501285993189
2027-08-09,30.168644662442787,27.510741492203177,33.032470977353015
2027-08-10,30.33829959695916,27.760052604456032,33.11577473548034
2027-08-11,30.168625713086623,27.437148254486758,32.981290955226534
2027-08-12,30.099128751672385,27.356694937139988,32.935130288395854
2027-08-13,30.42972955910344,27.618787271718556,33.10958244399515
2027-08-14,30.399509888615093,27.570900247676345,33.24888167501336
2027-08-15,30.391556869112993,27.64120911308792,33.08160950563125
2027-08-16,30.14076083027004,27.414676755931666,33.14799420528626
2027-08-17,30.27362728889881,27.375421167324664,33.15520231888316
2027-08-18,30.072788882370734,27.370035845889255,32.82930227499508
2027-08-19,29.978602091219592,27.11048425105601,32.61596258234326
2027-08-20,30.29163888139735,27.36895257823638,32.94127354192895
2027-08-21,30.25141754996494,27.3950950926681,33.08908575494835
2027-08-22,30.241238388480873,27.36658509488909,33.10571936443024
2027-08-23,29.995979012045083,27.169092126587106,32.67669897883566
2027-08-24,30.141910138949925,27.508321909237196,32.97722151259771
2027-08-25,29.961217409957253,27.41275472113128,32.847519915896534
2027-08-26,29.893613723809878,27.194581960029062,32.9098647051111
2027-08-27,30.238851697476917,27.31775448357745,32.993458147618156
2027-08-28,30.235479873644568,27.57180325398215,32.96326870868316
2027-08-29,30.265707509392712,27.251511253748763,33.008549233614886
2027-08-30,30.063231918843748,27.254829821158026,32.92711395574892
2027-08-31,30.253088210694873,27.34316838626815,33.19811672290154
2027-09-01,30.116206024754504,27.455992997302793,32.89115254168987
2027-09-02,30.091056747060744,27.310648551557914,32.74826546136872
2027-09-03,30.476199831688092,27.772953876819365,33.381870600737045
2027-09-04,30.509070915752762,27.72533220988497,33.008332977863475
2027-09-05,30.57087569640294,27.944750956029186,33.40226780891613
2027-09-06,30.394442771917685,27.456645668684168,33.05528470567168
2027-09-07,30.604094632586648,27.83949619027375,33.44370602908508
2027-09-08,30.48022088283274,27.565460723344106,33.00159279862349
2027-09-09,30.46093679713592,27.775849404849982,33.054833132618796
2027-09-10,30.844635615179115,28.10710054409223,33.68225587185506
2027-09-11,30.868777198470802,28.19391937704653,33.55091536466459
2027-09-12,30.91477711066956,28.28513529386145,33.85701411632722
2027-09-13,30.715849569774193,27.87608273966956,33.68822165802509
2027-09-14,30.89686384672944,28.214466450337092,33.66588274077386
2027-09-15,30.738898709999585,27.76244369726321,33.417113781808155
2027-09-16,30.680878648665388,27.80453447754169,33.487055669830085
2027-09-17,31.02210100094658,28.220193225798575,33.86507865775634
2027-09-18,31.000997400711967,28.495850188857666,33.75576605009366
2027-09-19,30.999994438774788,28.180988165052536,33.625135124378936
2027-09-20,30.753327840548206,28.09275006860998,33.65977286164239
2027-09-21,30.886870581330587,28.07504580458401,33.822287214308474
2027-09-22,30.682660353621078,27.833488497663346,33.43081085420165
2027-09-23,30.580510878376064,27.726510439262107,33.38142643044767
2027-09-24,30.880516869278985,28.25346392098684,33.6416539610693
2027-09-25,30.82179664830779,28.232147366198127,33.61830197044219
2027-09-26,30.787337783046656,28.05639377806994,33.446786917438644
2027-09-27,30.51180039640618,27.933618457079323,33.26266706800721
2027-09-28,30.62133878625177,27.657349940562984,33.437152657954385
2027-09-29,30.398126848611227,27.809599014895,33.13745232837768
2027-09-30,30.28197173858682,27.553176086806552,33.025296812381534
2027-10-01,30.57282538743937,27.762546812635392,33.492856894411055
2027-10-02,30.50953755899479,27.741146913435685,33.21085204493852
2027-10-03,30.474715387844725,27.570021912504362,33.35352903031064
2027-10-04,30.2025435245214,27.523444356908595,33.107808038429965
2027-10-05,30.31862492005279,27.57108486499101,33.20436760910619
2027-10-06,30.10452707897942,27.41401449386779,32.90748468910008
2027-10-07,29.999417512659164,27.132173670368314,32.55247327781863
2027-10-08,30.302597293870033,27.62209996110673,33.366340009464174
2027-10-09,30.252275685952,27.349039562238815,33.084702653927096
2027-10-10,30.230450108891233,27.38420960061898,33.03143960148302
2027-10-11,29.9707449382459,27.338835315420457,32.79470529096274
2027-10-12,30.09826860991765,27.30225176154102,32.9384837109856
2027-10-13,29.89417338712863,27.197330829052227,32.832104143032744
2027-10-14,29.797301148998255,26.861406299613236,32.618071801852516
2027-10-15,30.10672384018827,27.418755282530036,32.92638187112307
2027-10-16,30.06052141084795,27.246496876171406,32.682288114809026
2027-10-17,30.04066148593421,27.276444765514583,32.65795967030146
2027-10-18,29.780834356132203,26.88511418591814,32.61935183626119
2027-10-19,29.906302974836244,27.04054655679428,32.93867191415749
2027-10-20,29.69845263569035,26.908205946681804,32.32056471431994
2027-10-21,29.596424103398554,26.941993706927473,32.352786390857744
2027-10-22,29.89963933100702,26.972591009461667,32.79613701836894
2027-10-23,29.846563150190253,26.96548895014889,32.722865919047706
2027-10-24,29.819565775277997,27.015635119376526,32.6315349130359
2027-10-25,29.552740339266638,26.761127882008704,32.39581237538711
2027-10-26,29.671735775521924,26.7609062059165,32.47009237052569
2027-10-27,29.458290331430312,26.498568631622373,32.57505754448821
2027-10-28,29.35185006066397,26.460243036061037,32.24421201026305
2027-10-29,29.652081944679356,26.87896695361634,32.61073095879793
2027-10-30,29.597625473765994,27.008277463039004,32.36953112741285
2027-10-31,29.57094788420676,26.7584020141947,32.24572848333632
2027-11-01,29.306157525931333,26.380000324158203,32.12674007983099
2027-11-02,29.428835822650267,26.52682528644098,32.12161542760455
2027-11-03,29.220573146279555,26.39660151042026,31.98754606185006
2027-11-04,29.120592874110066,26.402176229833525,32.16908936637771
2027-11-05,29.428273089927483,26.337316599569874,32.186112924507725
2027-11-06,29.38190946503093,26.525094043285943,32.10994843117067
2027-11-07,29.363584126060324,26.410384151721832,32.023418654556785
2027-11-08,29.106994511765816,26.351422511929723,31.889364256335366
2027-11-09,29.23730214139447,26.095549748710486,32.22461332779003
2027-11-10,29.035686027748522,26.389174625813332,32.0910193429718
2027-11-11,28.940984384528406,26.041469491123532,31.668615169817176
2027-11-12,29.252233460548574,26.61944651561149,32.2306533551156
2027-11-13,29.207446419285528,26.393320294707454,32.00799059642851
2027-11-14,29.188496484517625,26.128625051718704,32.09039279455597
2027-11-15,28.928957819312878,26.106212639436215,31.60728864566244
2027-11-16,29.053963595116457,26.30282793155101,31.831104185896542
2027-11-17,28.84476560316853,26.155474525677608,31.62928727205723
2027-11-18,28.74037877527953,26.01930423460637,31.494836673173538
2027-11-19,29.040119272507418,26.17615307188756,31.73433786976976
2027-11-20,28.982379001318105,26.25773233290225,31.86938799057617
2027-11-21,28.94950083772964,26.3478620229523,31.793535857820828
2027-11-22,28.675608204131503,25.922180460504705,31.31303769024745
2027-11-23,28.786448746608524,25.927597374576397,31.663954528337868
2027-11-24,28.563936861552772,25.73093709083025,31.237330418288106
2027-11-25,28.447778929312854,25.615572097001998,31.21416941745868
2027-11-26,28.737990483769362,25.77057426677166,31.59448033607399
2027-11-27,28.673648810404366,25.863087170858197,31.702001674438513
2027-11-28,28.637745929576802,25.924463549443598,31.407434377322033
2027-11-29,28.3649963085009,25.5597807729803,31.062545442702927
2027-11-30,28.48165974938945,25.785853383541355,31.11035423313777
2027-12-01,28.270064881111754,25.4874456851971,31.071184529556366
2027-12-02,28.17021774811954,25.30420755349474,31.053314294849457
2027-12-03,28.482305298635637,25.62270101019614,31.48694462340916
2027-12-04,28.445437756180265,25.504667706214438,31.364953782237247
2027-12-05,28.442495224870118,25.669989229366465,31.28215472033186
2027-12-06,28.207933154370327,25.607475417803208,31.001936784810855
2027-12-07,28.367607272961262,25.68676622727873,31.117156604463325
2027-12-08,28.203303449091145,25.388979685420054,31.2094062349311
2027-12-09,28.154356877568443,25.48475162159026,30.940141422842043
2027-12-10,28.52017016544862,25.543866104160717,31.230245589682692
2027-12-11,28.538973950661013,25.8046368149039,31.184305728216895
2027-12-12,28.59269493775707,25.731449741844305,31.339966469873186
2027-12-13,28.414785408231204,25.779347058299848,31.467035759776433
2027-12-14,28.63007415894539,25.847508902018173,31.442808120684134
2027-12-15,28.519323606206793,25.70971259794489,31.15778178405435
2027-12-16,28.52087668183711,25.80181782228069,31.2195453899264
2027-12-17,28.933202301875625,26.13020385458017,31.763729046011665
2027-12-18,28.993682245423543,26.12271263592655,31.869829992799982
2027-12-19,29.08350355492255,26.2941413290955,31.92501135138658
2027-12-20,28.935509787909275,26.239685049143482,32.03152330608505
2027-12-21,29.174070414011354,26.191385516873783,32.1862074264853
2027-12-22,29.079652522827743,26.383941941802473,31.948356266621836
2027-12-23,29.090478002629112,26.36471465770851,31.866234831267523
2027-12-24,29.50507462448091,26.688647925450944,32.24563576381997
2027-12-25,29.561063654671702,26.741522570954366,32.532044352914916
2027-12-26,29.64004803118375,26.75570721637511,32.4380366174829
2027-12-27,29.475454500990953,26.550414874531022,32.32090744183347
2027-12-28,29.69238922026211,26.90753673178689,32.34270453934356
2027-12-29,29.572191327908907,26.739237151695107,32.260888596056574
2027-12-30,29.554068124779036,26.638276138074055,32.268760630374366
2027-12-31,29.937620879908994,27.32299346687051,32.691169132559416
2028-01-01,29.96160457191038,27.19337147215885,32.78363886580698
2028-01-02,30.008786365238986,26.973959597530612,32.65651048106499
2028-01-03,29.813757039307326,26.954841223966028,32.77907241055565
2028-01-04,30.00275572728799,27.120547566553057,32.72783450713013
2028-01-05,29.858193338731603,26.988611480201467,32.82261182143542
2028-01-06,29.820259145788356,27.153862985511783,32.800697622329636
2028-01-07,30.18942036117362,27.569230687866177,32.90584262429631
2028-01-08,30.20515875813318,27.66720982938547,32.82536368524275
2028-01-09,30.250809788103876,27.17658586819697,33.123029785644995
2028-01-10,30.061358964374413,27.14655235618379,32.7547580165697
2028-01-11,30.263256296856213,27.484995758805432,33.19020538297255
2028-01-12,30.138934445611493,27.325003829271893,32.75779980142309
2028-01-13,30.128415222704163,27.39273843590433,32.75354405431427
2028-01-14,30.53181427183622,27.72032257429454,33.32431779795439
2028-01-15,30.588087828568824,27.771416888190153,33.26994358411184
2028-01-16,30.679886724545526,27.9999301183601,33.61134674470785
2028-01-17,30.541371975141388,27.89277053765018,33.4372902335886
2028-01-18,30.798052182594414,27.937034638901952,33.74807955871436
2028-01-19,30.731327760842404,28.125496315795484,33.664915140768834
2028-01-20,30.780125861180323,28.208038015675875,33.53959994177826
2028-01-21,31.243435010453222,28.36718675094261,34.132133622392665
2028-01-22,31.3590825035121,28.68218659481513,34.34143790945508
2028-01-23,31.50861883403226,28.44590517265708,34.490700689366655
2028-01-24,31.425162631433384,28.6376711195502,34.20644842556164
2028-01-25,31.733265497351844,28.905047660615345,34.49481196615763
2028-01-26,31.7134809670983,29.005580717764733,34.39108792937379
2028-01-27,31.804020775057115,29.064404707039852,34.6458656208267
2028-01-28,32.30330683696328,29.495532099119483,35.188379566179556
2028-01-29,32.448761510797524,29.830727283448322,35.26148069358763
2028-01-30,32.621700073463565,29.947343069308424,35.48579057218939
2028-01-31,32.555178677149705,29.597524539795213,35.21857514037315
2028-02-01,32.87385712406383,29.991614010015834,35.62736665322215
2028-02-02,32.85856078078021,30.070256287163726,35.535603189226215
2028-02-03,32.94792505453743,30.259657543852367,35.873837709229
2028-02-04,33.440931227979476,30.675162803943053,36.377265875216764
2028-02-05,33.575676726312835,31.05149141314561,36.324503600940524
2028-02-06,33.73424437947233,30.678079996425442,36.2858760906537
2028-02-07,33.650524663064914,30.729842942898944,36.34816084057667
2028-02-08,33.95005104946795,31.065697807407734,36.54744072682773
2028-02-09,33.914533631910196,30.834347921872038,36.670464556251645
2028-02-10,33.98347530914828,30.969174176685243,36.917493228157994
2028-02-11,34.45668019006147,31.546761252417166,37.29439536188043
2028-02-12,34.572998126574575,31.769355479354687,37.45391051661817
2028-02-13,34.71517071828525,31.919813636684072,37.468293640772465
2028-02-14,34.6176334762447,31.681194000980238,37.34406597040972
2028-02-15,34.906334882319086,32.12122187230025,37.63237670689068
2028-02-16,34.86325799527935,32.01565583688625,37.707408421862304
2028-02-17,34.92802924771994,32.173960240148965,37.941267413887054
2028-02-18,35.400424307040815,32.731082097560304,38.22770862670747
2028-02-19,35.519114973500116,32.554542907710385,38.39899882789038
2028-02-20,35.66652237194649,32.885534919114235,38.32792286583461
2028-02-21,35.57663088895967,32.61902837141566,38.28426277467636
2028-02-22,35.874823214181085,33.13588694052154,38.71623920516468
2028-02-23,35.84242162858522,33.154204177161176,38.500740554445244
2028-02-24,35.91831956011702,33.06886254506417,38.56942811732855
2028-02-25,36.401512559591694,33.82853198844072,39.63285391064955
2028-02-26,36.52987187487395,33.84067447788419,39.249945663406045
2028-02-27,36.685025034374206,33.734705559047356,39.56249872641437
2028-02-28,36.600197021222186,33.903471609623764,39.60271122622483
2028-02-29,36.90007152841326,33.99548161979326,39.63258928067623
2028-03-01,36.86535659779926,34.246257896861664,39.73050859425327
2028-03-02,36.93443787790325,34.00539454573723,39.71278122757627
2028-03-03,37.40592794698094,34.572850912136055,40.353475454515994
2028-03-04,37.51745427387955,34.65300435092594,40.192706184566376
2028-03-05,37.65054974243099,34.72788413362751,40.477392452556444
2028-03-06,37.53849897127898,34.47497684284974,40.546425419282976
2028-03-07,37.80619971730846,34.908075075105124,40.53332801211829
2028-03-08,37.73472361792568,34.99487695179734,40.353807089992976
2028-03-09,37.762959616589896,34.87659685185215,40.593857555071324
2028-03-10,38.19014878219213,35.30854875583137,40.878746060269755
2028-03-11,38.25465350680375,35.67190583451411,41.07831531216795
2028-03-12,38.33882555584903,35.45946930786308,41.11059526479896
2028-03-13,38.17682687150346,35.34202422296797,40.98851588709288
2028-03-14,38.3944631875423,35.65497135242878,41.30546409124441
2028-03-15,38.2737155594289,35.33803474410119,40.913997646233895
2028-03-16,38.25435405584488,35.3255870795188,40.94993308346792
2028-03-17,38.636443250264655,35.96901873966564,41.12188689090876
2028-03-18,38.659083423355575,35.804056346654114,41.37550602640345
2028-03-19,38.70525284652284,35.95673028776588,41.544081170847384
2028-03-20,38.509605886086725,35.7420323591101,41.30750272783173
2028-03-21,38.698287741552356,35.87631445606572,41.68281590390968
2028-03-22,38.55345156962822,35.760150715115856,41.309584578011
2028-03-23,38.514862760046185,35.778363343913014,41.48112458584982
2028-03-24,38.88240037659776,36.24999307455522,41.713051573981176
2028-03-25,38.89479989092863,35.87601121613965,41.51374567466019
2028-03-26,38.93450262994908,36.31362003709969,41.67353464091055
2028-03-27,38.73546655728052,35.96237511709674,41.83106867613697
2028-03-28,38.92299891506679,36.123893871911896,41.75729783763862
2028-03-29,38.77829602938832,36.051981459777366,41.632736490564376
2028-03-30,38.740074447111844,36.03467051448932,41.49332872971268
2028-03-31,39.107102685591656,36.13406919158678,41.84615265117648
2028-04-01,39.11697687728967,36.399764918953444,41.82418137457293
2028-04-02,39.151004794934366,36.28887059926897,42.06158955047448
2028-04-03,38.94205187920608,36.06944621477135,41.837059716860516
2028-04-04,39.11440876259798,36.268440832099834,41.87177195516389
2028-04-05,38.948364555612216,36.208336520423344,41.60695595642798
2028-04-06,38.88186905225825,36.09824454875342,41.72604832207284
2028-04-07,39.21309218159555,36.53934262597053,41.77586811336771
2028-04-08,39.17922311748447,36.18376827955503,41.80472157683558
2028-04-09,39.16137277352319,36.454707662321184,41.87538534860771
2028-04-10,38.89243268126743,35.990968164686194,41.68737806228906
2028-04-11,38.99694927578456,35.99483547666096,41.746245108944954
2028-04-12,38.75569755504825,35.91813436524731,41.58458068870957
2028-04-13,38.60733715082921,35.88277568024546,41.287115340531265
2028-04-14,38.85095920447964,36.31127053326366,41.75002467889753
2028-04-15,38.72486671239894,35.97859450821803,41.55763918320665
2028-04-16,38.611452501598635,35.967986984629015,41.51414449571251
2028-04-17,38.24502843701783,35.47093916605899,41.00010617807611
2028-04-18,38.251665642931655,35.4786355144344,40.98061405135697
2028-04-19,37.91373059760752,35.21621886384942,40.87658495539394
2028-04-20,37.671501141901395,34.9296366398836,40.38538259521357
2028-04-21,37.82567188073561,34.90572261692627,40.70088206409657
2028-04-22,37.616092780360034,34.812327328595394,40.2259946423095
2028-04-23,37.4266062803008,34.6326045120474,40.16500785600925
2028-04-24,36.99283766787645,34.31492084987841,39.909853446425295
2028-04-25,36.9419995986956,34.1634015182342,39.807766882652466
2028-04-26,36.55739664670448,33.73467262468046,39.159304487458726
2028-04-27,36.28001484223851,33.47711485327456,39.06767894231553
2028-04-28,36.41100646147481,33.60030538634844,39.22522110665011
2028-04-29,36.19041449779107,33.43639769636226,38.92211090886886
2028-04-30,36.00200258576084,33.09161763536826,38.749405504886425
2028-05-01,35.58104538755981,32.60468377047617,38.42885189978935
2028-05-02,35.55414038828943,32.75799252588399,38.409243289616725
2028-05-03,35.20372684477037,32.15241176325314,37.96840829202522
2028-05-04,34.96969650772201,32.166716263152416,38.0434164998837
2028-05-05,35.151905850641874,32.25771417102572,37.73301453933424
2028-05-06,34.9889335279387,32.18844183247034,37.95419953526397
2028-05-07,34.862947966044935,32.33458304717861,37.65197051070695
2028-05-08,34.507539094409374,31.81143332861488,37.44278416188324
2028-05-09,34.54757405157147,31.87046428381458,37.431378748197524
2028-05-10,34.26376142167748,31.20530760969218,37.01088711153106
2028-05-11,34.094307387075574,31.218265337793586,36.99828258655725
2028-05-12,34.337472285382184,31.47335853891228,36.89237317699721
2028-05-13,34.23037007285249,31.39011669563872,36.811815109686485
2028-05-14,34.153874435406806,31.128263430794163,36.95240073856373
2028-05-15,33.840484483179964,30.940457115948405,36.83989535693967
2028-05-16,33.914208914454385,31.231141278345998,36.9281667003992
2028-05-17,33.655152403669,30.759020074801963,36.54104481309408
2028-05-18,33.5011869703676,30.454066514358534,36.163528526331454
2028-05-19,33.7505163787311,30.973614227052657,36.47519616736227
2028-05-20,33.64047583382856,30.6986053747029,36.438024850083245
2028-05-21,33.55243069071502,30.837839720092614,36.476757017043376
2028-05-22,33.21962729887354,30.13390468322398,36.078330421217636
2028-05-23,33.26705526179789,30.46296431465488,36.1213841738964
2028-05-24,32.976005457477285,30.16776502430551,35.64631844660065
2028-05-25,32.78570734872942,29.913574392438374,35.71933677093011
2028-05-26,32.995854565221975,30.27208000455467,35.656306688995976
2028-05-27,32.84536209002474,30.12101874347468,35.74438288679409
2028-05-28,32.71721993851632,30.04497263461164,35.80089243390586
2028-05-29,32.34629769642563,29.477320278197976,35.200687914059294
2028-05-30,32.359160479159904,29.52329333971525,35.01544955435387
2028-05-31,32.03858194273256,29.061997410265135,34.74568183771658
2028-06-01,31.825139126340098,29.053991668183926,34.688148370890374
2028-06-02,32.019699290931754,29.35642008084633,35.0215456049405
2028-06-03,31.862143167487343,28.99019089938221,34.69302127956027
2028-06-04,31.736190451710264,28.88282035343169,34.67315289208749
2028-06-05,31.377182702205303,28.380009127762147,34.176574529797094
2028-06-06,31.411884813569152,28.856559271732607,34.3440596786836
2028-06-07,31.122991105995375,28.430910333549143,34.02798143784971
2028-06-08,30.950721012755892,28.08133094296372,33.58984877897149
2028-06-09,31.195314515717246,28.350249280303498,34.055655232175255
2028-06-10,31.095771512875746,28.217897286600724,33.73923585884183
2028-06-11,31.034700515813256,28.266104102807994,33.99788426825706
2028-06-12,30.746131198127213,28.047924447045382,33.49854883181743
2028-06-13,30.85535115093265,28.16240984217878,33.70210220271235
2028-06-14,30.64345191478745,27.769422844570272,33.396563822951116
2028-06-15,30.548968167506636,27.669638547887306,33.40674570338895
2028-06-16,30.870419016976648,28.082720326748,33.769382755157196
2028-06-17,30.845094316369906,27.941642024555037,33.66415442088447
2028-06-18,30.853950102667042,28.21234144341005,33.797061150558996
2028-06-19,30.629466388413125,27.861664577010476,33.483922152501414
2028-06-20,30.79552641331764,28.028324509236597,33.65515224551011
2028-06-21,30.632001252110527,27.8875984440348,33.49070741901502
2028-06-22,30.576422594178783,27.889467697343875,33.2182666048655
2028-06-23,30.926551718787724,27.90199546795616,33.50781177468798
2028-06-24,30.919186822114685,28.25962622618849,33.80381254813767
2028-06-25,30.935072221014757,28.14843771937452,33.801224059268655
2028-06-26,30.706762288423235,27.93782158383739,33.51644134442015
2028-06-27,30.85849906308759,27.997474164900527,33.8323595047147
2028-06-28,30.670787481448137,27.86205204100675,33.7700864772126
2028-06-29,30.582051312198907,27.716391219602457,33.340764451708935
2028-06-30,30.89117828809326,28.15369622233045,33.57428771169584
2028-07-01,30.836297254313447,28.025802238639844,33.59175581632226
2028-07-02,30.799651694961558,28.03436717650993,33.5765095437187
2028-07-03,30.51542347897728,27.70831790972502,33.36398000553028
2028-07-04,30.609566876774224,27.634361095474187,33.50450061349636
2028-07-05,30.364337994947967,27.505494053962508,33.0738084657432
2028-07-06,30.21990396662142,27.375262368156076,32.89923238702489
2028-07-07,30.47684167135755,27.58783751237601,33.20046860910153
2028-07-08,30.374870070255227,27.600239746459412,33.20074948083899
2028-07-09,30.29768173560219,27.344431001223242,33.05260528225635
2028-07-10,29.980728552514908,27.232535025724925,32.7254950573161
2028-07-11,30.051022666660742,27.406236657383577,32.83829351506384
2028-07-12,29.791638707242498,26.877432456399596,32.62502475190442
2028-07-13,29.643302339582625,26.70526724067821,32.43983703967784
2028-07-14,29.90687545391616,27.19571546953215,32.60455322630012
2028-07-15,29.822082410372474,27.158531069712566,32.779115756095486
2028-07-16,29.77234304759617,26.693121535678706,32.63777934692306
2028-07-17,29.49256735118348,26.710521676658292,32.07295088205925
2028-07-18,29.608972569170476,26.77334234744303,32.235780392718056
2028-07-19,29.40360832002799,26.362161411446657,32.17632778260389
2028-07-20,29.315974081556984,26.665369232348112,32.06254053817476
2028-07-21,29.64553853853563,26.854603247338616,32.63919363787708
2028-07-22,29.630504241594057,26.757794400118215,32.590759952349295
2028-07-23,29.65268220609333,26.816707795737525,32.44840746135465
2028-07-24,29.44533018815338,26.64905132297044,32.148689748615226
2028-07-25,29.633014218252836,26.793146602553268,32.435426357086676
2028-07-26,29.496177717276527,26.59565677276646,32.11045627943934
2028-07-27,29.47280138299497,26.675013280604762,32.16158380703378
2028-07-28,29.860962177912267,26.934002239158506,32.67141834730176
2028-07-29,29.89763380910171,27.182251973694736,32.507798421546795
2028-07-30,29.963592380888798,27.07058532123225,32.673664404319226
2028-07-31,29.791280149152286,27.049672343671013,32.732494324755685
2028-08-01,30.004686310327404,26.977904787838625,32.67273855400512
2028-08-02,29.883928680359094,27.09953743106047,32.62534616312401
2028-08-03,29.866919171452263,27.13707164201044,32.6224106387553
2028-08-04,30.25192131309641,27.343196360106308,33.27483601867905
2028-08-05,30.27634231987709,27.369629255589864,33.091588556186
2028-08-06,30.321623690443797,27.46085562203437,33.19539593047718
2028-08-07,30.12108375125338,26.99866910116837,32.66535249741799
2028-08-08,30.299771729184425,27.561552951231246,33.11860206066628
2028-08-09,30.13901800571809,27.240543994751544,32.8239752812312
2028-08-10,30.07806438062978,27.421824150111018,32.926366258575406
2028-08-11,30.416583607478785,27.58465932570187,33.02740027979971
2028-08-12,30.39343178554282,27.425996051432698,33.16450578415234
2028-08-13,30.39149870986224,27.69151025605544,33.14045409177725
2028-08-14,30.145510713872234,27.44048103096058,32.9723499450211
2028-08-15,30.281846681493256,27.311432007757745,33.08531277271873
2028-08-16,30.083052915667185,27.204950801890107,32.77050296804903
2028-08-17,29.989441638593252,27.512961650871638,32.848472930183036
2028-08-18,30.301583220587077,27.433281686790373,32.832971327364824
2028-08-19,30.259036421791606,27.43629999471132,33.04374084043001
2028-08-20,30.245182294861635,27.30740854499425,33.12656224436148
2028-08-21,29.99501666267865,27.45872309365373,33.006804584785094
2028-08-22,30.134962051930952,27.203217859192097,32.88502158921036
2028-08-23,29.94738479422975,27.134163508162327,32.788634615066705
2028-08-24,29.87220191692656,27.143326183344136,32.70762705645806
2028-08-25,30.20938759617588,27.361843204458754,33.08617205662661
2028-08-26,30.197722972262685,27.515756683659504,32.98287359843036
2028-08-27,30.21965434701542,27.327164144847977,33.081168157462706
2028-08-28,30.009113924709293,27.181711897836156,32.8418909260492
2028-08-29,30.191363123460487,27.45450508943661,33.03774358854317
2028-08-30,30.04754323937558,26.987445930975312,32.73262573726619
2028-08-31,30.016317108271334,27.267922417026245,32.97720233848077
2028-09-01,30.396410540815403,27.58409549047334,33.19344183725452
2028-09-02,30.425396343870197,27.53545675807309,33.275176621940616
2028-09-03,30.48458499822743,27.41939614584994,33.415703084717386
2028-09-04,30.306875268964063,27.423099285076514,33.052703958693634
2028-09-05,30.516623978997305,27.657375562419514,33.24203393566531
2028-09-06,30.39421904230349,27.64108372281092,33.476071610553234
2028-09-07,30.377738844375326,27.733015942734063,33.27592639939577
2028-09-08,30.765506331377125,28.12239188731818,33.51290552875808
2028-09-09,30.794880358926115,28.06983103448225,33.614696394066044
2028-09-10,30.847148266733807,28.189190873425545,33.710032963332246
2028-09-11,30.65537300961375,28.130340239291353,33.50790187687716
2028-09-12,30.84425428411928,28.042870766137124,33.71068296353401
2028-09-13,30.694688101525298,27.996388340397104,33.59489165589069
2028-09-14,30.645408382052533,27.77193701775863,33.377367775215355
2028-09-15,30.995519535557268,28.272105645626123,33.74065705604889
2028-09-16,30.983263280348478,28.116674404052645,33.7525455862885
2028-09-17,30.990884441631906,27.890947429768648,33.68710446044752
2028-09-18,30.752449886015423,28.174015049872523,33.59832830779601
2028-09-19,30.893680882406194,28.241451926673175,33.62805558741279
2028-09-20,30.696484190821792,28.049985909342578,33.75853499409232
2028-09-21,30.600566279080716,27.79733937678359,33.55223155151551
2028-09-22,30.905940408001474,28.309740347342785,33.82467676758334
2028-09-23,30.851670540071535,28.1879877315433,33.59971792671035
2028-09-24,30.820717424609082,28.219187429541016,33.771345943707225
2028-09-25,30.54774151878243,27.806839324512477,33.36489373287839
2028-09-26,30.658923415990678,27.793385332209034,33.449346788439655
2028-09-27,30.43648733313107,27.717883809236184,33.31220043933638
2028-09-28,30.320312170405572,27.676824412719778,33.07542852481282
2028-09-29,30.610439860518447,27.809385743095078,33.48365418134299
2028-09-30,30.545824804225944,27.871874982422796,33.409657529895334
2028-10-01,30.50918946029189,27.913291629167492,33.47374389793792
2028-10-02,30.234840348112314,27.37909078286875,32.93472516595507
2028-10-03,30.348504631861545,27.357308495158822,32.962153795081676
2028-10-04,30.13187225066301,27.45915415450287,32.98032202023886
2028-10-05,30.02422745673397,27.15045593537194,32.62717160857464
2028-10-06,30.32497878338302,27.385584141855283,33.23099192544002
2028-10-07,30.27243052404793,27.474346237369474,33.126572489072984
2028-10-08,30.248660076450246,27.652602969545182,33.016072783244304
2028-10-09,29.987354720659972,27.513684657352314,32.91974380735738
2028-10-10,30.11366735599534,27.22936387761658,32.9908785577161
2028-10-11,29.908775582763568,27.37193269350725,32.9558374372464
2028-10-12,29.81152749495325,27.071346749588002,32.72251969904652
2028-10-13,30.12098280719705,27.19215241865573,32.995147440997734
2028-10-14,30.07519210705105,27.27962643600028,32.866805741853796
2028-10-15,30.056078412956495,27.38639458969224,33.1317010944095
2028-10-16,29.797274553005487,26.862481299706875,32.49551827878171
2028-10-17,29.92397595621861,27.02412780208173,32.82254842323044
2028-10-18,29.71749342558943,27.022716880578084,32.724052556439354
2028-10-19,29.616889551522302,26.759893096422875,32.426968796153645
2028-10-20,29.92150777965397,27.11824856466682,32.70918208811084
2028-10-21,29.86973739937779,26.99194234174399,32.71634106728774
2028-10-22,29.84387917643611,27.20006323961226,32.52369500141169
2028-10-23,29.57796573722176,26.6845810014129,32.43792894489023
2028-10-24,29.69759691831465,26.735494380892536,32.61275906392842
2028-10-25,29.48447528096827,26.70203714861946,32.45331277745054
2028-10-26,29.378026067165447,26.539084222450082,32.216339946341954
2028-10-27,29.677911196567415,26.87626685359732,32.59484729393295
2028-10-28,29.622781103789738,26.729417587106646,32.465679102407805
2028-10-29,29.595129603117616,26.708631640453262,32.35884985042645
2028-10-30,29.329106267266656,26.70318778212224,32.274205166371935
2028-10-31,29.45034681571581,26.70974651553565,32.094958307939436
2028-11-01,29.240506888137165,26.288689486940203,31.944767539942546
2028-11-02,29.138883543552502,26.37731537430218,32.04128439751967
2028-11-03,29.444934034640355,26.654754266479927,32.35465769659486
2028-11-04,29.39703549459257,26.68942017101329,32.25473338447062
2028-11-05,29.37735045471513,26.67950724059066,32.216410783550174
2028-11-06,29.119652312475107,26.343087551545118,32.17810485780734
2028-11-07,29.24917079256311,26.493151193098836,32.17975617774764
2028-11-08,29.04714225237661,26.177322429427296,31.626635534295023
2028-11-09,28.952448594404917,26.03850939612304,31.82815707989814
2028-11-10,29.26415372170849,26.507393919578746,32.132510510519936
2028-11-11,29.220280545847224,26.5229788802408,32.19152962788703
2028-11-12,29.202692843154356,26.372164524862278,31.973081135425712
2028-11-13,28.944935483250912,26.133331037411704,31.794666603763293
2028-11-14,29.072092522886578,26.132313759755167,32.04616012597334
2028-11-15,28.86534753178235,26.20265994587081,31.75086884522228
2028-11-16,28.763629509472793,26.021975225504907,31.846488224399103
2028-11-17,29.066153021185208,26.20571931826044,31.844021048518904
2028-11-18,29.011195360035266,26.157726399000335,31.672347505607743
2028-11-19,28.980974943447062,26.50795593263931,31.64842218911704
2028-11-20,28.709484497612422,26.05880466469875,31.745400445751255
2028-11-21,28.822338671372343,25.940214827397643,31.735370445842257
2028-11-22,28.601320709467185,25.764810625960962,31.383129013339424
2028-11-23,28.486011915296892,25.662931378990088,31.195022948473717
2028-11-24,28.776312999588484,25.92909962724745,31.421468516960424
2028-11-25,28.71120067430142,26.094056929622276,31.408224551163432
2028-11-26,28.673584318649667,25.94373901009839,31.438968372224398
2028-11-27,28.39811693837678,25.732751433785886,31.250409327006366
2028-11-28,28.5110207548692,25.779298579430378,31.360040252726794
2028-11-29,28.294612755492267,25.356350716835003,31.176106065625877
2028-11-30,28.188914621189493,25.406392682250722,31.129477899072175
2028-12-01,28.494156776359908,25.564631212390967,31.424563795016013
2028-12-02,28.449520510975777,25.631411287105692,31.3219718336487
2028-12-03,28.43798351535497,25.74282149606132,31.129024150309924
2028-12-04,28.194123468310842,25.424710259931377,30.92782647373527
2028-12-05,28.343940326509873,25.730101274307323,31.159309912555806
2028-12-06,28.169382838588366,25.41279529136771,31.001284487773283
2028-12-07,28.10996376543156,25.3410556838945,30.790757907144762
2028-12-08,28.46527348676758,25.54982332614017,31.319264159695365
2028-12-09,28.473735749046416,25.815242149427142,31.355108160049056
2028-12-10,28.51747057437113,25.696572999858546,31.279615403878662
2028-12-11,28.330118532783214,25.623318094403025,31.452653027450616
2028-12-12,28.536686481593655,25.56831060308466,31.23114759383743
2028-12-13,28.41809966029504,25.756281350072552,31.317733578097183
2028-12-14,28.412843914805013,25.572796950636555,31.109474222284454
2028-12-15,28.819506970983557,25.99330747243508,31.75084878907309
2028-12-16,28.875561722062375,25.805214401638786,31.935040474080427
2028-12-17,28.962255752181036,26.003808926760332,31.69383451246773
2028-12-18,28.812460517497406,25.88474011815403,31.635095887576806
2028-12-19,29.050539547578982,25.950688713394513,31.74262190600579
2028-12-20,28.956919876987772,26.184860182719937,31.850660961860978
2028-12-21,28.969749885115274,26.071918253917733,31.72595333760095
2028-12-22,29.387451970018986,26.538450782178646,32.32104773906775
2028-12-23,29.44751264346093,26.714597692723327,32.403197557703976
2028-12-24,29.531374021101154,26.83140714923679,32.22925977638244
2028-12-25,29.37228001847245,26.810135483749853,32.20841126184597
2028-12-26,29.595136646522093,26.901876169526215,32.50620220224806
2028-12-27,29.48107078986132,26.72792802032518,32.33459352403421
2028-12-28,29.469070957177454,27.031841179706902,32.28232860271356
2028-12-29,29.858518871041976,26.95921818247449,32.77908372056382
2028-12-30,29.88795504397781,27.23573457304423,32.55723978357658
2028-12-31,29.93994297699965,27.155011075421683,32.642071443860935
2029-01-01,29.748886037528965,27.037120072377054,32.43888063905576
2029-01-02,29.940857219508842,27.03937387482839,32.56774029894777
2029-01-03,29.798127017514144,26.983959939270566,32.520066666449246
2029-01-04,29.760773768097327,26.974581501610587,32.586055170657836
2029-01-05,30.12918617949842,27.283903788166082,33.01200342887996
2029-01-06,30.142802015768517,27.297936518649056,32.90250683577087
2029-01-07,30.184948331948345,27.452532358197583,32.98238669333175
2029-01-08,29.990637996657256,26.947536877245135,32.54737956474926
2029-01-09,30.186383283298973,27.371474119422626,33.003217558343344
2029-01-10,30.054712221814185,27.317278332490805,32.849513622602664
2029-01-11,30.03577239242967,27.09469528096847,32.84961434968087
2029-01-12,30.429832068872376,27.65231128460712,33.06433598429426
2029-01-13,30.476022715670346,27.74017848415252,33.23561996105335
2029-01-14,30.557188125824258,27.632521434352128,33.34020484629079
2029-01-15,30.40769467841576,27.678006650752497,33.16473073925685
2029-01-16,30.65326310169213,27.965306045930674,33.5287679535887
2029-01-17,30.575506910169377,27.730229064952933,33.40283950415477
2029-01-18,30.613561561192057,28.00656478582134,33.423464953833154
2029-01-19,31.0666135082375,28.393431065573093,33.880498971061044
2029-01-20,31.172672352573123,28.412643344167712,34.078781158185514
2029-01-21,31.313450526876007,28.28109902735684,34.13371860153461
2029-01-22,31.222204113321162,28.22904908772608,34.05783322010004
2029-01-23,31.523594305609322,28.649026276111183,34.399101408440785
2029-01-24,31.49825383425666,28.66181936878881,34.308830223878424
2029-01-25,31.584441603112072,28.54743542736141,34.45776659463817
2029-01-26,32.08059399205581,29.20917563941696,34.89146140791049
2029-01-27,32.22411540155059,29.517012305208898,34.99695026575964
2029-01-28,32.39627196155299,29.588754777476645,35.12430020645805
2029-01-29,32.33004162592999,29.468514613555215,35.39667405791851
2029-01-30,32.6499799215512,29.70500517779942,35.54897085167909
2029-01-31,32.63678557902381,29.806609824696096,35.381145501088916
2029-02-01,32.72894935129108,29.90174222404439,35.61958325029634
2029-02-02,33.225294682083536,30.412498800741133,35.98583934056009
2029-02-03,33.36375314930994,30.624354453726873,36.36261380170688
2029-02-04,33.52623908727021,30.680443280334647,36.24015679530545
2029-02-05,33.44647720760542,30.6020742780964,36.27839305697655
2029-02-06,33.74984318634281,30.769660365300663,36.71149365262702
2029-02-07,33.71790222062282,30.790256013044758,36.4470160007956
2029-02-08,33.79002969307117,30.73292725922991,36.4084419447152
2029-02-09,34.26592346751272,31.50227236219157,36.906719237075535
2029-02-10,34.384351607089606,31.395626904609117,37.185231646603945
2029-02-11,34.52800076253272,31.86640717263893,37.372106365985495
2029-02-12,34.431279847051236,31.87680924746466,37.44559399167916
2029-02-13,34.7201396901863,32.10283207518074,37.40850642755048
2029-02-14,34.67659430584505,31.935063557471526,37.492641217980385
2029-02-15,34.74032843142602,31.84054614878637,37.55246252812902
2029-02-16,35.21120125247897,32.512010929207186,38.17897143465329
2029-02-17,35.32799035419268,32.55806450091229,38.05411577482527
2029-02-18,35.47324124984485,32.45713539863507,38.31878874738398
2029-02-19,35.381077053666594,32.320816094724364,38.092526726310304
2029-02-20,35.67702879152267,32.78911593424473,38.373719490182914
2029-02-21,35.64257164152674,32.63182919771453,38.480124454822906
2029-02-22,35.71675128459018,32.957720441929055,38.69173647391138
2029-02-23,36.198709682746,33.641909074478605,38.82640872105045
2029-02-24,36.32645362852425,33.37860417654606,39.0965206794567
2029-02-25,36.481730636965985,33.64106654949278,39.29928090566343
2029-02-26,36.39786591240912,33.66428648441622,39.23801658136676
2029-02-27,36.69962001683426,33.82068088392779,39.70549209355411
2029-02-28,36.66775166042556,33.91164233339222,39.44877022878375
2029-03-01,36.74066894478855,34.04406464084044,39.60697994052745
2029-03-02,37.21697757530571,34.42482760356279,39.91332757107854
2029-03-03,37.33426865750472,34.42865872160411,40.21333105837593
2029-03-04,37.47401001633076,34.740663998195615,40.31217507971651
2029-03-05,37.36939425359197,34.380770262507,40.229071150158425
2029-03-06,37.64520278563505,35.064046129169284,40.686469918705534
2029-03-07,37.58237004209586,34.697252949976544,40.15650036491145
2029-03-08,37.61963106953971,34.77340668172778,40.39251576272555
2029-03-09,38.056061126626275,35.234526464221936,40.71839238707433
2029-03-10,38.12985011161303,35.18868046972637,41.024450907679835
2029-03-11,38.223176137086334,35.387202786058516,41.162072833940165
2029-03-12,38.07003198264431,35.20244959973069,40.81386777029921
2029-03-13,38.29606430808399,35.34139154202174,41.00801759229662
2029-03-14,38.18311055471965,35.464356988671504,40.81158771722268
2029-03-15,38.170817609819565,35.43707455453892,40.93539744555255
2029-03-16,38.55915171176236,35.72451913439087,41.512919197210785
2029-03-17,38.5871433608103,35.91825831029515,41.370971161930505
2029-03-18,38.63773247969601,35.908014433697275,41.37970873116408
2029-03-19,38.44556846115847,35.68242733436893,41.29530099473522
2029-03-20,38.6368258405746,35.85564153835386,41.37528678281132
2029-03-21,38.493721299730694,35.56735890714883,41.170395663306735
2029-03-22,38.45611675349101,35.83113512348955,41.34611736547591
2029-03-23,38.824018550603085,36.02873028043635,41.8298771837965
2029-03-24,38.83631696597263,36.03651693932384,41.56734858857312
2029-03-25,38.87563148581761,36.20605472282864,41.55571561491602
2029-03-26,38.67611661549601,35.68753911349938,41.451856888893126
2029-03-27,38.86328887147845,36.14382079835922,41.754675413371025
2029-03-28,38.71856041798398,35.87429432448041,41.6364256350056
2029-03-29,38.680863691065994,36.02235647901154,41.62262248340185
2029-03-30,39.04917647925116,36.20452520791352,41.889017838986064
2029-03-31,39.06129093776805,36.33070849491684,41.75076961407666
2029-04-01,39.09869121862084,36.222822257491266,41.910019112011604
2029-04-02,38.89439353102011,35.96839306885052,41.631103941884525
2029-04-03,39.0728083084676,36.1592517242394,41.99105844176016
2029-04-04,38.914308916067,36.224445260241055,41.83288753983367
2029-04-05,38.856890202013716,35.95465407807589,41.70436790392995
2029-04-06,39.198725342116376,36.3821134504951,42.308473589964265
2029-04-07,39.176963482912456,36.1598630120265,41.83529959483561
2029-04-08,39.172631971926016,36.05247901180741,41.78409263157698
2029-04-09,38.91849620085981,36.22563747414596,41.72759751073137
2029-04-10,39.038936078361736,36.09210985031183,41.56833947076763
2029-04-11,38.81452305619474,36.25945767213208,41.80676458741656
2029-04-12,38.68368066940716,36.03914845732271,41.57173128861343
2029-04-13,38.94523687426518,35.973499656679515,41.54299050663564
2029-04-14,38.83721070942034,35.864037202885804,41.583313761532594
2029-04-15,38.7416972753143,36.023303845202015,41.569647252298786
2029-04-16,38.39270444659212,35.46123062041626,40.97811776808872
2029-04-17,38.41600089649917,35.57801863779266,41.20509706488854
2029-04-18,38.09366007838049,35.33704299136345,41.01189066603367
2029-04-19,37.86568398611328,34.89418936844848,40.714584130058775
2029-04-20,38.03251595506407,35.34002602836335,40.85026172704536
2029-04-21,37.83378609678457,35.11783464044037,40.6288959411473
2029-04-22,37.65315449031584,34.73396234327194,40.558594428963644
2029-04-23,37.22610670133386,34.32251818902831,39.86972694055664
2029-04-24,37.17976236049728,34.68827310257155,40.019746775576216
2029-04-25,36.797382561522475,34.304715569797295,39.63892579193943
2029-04-26,36.51996094720958,33.578051403007905,39.1240787659758
2029-04-27,36.64870869219083,33.87333088434598,39.515863327137545
2029-04-28,36.42377779563076,33.71744104662095,39.207065734691284
2029-04-29,36.22908847558484,33.39442829907953,39.20835680855359
2029-04-30,35.80011573355695,32.995400068297435,39.040446558495375
2029-05-01,35.76369613098566,32.66505389796375,38.55640557985082
2029-05-02,35.402540651540015,32.55410927783634,38.11063615425017
2029-05-03,35.15683842897231,32.32305023120913,37.914399030307735
2029-05-04,35.326761260033315,32.66058300231416,38.168815551487334
2029-05-05,35.15121283248153,32.46187163210416,37.80879602432469
2029-05-06,35.01268779483277,32.108668770571875,37.662882113691246
2029-05-07,34.64509490707309,31.896392341899464,37.57444116537971
2029-05-08,34.67360434283224,31.8143990601904,37.51847562472074
2029-05-09,34.37920392987638,31.593341644313103,37.284546968311446
2029-05-10,34.200347935966384,31.262295589809867,37.05018891830261
2029-05-11,34.43550709340718,31.828598340110155,37.19127078257322
2029-05-12,34.32196254679701,31.382556720896265,37.255081433882694
2029-05-13,34.24070762055846,31.549978693300027,36.88708459314146
2029-05-14,33.92431046542591,31.19227385210438,36.62517094734444
2029-05-15,33.996796557512724,31.279838836614733,36.56610054340707
2029-05-16,33.73823485437615,31.006261632352498,36.47606804992118
2029-05-17,33.5864103749819,30.853076887050047,36.55783630283266
2029-05-18,33.83939122320771,31.079788555968545,36.652811256178644
2029-05-19,33.73433225172698,31.020805674869287,36.3399860024895
2029-05-20,33.65237897547345,30.93828982419858,36.33342235219575
2029-05-21,33.3265247156575,30.52194087977517,36.410947395536255
2029-05-22,33.3814800817939,30.65306322550442,36.55574391021455
2029-05-23,33.09823893904388,30.324660597287565,35.73792164321755
2029-05-24,32.91572417080781,30.166647272972874,35.65164620093331
2029-05-25,33.13332198484699,30.56975343781075,36.04200842181104
2029-05-26,32.989647854150896,30.24932954548005,35.98168523200316
2029-05-27,32.867408737480424,29.983730859019264,35.62215823694476
2029-05-28,32.50121570890377,29.548071738976454,35.30134070698825
2029-05-29,32.51740733315763,29.83654405811328,35.15730243304457
2029-05-30,32.19856921022547,29.327003826266964,35.046713704841316
2029-05-31,31.985134286497896,29.108241003680572,34.88274342691588
2029-06-01,32.17787394357608,29.362720797176358,34.81060166950456
2029-06-02,32.01662415875548,29.16731345924659,34.915979281521146
2029-06-03,31.885112491393112,29.133208308334726,34.71128014353798
2029-06-04,31.518741009035168,28.74159081091314,34.225742174475315
2029-06-05,31.54438632227296,28.63848551192423,34.36119268000998
2029-06-06,31.244902808170735,28.396970754181616,34.062421561353375
2029-06-07,31.06071408163465,28.438287443352372,33.8674025030403
2029-06-08,31.29230298043636,28.360319942362405,34.09667582080655
2029-06-09,31.178944397810003,28.366766999371343,33.96115220456322
2029-06-10,31.103546540643446,28.159937688252633,33.93837013927239
2029-06-11,30.800455339657805,28.158730305611666,33.570271865344736
2029-06-12,30.895282592447597,28.056549117633445,33.66545167671565
2029-06-13,30.669443146706126,28.003426470746348,33.40190275926645
2029-06-14,30.561785247698193,27.652801306134076,33.21819615907336
2029-06-15,30.871123243374207,28.172440563001143,33.737590291008104
2029-06-16,30.835015801810304,27.933278782089044,33.516105210111014
2029-06-17,30.83465396549531,28.006990390250664,33.61342684672985
2029-06-18,30.602712476131956,27.867208761115176,33.46466939801533
2029-06-19,30.763223654793297,27.881711522482263,33.62899433128915
2029-06-20,30.59615788160644,27.936139767754028,33.3139027424068
2029-06-21,30.539093603705886,27.59835392412753,33.199446802017
2029-06-22,30.88978497085117,27.991171274703568,33.62055710228699
2029-06-23,30.884969290787314,28.23179440105803,33.890076422451685
2029-06-24,30.90527782453987,28.029070911130212,33.58572105732655
2029-06-25,30.6831027313317,27.67909990312655,33.654354132610884
2029-06-26,30.84247902152321,28.149691994908274,33.78116349783706
2029-06-27,30.663665344400066,27.818375686084543,33.57179371733158
2029-06-28,30.584806537109365,27.712583470043047,33.281511204316146
2029-06-29,30.90448624617697,28.00816793378202,33.549917897036956
2029-06-30,30.86051223410697,28.174895233315997,33.894706473115214
2029-07-01,30.834798507803693,27.882856859217874,33.649270917689016
2029-07-02,30.56119787379305,27.838838761482965,33.55703043267845
2029-07-03,30.665344730065186,27.85064388001926,33.32965493469402
2029-07-04,30.429193002207093,27.611350966472248,33.31812100162834
2029-07-05,30.292633329996775,27.548804766778957,33.24213152821646
2029-07-06,30.555999061774337,27.697279120971345,33.09787149531595
2029-07-07,30.458804946262923,27.651660900613194,33.19007802657669
2029-07-08,30.38458393138389,27.587549766139073,33.04753826346669
2029-07-09,30.068676908285198,27.044220757193173,32.78885684497729
2029-07-10,30.13803636994364,27.22320179858123,32.92021668587566
2029-07-11,29.875729945922494,27.06162722868579,32.71016025510499
2029-07-12,29.722528838922354,26.898460164220296,32.64859763490577
2029-07-13,29.979391480522185,27.350244450304785,32.83946094244122
2029-07-14,29.88618687589615,26.97815438933763,32.6335498869328
2029-07-15,29.826523432142697,27.17756926192043,32.637429843717435
2029-07-16,29.535538288448073,26.572890717220034,32.26582039079182
2029-07-17,29.63970808850124,26.84393436525467,32.468799459369194
2029-07-18,29.421366920641404,26.239552412127324,32.14609920074926
2029-07-19,29.32031601573162,26.67911636805421,31.96424339399416
2029-07-20,29.636334898072057,26.681087700356827,32.39448790231862
2029-07-21,29.60793766909525,26.901887509639664,32.31334278230982
2029-07-22,29.61723928309592,26.760121888201347,32.29496537808938
2029-07-23,29.39778577963884,26.412405463993764,32.35735280219874
2029-07-24,29.574408271073192,26.7747290414051,32.326840273583095
2029-07-25,29.427785212641776,26.6094897916688,32.14688709509484
2029-07-26,29.396096324817695,26.76406573442373,32.4203168527905
2029-07-27,29.77757665459205,27.05365883819227,32.68791778360586
2029-07-28,29.80931329210964,26.962251352735745,32.47090527230952
2029-07-29,29.872148515949796,27.005942660202226,32.54400363973984
2029-07-30,29.698542352758565,26.93071930418569,32.65363716063878
2029-07-31,29.912453504228264,27.03996680236771,32.821314013305305
2029-08-01,29.7939224795349,26.765669970776894,32.516129274232846
2029-08-02,29.780739787516264,27.05953635611325,32.576256856813785
2029-08-03,30.17100734701923,27.60445430741131,33.06164177069248
2029-08-04,30.201935498101705,27.299063077806878,32.9324544815364
2029-08-05,30.254739450505053,27.628697466006532,33.07532451548107
2029-08-06,30.062488411396362,27.395257533039022,32.82259657218778
2029-08-07,30.24996678615172,27.371912372299988,33.17955110353273
2029-08-08,30.098231901445423,27.29653268479346,32.85156577319985
2029-08-09,30.04625186785116,27.22288629853963,32.764001971320184
2029-08-10,30.393432632209294,27.73511784745261,33.10847282895263
2029-08-11,30.378377597041847,27.583838156238638,33.16216688697522
2029-08-12,30.38374471182143,27.4162775931498,33.200136833473316
2029-08-13,30.144055389558773,27.423093302159764,33.16142958469973
2029-08-14,30.285515765451557,27.125619093021726,32.831045871739875
2029-08-15,30.090535849547603,27.303651647533904,32.852243763585214
2029-08-16,29.999331242304244,27.175125105614413,32.905585694260374
2029-08-17,30.31241743490167,27.582091421242392,33.25244565218111
2029-08-18,30.26934093661729,27.55334174892933,33.20159540442038
2029-08-19,30.253512869275283,27.288231568764857,33.07797752523775
2029-08-20,29.99999996847913,27.283225950576977,32.82143771370222
2029-08-21,30.135333930641725,27.301689378572423,32.62678890184073
2029-08-22,29.942024906205987,27.050047768704772,32.51512543474937
2029-08-23,29.860163877492788,27.0161931268526,32.72846870192576
2029-08-24,30.18992383398136,27.264507572421685,33.07634678676223
2029-08-25,30.17030370485188,27.468064894769576,32.93747365140959
2029-08-26,30.18398024330484,27.111374964395946,32.97794720115348
2029-08-27,29.96512220829952,27.137849480979867,32.93430773948998
2029-08-28,30.139227059186936,27.363180452657513,32.64820957885612
2029-08-29,29.98766513271937,26.927089113927657,32.92909464175453
2029-08-30,29.949315127876435,27.19389473824038,32.891276171419
2029-08-31,30.32309984323443,27.441058814912747,33.20195506437516
2029-09-01,30.34676513223928,27.472577534901248,33.14292708936769
2029-09-02,30.401766278491642,27.457109502400826,33.17526185457903
2029-09-03,30.221115175198268,27.30505530961473,32.74367284492137
2029-09-04,30.429247620485867,27.58837699620615,33.1917185150887
2029-09-05,30.306594877355295,27.700396994672488,33.07994760712493
2029-09-06,30.291242608372666,27.51297355879043,33.11356886577768
2029-09-07,30.6814855390214,27.801411923304954,33.41198588333037
2029-09-08,30.7146203637615,27.921177206221575,33.49749841664801
2029-09-09,30.771840796394134,28.04522857245413,33.704338098892734
2029-09-10,30.58608800508182,27.927850765411204,33.20525709995639
2029-09-11,30.781915758748042,27.87787361615541,33.65646504365083
2029-09-12,30.640054604287695,27.634965118018798,33.60725000465867
2029-09-13,30.59905850361538,27.712130089286177,33.33219742124327
2029-09-14,30.957842739902144,28.218200211006973,33.95954573444215
2029-09-15,30.95445618348249,28.126985204402725,33.752510641791865
2029-09-16,30.970952497430748,28.280025793144127,34.02452046250091
2029-09-17,30.741214282090496,28.0668059453588,33.554332861350474
2029-09-18,30.89079030078524,28.16011173012973,33.61500777910659
2029-09-19,30.701430953402166,27.880704109628276,33.48086594342233
2029-09-20,30.61270628008872,27.966529412817568,33.374333667426306
2029-09-21,30.924516138266636,28.063430526955738,33.73037737246372
2029-09-22,30.875836433427153,27.94467708058938,33.66830222103005
2029-09-23,30.849566707003483,27.986995941861974,33.573419781369154
2029-09-24,30.580333716741308,27.883621242593108,33.547086593230034
2029-09-25,30.69431168331113,27.762545706918463,33.52770627856994
2029-09-26,30.473744782430884,27.313774389696924,33.10978623717136
2029-09-27,30.358556448252717,27.59424492855364,33.192181349400215
2029-09-28,30.648855279215173,27.78903867253945,33.443422374095384
2029-09-29,30.583681437262044,27.703169589177644,33.182542990474076
2029-09-30,30.54585871880724,27.75449814235122,33.288582466120424
2029-10-01,30.26980667870294,27.45987177430222,33.0746568652574
2029-10-02,30.381373107678314,27.558216801125536,33.24154858781259
2029-10-03,30.16237196376101,27.218060082922552,32.8638330276518
2029-10-04,30.052210755701594,27.153628982798402,32.81734043073332
2029-10-05,30.350416532131298,27.691674569781423,33.256864796730326
2029-10-06,30.295403681176975,27.54047060803586,33.02526449608164
2029-10-07,30.2693480061032,27.629598165412357,33.16886909614974
2029-10-08,30.006020741793932,27.05935791031683,32.86209812062452
2029-10-09,30.13064211481374,27.32719251476915,32.88935795316914
2029-10-10,29.924438890358655,27.00870830077814,32.73393772462511
2029-10-11,29.82628930752505,27.076235532238798,32.69802267352676
2029-10-12,30.13526403867817,27.285606332621647,32.702695759218145
2029-10-13,30.089405953492538,27.2940806768214,32.863439361426025
2029-10-14,30.070612835223766,27.289855259644856,32.68671679922056
2029-10-15,29.81247651059479,26.975724277623648,32.464135062870284
2029-10-16,29.9401379122485,27.264546253856896,32.80348406423276
2029-10-17,29.734842553918657,26.827149912912947,32.582044905954405
2029-10-18,29.635579974477963,26.92856251020798,32.615923947419134
2029-10-19,29.941616052654783,27.521006843113057,32.83789683208624
2029-10-20,29.89126134041578,26.882859232717028,32.66127062722428
2029-10-21,29.866740018055836,27.023889563637017,32.66141209599559
2029-10-22,29.60201346017533,26.980715409824075,32.745006537901446
2029-10-23,29.722618513439375,26.827346769775065,32.793588069185446
2029-10-24,29.510205582706572,26.614538055439912,32.43047289793638
2029-10-25,29.404160711931464,26.542767383676836,32.13015931297192
2029-10-26,29.704121184725082,26.665874195450172,32.291095755100976
2029-10-27,29.648728387899812,26.914832257268923,32.35052987331417
2029-10-28,29.620483088934932,26.778427243057756,32.726201100087145
2029-10-29,29.353557599172138,26.634197607382777,32.097160376121415
2029-10-30,29.473625325034764,26.82329146160528,32.11306919500516
2029-10-31,29.262393111112857,26.521155657844364,32.06070086058415
2029-11-01,29.159220764543537,26.30142694316987,32.02291805964809
2029-11-02,29.463637377866938,26.611867980619515,32.201942644377326
2029-11-03,29.414098172223987,26.41507098676159,32.394953755627796
2029-11-04,29.39284687752583,26.66373751845245,32.176007930907126
2029-11-05,29.133737878447977,26.35842818623163,32.03348564071439
2029-11-06,29.262078285174038,26.531387631531015,32.014964513951426
2029-11-07,29.05917489998576,26.206037031988817,31.96158391425897
2029-11-08,28.96396996127185,26.111034356008567,31.670163696534015
2029-11-09,29.275574715763156,26.3363940574656,32.03440153943393
2029-11-10,29.232043934588862,26.609271446111325,32.22101150951496
2029-11-11,29.215255763448727,26.40881219828572,32.31143605338469
2029-11-12,28.95875051012206,26.084526694966545,31.885650986005487
2029-11-13,29.087587923883767,26.112975343508698,32.033084951942925
2029-11-14,28.882907375071362,25.99803220101463,31.578020686855524
2029-11-15,28.783574313808135,26.07550810062142,31.567266131239705
2029-11-16,29.088721633506825,26.27893632257745,31.93029098428599
2029-11-17,29.03652872157957,26.23431058689265,31.890005931027005
2029-11-18,29.009102358212672,26.224028771686932,31.979614114630063
2029-11-19,28.74031294939636,25.813341210710366,31.651574743848343
2029-11-20,28.855645649024446,26.060479495859088,31.74845581409187
2029-11-21,28.636750897186932,25.94626225511899,31.314790831826077
2029-11-22,28.523077988732023,25.730501791029358,31.324038284770367
2029-11-23,28.814400642736725,26.077095049870444,31.933399811274423
2029-11-24,28.749577800528453,25.917440922728055,31.59637435462682
2029-11-25,28.71141434574182,25.95541744541931,31.569160189086148
2029-11-26,28.43447583644116,25.60392097949679,31.002561392602196
2029-11-27,28.544917461298226,25.63022104254643,31.54296253225273
2029-11-28,28.3250124371206,25.502131527430347,31.014840924612276
2029-11-29,28.214764163753724,25.321266532895397,30.87972701636026
2029-11-30,28.514411798813036,25.62736115363459,31.398236291487812
2029-12-01,28.463173139867212,25.74611535361984,31.180309964262573
2029-12-02,28.44409011446284,25.567290525632067,31.11534703093226
2029-12-03,28.19183150261817,25.38865759389229,30.850394600594548
2029-12-04,28.332513548204307,25.596591814672124,31.15227241483879
2029-12-05,28.148224016060578,25.5706464385104,31.092314581569145
2029-12-06,28.07863423360712,25.241504988749096,30.852239973209894
2029-12-07,28.423508877024787,25.564048419437885,31.167467069381456
2029-12-08,28.421457357348974,25.55222598765642,31.19370168615279
2029-12-09,28.45479194429652,25.806494436205444,31.3414190858159
2029-12-10,28.257346962464243,25.490747318301047,30.914531884385557
2029-12-11,28.454319306487765,25.64807943708435,31.25714220872829
2029-12-12,28.326815312924406,25.29457420277366,31.1058831366699
2029-12-13,28.31348791380992,25.464538145308328,31.203238087913356
2029-12-14,28.713073140573428,26.007267700583593,31.49813757090849
2029-12-15,28.76316908465007,25.984865407385186,31.43363444120451
2029-12-16,28.845121667564303,25.830916494910323,31.403465864124563
2029-12-17,28.691870757252353,25.944242852272843,31.733442250118372
2029-12-18,28.927816089895167,26.126988017521633,31.572104769331666
2029-12-19,28.833387281990383,25.934793217888036,31.818604600766555
2029-12-20,28.846701161332494,26.17207177385898,31.66138258152098
2029-12-21,29.26611486739303,26.475636664082398,32.086963942329426
2029-12-22,29.329017306231123,26.627765045443713,32.03910306114294
2029-12-23,29.416722904872213,26.467037481351873,32.54901629243114
2029-12-24,29.262320920385573,26.562318212507357,32.03220249101771
2029-12-25,29.490539617195463,26.71205775314886,32.29134774889838
2029-12-26,29.38230959276053,26.53811940493077,32.12658838174797
2029-12-27,29.376409618187406,26.408357006176356,32.12713828197275
2029-12-28,29.77200372172303,27.028241604112555,32.893267165249064
2029-12-29,29.807412510202514,26.901311843624203,32.769954948139244
2029-12-30,29.864983204815466,27.14720529329854,32.65628951228929
2029-12-31,29.67891228466927,26.976521133782658,32.53730588746338
2030-01-01,29.875080778871553,27.06208961332384,32.55022165290272
2030-01-02,29.735587282690897,26.983350438420366,32.473951994743615
2030-01-03,29.700362905406138,26.6621298559748,32.594974329331194
2030-01-04,30.069677740080177,27.27212299636832,33.08358753619951
2030-01-05,30.08288270911189,27.375883681571814,32.71201774260996
2030-01-06,30.12325209202565,27.387957415109835,33.01865239841889
2030-01-07,29.925781406308786,27.243897949572403,32.706111863780706
2030-01-08,30.11700138366705,27.141399236252873,32.639333045273844
2030-01-09,29.979493722660557,27.073353052485597,32.613023472062615
2030-01-10,29.953493316415752,27.319743815060143,32.881195686949205
2030-01-11,30.339386907999824,27.704636476207586,33.26024463530487
2030-01-12,30.376452249721993,27.741557727043766,33.14103959841759
2030-01-13,30.447703148749028,27.836218722127636,33.25549927128717
2030-01-14,30.287694996544236,27.435733307318692,33.02788232510395
2030-01-15,30.52235130384154,27.644369222720726,33.173164265905235
2030-01-16,30.433496560251307,27.66489570874383,33.2878246569606
2030-01-17,30.460479624485693,27.78016993753402,33.21453747950225
2030-01-18,30.902696988277043,28.141518615900445,33.66244416329615
2030-01-19,30.998359281792435,28.43024631886668,33.939986641639955
2030-01-20,31.129365615946895,28.35537009672316,33.94074485427659
2030-01-21,31.029139516595272,28.119794888965856,33.84932133391788
2030-01-22,31.322486098972885,28.686057397763527,34.19261196224084
2030-01-23,31.290154922721875,28.552963464195116,34.154313558270815
2030-01-24,31.370491875193768,28.703536558725094,34.2516341340078
2030-01-25,31.86198861341346,28.781199111729265,34.578375860678435
2030-01-26,32.002072189326206,29.215162890437863,34.73833774830048
2030-01-27,32.171998801798416,29.28997093244881,34.81379349974671
2030-01-28,32.10470488905928,29.456782737399383,35.105375441798984
2030-01-29,32.42467479489455,29.456655820269173,35.28533425967672
2030-01-30,32.41250917257348,29.60124503205471,35.088082400086684
2030-01-31,32.50657734441639,29.59128820349373,35.363502704355795
2030-02-01,33.005562168028,30.156634292614413,35.63409370937892
2030-02-02,33.14724020401367,30.30256627228621,35.99115178219003
2030-02-03,33.31336144336674,30.527536564193415,36.172860970550644
2030-02-04,33.23748225776601,30.456916799263027,36.33706599156368
2030-02-05,33.544811377081395,30.902958177586893,36.29922112930797
2030-02-06,33.516753733266334,30.6468020766405,36.07298733832083
2030-02-07,33.59253614769152,30.773724867573783,36.49951200451648
2030-02-08,34.07172423311414,31.331474181693917,36.83345990899142
2030-02-09,34.1929741618524,31.268188471878695,36.72163829040427
2030-02-10,34.33888442560181,31.722084703606683,37.24461187773418
2030-02-11,34.24380210200735,31.314815956654744,37.05057546988785
2030-02-12,34.53364424298102,31.707369451796843,37.586129772309434
2030-02-13,34.49041996898831,31.72572832308232,37.199668412023904
2030-02-14,34.55383790317839,31.57349588827828,37.54175533526758
2030-02-15,35.023808865416235,32.11637757862097,37.801771973053
2030-02-16,35.139187901705846,32.318395052418005,37.96427710213107
2030-02-17,35.28262106081476,32.48188727881866,38.05270568903609
2030-02-18,35.18835157299887,32.25174536790006,37.90045882797042
2030-02-19,35.48204603470129,32.78033881213904,38.15461404802181
2030-02-20,35.44532602161646,32.845573996823994,38.4169460994292
2030-02-21,35.5173894561919,32.51539205996312,38.3606024174566
2030-02-22,35.997531204871,33.00348866861836,38.751744550381865
2030-02-23,36.12390641246434,33.45217381621328,39.157626308257484
2030-02-24,36.2784013108326,33.46714419592023,39.10623358355958
2030-02-25,36.19446539626102,33.41236242691231,39.0045098543855
2030-02-26,36.496964755970616,33.874886969337524,39.28586151111911
2030-02-27,36.46674110488489,33.64803309088372,39.37830485685687
2030-02-28,36.54225998594762,33.69685576418157,39.46020915412266
2030-03-01,37.022156751815025,34.029480259069786,39.8310736635346
2030-03-02,37.14402301946538,34.498899446007,39.971956664995055
2030-03-03,37.28929758603577,34.410090997290915,40.020627424694126
2030-03-04,37.19111504170213,34.58611249378051,39.94198927655733
2030-03-05,37.4741713124658,34.50037918820341,40.46531579524196
2030-03-06,37.419290274897065,34.63960506915958,40.13624449725422
2030-03-07,37.46507461913829,34.467727243010266,40.17142273817724
2030-03-08,37.91044945253987,34.946223332797295,40.76807472609739
2030-03-09,37.993441366283754,35.181698802605425,40.79629251387183
2030-03-10,38.096057140790045,35.43456874689464,40.77074523770487
2030-03-11,37.952115664846346,35.08333150476376,40.933324568450445
2030-03-12,38.1870927832471,35.56612883548835,40.89796194557029
2030-03-13,38.08266382577213,35.1315171762364,40.848682184369025
2030-03-14,38.078327715967724,35.32093361302918,40.85751878834097
2030-03-15,38.47392196436368,35.653167459667706,41.341097883722284
2030-03-16,38.508372147021134,35.983741072168776,41.31117399754836
2030-03-17,38.564540963449545,35.79602840068565,41.31221001120725
2030-03-18,38.377031379616284,35.51548937409614,41.09845866020906
2030-03-19,38.57200448552019,35.737732883379536,41.447959328032326
2030-03-20,38.431697691041116,35.680017612878075,41.18371527524867
2030-03-21,38.3960279586054,35.62089023807662,41.11105604592759
2030-03-22,38.76509008165463,35.88216332793701,41.761112282910624
2030-03-23,38.77789419601589,36.16642679272712,41.50848896097062
2030-03-24,38.81720806749481,35.9634461984476,41.81545159742971
2030-03-25,38.61735895845149,35.89498087575202,41.31689114391262
2030-03-26,38.804055837274696,36.00792003038141,41.59107783954257
2030-03-27,38.658917520287396,35.74813265807084,41.45675489511924
2030-03-28,38.621091240986665,35.81382535120431,41.40889816476021
2030-03-29,38.989771286743576,35.978568127425106,41.60732007486998
2030-03-30,39.002961364940475,36.14675468126199,41.61984345401221
2030-03-31,39.04234557451868,36.100973076231405,41.82070479711567
2030-04-01,38.84112199419893,36.038520693874986,41.626307918568855
2030-04-02,39.023858757741145,36.407450222949876,41.98830969906371
2030-04-03,38.87105723547926,36.00057015683993,41.560364158972995
2030-04-04,38.82080579779929,35.99547326456753,41.546765019274694
2030-04-05,39.17133276193343,36.375300079485456,42.02699601934396
2030-04-06,39.15980115637375,36.21420803247922,42.10927153883298
2030-04-07,39.167209192348665,36.23171636976335,41.968182176100804
2030-04-08,38.92624953788486,36.12208363897703,41.64422512081117
2030-04-09,39.0611864474571,36.39082027280304,41.95675797688498
2030-04-10,38.852434672434384,35.94922922714029,41.51385845852022
2030-04-11,38.738223079038875,35.86098589807191,41.46568537955777
2030-04-12,39.017151188988265,36.34881680459833,41.72909192996533
2030-04-13,38.92698106654419,36.089676397527164,41.67699713322329
2030-04-14,38.84952841478851,36.28061597535385,41.5195410551652
2030-04-15,38.51850613661334,35.71520835919515,41.14826751720649
2030-04-16,38.55937975740667,35.71978183629888,41.46670778346036
2030-04-17,38.25391915483213,35.476049842094625,41.13231972944867
2030-04-18,38.04183020555682,35.3386766541412,40.78107074468846
2030-04-19,38.22327539235506,35.4818602496945,41.12785550449367
2030-04-20,38.03762674642667,35.43609986737792,40.6748258550861
2030-04-21,37.86831603566257,35.07855736134593,40.65852665074184
2030-04-22,37.45063657006928,34.37471898664896,40.25550263884087
2030-04-23,37.411557173741805,34.65442610693841,40.17103806612689
2030-04-24,37.034233925203196,34.239586147230355,39.95267612448499
2030-04-25,36.75960440372387,33.97409245719736,39.45380044155738
2030-04-26,36.88887455160058,33.997516475462234,39.84152451696941
2030-04-27,36.66224250192456,33.86797753329589,39.37974198830414
2030-04-28,36.46372513680454,33.750771909083994,39.427221880538475
2030-04-29,36.028942455979376,33.163715097574446,38.82142084003767
2030-04-30,35.9849208469679,33.233575126920954,38.70553377215322
2030-05-01,35.61460121694236,32.955507301532535,38.48674554435051
2030-05-02,35.358436887124924,32.738863680459815,38.22943797957375
2030-05-03,35.51689132183549,32.850153424251644,38.21393590901658
2030-05-04,35.32917980223512,32.60447430501485,38.048776815435424
2030-05-05,35.178120374088735,32.405736394060476,37.92742752291186
2030-05-06,34.79794852839924,31.93425099187478,37.5536111053297
2030-05-07,34.81415591598868,32.12759229677502,37.457808318422394
2030-05-08,34.50803811801679,31.710595653082486,37.4116700943737
2030-05-09,34.3183353125942,31.45875102730833,37.140432708102665
2030-05-10,34.54377475531526,31.759580560888796,37.549687576816595
2030-05-11,34.42185796784104,31.50855293743556,37.19615942092201
2030-05-12,34.333756719875964,31.582919800703028,37.14248285756985
2030-05-13,34.012171026264625,31.341502598710083,36.89347406349839
2030-05-14,34.08120826445236,31.27600849735509,37.15217758702888
2030-05-15,33.82096731372235,30.96122828520636,36.582506270762245
2030-05-16,33.669210542461904,30.94680026651256,36.332938931651654
2030-05-17,33.9239316832025,31.229273026097673,36.89133174531843
2030-05-18,33.82216177222104,30.932905727735207,36.61000231871999
2030-05-19,33.74487670331869,30.987690346095338,36.68760547620509
2030-05-20,33.424859278984215,30.613634895106248,36.248286083313815
2030-05-21,33.48657473323798,30.635999647546843,36.365737032975964
2030-05-22,33.21074370836071,30.360728753096993,36.14211625597425
2030-05-23,33.03599580307631,30.27290448045569,35.94321489974825
2030-05-24,33.26141222602245,30.626584136714715,35.95080084674369
2030-05-25,33.12530041520252,30.283362010117305,35.89030217461991
2030-05-26,33.01006502812792,30.17241002956709,35.92458963238261
2030-05-27,32.65002918875985,29.959874034124454,35.38229902675506
2030-05-28,32.67126608859263,29.837845313570135,35.373396669948285
2030-05-29,32.35612613636694,29.675655167297915,35.28143602839873
2030-05-30,32.144844041641065,29.25131024963002,34.75995763697369
2030-05-31,32.33803565403263,29.354060171427736,35.22318113065844
2030-06-01,32.175428691132495,29.427493603327754,35.031106440009104
2030-06-02,32.04069298081779,29.044670276615744,34.85633878862671
2030-06-03,31.669225239796756,28.930684727572896,34.57272366406458
2030-06-04,31.68794950418706,28.675562384849986,34.48013350378677
2030-06-05,31.37981927924224,28.636499477434242,34.276409390326734
2030-06-06,31.18540649574367,28.461829354485875,33.938734674008785
2030-06-07,31.405387606982917,28.57727193014381,34.10566972487318
2030-06-08,31.279271266684617,28.68225687617801,34.24158887020446
2030-06-09,31.190233307578293,28.235041760064405,33.827455337487365
2030-06-10,30.872913920048493,27.963658220745174,33.70353171407774
2030-06-11,30.953237811239728,28.139992406454002,33.65272538248905
2030-06-12,30.712942872475388,27.916003889719953,33.592692683036844
2030-06-13,30.591201714302812,27.637659382632876,33.33321816135011
2030-06-14,30.88714550614165,28.041042537476066,33.69716747960356
2030-06-15,30.838633520232488,27.953825459374745,33.67944716974906
2030-06-16,30.827132944058878,28.014714012612213,33.753832748200395
2030-06-17,30.585562622547656,27.756657215425218,33.31101399765762
2030-06-18,30.738160224160364,27.963889977538642,33.64485922247881
2030-06-19,30.565057060127657,27.759955759380016,33.46192964758742
2030-06-20,30.503943641399438,27.687811832888798,33.265485888513865
2030-06-21,30.852634194848463,27.945816224869514,33.738287024661844
2030-06-22,30.847872416068068,27.948943022515476,33.411310717268044
2030-06-23,30.870242024868613,28.123756738498304,33.7864548267389
2030-06-24,30.652034938594,27.821293111460275,33.43400014644915
2030-06-25,30.81713588648952,28.094364337586686,33.72080766577305
2030-06-26,30.64560721723326,27.859492192679543,33.37706352585083
2030-06-27,30.57535671383415,27.642955341071346,33.35721266639875
2030-06-28,30.90469658102841,28.10670666703981,33.44591999811654
2030-06-29,30.87113604131784,27.91658303396399,33.51048599366251
2030-06-30,30.856271474968803,27.885175196686518,33.70450279980585
2030-07-01,30.593627488058356,27.68341226676937,33.61580234724502
2030-07-02,30.70850848432501,27.847019756334717,33.45828504747634
2030-07-03,30.482545407689322,27.654719949279432,33.12906211710412
2030-07-04,30.35532152084631,27.343483105944937,33.11973704318301
2030-07-05,30.62688654317715,27.816114523966526,33.61616611697565
2030-07-06,30.536502816735396,28.001922818702216,33.466921150342706
2030-07-07,30.4674887082603,27.638792794895043,33.325571841241775
2030-07-08,30.155013908568662,27.57911559082141,33.06389284099926
2030-07-09,30.22590745146339,27.28668819920195,32.97695418337157
2030-07-10,29.963164300074226,27.0847672272757,32.681727303727456
2030-07-11,29.807535449183266,26.904849449026965,32.567960279559195
2030-07-12,30.06001182241935,27.336949533253502,33.04646351863404
2030-07-13,29.960546435014997,27.123368080871238,32.90053894488018
2030-07-14,29.89288065691521,27.141396698489565,32.5663739197902
2030-07-15,29.592329672530777,26.732370319198644,32.5728156997562
2030-07-16,29.68558819115717,26.746362032229293,32.30052556514907
2030-07-17,29.455242279338382,26.72672192233311,32.15336469279204
2030-07-18,29.341372078931627,26.715299385127324,32.38711087828371
2030-07-19,29.644055302928226,26.93951852500934,32.41075296454603
2030-07-20,29.602115402805165,26.814169671154936,32.36521161179683
2030-07-21,29.59797949210349,26.85350787122402,32.23532870914512
2030-07-22,29.365500221116147,26.523767975102032,32.17647880258558
2030-07-23,29.52980162999236,26.827290462641223,32.30590582799692
2030-07-24,29.3718337286797,26.440275284306292,32.17821369394047
2030-07-25,29.330019380343167,26.736863686471388,32.11763668648012
2030-07-26,29.70280216238476,26.986504830420404,32.654518359055764
2030-07-27,29.727437884081066,27.03841038723544,32.5817244197874
2030-07-28,29.784893667807708,27.04281727926564,32.756300232222394
2030-07-29,29.60770768057726,26.908605500521816,32.410297576798456
2030-07-30,29.819868534833187,27.08526200103313,32.76113090425382
2030-07-31,29.701398225868505,26.880756467241294,32.501395294579055
2030-08-01,29.69002145223489,26.75280777373611,32.48148118510783
2030-08-02,30.08372943297865,27.13325195831962,33.07698161821189
2030-08-03,30.119580524736318,27.142950885444396,32.87225743789837
2030-08-04,30.178601362931662,27.394146594531694,33.00097721179644
2030-08-05,29.993641627731016,27.34471891302804,32.82882331691754
2030-08-06,30.189241662412876,27.581593506432444,32.850783830202495
2030-08-07,30.04619720723478,27.37244292744456,32.77157812715952
2030-08-08,30.003204665335154,27.275231140062758,32.97943760412752
2030-08-09,30.359395741437467,27.590933095501423,33.14367697230652
2030-08-10,30.35310461838032,27.668076756718413,33.26513455009752
2030-08-11,30.36673236717153,27.643376377638333,32.99656468560544
2030-08-12,30.134562744046477,27.46511699393039,33.12812372282913
2030-08-13,30.28258970579013,27.388963196004504,33.05668105910659
2030-08-14,30.09304202952371,27.305348897699407,32.975345634109
2030-08-15,30.005989564132754,27.342142118563398,32.681503005160245
2030-08-16,30.32184102141228,27.55865591049033,33.37628887168576
2030-08-17,30.2800774661016,27.57696400432882,33.05391563700638
2030-08-18,30.264087094534005,27.497760858358863,33.06221559650013
2030-08-19,30.008956225008212,27.208615584015664,32.86659732177874
2030-08-20,30.141277456188806,27.361288444240152,33.06845951691356
2030-08-21,29.943660844123706,27.360332704943637,32.64122443765416
2030-08-22,29.856332917653422,26.98254912332937,32.72715818173348
2030-08-23,30.179633554703486,27.262638524986958,33.12984762480222
2030-08-24,30.15275481395674,27.407373812897337,33.03441046125673
2030-08-25,30.158587071753974,27.435499558429868,33.05127085914338
2030-08-26,29.931526981325977,27.036043190311926,32.65966252777165
2030-08-27,30.09730765217894,27.41722067667629,32.77690002406317
2030-08-28,29.937536207052535,27.088393241502498,32.61301427623561
2030-08-29,29.891322729913938,27.224587443456606,32.71098480517249
2030-08-30,30.257809732501578,27.503520651643267,32.88971606473908
2030-08-31,30.274945277032945,27.442399268890775,32.98406927181844
2030-09-01,30.32436411424814,27.501558217448647,32.98351335046688
2030-09-02,30.13923035839793,27.332328927085904,33.14055335526414
2030-09-03,30.344101125076836,27.511061855389688,33.075677457444606
2030-09-04,30.21949536871829,27.494830758421998,33.084080933096786
2030-09-05,30.203551089488347,27.41534343007838,32.89612401501982
2030-09-06,30.594579293531663,27.801205702445376,33.407232883545575
2030-09-07,30.629857220577197,27.95759358457774,33.4132412144605
2030-09-08,30.690524710809157,27.92487461607095,33.3621052002923
2030-09-09,30.509436893510873,27.76465035118332,33.24782476447939
2030-09-10,30.71103244013217,27.912575625308456,33.34482744285287
2030-09-11,30.575901593969558,27.728845712751394,33.27579257702981
2030-09-12,30.542437278512015,27.95006156259129,33.16783067864116
2030-09-13,30.90937795114789,28.137254683556083,33.79201504154637
2030-09-14,30.91458513892779,28.272477916746574,33.73418423006579
2030-09-15,30.939920076061302,28.227482770557103,33.92763486689253
2030-09-16,30.71907328054198,27.841053183287546,33.305045497472726
2030-09-17,30.877407053482553,28.192067967127496,33.71149432849689
2030-09-18,30.69649591703553,28.002944915495096,33.55935347793614
2030-09-19,30.615749134640648,27.63821318192424,33.2353157927917
2030-09-20,30.93492483446565,28.09763091305912,33.70562716841413
2030-09-21,30.892879513723646,28.205487105099415,33.62387401370448
2030-09-22,30.87241814675271,28.038617932797113,33.783838218837786
2030-09-23,30.608099476218715,27.76625239519448,33.388206533392776
2030-09-24,30.726057130717365,28.067383784760377,33.49547251396917
2030-09-25,30.50852214379545,27.6655931829418,33.3436676065207
2030-09-26,30.395431461575853,27.598007179719584,33.276203857266054
2030-09-27,30.686932276358426,27.8944377239313,33.28619581767237
2030-09-28,30.62212614614235,27.83614190095917,33.38871643556348
2030-09-29,30.58391816773284,27.865247742970343,33.613765396620465
2030-09-30,30.306825691289117,27.65074317571892,33.15681737041311
2030-10-01,30.416806996948505,27.604973209247643,33.175688305292184
2030-10-02,30.195795163893546,27.320031329210103,33.01487194105443
2030-10-03,30.083321265218242,27.211506520687934,32.80380883355945
2030-10-04,30.37903617875771,27.684583539833447,33.165674062139495
2030-10-05,30.321474351912645,27.521692360999936,33.17827763275533
2030-10-06,30.292924112043753,27.568821771614903,33.1441954802753
2030-10-07,30.027258302040632,27.31283892789874,32.57543492015651
2030-10-08,30.149784944030603,27.397476099382274,32.88138921148135
2030-10-09,29.941802457088677,27.066899404207557,32.65668635453586
2030-10-10,29.842242893025674,27.201267210717273,32.662137052474435
2030-10-11,30.150211866911274,27.51006687343496,33.02754998651913
2030-10-12,30.10376798116753,27.071406663548572,32.79108393606511
2030-10-13,30.084805885970695,27.234079167423904,32.99905795200781
2030-10-14,29.826896410068116,27.07872638917795,32.54231945959634
2030-10-15,29.955143232262284,27.034795736596482,32.77178670402152
2030-10-16,29.750740505512777,26.88321104545486,32.59652082014369
2030-10-17,29.652614904508265,26.937378547206496,32.45934282007657
2030-10-18,29.95996089908006,26.992850905800985,32.94556086481971
2030-10-19,29.911012291319327,27.139398136237922,32.73933236115541
2030-10-20,29.887914502312853,27.091455563284583,32.69706450729118
2030-10-21,29.624551477452084,26.9051208127776,32.518189159018576
2030-10-22,29.74638719192918,26.988634873984832,32.760552262275105
2030-10-23,29.53500673854538,26.619107735095426,32.28699893810291
2030-10-24,29.429741078417393,26.459287903016204,32.11514018912878
2030-10-25,29.73018488573167,26.894699689220037,32.49233652901135
2030-10-26,29.674951151214362,26.87484418957186,32.606526515305355
2030-10-27,29.646527634398378,27.05371485665433,32.557556613699276
2030-10-28,29.37908959518583,26.495983740760014,32.079514807322994
2030-10-29,29.498329286787452,26.735422043715474,32.29569496403346
2030-10-30,29.28598761526139,26.267001744924446,31.87120769466976
2030-10-31,29.18147237805615,26.285545779053514,31.845052421803533
2030-11-01,29.48437274255664,26.756519180019634,32.41271798718141
2030-11-02,29.43321374968557,26.572641019624445,32.17915308756204
2030-11-03,29.410315939736773,26.43081774699645,32.282183294386364
2030-11-04,29.14961442450139,26.280161309576062,32.07240317507814
2030-11-05,29.27649767143118,26.539918285198684,32.114462515866414
2030-11-06,29.072351085814482,26.32489911278756,31.997393444664173
2030-11-07,28.976189391777336,26.31708837252255,31.91266250488079
2030-11-08,29.287186982533015,26.531824958234242,31.94471635468829
2030-11-09,29.243449471556715,26.394837091233587,31.900131819990154
2030-11-10,29.226890943669474,26.26175049266171,31.942724664602586
2030-11-11,28.97107060693371,26.128815872661413,31.62175819473885
2030-11-12,29.101048483283986,26.24335017405291,31.664409667349315
2030-11-13,28.897944612314454,26.060689468854246,31.788763933519977
2030-11-14,28.80058519395637,25.861798780558015,31.63456688661959
2030-11-15,29.108044321160342,26.442479750966903,31.995762773674343
2030-11-16,29.058424088256608,26.19410693631742,31.854181435259452
2030-11-17,29.033737216581038,26.12684058741105,32.07479554820223
2030-11-18,28.767745641959714,25.94327665634883,31.44150451735154
2030-11-19,28.88581455624354,26.14273458738405,31.911345485913074
2030-11-20,28.669466347960203,25.701205281293316,31.42201991617962
2030-11-21,28.55801795712738,25.70248428748044,31.16016216870919
2030-11-22,28.851110501822387,26.01859830666254,31.65831780219278
2030-11-23,28.78747428042721,25.778705638509336,31.547396157819303
2030-11-24,28.74979371248787,25.969304684069094,31.610447691718484
2030-11-25,28.472526174845402,25.563370724519423,31.144626424455495
2030-11-26,28.58173481295792,25.84784374190761,31.494202570148737
2030-11-27,28.359620418118002,25.503932881692226,31.176597113244238
2030-11-28,28.246136569494066,25.345210333921116,31.08335784260198
2030-11-29,28.54149759961337,25.826327351701355,31.376076459027136
2030-11-30,28.48492318368754,25.712100328146093,31.20074640686448
2030-12-01,28.45948478556261,25.847344361821204,31.090236454492658
2030-12-02,28.1999085391183,25.267412980924078,30.828942345119778
2030-12-03,28.332395199398356,25.54121578133211,31.255137877035917
2030-12-04,28.1391427226594,25.350366530483697,31.058999317760595
2030-12-05,28.05995604128179,25.368251703298455,30.770746127617365
2030-12-06,28.39475384505916,25.3647907121025,31.14118918952616
2030-12-07,28.38231629866588,25.604577774932586,31.13720207316131
2030-12-08,28.40513892860182,25.633972010894613,31.208471759555728
2030-12-09,28.19724712821408,25.42768579496393,30.887017298189956
2030-12-10,28.384031656453473,25.59751610386113,31.177865396995553
2030-12-11,28.24679030879996,25.271672546833923,31.25545367994944
2030-12-12,28.224359833321166,25.394923061069193,30.823307359604375
2030-12-13,28.615647311707338,25.68489927964818,31.425996438428047
2030-12-14,28.658404261364165,25.827589487266067,31.421002134575193
2030-12-15,28.734107955245598,25.705183975481418,31.525963643357322
2030-12-16,28.57580362990939,25.7610966387481,31.350242138241033
2030-12-17,28.807967160552405,26.005175335982916,31.60023531824824
2030-12-18,28.71107258930971,25.99388686710619,31.516502056645564
2030-12-19,28.7232478159897,25.838143114709634,31.551000503307193
2030-12-20,29.142826958566324,26.256322229545606,31.976552598367824
2030-12-21,29.20714199994328,26.53219631744248,32.1585986231965
2030-12-22,29.297417670532763,26.590987560991994,32.426374493120086
2030-12-23,29.146622799623227,26.31395619284172,31.958521659149223
2030-12-24,29.379337400147804,26.541157999399978,32.02994823584457
2030-12-25,29.276319692779662,26.339002213908273,32.15119432227571
2030-12-26,29.27615633835698,26.55030769155799,32.10114930528537
2030-12-27,29.677804488370633,27.015035379816133,32.481003777865936
2030-12-28,29.719368513032386,26.784860310747522,32.686099741113246
2030-12-29,29.78297573425162,27.05369188517782,32.64172160665019
2030-12-30,29.602604898721673,26.86250213829066,32.582106094315
2030-12-31,29.803927268876087,26.85038824737018,32.64716897768504
2031-01-01,29.66884524439436,26.857677784102826,32.314590110855804
2031-01-02,29.63711256372194,26.68087143580301,32.47462916599354
2031-01-03,30.008845527155284,27.374621884996046,32.86607504874758
2031-01-04,30.023268960368462,26.992485510165054,32.85587467444732
2031-01-05,30.063562107664275,27.368739176357106,32.634469865950614
2031-01-06,29.864659029772728,27.02365145785888,32.68827586569693
2031-01-07,30.053064176650036,27.08667880690617,32.839307478975904
2031-01-08,29.91136877060164,26.88990197629125,32.57300972257118
2031-01-09,29.87985268040311,27.32441559451537,32.743253885456554
2031-01-10,30.258981749199407,27.4444214552114,33.14528790615644
2031-01-11,30.288144690726092,27.481720801590964,32.95077919886466
2031-01-12,30.350495001351877,27.42044358598008,32.945340284587914
2031-01-13,30.18075257572585,27.29190000771118,32.97040321183323
2031-01-14,30.405025660496822,27.523608472773375,33.24700366109974
2031-01-15,30.305338597158244,27.569191087691575,33.13020623745346
2031-01-16,30.321249707392415,27.670302821194145,33.21415645800602
2031-01-17,30.752368822442854,27.835296347981366,33.628419818038196
2031-01-18,30.83711798924981,28.173354620757173,33.751572597006856
2031-01-19,30.95760011532087,28.02929637443186,33.922493411732816
2031-01-20,30.847429470639813,27.970738286723826,33.42893687578045
2031-01-21,31.13158385023394,28.51210796127749,33.97086031106702
2031-01-22,31.090962980429406,28.17507738182037,33.91211132292963
2031-01-23,31.164036642321587,28.419522157010263,33.99701833364442
2031-01-24,31.649391148194905,28.699038910658068,34.41539038838859
2031-01-25,31.7845168772699,29.023581217694694,34.439790471338554
2031-01-26,31.950700869950122,29.216218168937974,34.71257332000803
2031-01-27,31.88087772236074,29.00199229051933,34.629855290668885
2031-01-28,32.199498014087844,29.51260805871306,35.32926928934266
2031-01-29,32.187098404307065,29.266527447010382,34.7819849834769
2031-01-30,32.281956557859615,29.480665324534716,35.129094958320664
2031-01-31,32.78263937007385,29.93918944935002,35.82994018885303
2031-02-01,32.9267871795774,30.12275564045318,35.68373270073293
2031-02-02,33.095998101514134,30.470923968872587,35.9970379037129
2031-02-03,33.023666002132344,30.21539833275671,35.81476611136991
2031-02-04,33.334831764718835,30.564079968852862,36.03688405735929
2031-02-05,33.31073252412011,30.56945265236919,36.16217994924431
2031-02-06,33.390432682360746,30.596769575395207,36.22215830320195
2031-02-07,33.87334591435051,31.067768026352553,36.80475369563885
2031-02-08,33.99799166013831,31.03405517482415,36.790482243377134
2031-02-09,34.14685108604021,31.429489179021974,37.04673020981064
2031-02-10,34.05417690276876,31.345502693889173,36.50943510526872
2031-02-11,34.34581754863418,31.41331852991547,37.288060547371536
2031-02-12,34.30374123843271,31.680296277395296,37.22113619245343
2031-02-13,34.367644454173664,31.43253647191012,37.07198923697242
2031-02-14,34.83745476750199,32.1791253908421,37.708769095031336
2031-02-15,34.95207206781399,32.06424780819205,37.778244328394194
2031-02-16,35.094213634943166,32.30772402835957,37.95131635137888
2031-02-17,34.99821776626777,32.27131257995142,37.79832120679989
2031-02-18,35.289866643337895,32.43724013942549,38.27442583422635
2031-02-19,35.2509139654215,32.420188847594645,38.03380122973013
2031-02-20,35.32070180168432,32.257859839033046,38.10402420959001
2031-02-21,35.79867627988228,32.985189294079,38.52953463947078
2031-02-22,35.923145773935076,33.080324683904415,38.66927355300128
2031-02-23,36.07614649053861,33.246666191383376,38.773875285289506
2031-02-24,35.99126951485998,33.18976063715962,38.85418757311515
2031-02-25,36.293509259337505,33.163763973941364,39.2831973815961
2031-02-26,36.26381803294416,33.650029614525955,39.35342949181688
2031-02-27,36.340750328442866,33.532522952126875,39.20027075870673
2031-02-28,36.82300557304249,33.93354533930136,39.62205283414112
2031-03-01,36.94821214108079,34.02450102902139,39.830299331415404
2031-03-02,37.09781670015842,34.257803422112175,39.83809518805085
2031-03-03,37.00493218291415,34.232774082099716,39.86728388029985
2031-03-04,37.29420364522498,34.438194865936474,40.08197598696785
2031-03-05,37.24637615114269,34.489538303569354,40.01665694895117
2031-03-06,37.299947829388756,34.40010337857794,40.191636860114066
2031-03-07,37.75371653334301,34.87656228859456,40.66814515000285
2031-03-08,37.845562739091044,35.10251562144333,40.576516069583114
2031-03-09,37.957332744568106,35.27222028141621,40.787524450355164
2031-03-10,37.82267561051256,34.858779861625564,40.68375880805564
2031-03-11,38.06689340595264,35.46413955378521,41.11278054162252
2031-03-12,37.971489345832104,35.13626409510017,40.77468977829948
2031-03-13,37.97579754572314,35.16055306706726,40.83963384292717
2031-03-14,38.37950352166934,35.65026174805409,41.14159319034491
2031-03-15,38.42139886167208,35.61694268764191,41.16701697900848
2031-03-16,38.48423499615811,35.626195220458584,41.23730389827881
2031-03-17,38.302530419058584,35.47666513954031,41.21779579250088
2031-03-18,38.50239185246135,35.72382134785764,41.18573370365172
2031-03-19,38.366034863837505,35.58331835667449,41.152381828254875
2031-03-20,38.33338854516512,35.589835739390566,41.13815428533299
2031-03-21,38.70459420223587,35.86893154746706,41.551589692055025
2031-03-22,38.71874221111828,35.98998392083059,41.66271883461004
2031-03-23,38.7587125868055,35.66681656961806,41.58146224933141
2031-03-24,38.55897410074024,36.07894892276436,41.49141501579754
2031-03-25,38.745402776467365,36.134039418174034,41.49275812115809
2031-03-26,38.59980544824484,35.903151334039826,41.497544747505344
2031-03-27,38.56153300018522,35.726518596371484,41.236047309908464
2031-03-28,38.929993072758684,36.1441060648319,41.77147746588237
2031-03-29,38.94340606538954,36.07809070522946,41.67691527244794
2031-03-30,38.98366949303139,36.2841083092314,41.667552435944174
2031-03-31,38.78418490005288,35.93564364848631,41.51208709197602
2031-04-01,38.969707398306674,36.075281445077344,41.6562525680946
2031-04-02,38.82090264391068,36.06024810094797,41.909484706822084
2031-04-03,38.77599491670624,35.79527434815808,41.43711328230233
2031-04-04,39.13331507946005,36.4525016783669,41.92245678036567
2031-04-05,39.13009120891615,36.24512025050078,41.739414005891426
2031-04-06,39.147345923199715,36.215540141457495,42.019888248275606
2031-04-07,38.91775360931653,36.188468718589036,41.764399816823186
2031-04-08,39.065516681511795,36.325305717170934,41.75381389766884
2031-04-09,38.87094484059111,36.091813643919984,41.861817108728644
2031-04-10,38.77212027111024,36.007901782653455,41.626094988473504
2031-04-11,39.06745696651557,36.22917495290337,42.01028609805884
2031-04-12,38.99449654595456,36.00954399994816,41.66644393657354
2031-04-13,38.93480433189986,36.14554713395148,41.583362963630734
2031-04-14,38.6218188192013,35.91741580543741,41.26035283144842
2031-04-15,38.680713779681135,35.95664942143807,41.506578562535985
2031-04-16,38.392957270894115,35.642553258662645,41.10700859053775
2031-04-17,38.197950963129756,35.46586678585732,40.92055233181661
2031-04-18,38.39555861862677,35.54734632458163,41.21883455409789
2031-04-19,38.22486688063944,35.421044104760945,41.08643269173994
2031-04-20,38.06904306420054,35.30973238752884,40.86045225135965
2031-04-21,37.66314410550266,34.899289549421134,40.63176014993676
2031-04-22,37.63393701566917,34.912946185310425,40.433274393570514
2031-04-23,37.26441625375869,34.403856933388425,40.167625547753154
2031-04-24,36.99540259161965,34.05982983302503,39.6852642511521
2031-04-25,37.12803344249372,34.209530950415825,39.87293389840919
2031-04-26,36.902488895914104,33.98404611365689,39.71072266528249
2031-04-27,36.702819151077485,33.98124685490087,39.37615132629439
2031-04-28,36.264728392547056,33.57649474943237,39.00683496948707
2031-04-29,36.21537620126044,33.393099941561005,39.1068853217512
2031-04-30,35.83788250098484,32.97349409110346,38.66222907626703
2031-05-01,35.572921018262775,32.75561938997002,38.42483888615948
2031-05-02,35.72121144064096,32.86080871628973,38.688354117559555
2031-05-03,35.5222545282498,32.683953495421974,38.483043540499175
2031-05-04,35.359175681699185,32.410494822551094,38.1849814786279
2031-05-05,34.966531622632935,32.32819841659657,37.88014731359647
2031-05-06,34.97014070395246,32.346309333014766,37.72311405856217
2031-05-07,34.65162210013788,31.88975783899534,37.3264722028755
2031-05-08,34.450027952454896,31.751231957700888,37.073427116289125
2031-05-09,34.6643776210449,31.711006459554227,37.37126299267292
2031-05-10,34.53243716535864,31.689206636035806,37.327146139583064
2031-05-11,34.4356083521481,31.720771178159456,37.32181207212349
2031-05-12,34.106780607246606,31.173225803960467,37.01180192647861
2031-05-13,34.17020518598667,31.452817408248603,37.11021525202129
2031-05-14,33.90607560338041,30.86137301557005,36.568672166016285
2031-05-15,33.75219725628542,30.976841671289915,36.37258584485171
2031-05-16,34.00655434628454,31.132942143782717,36.81694222933276
2031-05-17,33.906116310065265,31.350665191015008,36.69370082531707
2031-05-18,33.831747296933564,30.87106556350295,36.64336742390306
2031-05-19,33.51607152685635,30.648824311274698,36.513803047669235
2031-05-20,33.58335341489725,30.831893786026406,36.35691798336373
2031-05-21,33.314076319645416,30.314941777542234,35.979190168607126
2031-05-22,33.14660287569342,30.526702443975893,35.95448632082851
2031-05-23,33.37972525799759,30.547595432784032,36.21485283225325
2031-05-24,33.25144802931687,30.365850493715932,36.12075345361187
2031-05-25,33.14386774838843,30.18747077397429,35.968468554882854
2031-05-26,32.79100298651924,30.027376204929258,35.46638057830828
2031-05-27,32.81863460683023,30.016235482978892,35.54056876362591
2031-05-28,32.50884125960553,29.677825750241958,35.210839756166216
2031-05-29,32.30161424679182,29.634468738715153,34.91661514694981
2031-05-30,32.49736136055631,29.916691487189674,35.26313369060078
2031-05-31,32.335643633427026,29.454294624182545,35.30356699069143
2031-06-01,32.200010457170436,29.381498298436696,34.881592283599204
2031-06-02,31.825787955250288,28.926803814469856,34.61004087598707
2031-06-03,31.83988162325874,29.202520932544896,34.57014128695964
2031-06-04,31.525279241309217,28.781452423483607,34.43160880314936
2031-06-05,31.322639123045118,28.433870202105357,34.36631232518103
2031-06-06,31.532774053117272,28.883948234192395,34.273763624240146
2031-06-07,31.395375411795428,28.736021655600766,34.05691690459799
2031-06-08,31.29384330355863,28.27183620726283,34.06734567731095
2031-06-09,30.963077722292237,28.218990530742897,33.7381284638712
2031-06-10,31.029291699076417,27.890854940263537,33.97925357653817
2031-06-11,30.77453215382706,27.88166539486952,33.44665051329334
2031-06-12,30.638293025901554,27.908483917682855,33.689170472172975
2031-06-13,30.920030352854827,28.15751710481326,33.74064471787764
2031-06-14,30.857922939149365,28.063179513995525,33.7621302462198
2031-06-15,30.83374342430031,28.040783626291564,33.61190156738181
2031-06-16,30.58069365338041,27.799823258109235,33.24333057622493
2031-06-17,30.72326407526068,27.942662494949698,33.35813313986252
2031-06-18,30.54180161224616,27.871620969923566,33.33099093358523
2031-06-19,30.47416927734859,27.542072365517008,33.20083315693804
2031-06-20,30.818305924284953,28.036746264806375,33.44657731861152
2031-06-21,30.811028538493375,27.90792879882974,33.50990187200678
2031-06-22,30.83294072997606,27.9577585870619,33.688306520519205
2031-06-23,30.61630029902805,27.710325322097543,33.32144306991823
2031-06-24,30.78490471366905,27.873883026674353,33.45121137681172
2031-06-25,30.61867822584405,27.707808549749167,33.350217516426525
2031-06-26,30.555343375569763,27.42859753539522,33.25976476806573
2031-06-27,30.892984945195813,28.159358870728475,33.6878035822982
2031-06-28,30.86884866176772,28.04368283108357,33.67939781610336
2031-06-29,30.864238413582793,28.038546760053645,33.5288117033275
2031-06-30,30.612365169317222,27.73009340459399,33.48539858451989
2031-07-01,30.738206958938978,28.125576347964298,33.58270447038712
2031-07-02,30.523064351860317,27.811684099586845,33.213165243870826
2031-07-03,30.406195058014656,27.712004843045328,33.18015842872829
2031-07-04,30.687336733679473,27.9396721784873,33.55979377691488
2031-07-05,30.605461424454212,27.838348743339143,33.45581921958875
2031-07-06,30.543626628531754,27.88980588834716,33.48457556155188
2031-07-07,30.23677743467231,27.35211396321082,33.174488286772636
2031-07-08,30.31156037345858,27.40757862620078,33.06451284968747
2031-07-09,30.050834674742312,27.13007057519151,32.910395631807695
2031-07-10,29.895265757429748,27.113398703149528,32.935476685898045
2031-07-11,30.145811144038685,27.225430909283077,33.015921249848084
2031-07-12,30.04244322245196,27.091955123161288,32.986168545368905
2031-07-13,29.968974680677004,27.060199683577803,32.82400025281172
2031-07-14,29.660841741319466,26.84907813225756,32.40101746040007
2031-07-15,29.744906318578632,26.846503427875078,32.59910565662932
2031-07-16,29.50396307403531,26.645269593550235,32.38886663096597
2031-07-17,29.378336273096355,26.759995466818765,32.27853262658359
2031-07-18,29.668376501385502,27.148109189495745,32.50851319777074
2031-07-19,29.613201326321047,26.65064739542054,32.60849863770674
2031-07-20,29.595545198875925,26.762005265023493,32.59423631410017
2031-07-21,29.349573013551776,26.371061094299243,32.282908089967165
2031-07-22,29.500717583536744,26.477076032662026,32.35340234673212
2031-07-23,29.330226009281507,26.719616914377053,32.280715179805995
2031-07-24,29.276798740644978,26.498037919079557,32.15742799360865
2031-07-25,29.639130217742643,26.80836325032684,32.621831419119914
2031-07-26,29.654693962371372,26.863860089878557,32.42700849740017
2031-07-27,29.70463619618398,26.890881281475945,32.45233404104705
2031-07-28,29.521631213641925,26.839109278691396,32.07064824113516
2031-07-29,29.729757638134675,27.053433701225156,32.65011415908005
2031-07-30,29.609079503542734,26.683954822168843,32.45426854752923
2031-07-31,29.597315046124855,26.755817999065815,32.41994317909515
2031-08-01,29.992401321947774,27.128574052998935,32.746414065516504
2031-08-02,30.03129691732904,27.25550067311944,32.75862803330213
2031-08-03,30.094886405484807,27.200766878173894,33.04815432419206
2031-08-04,29.915839545674153,26.958274817661984,32.89075755832679
2031-08-05,30.118484318093937,27.46148381741181,33.14789660365091
2031-08-06,29.983377897251543,27.33024591467178,32.87839409133078
2031-08-07,29.948958798688427,27.109454364080626,32.913141894675555
2031-08-08,30.314088842251675,27.572850829024556,32.9948321827327
2031-08-09,30.316827889096043,27.331976787857865,33.258820988609244
2031-08-10,30.339305835979992,27.52820336261709,33.10661434574018
2031-08-11,30.115545809903967,27.22894049530028,32.93182205572951
2031-08-12,30.27129869152471,27.401562466561423,33.035233847489955
2031-08-13,30.088574163953474,27.16447430203258,32.9446169600416
2031-08-14,30.00725264299317,27.33058367885713,32.83072592343329
2031-08-15,30.32758784877736,27.565962679998773,33.337808698801034
2031-08-16,30.28894405692352,27.574701569351394,33.40542933442429
2031-08-17,30.274633527920546,27.457102665486243,33.101391745812684
2031-08-18,30.01970897918646,27.179839870076965,32.830378609521205
2031-08-19,30.150772031073686,27.58709221929203,33.034715713287724
2031-08-20,29.950483486246995,26.995450432511007,32.70279798415483
2031-08-21,29.859160304342826,26.976539566205542,32.76873303751442
2031-08-22,30.177269368144984,27.432635077397187,33.014561505899565
2031-08-23,30.144162238698787,27.496127511382518,32.951364794148496
2031-08-24,30.142916377970234,27.424653914968804,33.00338584127602
2031-08-25,29.908137506774306,27.288113393680604,32.67574869569377
2031-08-26,30.065783663662362,27.15008815204664,32.63876385035785
2031-08-27,29.897696302326366,27.09202146159657,32.67698921487218
2031-08-28,29.843222628022595,27.25973967515828,32.78435532485954
2031-08-29,30.201738489056122,27.374065312153366,32.97222361310688
2031-08-30,30.211415145496975,27.640633049497715,32.87690817676751
2031-08-31,30.254094449715694,27.298028151372993,33.05339241897612
2031-09-01,30.063126121571052,27.055747375765314,32.76831415253175
2031-09-02,30.263226686914095,27.494043752677516,33.072602236476754
2031-09-03,30.13504443653937,27.3898719373252,32.858212370091216
2031-09-04,30.11681367013191,27.46790942372132,32.91860726607462
2031-09-05,30.50690667606699,27.779315460360934,33.4023074614546
2031-09-06,30.542625998571122,27.60966456930065,33.49187812013415
2031-09-07,30.605100871607842,27.691933787009635,33.41684811514089
2031-09-08,30.42714097964935,27.5329418341189,33.04023693708597
2031-09-09,30.633106736988967,27.607988851828374,33.57750948275401
2031-09-10,30.503480220029157,27.559100227746463,33.304806684861326
2031-09-11,30.476519952848523,27.744205071210637,33.526835551255836
2031-09-12,30.850808090333814,27.99689558480599,33.549051358712475
2031-09-13,30.864032796427367,28.103001621242367,33.73066034766941
2031-09-14,30.897870085749233,28.184914554152638,33.63539653975506
2031-09-15,30.6858188068162,27.898054568177333,33.45687744670327
2031-09-16,30.853048588518426,27.8671689159626,33.634119872654345
2031-09-17,30.680945605797366,27.928552662801152,33.457405773442034
2031-09-18,30.60874015509105,27.71740124054022,33.28774867179482
2031-09-19,30.936025418437215,28.23154895851608,33.687506910768676
2031-09-20,30.90151106720194,28.016986093096197,33.74221972558798
2031-09-21,30.887876820351455,28.05734409594259,33.81150886655307
2031-09-22,30.629580450436023,27.564840885616007,33.37220249913401
2031-09-23,30.752680818227976,27.844768540817604,33.50513462236043
2031-09-24,30.539361474128835,27.680529221261775,33.41792095013912
2031-09-25,30.429539402685606,27.497401696713787,33.33565264504133
2031-09-26,30.7233687627108,27.67139566140496,33.475465719330124
2031-09-27,30.659983623059446,27.906644578845526,33.65098600997725
2031-09-28,30.622345025272693,27.787894164464877,33.22459935072704
2031-09-29,30.345046945427526,27.337043549331366,32.99938434100317
2031-09-30,30.4541416784407,27.793607688068313,33.08905898115151
2031-10-01,30.231669992290346,27.256771487525597,33.08798188503739
2031-10-02,30.11728031337377,27.327799206414237,32.957686093189054
2031-10-03,30.41074636750805,27.613367449669433,33.389739359004565
2031-10-04,30.350726751174943,27.58620101258467,33.08122963270668
2031-10-05,30.31963115907315,27.583731158805815,33.27021052808955
2031-10-06,30.051447175795214,27.299624943930766,32.73660857258878
2031-10-07,30.171587452510526,27.29289405641081,33.025254156915175
2031-10-08,29.96144189871913,27.307598018308738,32.64003133475661
2031-10-09,29.86001844032984,27.2872957582246,32.80746867615925
2031-10-10,30.166481088554907,27.460029549878218,32.93882098642674
2031-10-11,30.118928164899597,27.37964442352811,33.17839180842766
2031-10-12,30.099274848939313,27.44922257715775,32.8866196826816
2031-10-13,29.841093483944345,27.00953168251354,32.68728925707932
2031-10-14,29.969471088851915,27.249476966669743,32.80501175743185
2031-10-15,29.7655684450391,26.974360910807885,32.57863056453902
2031-10-16,29.668264165226745,26.907407640957988,32.38283234164445
2031-10-17,29.976692465598592,27.14945324018419,32.70907605337957
2031-10-18,29.92901758278552,27.092478662691818,32.761764865804494
2031-10-19,29.907309213856156,27.172707770605566,32.71055554399515
2031-10-20,29.64537273250633,26.905899815205423,32.55899295064335
2031-10-21,29.768594043250424,26.939528351427118,32.6043865431729
2031-10-22,29.558483935856827,26.811207289417347,32.20567805097665
2031-10-23,29.45430590456887,26.606475976300974,32.164648891543294
2031-10-24,29.75559675494107,26.970625395145085,32.55345988920646
2031-10-25,29.7009235659199,26.688605364043728,32.42950549301309
2031-10-26,29.672742014543616,26.956514681016003,32.68394121212631
2031-10-27,29.405210428247443,26.418789696385026,32.25873042302417
2031-10-28,29.524020000516785,26.625607702685873,32.193594182748875
2031-10-29,29.31092654952993,26.546665885447574,32.273300012231516
2031-10-30,29.205368228145154,26.488156225335075,32.13400571392362
2031-10-31,29.506978863870167,26.74413689913102,32.29399847485435
2031-11-01,29.454340752584848,26.644671955020822,32.24972018745962
2031-11-02,29.42984206167094,26.69156651664492,32.3203349554871
2031-11-03,29.16749324309479,26.2509926452146,31.857846458056205
2031-11-04,29.292762813963176,26.442811691499845,32.26001136850099
2031-11-05,29.08711769477658,26.16557412499366,32.12187154517072
2031-11-06,28.98965221940942,26.255642422896983,31.61244318058115
2031-11-07,29.299615105724214,26.42272482607816,31.997634022151402
2031-11-08,29.25517773841885,26.245951336317916,32.130859782267095
2031-11-09,29.238308380415017,26.498047561847446,32.084037461644954
2031-11-10,28.982606124566296,26.505700850479915,31.686170559066287
2031-11-11,29.11315432438126,26.3179545464705,31.89943136803188
2031-11-12,28.91107806540041,25.874536698354564,31.770456482732037
2031-11-13,28.81518917366315,26.02930087589048,31.62693168732578
2031-11-14,29.124527464180755,26.338555240194108,31.969598567132287
2031-11-15,29.07714104596635,26.24893996894241,31.68510951525801
2031-11-16,29.054969834136937,26.0098656235635,31.802935013073647
2031-11-17,28.791685699983894,25.81028309367258,31.484802800226127
2031-11-18,28.91254871513179,26.022372634533752,31.711687047157536
2031-11-19,28.698963877356565,25.87065186444123,31.56517471230228
2031-11-20,28.590121755696284,25.776460783713166,31.48872712467362
2031-11-21,28.885531817393318,26.023756651867203,31.493714945220592
2031-11-22,28.823791430784897,25.94048818151404,31.418984263723157
2031-11-23,28.787454985629072,26.180870031743893,31.682421568482155
2031-11-24,28.5108569583696,25.548463483196418,31.38859350864319
2031-11-25,28.61994886916644,25.673827333050557,31.394035386164397
2031-11-26,28.396835088619216,25.596748898932177,31.195145273259847
2031-11-27,28.281391564782865,25.450007675058913,30.94311892060928
2031-11-28,28.573776909240888,25.693422476761565,31.513936299577963
2031-11-29,28.513179535154013,25.555599235907614,31.46694523137636
2031-11-30,28.4826659884103,25.78671123226629,31.335578311090714
2031-12-01,28.216984977928565,25.30584343262835,31.17823592429806
2031-12-02,28.342387687972558,25.804326859511214,31.1430400834865
2031-12-03,28.14114990348449,25.398396947330635,31.09486318504349
2031-12-04,28.05318051055803,25.102662775269962,30.7755104415319
2031-12-05,28.378526204533614,25.62774688494521,30.976356814172572
2031-12-06,28.356116381023803,25.45545559811016,31.027309135098825
2031-12-07,28.368613511982183,25.71677091115957,31.23853273521637
2031-12-08,28.15022354590755,25.29273338790168,31.135561825909353
2031-12-09,28.32652681742195,25.500759102165585,31.104042412658586
2031-12-10,28.179014770298032,25.1442174688027,30.95210288478816
2031-12-11,28.146716705039147,25.563930173212285,31.115876996746156
2031-12-12,28.52872591742201,25.84756159073247,31.330657816943727
2031-12-13,28.562968634884626,25.857545496958625,31.18746154787795
2031-12-14,28.631080397966084,25.670031103021252,31.58840032365041
2031-12-15,28.466243703023448,25.581837839654188,31.17398709319537
2031-12-16,28.693046621690584,25.862906305038777,31.4114851505945
2031-12-17,28.592046906726367,25.753467348702273,31.31710393077729
2031-12-18,28.601424999802898,25.867528027320333,31.35368767362837
2031-12-19,29.019534534585862,26.369578773717052,31.972912274597114
2031-12-20,29.083693014561756,26.297863727828638,31.751513189513183
2031-12-21,29.17507665303219,26.191316517667655,31.762448604102907
2031-12-22,29.026572619643126,26.248106808810125,31.79554392675675
2031-12-23,29.2626479424814,26.66302211085021,32.09249636552432
2031-12-24,29.16391922933092,26.376104399357633,31.913705786752075
2031-12-25,29.168806409049253,26.35610287621092,32.11095266953887
2031-12-26,29.576079010847412,26.65649417064232,32.46197234719793
2031-12-27,29.623637727644805,26.68822025345743,32.487521868079675
2031-12-28,29.69339545928266,26.713280341681337,32.469088330765196
2031-12-29,29.519111424724922,26.541191997750882,32.27267672578821
2031-12-30,29.72623806463275,26.874483295007,32.37851031449524
2031-12-31,29.596465484758582,26.907381428793975,32.422835761863965
2032-01-01,29.56934732628969,26.907422475637375,32.35633128649003
2032-01-02,29.944817344903058,27.11454309547775,33.12552575929178
2032-01-03,29.96194026596068,27.153989509936196,32.9771908639383
2032-01-04,30.00376196630903,27.28037763997933,32.86584230465449
2032-01-05,29.805113435547007,26.813790703342796,32.805677215228556
2032-01-06,29.99242908563988,27.297906037949392,32.87839369244196
2032-01-07,29.84826496602398,26.88683733477362,32.6908110354866
2032-01-08,29.812901512511328,27.102400543013445,32.522435544571145
2032-01-09,30.186840767767443,27.28099275925179,32.617531045962345
2032-01-10,30.20954219102785,27.456952205428383,32.85286319774934
2032-01-11,30.264262535877176,27.51363243059607,33.11273458748036
2032-01-12,30.085854542427747,27.343751009137275,32.94121517776022
2032-01-13,30.300585162557784,27.469132815695563,33.200724106144015
2032-01-14,30.19065887668688,27.449878948835472,32.88149217424384
2032-01-15,30.19583058294759,27.35510496936,33.12306684654061
2032-01-16,30.61591770420874,27.94456293487713,33.24552809429208
2032-01-17,30.689555201794665,27.877822069226788,33.44647291737054
2032-01-18,30.799058421614948,28.077927244575232,33.830872271628614
2032-01-19,30.678247857658413,28.00297348739728,33.539775155475944
2032-01-20,30.952295801031816,28.28865635286706,33.82103050955504
2032-01-21,30.90227961530247,28.207455464648536,33.85315855924536
2032-01-22,30.966825257890918,28.18968501164377,33.67536550761529
2032-01-23,31.44464981369563,28.658138362978963,34.34375416464119
2032-01-24,31.57334585808651,28.69327991119499,34.491536687241826
2032-01-25,31.734271736374062,28.90775460383601,34.333331832160496
2032-01-26,31.66040106391542,28.935650699439904,34.5116761170207
2032-01-27,31.97619071491076,29.386368352771537,34.77632309941135
2032-01-28,31.962151441814154,29.1217624705326,34.67351354865775
2032-01-29,32.05650426517665,29.33717457468446,34.8906864349355
2032-01-30,32.55773105312726,29.753515574396026,35.278594848471634
2032-01-31,32.70336190380296,29.77975511031829,35.448436660285374
2032-02-01,32.87486336308455,29.90142290942187,35.58503661141867
2032-02-02,32.80548087759599,30.2256161717515,35.60959544371563
2032-02-03,33.12009499438876,30.125409841876326,35.81016970074332
2032-02-04,33.09977583282824,30.235535638449463,35.73713396156079
2032-02-05,33.183419480691285,30.369261797202757,36.00439017146127
2032-02-06,33.67027535913582,30.88583918505894,36.482376946497055
2032-02-07,33.79870788971847,30.98893356458604,36.71441433117334
2032-02-08,33.951057288489515,31.156304856817748,36.92759815645219
2032-02-09,33.86145372872735,31.22494997384656,36.82575823587766
2032-02-10,34.15564524900153,31.026403171944697,36.96861710636227
2032-02-11,34.11552479491269,31.32694301900019,36.80275578328675
2032-02-12,34.18074088095457,31.364739417926177,36.91207309145479
2032-02-13,34.65120169794954,31.669806073299654,37.337293152983264
2032-02-14,34.76581670289811,31.906612682214934,37.4618155615124
2032-02-15,34.90734112133988,31.982955942231083,37.74566403289544
2032-02-16,34.810178092095256,31.93689242553746,37.63327137296234
2032-02-17,35.10019918757074,32.561894978100966,37.895333511116156
2032-02-18,35.05926891189113,32.087673081907774,37.76504109107124
2032-02-19,35.1268577278782,32.376643452988816,38.013588619377565
2032-02-20,35.60255335161011,32.7938866992447,38.47930402390257
2032-02-21,35.7248141156135,32.7449061192102,38.57135543599326
2032-02-22,35.875829453201746,33.017799530011565,38.6319760322622
2032-02-23,35.78934172540163,33.07854115158703,38.555143654756804
2032-02-24,36.09048949997077,33.24675033988286,38.646968132560936
2032-02-25,36.06035716444195,33.31496796021193,38.647190456872366
2032-02-26,36.137614629251786,33.20325910548618,38.71640707806793
2032-02-27,36.62105601403823,33.87963913301482,39.510045746021966
2032-02-28,36.7483802478756,34.16180688123996,39.813357266282715
2032-02-29,36.90107776743358,34.085260319647425,39.507119962623044
2032-03-01,36.81227669461521,33.991416215508714,39.511190126580836
2032-03-02,37.106607817753876,34.18731134189819,40.034468076632194
2032-03-03,37.06477255183065,34.273338803235205,39.82228449680071
2032-03-04,37.12519702825799,34.28799531967749,40.01202535059371
2032-03-05,37.58658072209461,34.78071178032337,40.02888851112797
2032-03-06,37.68668219793236,34.99970046627594,40.65077667016366
2032-03-07,37.80720595632894,34.95465230433052,40.56445929005885
2032-03-08,37.681643714741796,34.96344439303542,40.64302334541242
2032-03-09,37.93512955644337,35.16361533966686,40.74658768798724
2032-03-10,37.84899338704348,35.12193188417193,40.678920364458435
2032-03-11,37.86239626118133,35.06588264663391,40.692625128398596
2032-03-12,38.274856535512924,35.5743630979291,41.178173226314044
2032-03-13,38.32501009815668,35.31032449075715,41.05734914594117
2032-03-14,38.39546942656254,35.57143789026069,41.192586229046626
2032-03-15,38.22063565624576,35.261969312965824,40.92468105985754
2032-03-16,38.426523995698126,35.760463487229615,41.16418702442764
2032-03-17,38.29528785511468,35.62528637957432,40.96512933846171
2032-03-18,38.26682617773445,35.487491969644815,41.03998462166197
2032-03-19,38.641283826185514,35.703326718799644,41.23740073073232
2032-03-20,38.65778911273971,35.99862872402621,41.396414054981285
2032-03-21,38.699293980573465,35.917053842298586,41.53126013581763
2032-03-22,38.50037166644479,35.621851448522904,41.32870185465949
2032-03-23,38.68703269989923,35.82794127217537,41.35676570475235
2032-03-24,38.54124498144878,35.64400160512506,41.39601300597541
2032-03-25,38.50254264530613,35.62029093684635,41.30635558355082
2032-03-26,38.87053360961304,35.88012721744859,41.70242306496311
2032-03-27,38.88364978393403,36.129463122788785,41.728640960838305
2032-03-28,38.92400515408733,36.14380046015575,41.6064204953456
2032-03-29,38.72521612620501,35.948254139534825,41.51247318753079
2032-03-30,38.912244386965426,35.96394841871531,41.857213100575585
2032-03-31,38.7659472904412,35.82843218803094,41.49411899180219
2032-04-01,38.72471963166787,35.88305328926663,41.56257504447459
2032-04-02,39.08703577459721,36.257973300078,41.80196453874676
2032-04-03,39.09023510585924,36.295206444138586,41.92608799380696
2032-04-04,39.115415001618516,36.51806331841822,42.02698209468339
2032-04-05,38.89528465242784,36.14291334156188,41.676646172200016
2032-04-06,39.05403899211048,36.49377257964726,41.93068371034217
2032-04-07,38.87193678644516,36.001057817475186,41.65785585493159
2032-04-08,38.78696587186272,35.986751871026875,41.57336023391425
2032-04-09,39.097403753187855,36.23619539027244,41.949353842314395
2032-04-10,39.04061590792094,35.99150951629594,41.928373968597704
2032-04-11,38.99795551480629,36.31272601743618,41.88591407416467
2032-04-12,38.70261765186419,35.93137441523794,41.23126215907925
2032-04-13,38.77950709068296,35.90395606009446,41.659172919959616
2032-04-14,38.50980380933052,35.8329081879817,41.36645546927758
2032-04-15,38.33260946677723,35.540544261293675,41.11936819883491
2032-04-16,38.54748348126214,35.69259944774719,41.35199477450269
2032-04-17,38.39321166367221,35.684638753015065,41.4209298956654
2032-04-18,38.252671881951585,35.37380156934008,41.12802960704608
2032-04-19,37.86065069442335,35.19259685442871,40.660906583216224
2032-04-20,37.843671081753484,34.9621734275831,40.59439742269018
2032-04-21,37.4845164855848,34.907624019391896,40.26937002394664
2032-04-22,37.22383553473801,34.50935697173724,40.1512537317406
2032-04-23,37.36263725996416,34.73340154246897,40.06296253764313
2032-04-24,37.141020894529504,34.25271068516099,40.093330777097826
2032-04-25,36.943005837717415,34.17962011776129,39.82209662927225
2032-04-26,36.504316743521045,33.74987452450827,39.34163281350164
2032-04-27,36.45218478209127,33.593253428457096,39.2727236399706
2032-04-28,36.069851066326216,33.33603492130658,38.77792305198501
2032-04-29,35.79815725216998,33.02026758596754,38.6272775959413
2032-04-30,35.93803356542461,32.87391935105283,38.99761349310699
2032-05-01,35.729228614214335,32.763662401492,38.52946748807478
2032-05-02,35.55514662731005,32.68493546454144,38.14947234808107
2032-05-03,35.150646941585116,32.321052495314355,37.92217898021758
2032-05-04,35.14186644757483,32.15006512193688,37.74479831863162
2032-05-05,34.81075045549176,32.063844961311034,37.37494633446437
2032-05-06,34.59667628231685,31.91557136803209,37.4120603207835
2032-05-07,34.79897894570934,31.972437984633856,37.88550795736612
2032-05-08,34.655722321062534,32.11924784832866,37.426663789151135
2032-05-09,34.54858029059255,31.637004649763163,37.161071268702685
2032-05-10,34.21068151849412,31.539446171621634,36.83305046186462
2032-05-11,34.2664773269286,31.45269727453144,37.154667644825366
2032-05-12,33.99631689023264,31.029670188284733,36.58015606975163
2032-05-13,33.838112827231555,30.924782237462022,36.74882112250807
2032-05-14,34.08990541506926,31.180013315198238,36.92323889238156
2032-05-15,33.988667709833976,31.224123359383466,36.92204962551832
2032-05-16,33.91521515347494,31.17726224542254,36.85172184971899
2032-05-17,33.602072500484326,30.947736079516915,36.51734202981894
2032-05-18,33.67335691021932,30.941359161593866,36.81235104157489
2032-05-19,33.409360983580534,30.53463510763752,36.29706565158448
2032-05-20,33.24821858820655,30.515032289842633,36.194714354966166
2032-05-21,33.48846167038012,30.83782057772629,36.2863966604385
2032-05-22,33.36781052552675,30.39809527803532,36.19816763783944
2032-05-23,33.268061500819194,30.588128449764483,36.04355523048353
2032-05-24,32.922925554294906,29.816319847675572,35.62679843270062
2032-05-25,32.95787728858298,30.16134869137234,35.73842650627604
2032-05-26,32.65469917007234,29.877732158639663,35.674717900331785
2032-05-27,32.453104844403725,29.540034810390857,35.29032671764159
2032-05-28,32.653250918179666,29.714112843275913,35.52106793868896
2032-05-29,32.494480923079806,29.351021339197036,35.429610706288436
2032-05-30,32.36016671817998,29.574043251129556,35.20124654545433
2032-05-31,31.98550203954867,29.13935707915204,34.97428492254228
2032-06-01,31.997309066191228,29.23610428408004,34.83109632175798
2032-06-02,31.678543895780297,28.917458584781677,34.51894762945651
2032-06-03,31.469885921865302,28.633108066536156,34.13948074131037
2032-06-04,31.672221431374844,29.050520514747802,34.2853769773408
2032-06-05,31.525365928858896,28.739021274533663,34.468669554996545
2032-06-06,31.41289105259084,28.658664058244103,34.299679796066705
2032-06-07,31.069911202811944,28.318821118339237,34.0596394182524
2032-06-08,31.122890952609396,28.41829296930401,33.92847420308447
2032-06-09,30.854159120567235,27.681184335969363,33.80831897823302
2032-06-10,30.70351426725416,27.813766550765752,33.683131177931074
2032-06-11,30.97073149547757,28.120721284054838,34.0039192911952
2032-06-12,30.894314424780088,28.008343749956822,33.60207059423977
2032-06-13,30.85635738995365,28.066438014514482,33.634821875002665
2032-06-14,30.590372011603705,27.80044278201943,33.422706044272985
2032-06-15,30.721138107359618,27.96283717555268,33.49104899245936
2032-06-16,30.529263621826054,27.702498503512846,33.38356213947858
2032-06-17,30.45283707074856,27.691120056359498,33.160107008716544
2032-06-18,30.789981082330367,27.96202153403665,33.6958582284692
2032-06-19,30.777649615066515,28.15800313630408,33.73831914100092
2032-06-20,30.796532652339167,27.953010214676524,33.51837623217552
2032-06-21,30.578921348927558,27.681029784572505,33.49494017997811
2032-06-22,30.748592534031502,27.88495992640798,33.85076054416141
2032-06-23,30.5853963236382,27.911964410220158,33.491677660270746
2032-06-24,30.526929576492225,27.80378495172824,33.51027815531823
2032-06-25,30.871103200678427,28.220789078924305,33.81540239927768
2032-06-26,30.854945515076906,28.099746938011673,33.57409970835164
2032-06-27,30.859505302108474,27.951671909899492,33.6778339832671
2032-06-28,30.61770757826356,27.70979424978515,33.36834522590841
2032-06-29,30.754221252052766,27.89440807407846,33.4507612608872
2032-06-30,30.550022892943662,27.70426072465315,33.271703967884804
2032-07-01,30.444040008692163,27.71842455872778,33.285568483376665
2032-07-02,30.73568267462519,27.938748973487574,33.78650770434026
2032-07-03,30.663606705630286,27.935333307447525,33.5705920779344
2032-07-04,30.61057311579435,28.021232793542364,33.55757358492744
2032-07-05,30.311258091765602,27.4840365212843,33.137414071375254
2032-07-06,30.392073906473886,27.462242099835287,33.02683475501994
2032-07-07,30.135686276208844,27.46712113713245,33.00084186869429
2032-07-08,29.982612824633396,27.244217367632213,32.790992661852115
2032-07-09,30.233712715265362,27.59196626579174,33.14452084581913
2032-07-10,30.128911779168284,27.537638721552696,32.84151097697462
2032-07-11,30.05202890568208,27.299103789494325,32.72729477512537
2032-07-12,29.73855880405797,26.977979737862757,32.589011271189
2032-07-13,29.81547227943612,26.977502447642,32.49941329022478
2032-07-14,29.565720058766402,26.85931080384084,32.29693089164301
2032-07-15,29.429825164750678,26.42179262711267,32.27677537341267
2032-07-16,29.70837402725916,26.98953430186249,32.71957460181531
2032-07-17,29.640750577836958,26.842196726358228,32.533090839096516
2032-07-18,29.609978808190895,26.685425302076837,32.337607501044914
2032-07-19,29.35052841684356,26.489043279179665,32.199624387375394
2032-07-20,29.488144021410502,26.710522272485147,32.17754148391929
2032-07-21,29.304383143385223,26.661905670227153,32.01105332521209
2032-07-22,29.238246995972574,26.258874446309516,31.943551044277303
2032-07-23,29.588713185757598,26.82903970113376,32.65199472453354
2032-07-24,29.593513414806495,26.903027553812546,32.51876519094275
2032-07-25,29.634020457273195,26.670443938047953,32.27412462062339
2032-07-26,29.443097814093722,26.843473828981306,32.29069441652292
2032-07-27,29.644971322848072,26.893989244900702,32.3659304675325
2032-07-28,29.51980678276273,26.72038237580482,32.372371877747334
2032-07-29,29.50537656348002,26.663902663619616,32.25217452547444
2032-07-30,29.899623360551658,27.219785194960874,32.77241349431946
2032-07-31,29.939463375805605,27.279323344609264,32.75678299952115
2032-08-01,30.005692549348076,27.211340548850398,32.872729407330674
2032-08-02,29.83084877717461,27.075673646099162,32.67387289944798
2032-08-03,30.0390891113049,27.04606357419633,32.766229058706685
2032-08-04,29.910765917945554,27.140242937270937,32.759765006649765
2032-08-05,29.8840850742558,27.005443288893748,32.68584156257654
2032-08-06,30.257654670108995,27.629694715518927,33.115803726073935
2032-08-07,30.269266977906785,27.57278889267932,33.348423133513734
2032-08-08,30.300777968205136,27.496353437845453,33.067962353523036
2032-08-09,30.085938102534858,27.235838054148275,32.95127712225827
2032-08-10,30.250234320483003,27.56988744737431,32.89806294384734
2032-08-11,30.075428212329296,27.40495799523632,32.70491045244849
2032-08-12,30.00117453992226,27.227955522216536,32.86700220786834
2032-08-13,30.327529689525523,27.459814483405406,33.20275809516487
2032-08-14,30.29369394052545,27.363777604818313,33.049563848201025
2032-08-15,30.28285292051392,27.494926539215673,33.16712454999461
2032-08-16,30.02997301248279,27.243945291439374,32.92156258707004
2032-08-17,30.161611578444937,27.20746836874181,32.852094407059276
2032-08-18,29.96042782543669,27.101549250004396,32.84294921836155
2032-08-19,29.86677917616939,26.95193359297498,32.50486308763734
2032-08-20,30.181213274525156,27.371559882802845,32.973476722749076
2032-08-21,30.14319988933221,27.273413953811186,32.8046538929102
2032-08-22,30.13596829095199,27.346969830155512,32.9100238469377
2032-08-23,29.89430489104586,27.165501076713923,32.77510447211159
2032-08-24,30.04437185678003,27.177414944122546,32.83719895683269
2032-08-25,29.86823220102505,26.85123206153735,32.75016453889416
2032-08-26,29.80546572664213,27.095811289999233,32.56340419459619
2032-08-27,30.15568532667952,27.380615656573596,33.04080331869341
2032-08-28,30.157297151362844,27.473871956250576,32.90568760625405
2032-08-29,30.192369362481312,27.28445139634298,32.92388194582026
2032-08-30,29.994463336191192,27.180337367828802,32.83318716569077
2032-08-31,30.188487048122738,27.44131463490977,33.05300277093087
2032-09-01,30.055255145665537,27.30657272778043,32.74907228472946
2032-09-02,30.033139098248466,27.2756753872049,32.95026598311297
2032-09-03,30.420615977891153,27.73857223847995,33.26800179561542
2032-09-04,30.45505849561758,27.5262848816028,33.25029061555949
2032-09-05,30.51763021801856,27.85730309139711,33.36352512782177
2032-09-06,30.34113913912006,27.356430246213627,33.06752654921942
2032-09-07,30.549908784228766,27.82525459089858,33.44616041839839
2032-09-08,30.42435093622719,27.60900093877867,33.412563266663106
2032-09-09,30.40262311330323,27.489971686586813,33.23010653896694
2032-09-10,30.783179246397026,27.81192797495574,33.65946992922277
2032-09-11,30.803556236266676,27.994925688274375,33.79448695651617
2032-09-12,30.845260523139505,28.111513101587654,33.46948234161458
2032-09-13,30.64160819834138,27.84187034479546,33.391116448899645
2032-09-14,30.817578321904108,28.19341641683446,33.47171662168357
2032-09-15,30.654364140406,27.93841583599976,33.610220344280386
2032-09-16,30.59100603472733,27.69884459452129,33.50614286438782
2032-09-17,30.92691542129626,28.071433380737208,33.71401788244825
2032-09-18,30.900633112668473,28.290918070887574,33.89339726758253
2032-09-19,30.894687121428124,28.042980865511645,33.71495069886519
2032-09-20,30.643404287639417,27.7059686084258,33.5557471774853
2032-09-21,30.77273621893383,28.167614880018046,33.48571259505638
2032-09-22,30.564785012852443,27.781472240365517,33.38256769505633
2032-09-23,30.45941329444838,27.57277793011441,33.33623864195668
2032-09-24,30.756748404272603,28.01668501043989,33.65652848836844
2032-09-25,30.69592474543589,27.942789554848865,33.51185229962471
2032-09-26,30.65992965501162,27.75212213536572,33.553078428888355
2032-09-27,30.383407429946836,27.67504412823553,33.22344054303976
2032-09-28,30.492482110258614,27.670233587325633,33.16395480755882
2032-09-29,30.26928446536661,27.522293586911992,32.887242892001886
2032-09-30,30.15356755860443,27.405565117565715,33.04342347737393
2032-10-01,30.445220439956056,27.483920547950017,33.30859381802015
2032-10-02,30.383023574765733,27.52751231007411,33.081161057803925
2032-10-03,30.34951087088272,27.47719551372431,33.25931321042018
2032-10-04,30.078792347480814,27.348617492287374,32.66352114557972
2032-10-05,30.19639739658685,27.28234686240223,33.00798621170283
2032-10-06,29.983823388233674,27.31497573513058,32.85316044210237
2032-10-07,29.880173278426287,27.068005284259627,32.85726835482405
2032-10-08,30.18469105611432,27.526705462688707,32.81506908918187
2032-10-09,30.135537947313235,27.34241527547617,33.039698002256905
2032-10-10,30.1146735950169,27.382718404744914,32.864748125919824
2032-10-11,29.85569567957942,27.446699151527177,32.79812675392761
2032-10-12,29.983697434806793,27.24131580166069,33.05338694768781
2032-10-13,29.77982741204849,27.05924286920127,32.39611087185122
2032-10-14,29.682934861429064,26.823666426369332,32.495073549490876
2032-10-15,29.992109392619952,27.11320817040609,32.836984935287624
2032-10-16,29.945457779658984,27.164256312645396,32.69065934089014
2032-10-17,29.924982195238677,27.122631491851198,32.71780641690803
2032-10-18,29.66441352240668,26.91857147959197,32.486620610801516
2032-10-19,29.789059491375845,27.019530522776904,32.83874180103586
2032-10-20,29.58035238450358,26.741897436821418,32.49664171525321
2032-10-21,29.477480153756403,26.71935223021165,32.3663225997459
2032-10-22,29.779910156100016,27.095726500059772,32.41063881972947
2032-10-23,29.72614896387507,26.866765285804007,32.482762499960366
2032-10-24,29.698603157335626,26.817190958653267,32.59671016993467
2032-10-25,29.43139537778403,26.607723491140035,32.27321166142029
2032-10-26,29.55019600701803,26.596956405374033,32.4663560659351
2032-10-27,29.33675580141857,26.249421261911884,31.852672182798273
2032-10-28,29.230523858168024,26.623024024346172,32.058269651180666
2032-10-29,29.53116058278103,26.45081785913267,32.137564589036565
2032-10-30,29.47728949391989,26.67356736161758,32.17111711243679
2032-10-31,29.451353054736057,26.520647295384176,32.23490228818141
2032-11-01,29.187426984952687,26.356778828117523,32.051592860790485
2032-11-02,29.311053483405782,26.65185699336396,32.33988145581634
2032-11-03,29.10377863949107,26.31887598454406,31.980299094366746
2032-11-04,29.004778248970663,26.02577676284139,31.929376987177317
2032-11-05,29.313381434379057,26.464809424954392,31.968072626382533
2032-11-06,29.267835539128235,26.49644587735125,31.963535034464655
2032-11-07,29.2501770315835,26.223320815714807,32.05692358600032
2032-11-08,28.994062349193705,26.14223335768028,31.814529362118428
2032-11-09,29.12461853425791,26.29035155287177,32.06984774319582
2032-11-10,28.922998326558492,26.046836293190538,31.71729065070533
2032-11-11,28.828023300226306,26.1609974917321,31.799408251742264
2032-11-12,29.1387238228172,26.372636446214997,31.952635445688504
2032-11-13,29.093118709904207,26.213695700410042,31.809196211903462
2032-11-14,29.07309876190741,26.110436078407993,31.935316110714115
2032-11-15,28.812267628597198,25.991517674944532,31.52349767111527
2032-11-16,28.935799449325472,26.07344632105879,31.650632080053636
2032-11-17,28.724997626035922,25.909288321811488,31.31447827474904
2032-11-18,28.61893811441331,25.95188519189908,31.469243267101376
2032-11-19,28.91700592311121,26.22733222583997,31.97956862976538
2032-11-20,28.857667724265962,26.137805358978767,31.70012160007358
2032-11-21,28.823344910392866,26.00603444748887,31.681343212326944
2032-11-22,28.548240806283943,25.68191381448899,31.331906785599756
2032-11-23,28.65818185515029,25.833941237886574,31.62669121391559
2032-11-24,28.435157604438093,25.584304241717803,30.97342731384494
2032-11-25,28.318943428679834,25.53570494801948,31.23765214429861
2032-11-26,28.609615298312644,25.970838288283566,31.4913566303628
2032-11-27,28.546300165030296,25.68663546456723,31.435024940225265
2032-11-28,28.512026993889457,25.68186615715659,31.299447561978408
2032-11-29,28.241532852308026,25.61239131528011,30.979510027568562
2032-11-30,28.361084561040652,25.670380902002318,31.20421264660913
2032-12-01,28.15300138120913,25.11233159024802,30.762331382877903
2032-12-02,28.05726326535411,25.05263824406594,30.79538879936301
2032-12-03,28.374014495018425,25.718272322127252,31.442914822459738
2032-12-04,28.34230669496452,25.408404848215966,30.984437805487104
2032-12-05,28.34494656553143,25.47000020102213,31.213588270645324
2032-12-06,28.116302935404715,25.404438889421677,30.99378000028765
2032-12-07,28.282133705285414,25.5346212209599,30.9862540585676
2032-12-08,28.124118091617735,25.185910448146693,30.98261836438554
2032-12-09,28.081478503424783,24.981417750724926,30.83984242296494
2032-12-10,28.4535015540349,25.543999346182176,31.31415220200623
2032-12-11,28.4783017594369,25.673506150086062,31.082290214150902
2032-12-12,28.537692720613656,25.586391118909884,31.209595360506896
2032-12-13,28.36501975711149,25.402282542494085,31.238550250872002
2032-12-14,28.58501385465627,25.948088725655502,31.28369513675233
2032-12-15,28.478351575832495,25.811497037173876,31.369934253629882
2032-12-16,28.48330447644089,25.75585137323614,31.258022392013125
2032-12-17,28.898286731843868,25.94652286480972,31.587734348734752
2032-12-18,28.960643744150822,26.069027942564553,31.966977505553533
2032-12-19,29.051545786600474,26.52221423289127,31.672817510861666
2032-12-20,28.90383997380453,26.152595751353616,31.748311041112434
2032-12-21,29.141919824968497,26.369197179272902,31.95711201367043
2032-12-22,29.046296574869597,26.366190670203316,31.79285889382992
2032-12-23,29.055255397838014,26.296848056301585,32.05439303014509
2032-12-24,29.467405000765293,26.916033571773962,32.35950275277335
2032-12-25,29.520463245125786,26.729803721441133,32.391513574143985
2032-12-26,29.596142885542804,26.7328453102601,32.51563631405251
2032-12-27,29.427990886676607,26.334110434348062,32.085405251835425
2032-12-28,29.641240897029473,26.989188661428386,32.499147039077066
2032-12-29,29.517363475891347,26.729883798145345,32.2543585559802
2032-12-30,29.495697798356083,26.86314067733807,32.27180697771082
2032-12-31,29.875973956663493,27.088104514174976,32.66066637143099
2033-01-01,29.897069264182417,27.104664405208826,32.54738617309896
2033-01-02,29.941863458529916,27.042400491907557,32.747770810893854
2033-01-03,29.74504711433204,27.0375343465541,32.237202146290734
2033-01-04,29.932943707950187,27.117468801940227,32.54913763569189
2033-01-05,29.788030784348816,26.912208401500997,32.447044439808565
2033-01-06,29.750544770145755,26.991193961961006,32.7934617016432
2033-01-07,30.120979311611237,27.309743936577064,32.937175624915284
2033-01-08,30.138821223310472,27.458107036074924,32.98170059273771
2033-01-09,30.187389522319894,27.288965875043186,32.99312463072965
2033-01-10,30.00163231862973,27.1282493817843,32.84475982701528
2033-01-11,30.207942332283658,27.36512362534823,32.836939919842685
2033-01-12,30.088676673721732,27.09364322132767,32.93491629088473
2033-01-13,30.0837654700488,27.376364412990213,32.921500773826665
2033-01-14,30.493219105488897,27.62125968863424,33.318700521743956
2033-01-15,30.555877905069433,27.70063084230139,33.158270726689274
2033-01-16,30.65426934071356,27.868943166745606,33.47269347508252
2033-01-17,30.52242700698649,27.517228627399533,33.132773774092534
2033-01-18,30.785731501045827,28.001074942652163,33.503997871526366
2033-01-19,30.72545811308743,27.853782023147826,33.45989541324539
2033-01-20,30.780415106951146,27.966937604069827,33.518775838250654
2033-01-21,31.24948150653987,28.379902931556785,33.99959634406702
2033-01-22,31.37038733997413,28.593014630679512,34.11148852697744
2033-01-23,31.52460054462915,28.670071841112957,34.45188718068726
2033-01-24,31.445173931073228,28.670322079901755,34.27204147763636
2033-01-25,31.75661154296447,28.98757207238196,34.640358580415594
2033-01-26,31.739438596906567,28.775685075171435,34.373386030143585
2033-01-27,31.83185815592916,28.973137846711364,34.63736186880286
2033-01-28,32.332302941216,29.586774415901175,35.012539303798775
2033-01-29,32.478224852583864,29.795079847963397,35.33894038064569
2033-01-30,32.65098616057262,29.589773424289632,35.37840847590612
2033-01-31,32.583705675839425,29.685422057499867,35.153633786888776
2033-02-01,32.90111929114479,30.114596528398593,35.67410482182074
2033-02-02,32.8841392869335,30.0408299000833,35.7984868856378
2033-02-03,32.97149590368793,30.201933978234205,35.72323553915829
2033-02-04,33.46227006693496,30.43990273019543,36.257978926843066
2033-02-05,33.5946604342587,30.897603718114695,36.15064084770522
2033-02-06,33.75084942536282,30.94372013215448,36.52655808558676
2033-02-07,33.664822317439544,30.941210551963135,36.409925100008735
2033-02-08,33.962199632923735,31.33298116306433,36.88253447989587
2033-02-09,33.924768072363534,30.95529795090205,36.694932072825345
2033-02-10,33.99209436146882,31.145072585030743,36.90106168000832
2033-02-11,34.4640317421959,31.607423494568955,37.35077444988458
2033-02-12,34.579463073704034,31.9045054111697,37.632287696774505
2033-02-13,34.721145929207786,31.91934450615027,37.43140983017461
2033-02-14,34.62351440266025,31.829201480937467,37.475239266231696
2033-02-15,34.91249837127889,31.988896566854226,37.69485730954035
2033-02-16,34.87004585732912,32.0416844650524,37.538981892442514
2033-02-17,34.93573310856993,32.28998871361578,37.757827986554
2033-02-18,35.409272229508915,32.62859159671199,38.212828877549605
2033-02-19,35.52926028032051,32.71393155963074,38.42159619915324
2033-02-20,35.6780350305428,32.761919121529964,38.27112947633973
2033-02-21,35.589491738342794,32.75203835555211,38.45504104201033
2033-02-22,35.888921224444246,33.02700632322301,38.64122742925994
2033-02-23,35.857554287595626,32.95637205051967,38.56414530817568
2033-02-24,35.93419638290347,33.2215864602725,38.8586583705798
2033-02-25,36.417761616630024,33.669882809115094,39.23551532431
2033-02-26,36.54604913906187,33.807167136284114,39.317256449628374
2033-02-27,36.70062625585467,34.1724588108124,39.64143253482392
2033-02-28,36.614671757241865,33.732113048946744,39.49210842621976
2033-03-01,36.91283888463984,34.27339982669632,39.639538719929995
2033-03-02,36.87582218015689,33.96533760009391,39.65890529055909
2033-03-03,36.94201141188297,34.18598305706375,39.88395499488022
2033-03-04,37.41004099599434,34.65695611383568,40.23577696410204
2033-03-05,37.51757748024573,34.50548985535629,40.38648560192175
2033-03-06,37.64620902465534,34.87699748902448,40.34093737775758
2033-03-07,37.52929013891193,34.82164788355749,40.395951090827786
2033-03-08,37.791801009393396,34.810575063382935,40.43402068931184
2033-03-09,37.71490573147577,34.83101443430298,40.57216672146231
2033-03-10,37.73759286599177,34.853150191058,40.21115034077359
2033-03-11,38.15920711674983,35.35527754360076,41.15502846308055
2033-03-12,38.218215209297426,35.42104424231407,41.100501522279714
2033-03-13,38.297070547104376,35.56491734188855,41.11015740770169
2033-03-14,38.13003065153547,35.28001725175863,40.774976285651306
2033-03-15,38.34298754967196,35.68533518799278,40.938049849197114
2033-03-16,38.21799631661162,35.55378079297899,41.06572385918182
2033-03-17,38.194886115189036,35.34246963801539,40.95945851656353
2033-03-18,38.57376345935961,35.80628113695832,41.206696074073164
2033-03-19,38.5937516878118,35.76358875232565,41.54443433457415
2033-03-20,38.63783207959589,35.836288782697075,41.45224457034606
2033-03-21,38.44064139654797,35.551526072469024,41.25805558939109
2033-03-22,38.628286693343874,35.8572407401376,41.31883848438298
2033-03-23,38.482863155454666,35.74495661411401,41.201318714311924
2033-03-24,38.444059720351014,35.723560391683534,41.237711302668004
2033-03-25,38.81166246548071,35.98844892559801,41.61440405063359
2033-03-26,38.82429984214941,36.08997058820897,41.70772571730136
2033-03-27,38.86429511049887,36.02255385009608,41.77360146908506
2033-03-28,38.665480514799604,35.94914107499444,41.525377763407384
2033-03-29,38.85303363091867,35.912773106549864,41.51070189604311
2033-03-30,38.708021084099876,35.89117317524547,41.59622130226396
2033-03-31,38.66903369214686,35.77894365271917,41.43689411727459
2033-04-01,39.03472219828421,36.279083804787014,41.93224998863734
2033-04-02,39.042576757673565,36.19573568072363,41.862898958946275
2033-04-03,39.07381454748882,36.2704117903645,41.9320533718067
2033-04-04,38.86122901288435,36.125763159751045,41.51221294915997
2033-04-05,39.02906014186685,36.18013506473213,41.80711399604927
2033-04-06,38.857569946967295,36.088916617750556,41.674563678783585
2033-04-07,38.78470623729003,35.7882590166453,41.683024673228864
2033-04-08,39.10866295158953,36.11559911212747,41.859364543985336
2033-04-09,39.06667942751277,36.26310601167173,41.81039480202793
2033-04-10,39.03994231738207,36.368577922370754,41.770840055242175
2033-04-11,38.76144315301044,36.14085502964452,41.72286924198166
2033-04-12,38.85585060925903,36.11241339627799,41.84508390397159
2033-04-13,38.60408147911426,35.68126807075336,41.713479559183725
2033-04-14,38.444953463798186,35.628436595999126,41.02539088827549
2033-04-15,38.67772825497818,35.966466287799854,41.819596524884716
2033-04-16,38.54088767324572,35.734129471763275,41.21789327110562
2033-04-17,38.417007135519874,35.739565692617845,41.15895220729089
2033-04-18,38.04058017519846,35.45440137353567,41.085157063201784
2033-04-19,38.0378539259665,35.27116532296694,40.709037166732756
2033-04-20,37.6913605599134,34.85663392481569,40.43384508412888
2033-04-21,37.44152885116302,34.55905193731048,40.11217151022339
2033-04-22,37.58918546998001,34.72386487281839,40.214582570724275
2033-04-23,37.37428992798643,34.57971734133912,39.993373753162274
2033-04-24,37.180768599518956,34.28524159828626,39.93047816055508
2033-04-25,36.744302658337936,33.81278814509088,39.51613677020398
2033-04-26,36.69213088706274,33.857613315322354,39.51487308237982
2033-04-27,36.30755329704008,33.402949713478826,39.20909929165063
2033-04-28,36.031520550008985,33.32879890071878,38.86002183114727
2033-04-29,36.16511945524931,33.38875120719053,38.972476925180835
2033-04-30,35.94829896021011,33.37896253896026,38.68518973357903
2033-05-01,35.764702370006205,32.75258449098373,38.30374719985021
2033-05-02,35.34946074835786,32.64252223203211,38.23244052736225
2033-05-03,35.32900836882534,32.46709367666988,38.07089830641625
2033-05-04,34.985605864882814,32.27953440612986,37.75285302924343
2033-05-05,34.75895558685933,32.00308214833598,37.59690756726713
2033-05-06,34.94871877449597,32.19915641803766,37.77349923902081
2033-05-07,34.79327813372597,32.0034497040152,37.41479955538525
2033-05-08,34.67461058185337,31.848683354388044,37.568474980312175
2033-05-09,34.326124026692405,31.515776314376033,37.23679169431974
2033-05-10,34.37251787581885,31.737255742791707,37.18902843912287
2033-05-11,34.09435169825752,31.099498907684822,36.72934519861048
2033-05-12,33.9297053011759,31.23039909198497,36.70393553524058
2033-05-13,34.176738600221995,31.340858139006087,36.85167216411138
2033-05-14,34.07249369207914,31.295621797362312,36.96519983345698
2033-05-15,33.997802796534025,31.20225217876818,36.674290246248766
2033-05-16,33.68515495119431,30.710962676378738,36.67268977300963
2033-05-17,33.75858031483482,31.19135480630778,36.510439878263576
2033-05-18,33.49823582805836,30.66446519027221,36.375386439739415
2033-05-19,33.34207500610421,30.321620861082856,36.25424271631018
2033-05-20,33.58840995513716,30.791275382612366,36.29734719307354
2033-05-21,33.47470794231077,30.962555186490107,36.1811898981581
2033-05-22,33.38248632081505,30.550057249527015,35.995190314447235
2033-05-23,33.04515903585967,30.004939098804183,35.96459026049165
2033-05-24,33.08789411066063,30.11174443766086,35.97847498331789
2033-05-25,32.792166589697004,29.968497009068187,35.47714636290557
2033-05-26,32.597390608529395,29.861948147679794,35.478671618954465
2033-05-27,32.80343971714309,30.154281458576353,35.53121974237073
2033-05-28,32.64939893555786,29.842548325247858,35.439855626847944
2033-05-29,32.51841357217836,29.7250445934756,35.20080751891835
2033-05-30,32.145489307041174,29.356405159156193,35.029381636272475
2033-05-31,32.1573042263505,29.47097562544435,35.01496724175962
2033-06-01,31.83671854842622,28.97601308808228,34.56752603830717
2033-06-02,31.624366913134242,28.724973405601894,34.429814291198404
2033-06-03,31.8211434710577,28.895667589295037,34.53435616711111
2033-06-04,31.666924235688423,28.816373369711233,34.47415950298424
2033-06-05,31.54539256129502,28.715874098811714,34.16765149818887
2033-06-06,31.191822904986694,28.40348759661047,34.23772667433465
2033-06-07,31.23288402148797,28.415829580354746,33.88810399335666
2033-06-08,30.95114758528742,28.18099760384387,33.75654474680093
2033-06-09,30.78668715218849,27.979544103182356,33.44503663497729
2033-06-10,31.039577520307027,28.220351992927192,33.87169907181922
2033-06-11,30.948638566311676,28.096861051635173,33.868828501857855
2033-06-12,30.89628883146746,28.148851117978523,33.73934196133386
2033-06-13,30.616363243522144,27.779051499617747,33.56435914211212
2033-06-14,30.733955187550414,27.85632937970073,33.369314477946105
2033-06-15,30.529967848223308,27.579606221320407,33.19845544077487
2033-06-16,30.44275855618878,27.759641588000644,33.31756479354976
2033-06-17,30.77068494515881,28.171046163127038,33.61811051835469
2033-06-18,30.750895702785296,28.05100954148588,33.30195372790874
2033-06-19,30.764229893815127,27.83816989970771,33.470866267244794
2033-06-20,30.543077978422698,27.985267331183188,33.32562993198167
2033-06-21,30.711263543558523,27.88812136916286,33.674101267802556
2033-06-22,30.548629575701764,27.911032296299865,33.36432109837642
2033-06-23,30.492712045166098,27.78057787005113,33.571711299703665
2033-06-24,30.841308804203447,28.04512703107628,33.44344624324279
2033-06-25,30.831285957984953,27.972401856344593,33.70728543297654
2033-06-26,30.843485260543197,28.13456940819565,33.80828913946317
2033-06-27,30.610585441215814,27.518797692216836,33.272418573491464
2033-06-28,30.756976476962056,27.89142123393809,33.43652471913385
2033-06-29,30.563330851027565,27.745569817730438,33.290328077393916
2033-06-30,30.46825498848534,27.518319284677922,33.256215738354996
2033-07-01,30.770829487467413,28.02599984133833,33.710445335748176
2033-07-02,30.7093811004462,27.87747499610756,33.42504968888924
2033-07-03,30.66635096908612,27.9928965143121,33.566318995376406
2033-07-04,30.376113099024888,27.470985973576372,32.93085505887482
2033-07-05,30.464803269849448,27.46533268603535,33.14317187650791
2033-07-06,30.214843666624308,27.53165350672468,33.31198570360008
2033-07-07,30.066547700642065,27.471062179005894,32.86953012259356
2033-07-08,30.32061491104674,27.55241629999884,33.256071203225275
2033-07-09,30.216860134938994,27.40508580308023,33.080818870430114
2033-07-10,30.139042608964083,27.26023790683022,32.89414412497873
2033-07-11,29.8226500427376,27.019152342718094,32.61010171464202
2033-07-12,29.894698778774877,27.230086062879458,32.77150684629893
2033-07-13,29.638236085372238,26.85921181242655,32.53765461978761
2033-07-14,29.493929630274245,26.627312762662,32.38144600250567
2033-07-15,29.762554411807134,26.90987924225755,32.57049338292428
2033-07-16,29.683721515101663,26.93929586921611,32.54380689885822
2033-07-17,29.640714327521827,26.887515022718222,32.35872539257321
2033-07-18,29.36828701745899,26.484221665040053,32.22999819148009
2033-07-19,29.492485955585067,26.797896939611856,32.208097322046655
2033-07-20,29.295179502922785,26.365427820901814,32.204753021772866
2033-07-21,29.21568042347288,26.292738590157178,32.09995508687147
2033-07-22,29.55327026275915,26.869001755896015,32.46564814259554
2033-07-23,29.545969006291713,26.842762658995923,32.17097407760752
2033-07-24,29.57541451009334,26.884901848198023,32.495932837122126
2033-07-25,29.374705309457912,26.25543609148448,32.2450610816067
2033-07-26,29.568266264668534,26.67108075301811,32.341163908851705
2033-07-27,29.43642125944099,26.73853474596789,32.37875612819599
2033-07-28,29.41705604648851,26.583339863111725,32.026696818509244
2033-07-29,29.808179495613132,26.91910621064042,32.93055861754912
2033-07-30,29.84672557941241,27.065775311500524,32.74761597279249
2033-07-31,29.91345974324976,27.174927201201914,32.90257257796228
2033-08-01,29.74084257635132,27.12397858424782,32.51650921084969
2033-08-02,29.95290972737009,27.193704432033126,32.90252404154173
2033-08-03,29.829851951869582,27.041964049951595,32.45081306019811
2033-08-04,29.80967825247896,27.072681896835658,32.428673587786484
2033-08-05,30.19077043016918,27.53602500019105,32.82049167316077
2033-08-06,30.210671638049245,27.30162970154062,33.121664592686344
2033-08-07,30.250973025171835,27.44548475858565,33.17362672541062
2033-08-08,30.045151998261993,27.133771905938406,32.89290783542541
2033-08-09,30.218421807704345,27.31729668708533,33.02481747562943
2033-08-10,30.052277237057673,27.21796432045736,33.04276764495501
2033-08-11,29.986120351420542,27.2604328111548,32.78134281417118
2033-08-12,30.319775691484693,27.222438599288708,33.260731870064674
2033-08-13,30.292238616212266,27.561556621748263,33.29611066424756
2033-08-14,30.28652200447283,27.70422819149906,33.3283419713414
2033-08-15,30.03745594636518,27.131919675370796,32.87768151500451
2033-08-16,30.171501182157126,27.422677447266995,33.12269918864169
2033-08-17,29.97126203975177,26.94255459693222,32.71746733573354
2033-08-18,29.877083690994706,26.945771281441342,32.75292513269223
2033-08-19,30.189543848939596,27.432010436736554,32.85323848937206
2033-08-20,30.1481831951322,27.465811527759858,32.81253349773332
2033-08-21,30.13634016966271,27.432494933242207,32.84826218381829
2033-08-22,29.888945003021313,27.098445875624304,32.68896350681513
2033-08-23,30.032333817346654,27.107429494627045,32.92254292300933
2033-08-24,29.848768438831442,27.05862093149233,32.46417846625506
2033-08-25,29.77804645923055,26.779218529129164,32.71694042903798
2033-08-26,30.120011222968426,27.521238846324596,32.901606914202404
2033-08-27,30.113305434953,27.29242959262891,33.136152564563474
2033-08-28,30.140233298207626,27.274047707775196,32.811020091103096
2033-08-29,29.934585229537575,27.265738998138193,32.702191042026286
2033-08-30,30.12148506772908,27.383546107385747,32.88365645962096
2033-08-31,29.981944448084555,27.03539134553784,32.778582724159975
2033-09-01,29.954507886616643,27.05491234306983,32.50501061774661
2033-09-02,30.337797258154787,27.68199305707189,33.11684339789775
2033-09-03,30.36929840185152,27.78447235956846,33.03227098738375
2033-09-04,30.430253859506657,27.59137974449786,33.20228342640824
2033-09-05,30.25351497417089,27.436461903306736,33.09445248843302
2033-09-06,30.463412548226383,27.684007518832576,33.31466366007991
2033-09-07,30.340330143871324,27.62796815254043,33.32389143896434
2033-09-08,30.322363118140192,27.60312550791324,33.123717133383444
2033-09-09,30.70787177605847,27.972559983173795,33.51720496363009
2033-09-10,30.734271231735413,27.946355800485595,33.43749327261112
2033-09-11,30.78292199776913,28.10889959256689,33.68527048697959
2033-09-12,30.586974701103752,27.684984550409634,33.243949236153135
2033-09-13,30.7712284434678,28.043141970867367,33.46852833520296
2033-09-14,30.616687344752055,27.933592449737677,33.56262096823854
2033-09-15,30.562198937860913,27.60246400969837,33.47007139504926
2033-09-16,30.90698347709474,27.995675070097526,33.834495923742196
2033-09-17,30.8893975087433,28.039784445546395,33.67994004744737
2033-09-18,30.89179653980562,28.11333349544367,33.76361887270286
2033-09-19,30.648351050218565,27.8932605445872,33.4503674807322
2033-09-20,30.78487621994105,28.11369980118572,33.779188410991814
2033-09-21,30.58336074311739,27.866200860601772,33.407926172330946
2033-09-22,30.483579187805805,27.60382092516132,33.25536323297077
2033-09-23,30.78559768666629,28.192009235660244,33.48894633464793
2033-09-24,30.72851694339512,27.9196822301769,33.29176279154075
2033-09-25,30.695317922332116,27.811107388421927,33.435007069927735
2033-09-26,30.420664879246214,27.571707996219406,33.3325793910889
2033-09-27,30.53072638810586,27.685058995934064,33.29202460833679
2033-09-28,30.307699884064554,27.602202658621078,33.18512294910856
2033-09-29,30.191424191640703,27.219709930480583,33.01147121553204
2033-09-30,30.48188969847148,27.96570198329148,33.62991196831739
2033-10-01,30.417989905356006,27.592287697863295,33.261273103547396
2033-10-02,30.382379346699864,27.51346382898402,33.08079787108971
2033-10-03,30.109292060577644,27.418125318104835,32.941023286016275
2033-10-04,30.224380695554366,27.454095862281093,32.92766524254145
2033-10-05,30.009261136982115,27.013548025426374,32.83176414507014
2033-10-06,29.903146435556017,27.27740006832287,32.70710137890023
2033-10-07,30.205378985766057,27.432936151454292,32.99123699320981
2033-10-08,30.154203968447334,27.25554168521938,32.641057133832554
2033-10-09,30.131648353834688,27.42427441517773,32.95081312506255
2033-10-10,29.871358987174165,27.066185141226303,32.47628532428044
2033-10-11,29.99845924737747,27.368780909372685,32.61307169614799
2033-10-12,29.79410864352779,26.866764027125544,32.58901990080941
2033-10-13,29.697148707870497,26.871794928609837,32.51584691283049
2033-10-14,30.006643814887404,26.980122843615757,32.67019820531073
2033-10-15,29.960659737248417,27.39724747269575,32.832712101218945
2033-10-16,29.941144151269363,27.036074540864597,32.97256239454117
2033-10-17,29.681762650735436,26.913200803747948,32.426531458945995
2033-10-18,29.80774991433159,26.889816096709076,32.72592182860442
2033-10-19,29.60046065750484,26.771783722558425,32.36593214096887
2033-10-20,29.499004094794962,26.961570888802743,32.37561236029855
2033-10-21,29.802770997719737,26.90436389744701,32.48774452581589
2033-10-22,29.75019668682869,26.890805754249243,32.40495179677288
2033-10-23,29.723624752459077,26.815813227297348,32.42628573397238
2033-10-24,29.45712567952259,26.469457301752378,32.33792829187347
2033-10-25,29.576330651783053,26.73372093737126,32.40744203843082
2033-10-26,29.362965789575718,26.364360546393964,32.228578010100065
2033-10-27,29.25647114227795,26.356605780135578,32.08079022417704
2033-10-28,29.556514068598478,26.768853534912687,32.246684357857355
2033-10-29,29.50174082582585,26.753147513407136,32.3468069992133
2033-10-30,29.4746315640558,26.749524744243427,32.528936476374355
2033-10-31,29.209313207929455,26.478841669757127,32.04376507066571
2033-11-01,29.331390704396853,26.58448865823846,32.21756102250786
2033-11-02,29.12248198271638,26.228210729908504,31.92743007018067
2033-11-03,29.02184092660122,26.105111709773993,31.87335984417703
2033-11-04,29.328877857189354,26.708965933143666,32.27210880074628
2033-11-05,29.281921105101063,26.45217359202234,31.87322229492324
2033-11-06,29.263084524193975,26.483834889629083,31.977874828882396
2033-11-07,29.006094996801718,26.175181547249373,32.03710801788781
2033-11-08,29.13613990112418,26.360742341318442,32.0722264479249
2033-11-09,28.93441932061203,26.17987950996398,31.708855835848865
2033-11-10,28.83978668896773,25.955989558822207,31.396192231686758
2033-11-11,29.151286743112877,26.393156027839172,32.13535561079016
2033-11-12,29.10693373677521,26.424689431433915,31.997385595253252
2033-11-13,29.088594162904766,26.434897563346418,32.0437356088194
2033-11-14,28.829827471888947,26.05647530517784,31.70075621311918
2033-11-15,28.955744253660967,26.203741400310722,31.916095171732255
2033-11-16,28.7475662383581,25.971918859645214,31.588633955378207
2033-11-17,28.644271475956593,25.86653355257278,31.78222927852631
2033-11-18,28.945133337875745,26.208367935767438,31.498707738306475
2033-11-19,28.888496176049625,25.99936701559701,31.5797418247764
2033-11-20,28.85665188804526,26.08125644473306,31.682013493363602
2033-11-21,28.58367099400272,25.753922131178204,31.386426927946637
2033-11-22,28.69524792858574,25.797167864647204,31.417007159783772
2033-11-23,28.473245247585005,25.691185090099886,31.27547774504294
2033-11-24,28.35732055490743,25.586278449540423,31.392864974183784
2033-11-25,28.64744532540559,25.880445613486824,31.35945342683439
2033-11-26,28.58265906309458,25.651156518302454,31.362493988000526
2033-11-27,28.545923700319275,25.836972212601832,31.32608762958108
2033-11-28,28.27193253393837,25.29764057514495,31.15554721285198
2033-11-29,28.386934103606567,25.955650862761274,31.309954582272567
2033-11-30,28.17325640366332,25.375252350969777,31.21334866444153
2033-12-01,28.070915894244923,25.250328310474593,31.029321427050004
2033-12-02,28.38012109412652,25.71876750889799,31.11180508282259
2033-12-03,28.340014729271402,25.528615523184705,31.073892191571776
2033-12-04,28.333519787225065,25.617511032277847,31.481193984302397
2033-12-05,28.09514411287661,25.0262336045021,31.087163971023898
2033-12-06,28.250804173460843,25.48733066722801,31.054623617193485
2033-12-07,28.082353481875508,25.28876574082564,30.793572478305567
2033-12-08,28.029200111727146,25.306676867905036,30.900479824705076
2033-12-09,28.390822923959774,25.75215367084083,31.079631638994616
2033-12-10,28.405530189117663,25.466669931878208,31.16083114124731
2033-12-11,28.455325545508515,25.473769981930914,31.250124608997865
2033-12-12,28.273735409740706,25.222226603570448,31.051779758945532
2033-12-13,28.485657853663344,25.900875423489698,31.344464512039554
2033-12-14,28.37191774542279,25.53415734291272,31.180178950162457
2033-12-15,28.370911839027933,25.703024523486555,31.260774212647814
2033-12-16,28.781152647228886,26.032040102474667,31.44832142840129
2033-12-17,28.84005398390543,25.893146562855627,31.556853504568007
2033-12-18,28.928822328916,26.21011302520077,31.607193150524
2033-12-19,28.780307378806533,25.795967628799854,31.46285044552393
2033-12-20,29.018871101185972,26.252400785405154,31.964495737917794
2033-12-21,28.92495947224449,26.18663523025415,31.91224101911253
2033-12-22,28.936760060609913,26.03308657615977,31.846751771963543
2033-12-23,29.352753884536,26.590314949432805,32.250847851807045
2033-12-24,29.410504147038885,26.58160640581954,32.231128826864435
2033-12-25,29.49154585621625,26.622378301113553,32.29493086929488
2033-12-26,29.329229689576614,26.551844036649058,32.32075416550028
2033-12-27,29.54857955803984,26.66714628417288,32.2921101409197
2033-12-28,29.430848326572402,26.782918929976432,32.32457612645494
2033-12-29,29.415155264580115,26.381508309196903,32.21623573253896
2033-12-30,29.801014184479186,26.951889503535153,32.58153223522639
2033-12-31,29.827095511322476,26.98327108069087,32.60417496951263
2034-01-01,29.87608701789188,27.112404736141308,32.621225208658636
2034-01-02,29.682507379507136,26.806253682357195,32.50228768601281
2034-01-03,29.87253284525876,27.24268118992222,32.58286367656771
2034-01-04,29.728522344929825,26.950254374041254,32.49068990572926
2034-01-05,29.690625463491237,26.874595112653008,32.67254873715161
2034-01-06,30.059283071689762,27.200150135396147,32.71465352890133
2034-01-07,30.073964632962333,27.19873953664246,32.61664482681478
2034-01-08,30.118007622688545,27.461915387483586,32.80765480263073
2034-01-09,29.926413819475965,27.251582460536408,32.60875725573897
2034-01-10,30.12566325626794,27.281648578970422,32.85489816501969
2034-01-11,29.998231512850367,27.074900170961797,32.835774229735506
2034-01-12,29.984195004099544,27.080235086924574,32.77006206349748
2034-01-13,30.383734128412677,27.372932958962664,33.123652205256285
2034-01-14,30.435878223197967,27.70323558149549,33.02453831420337
2034-01-15,30.52335754286248,27.5818518724341,33.352238319737395
2034-01-16,30.380416657067205,27.488341981987073,33.0074045658428
2034-01-17,30.63264956433859,27.688768105854933,33.48500506873372
2034-01-18,30.561541593125856,27.712798866831733,33.46073873708761
2034-01-19,30.60610203617154,27.750946050795267,33.286361356285
2034-01-20,31.06539659561009,28.29694811267584,33.870346025233395
2034-01-21,31.17732274324858,28.36216931031794,34.09740139157966
2034-01-22,31.32349233799351,28.73825421450703,34.0462678618445
2034-01-23,31.237075019538263,28.505011112531005,34.100376611727775
2034-01-24,31.542661815044827,28.694946892240484,34.16916695407741
2034-01-25,31.520833218263807,28.553427957219856,34.517537810985246
2034-01-26,31.609814943705015,28.746133815755925,34.33250834487863
2034-01-27,32.108029781462434,29.305168863387,34.91826879344047
2034-01-28,32.25288811571297,29.457079113904694,35.13782109692461
2034-01-29,32.425681033916305,29.5713083491958,35.11237604768425
2034-01-30,32.35942926938907,29.529896734557205,35.10357504689856
2034-01-31,32.67874728426994,29.836646993737382,35.39102609163165
2034-02-01,32.66440677287886,29.465722326354843,35.327191623092006
2034-02-02,32.75498295839245,29.85727766029133,35.37885066487229
2034-02-03,33.24939242303079,30.44686210543552,35.93611532619162
2034-02-04,33.38566548441929,30.674029198906613,36.200193748567834
2034-02-05,33.545817616101395,30.65894417005063,36.436905881873344
2034-02-06,33.463673830082875,30.778832027534342,36.416609471358264
2034-02-07,33.76470608754293,30.993526938063532,36.45472307293754
2034-02-08,33.730568837963396,30.95295117773307,36.265594234096746
2034-02-09,33.80071691623154,30.716145852433655,36.62059904878138
2034-02-10,34.27491540526528,31.497408069085516,36.99528217341565
2034-02-11,34.39198532866062,31.52300482477241,37.00995885353527
2034-02-12,34.53465048200267,31.625099000950094,37.32006688795047
2034-02-13,34.43734006580426,31.499877088209892,37.29260901322426
2034-02-14,34.72600784303098,31.866544342797553,37.71908540715213
2034-02-15,34.68265347026697,31.83281231902877,37.575446212628115
2034-02-16,34.746930656082675,31.995419763979022,37.59059186465384
2034-02-17,35.21865204047843,32.32110810781294,38.239241963475926
2034-02-18,35.33653479965225,32.560349215317515,38.098297759491366
2034-02-19,35.48305227372138,32.69859654137736,38.20406396758776
2034-02-20,35.392246118432716,32.503677358022706,38.31251744763337
2034-02-21,35.68955939604395,32.974935690264914,38.65724242377511
2034-02-22,35.65637580972145,32.939480822198306,38.39915503512583
2034-02-23,35.73164916684326,32.85595715831565,38.52003344668576
2034-02-24,36.21443229049608,33.461796792730354,38.97973726969127
2034-02-25,36.34264862291468,33.66192171355972,39.05934506076175
2034-02-26,36.49797099499182,33.64728141161555,39.36077223529199
2034-02-27,36.413661201702226,33.77910959469397,39.329516626239474
2034-02-28,36.71442992580059,33.85013635868124,39.630706153117195
2034-03-01,36.68100135666508,33.89607148318625,39.449903388263905
2034-03-02,36.75176577384236,33.98223912124419,39.65670197882433
2034-03-03,37.22532856569878,34.463007534467174,39.86285238251872
2034-03-04,37.33929826835552,34.581454623188826,40.26454192606297
2034-03-05,37.47517755148633,34.61478239786836,40.27475597933674
2034-03-06,37.366210371712626,34.51288548535459,40.10451989032318
2034-03-07,37.63724455899239,35.03581485441083,40.53449132231087
2034-03-08,37.569294057390834,35.004044523071514,40.15894646415162
2034-03-09,37.60118412066211,34.98349519224091,40.49880476787121
2034-03-10,38.03208812045409,35.31260052887297,40.83831738426445
2034-03-11,38.10029889150019,35.240831939300236,40.961442106532495
2034-03-12,38.18809902226766,35.401586651663735,41.19247517417251
2034-03-13,38.02958392258935,35.18100411245612,40.83598256565994
2034-03-14,38.25049765582105,35.30396027274375,41.1295327930285
2034-03-15,38.13276656921385,35.432347308086705,40.92910907459051
2034-03-16,38.116114901398916,35.206238002937724,40.81428555186681
2034-03-17,38.50057194311295,35.66793749252972,41.277846977727776
2034-03-18,38.5252146062693,35.68107500238231,41.64647675029331
2034-03-19,38.57301072454031,35.866367548661415,41.257321945765476
2034-03-20,38.37861778785744,35.692049099135915,41.284416407080236
2034-03-21,38.568197898458585,35.63151146389431,41.476039730636074
2034-03-22,38.4239346865057,35.72145512105899,41.23001340479082
2034-03-23,38.38563695039483,35.38398355401823,41.04119363968075
2034-03-24,38.753239047158004,35.86038564992152,41.50877829682365
2034-03-25,38.76554218510476,35.874640305924295,41.598058695217745
2034-03-26,38.805062076295876,35.93853326031309,41.71204903597823
2034-03-27,38.605837617102374,35.72121632031708,41.39925070283683
2034-03-28,38.793261180840275,35.949814614842836,41.68902563946561
2034-03-29,38.648615891593444,35.75250009378938,41.15426915043294
2034-03-30,38.61070411931806,35.9548934149658,41.30305079006763
2034-03-31,38.97837655418282,36.222075903228216,41.713585835813085
2034-04-01,38.989305220851904,36.24983924210277,41.83934525979564
2034-04-02,39.024864996761046,36.31105542897276,41.78822875438348
2034-04-03,38.8179773322961,35.923520208045126,41.628047066834874
2034-04-04,38.99297573765244,36.45525613448456,42.01161024535271
2034-04-05,38.83017736678397,35.88969769878714,41.45458876424936
2034-04-06,38.767543910752615,36.12098012694018,41.62766438030702
2034-04-07,39.10324017201165,36.28410566942212,42.01097242596713
2034-04-08,39.07443276453858,36.24011575224897,41.93027335293869
2034-04-09,39.0621926864781,36.30888712261096,41.908414249202984
2034-04-10,38.799354769249696,36.01095622152304,41.55736084190518
2034-04-11,38.910393018891305,36.11760230015437,41.56537776272647
2034-04-12,38.67599579383792,35.77011888122056,41.434858487513324
2034-04-13,38.5347238209218,35.52952129981632,41.261015848998326
2034-04-14,38.78555939445301,36.089207128929495,41.58984977331037
2034-04-15,38.666689363266556,35.78897097015121,41.529225370858434
2034-04-16,38.56038599642793,35.58214787179669,41.10711751217893
2034-04-17,38.20083925164757,35.23860379147199,40.96688693465666
2034-04-18,38.21400014541041,35.47356694967441,41.175853527277496
2034-04-19,37.882119997205294,35.16308581089529,40.62856365499048
2034-04-20,37.64536950080536,34.65171116638439,40.27252426885122
2034-04-21,37.8043470153262,34.943897303302414,40.59161339950371
2034-04-22,37.5988197967237,34.70852681229474,40.34146296558891
2034-04-23,37.41256341276202,34.59812520243534,40.360230854480974
2034-04-24,36.98115402201975,34.22040746023099,39.78386896394132
2034-04-25,36.931774343576016,34.17451427569271,39.43355361196486
2034-04-26,36.547719156449816,33.58727299124826,39.335123326629954
2034-04-27,36.26998525630184,33.50651008174861,39.09162448762559
2034-04-28,36.39975611646836,33.64183010657424,39.100246574371724
2034-04-29,36.17712568263222,33.287780388183364,39.08284817851109
2034-04-30,35.985927085989005,33.195960982015244,38.74081172153843
2034-05-01,35.56152131375793,32.70748400929037,38.180924384487426
2034-05-02,35.530606826978335,32.771705425270376,38.32337155234999
2034-05-03,35.1757359266857,32.26524975448828,37.9809184275336
2034-05-04,34.93692255661378,32.1690459677057,37.71974915333074
2034-05-05,35.1141513537531,32.199233357696706,37.95563068176642
2034-05-06,34.94613175505375,32.19957864877694,37.75731044736291
2034-05-07,34.81516215500925,31.854596507888623,37.766075871165654
2034-05-08,34.45495821483273,31.52755608794788,37.070703061022506
2034-05-09,34.49050525244681,31.73532182064958,37.44974686678867
2034-05-10,34.20261936016451,31.45096100577187,37.02034501151317
2034-05-11,34.02960072221952,31.10392356442714,36.83350147832892
2034-05-12,34.269787699539805,31.427665617147998,37.051771981383
2034-05-13,34.160354252917266,31.39568233807578,36.900168608722865
2034-05-14,34.082214503473224,31.362535646417964,36.73439631986117
2034-05-15,33.76788741053932,30.89246727291564,36.50415721837536
2034-05-16,33.8413804823141,31.14003276797983,36.609853966650995
2034-05-17,33.582776288052884,30.96753322397834,36.49927212457744
2034-05-18,33.42990452659965,30.836359415627044,36.4736670197516
2034-05-19,33.680907682981704,30.731727023149375,36.27390318078216
2034-05-20,33.5730425056384,30.53212263539603,36.47341380659998
2034-05-21,33.4875809722586,30.553049423978003,36.470319468855934
2034-05-22,33.15766380517619,30.40456035593923,35.9026383977559
2034-05-23,33.20816574292926,30.27828413568732,36.01805583813881
2034-05-24,32.92025683087128,30.07224915150375,35.78370136959104
2034-05-25,32.733043169581144,30.033946557366264,35.54890506115297
2034-05-26,32.94609600779282,30.128108740611854,35.503679714511115
2034-05-27,32.79821241541283,30.008209754831782,35.72492039358083
2034-05-28,32.6722723276138,30.012991951008065,35.493402423471274
2034-05-29,32.3030462331847,29.579929872394477,35.33001012908778
2034-05-30,32.31701398149346,29.280281002442646,35.19446504878975
2034-05-31,31.996880258883312,29.268275908041726,34.89009194355585
2034-06-01,31.783171445510902,28.920487778901684,34.631324199200165
2034-06-02,31.976723960480896,29.306521522458425,34.95712812952004
2034-06-03,31.817408466450022,28.975461786802104,34.83066428906227
2034-06-04,31.688955743208805,28.62649321660722,34.45440789585526
2034-06-05,31.32673937605794,28.447847813790915,34.39141273556566
2034-06-06,31.35757643559637,28.51685252745585,34.11607739038234
2034-06-07,31.064232211832042,28.14921625068401,33.94030406782588
2034-06-08,30.8870140210628,27.963673212334285,33.814497104288385
2034-06-09,31.126264287242435,28.433165659908976,34.05726612243591
2034-06-10,31.021097146702132,28.08508918154313,33.83492194520498
2034-06-11,30.95424405026031,28.163510943341983,33.799359129666115
2034-06-12,30.659862969292146,27.848536620509883,33.35894671241205
2034-06-13,30.76337165415621,27.96912414976325,33.592323390714334
2034-06-14,30.545990110991344,27.928043710694894,33.32102809155061
2034-06-15,30.446376274610916,27.672998408515898,33.488940914854574
2034-06-16,30.76316392372302,27.970908099732174,33.52620098821651
2034-06-17,30.733745849200687,28.02721264597481,33.476565202278834
2034-06-18,30.73916646318125,27.928423694608444,33.48668549268468
2034-06-19,30.511977156944113,27.72989439259195,33.486263033281425
2034-06-20,30.676113581252952,27.807916202200637,33.4676628121653
2034-06-21,30.511478799700814,27.82135345538008,33.176079107657884
2034-06-22,30.455615170446602,27.66244103484207,33.35581253959726
2034-06-23,30.806273004531622,28.140005715216777,33.479097933191944
2034-06-24,30.800218165247788,28.082168781605205,33.43157090182831
2034-06-25,30.818142125510363,27.91307796593345,33.58602885331926
2034-06-26,30.592527314049885,28.020777807608518,33.46355567661225
2034-06-27,30.7475266536874,28.03411067729734,33.526891100896606
2034-06-28,30.56354118587757,27.886673252451263,33.13556359632254
2034-06-29,30.47887879569533,27.577235346390687,33.565926376285034
2034-06-30,30.792302454632456,27.973196958041804,33.347286106555494
2034-07-01,30.74181071471148,28.030689107283916,33.43122946697651
2034-07-02,30.709514723345393,27.86055530370075,33.41730717840099
2034-07-03,30.429465504505384,27.70403533382793,33.23327811085454
2034-07-04,30.52749146069948,27.90091772711175,33.135708441668974
2034-07-05,30.28573114802837,27.445590001051794,33.01450330388865
2034-07-06,30.144245571114336,27.162402250642096,33.05492097407911
2034-07-07,30.403519687923637,27.463223385021756,33.2967255348711
2034-07-08,30.303197135222163,27.50053061619612,32.95701076005809
2034-07-09,30.226913690483993,27.282508444134038,33.11427819671827
2034-07-10,29.910084396889257,27.004931537633652,32.71672123017548
2034-07-11,29.979705389035725,27.337458912794922,32.96193306419573
2034-07-12,29.718856427269955,26.853991020639945,32.41756666277045
2034-07-13,29.568289189392278,26.81107517969501,32.300011994369754
2034-07-14,29.828911636578542,27.087943064476473,32.6579156823403
2034-07-15,29.74051289918405,26.845366455114032,32.382040935079594
2034-07-16,29.68659443017789,27.016190889629282,32.638468194049864
2034-07-17,29.40216237615443,26.496845607705698,32.15932134799991
2034-07-18,29.513542018785234,26.71282023774967,32.433456725391416
2034-07-19,29.30289990777823,26.48326138028605,32.19746192227812
2034-07-20,29.209858157184417,26.403312463807335,32.00649358504422
2034-07-21,29.534010471766837,26.443466817992437,32.38275862761475
2034-07-22,29.513683447769598,26.580084688884824,32.47541263767705
2034-07-23,29.530807869013213,26.705730959528108,32.320065696680125
2034-07-24,29.31875382549512,26.648777912602213,32.11176916883556
2034-07-25,29.502189320194482,26.763329073091416,32.40393071413369
2034-07-26,29.361646767234923,26.54924247569636,32.11805442526862
2034-07-27,29.335180638458986,26.4377435778978,31.831724706465184
2034-07-28,29.72092464747173,26.923308550629283,32.61196826171291
2034-07-29,29.755890907230544,26.953315502392776,32.749421433462054
2034-07-30,29.820874773853376,27.030052411848246,32.755408597356805
2034-07-31,29.648318322684887,26.6139667571503,32.560670374114295
2034-08-01,29.862191392088533,27.117206386522508,32.70310872837589
2034-08-02,29.742574037829066,27.101187408893693,32.56256489504255
2034-08-03,29.727323279114763,26.78865036380548,32.56943955708257
2034-08-04,30.114632342595282,27.11635199351435,32.758156694020236
2034-08-05,30.14182485438436,27.2040019428267,32.97297080041396
2034-08-06,30.190247901433384,27.625706888960654,33.1371010734502
2034-08-07,29.993117304051264,27.133858804638198,33.00315904283874
2034-08-08,30.175374605187407,27.231609149384933,32.854128414065
2034-08-09,30.018240346286362,27.178794590645424,32.95584154275833
2034-08-10,29.960847372758742,27.197699124921343,32.64514832537198
2034-08-11,30.30276334683446,27.85335104923399,33.17961769799977
2034-08-12,30.282745970699562,27.507827878045646,32.82264702969617
2034-08-13,30.283595944811662,27.499273986921807,32.937766340656864
2034-08-14,30.0399621263399,27.174464667111224,32.79238249628442
2034-08-15,30.178159503986038,27.33672621223032,32.973608631023176
2034-08-16,29.980685626263874,27.214452663836894,32.883003858796485
2034-08-17,29.887820220480307,27.086767334920395,32.57204350812684
2034-08-18,30.20011807419774,27.432397528543415,33.00910353298955
2034-08-19,30.157139451661664,27.655129077991162,33.10228113089332
2034-08-20,30.142283695209155,27.208649600064483,32.970333215412246
2034-08-21,29.890580940939838,27.0400050332079,32.57882737380346
2034-08-22,30.028502857506098,27.241787371656326,32.788962846991005
2034-08-23,29.838478159552388,27.08268945581609,32.720016976196874
2034-08-24,29.760497568334433,27.064920231989905,32.45781720851496
2034-08-25,30.094618051416866,27.37365686300505,32.902331606049124
2034-08-26,30.079710207979108,27.501970996455288,32.78779510116922
2034-08-27,30.098313891199933,27.297771655375048,32.93926013746494
2034-08-28,29.88445630386979,27.13148299005999,32.597917924467794
2034-08-29,30.063492669766493,27.37907995061791,32.829128806838945
2034-08-30,29.9166543373519,27.318301833772843,32.77647736230106
2034-08-31,29.882688031412613,27.14806538627235,32.70793646734506
2034-09-01,30.260395093912354,27.66098074229292,33.15738121976156
2034-09-02,30.287413585051098,27.420158468214776,32.936963665008
2034-09-03,30.345107364097945,27.623151990091877,33.09129092988737
2034-09-04,30.166415465533944,27.27404556221318,33.02162987949296
2034-09-05,30.37572102934059,27.430743942503117,32.859930917748265
2034-09-06,30.253423898381726,27.474459467457788,33.036593953821246
2034-09-07,30.237599974955014,27.46787910726798,33.30334494653619
2034-09-08,30.626555690472877,27.68629565894166,33.2970848835812
2034-09-09,30.657620120164673,27.728810292773236,33.4454065570056
2034-09-10,30.712038679152823,27.931223852718443,33.470465246637694
2034-09-11,30.522821690786454,27.626663863161212,33.31298018051157
2034-09-12,30.714607218364677,27.86093388737794,33.492122585812865
2034-09-13,30.568222555997654,27.698743757928643,33.223617307439646
2034-09-14,30.522327893305825,27.573143917097273,33.42869095255041
2034-09-15,30.875951055724556,28.025281371792627,33.77611176114579
2034-09-16,30.86725650719511,28.111184830607655,33.63931677391076
2034-09-17,30.878413292503726,28.032354512400147,33.87224967496672
2034-09-18,30.643416013851994,27.7553058841132,33.64173737808501
2034-09-19,30.787919074493917,27.822607065011418,33.592945747550615
2034-09-20,30.593769439315235,28.040148092436855,33.54684908379312
2034-09-21,30.500622268102337,27.69216936269661,33.31593080335612
2034-09-22,30.8084491264172,28.0037057143909,33.68956537687223
2034-09-23,30.75628270287218,27.915512388780343,33.513759465938385
2034-09-24,30.72706336973876,28.171538011014114,33.71585261043756
2034-09-25,30.4554422406123,27.49687856861634,33.349369509186495
2034-09-26,30.567601401429027,27.802980281877453,33.35766479733981
2034-09-27,30.34577688120878,27.483132214406677,33.08694842750557
2034-09-28,30.22986890052026,27.38658145926127,33.00380970117654
2034-09-29,30.519949147396883,27.582124508196475,33.378344602121615
2034-09-30,30.455008917942187,27.526683069238306,33.29490017475581
2034-10-01,30.417813235968712,27.609760362972164,33.3385079745935
2034-10-02,30.14271526071002,27.417922404020228,32.96030417156874
2034-10-03,30.255491205071237,27.460409941714467,33.142703146781955
2034-10-04,30.037880783608934,27.401337861655083,32.932099339705196
2034-10-05,29.9292171062916,27.100588877889866,32.7906427017553
2034-10-06,30.22895509170612,27.368335982340458,32.94091985231526
2034-10-07,30.175441528694044,27.51058395685968,32.91150024025882
2034-10-08,30.150791183052032,27.456737957372766,32.831831386143485
2034-10-09,29.888722553905673,26.84809889966487,32.515181543947925
2034-10-10,30.01441283287795,27.078925484709227,32.92424363060197
2034-10-11,29.80905647176136,26.927250210030692,32.659422304820545
2034-10-12,29.71151073554505,26.784545603501,32.273469117501975
2034-10-13,30.0208368656346,27.12599784558917,32.52532106899659
2034-10-14,29.97507963672132,27.2813327030751,32.909979329713245
2034-10-15,29.956149471283158,27.308668682579228,32.825657798415556
2034-10-16,29.697660602328924,26.735242260918064,32.47446256221657
2034-10-17,29.824784844362263,27.117576582271273,32.715204334327225
2034-10-18,29.618805503931352,26.873218823419563,32.430789684276384
2034-10-19,29.518755045698153,26.675734797984212,32.45349919626737
2034-10-20,29.823945481976136,26.94805844064891,32.66538266565162
2034-10-21,29.77273470410557,26.89352179833641,32.60340806190062
2034-10-22,29.747393430949828,26.95630936312486,32.625454095944264
2034-10-23,29.481926835360856,26.63884649660909,32.32226450156162
2034-10-24,29.601911018269917,26.960546701776657,32.44555154676366
2034-10-25,29.38902949058103,26.5468795207921,32.3176340755959
2034-10-26,29.282693905592133,26.67596884297686,32.13708516025457
2034-10-27,29.58255861406177,26.84907038364493,32.40120361231553
2034-10-28,29.527272821839443,26.9931803665004,32.43463969627149
2034-10-29,29.499335525808462,26.708182646758022,32.368507728065005
2034-10-30,29.23290771207699,26.430620701313973,32.14155399376284
2034-10-31,29.353642317909877,26.558534865987383,32.20596128869986
2034-11-01,29.14321734740768,26.26140388927803,32.07077087554496
2034-11-02,29.040956504064184,26.370881543976044,32.02427618997443
2034-11-03,29.34634691940091,26.363869980250435,32.24293192028617
2034-11-04,29.297797651154752,26.55851991123936,31.99146585393604
2034-11-05,29.277503910451273,26.29445858565525,32.21660135176807
2034-11-06,29.019271182630412,26.38402236724607,32.032879093977286
2034-11-07,29.148359331629116,26.37970787501409,32.091013708738174
2034-11-08,28.94603158738299,26.284906706645156,31.76342496318117
2034-11-09,28.851192225934888,25.785428326832807,31.651403881553488
2034-11-10,29.162921923332988,26.343905216211066,32.06590978750531
2034-11-11,29.119253833586658,26.238045040837545,31.833733195501
2034-11-12,29.10205472230422,26.374320763540993,32.153256001664595
2034-11-13,28.84486470913102,26.056039834536488,31.759074634251395
2034-11-14,28.972755133809343,26.180575865438488,31.788051914886125
2034-11-15,28.76688892601127,25.912450213634287,31.516688199487188
2034-11-16,28.666166842635754,25.84750347205297,31.416671653352328
2034-11-17,28.969768196244488,26.082156310612604,31.72865965474338
2034-11-18,28.915928868613356,26.175641077507475,31.75276363827191
2034-11-19,28.886820795264384,26.10235166549067,31.697168206759354
2034-11-20,28.616386444775216,25.93866818902264,31.502273104310625
2034-11-21,28.730187896980574,26.09191961080287,31.717039179020496
2034-11-22,28.509955106671757,25.667100015364632,31.512493979324848
2034-11-23,28.395217034805523,25.62696655904318,31.35890109074435
2034-11-24,28.685824692151698,25.907085967458123,31.42858704545405
2034-11-25,28.620709401498384,25.543915027186383,31.4313741519856
2034-11-26,28.582741051978513,25.705380443780015,31.370341324355586
2034-11-27,28.30654051493481,25.465284823509545,31.09296511576853
2034-11-28,28.418306509346785,25.61410414102161,31.27172475659172
2034-11-29,28.200342204463826,25.533417743061353,30.808089893714943
2034-11-30,28.09266593806672,25.24773445997869,31.060454636133446
2034-12-01,28.395515765225788,25.491359159970525,31.195522559782738
2034-12-02,28.348091765772043,25.617267229149665,31.132416875968325
2034-12-03,28.33340143841925,25.439338922672196,31.176553272253226
2034-12-04,28.086062819474627,25.251390226540916,30.78865867964505
2034-12-05,28.232125981133986,25.446018029683124,31.04913636908265
2034-12-06,28.05359844990845,25.231994524155123,30.835955704627033
2034-12-07,27.99005905304389,25.210122988424697,30.780183673102435
2034-12-08,28.341169908265186,25.54999382338395,30.93106831927228
2034-12-09,28.34543035486754,25.64100347971014,31.208535863613477
2034-12-10,28.385037895474376,25.558647632634955,30.920553661180307
2034-12-11,28.19371040561618,25.552395400151383,31.13404974114829
2034-12-12,28.396529773175015,25.672966865690732,31.137567197809688
2034-12-13,28.274491916557448,25.47481808285234,31.154643005213764
2034-12-14,28.266147015742135,25.377416360910477,31.11608106153524
2034-12-15,28.67013893490969,25.95573999931234,31.83666947766123
2034-12-16,28.723986856562433,25.882596143728787,31.532027649996
2034-12-17,28.808973399572857,25.98016623888231,31.70016921553913
2034-12-18,28.657992686126565,25.828822246107247,31.455230429751122
2034-12-19,28.89541775584088,26.087286891340003,31.71040551138025
2034-12-20,28.801671563415834,26.02411796605289,31.694875421409463
2034-12-21,28.81488475432121,26.108974645346567,31.691823882523863
2034-12-22,29.23344865019578,26.393455246982764,31.88360490849745
2034-12-23,29.294806026276678,26.604172905305283,31.84891479153372
2034-12-24,29.380343639168817,26.567024374043136,32.23187873694311
2034-12-25,29.223239789595514,26.49143915778638,31.921235210083367
2034-12-26,29.448326278210494,26.587700536226592,32.03060724931289
2034-12-27,29.336649093220334,26.481122581857512,32.117730952727264
2034-12-28,29.32711126741023,26.250823141263197,32.003238481677556
2034-12-29,29.719006713916524,26.90225378338368,32.40658253269558
2034-12-30,29.75078812537506,26.960853212095387,32.6641263278269
2034-12-31,29.804933507897086,26.80852099260802,32.3719698895854
2035-01-01,29.615765341210846,26.7251635074554,32.63458729376687
2035-01-02,29.809282503575474,26.912732130850454,32.58939600066298
2035-01-03,29.667690132004562,26.559747877327247,32.451851892030554
2035-01-04,29.631011714747586,26.900341229237792,32.302798119170234
2035-01-05,29.999593087327916,27.15657437555158,32.73974084577179
2035-01-06,30.012842256425717,27.322904813566876,32.73590479405905
2035-01-07,30.05407041567103,27.209754232162844,32.795063866172036
2035-01-08,29.858288867418523,27.25108616605136,32.77265631357984
2035-01-09,30.0520226202553,27.19340004254035,32.799312650716395
2035-01-10,29.917826354049794,27.24616509786965,33.00885656088304
2035-01-11,29.895887445103515,27.139315051093998,32.58994062283893
2035-01-12,30.286525981015238,27.459893060337897,33.0350175200846
2035-01-13,30.32893580237954,27.373765396785583,33.021458146573735
2035-01-14,30.406031899517465,27.584794708321382,33.20808488705155
2035-01-15,30.25225869397409,27.494735536202267,33.078251558545595
2035-01-16,30.493419647246192,27.61601316513224,33.3496446548724
2035-01-17,30.41121342729256,27.518881471080025,33.19941001226009
2035-01-18,30.444860743628976,27.942889179537776,33.19063719171776
2035-01-19,30.89363109498485,28.168237814099715,33.4951184258845
2035-01-20,30.995612697293275,28.253016662507612,33.83476292074547
2035-01-21,31.13259008925533,28.132592499318275,34.014725458256414
2035-01-22,31.037883077247002,28.56983886505531,33.85882875388163
2035-01-23,31.33620658217437,28.59834599993223,34.308386831430816
2035-01-24,31.30823575304576,28.467783064889208,34.042482056685856
2035-01-25,31.392259631647043,28.57884068402921,34.06540324890235
2035-01-26,31.886731849613625,29.144273913716155,34.52820706037308
2035-01-27,32.02906094901438,29.296896830675323,34.672762316148926
2035-01-28,32.200504253108114,29.48026220197831,34.8544979833498
2035-01-29,32.13401850112324,29.47335580557652,35.10976407829936
2035-01-30,32.45412649771349,29.777186596176364,35.21502248988889
2035-01-31,32.441483974924466,29.760558692067796,35.14281309117676
2035-02-01,32.53452993395615,29.58895708488785,35.245010683854744
2035-02-02,33.03202908117715,30.211921389328946,35.915125459850586
2035-02-03,33.171849228785256,30.484068755304325,36.02585145287888
2035-02-04,33.33583800373963,30.55246574241202,36.141038267935
2035-02-05,33.25765262093598,30.499830022057733,36.0105266594465
2035-02-06,33.5626026222145,30.649992614787394,36.388765635776906
2035-02-07,33.532190519200256,30.94110996266025,36.50911693944877
2035-02-08,33.60573441451627,30.75088990444094,36.31393723150215
2035-02-09,34.08288206570468,31.342418646591813,36.81633056472532
2035-02-10,34.202360129422075,31.50000497215782,37.147064411415585
2035-02-11,34.34682378765478,31.619082607817273,37.28870931305981
2035-02-12,34.250661335249426,31.4359378798185,36.731370110441176
2035-02-13,34.53981439402719,31.610151731108186,37.19334614133002
2035-02-14,34.49629937235312,31.668893801596408,37.094956894446675
2035-02-15,34.559814822192855,31.737680801417774,37.45800117166372
2035-02-16,35.03024461460649,32.1454928786115,37.861583767159935
2035-02-17,35.1464009929211,32.355588371641126,37.94888289239055
2035-02-18,35.29087288235876,32.47220657055876,37.95098158555166
2035-02-19,35.1978340622372,32.25317559667106,37.830989086944946
2035-02-20,35.49287174153638,32.611314135508465,38.21732344400638
2035-02-21,35.45752088473144,32.2718470085073,38.3255075562657
2035-02-22,35.53088852831346,32.65952473796593,38.15690724958329
2035-02-23,36.01217747020286,33.073378817644176,38.791092487315225
2035-02-24,36.13945274151348,33.33282242330703,38.91756558618015
2035-02-25,36.29451549835725,33.73738919659546,39.08272671024105
2035-02-26,36.210738129760806,33.291330714520164,39.171194572690645
2035-02-27,36.51292026829617,33.77466123098295,39.5179689684467
2035-02-28,36.481850177892476,33.73198332344328,39.42955229899014
2035-03-01,36.55595489546022,33.718675400133826,39.352261127062626
2035-03-02,37.03384767982227,34.10025333553959,39.774404082703576
2035-03-03,37.15311540956721,34.422581141046415,39.924105648423414
2035-03-04,37.29520988424578,34.55565352399202,39.95616876831369
2035-03-05,37.193296247958216,34.3901189988126,39.81443896633503
2035-03-06,37.472117769239624,34.72778642116724,40.23518206526751
2035-03-07,37.412561138193674,34.580787738857865,40.308777231931934
2035-03-08,37.45330549346888,34.60789910495843,40.280187475876104
2035-03-09,37.893363724231754,35.029405387528804,40.47657585268684
2035-03-10,37.970858837166176,35.431717098066315,40.838290205850996
2035-03-11,38.06789964497344,35.24831614816998,40.76848883265517
2035-03-12,37.91840944264845,35.5118799650637,40.71087316226313
2035-03-13,38.14796748557672,35.380829980735804,41.11605195947967
2035-03-14,38.03834812651961,35.26625022442067,41.08480316769335
2035-03-15,38.02914161605164,35.22775114224652,40.6157032179793
2035-03-16,38.42026597582167,35.516312008304126,41.270451078292986
2035-03-17,38.45071364571209,35.569187673894405,41.319622638334565
2035-03-18,38.50339809148204,35.546951766718834,41.353838947432386
2035-03-19,38.312954960653094,35.58761345174555,41.13963198551428
2035-03-20,38.50555848501603,35.41690168360306,41.51688223510141
2035-03-21,38.363438807085615,35.33164582161558,41.099405336767816
2035-03-22,38.32648496549638,35.341148669009506,41.15759587546965
2035-03-23,38.694743566469285,35.781841610545065,41.46695924435469
2035-03-24,38.7071573273936,35.824411661006934,41.37308597257643
2035-03-25,38.74640901548814,35.77900975180683,41.644573819188935
2035-03-26,38.54672554506123,35.65383955124199,41.49721276459862
2035-03-27,38.73370294003879,36.01723227228898,41.47127235850009
2035-03-28,38.58883767761023,35.799151822125836,41.55773889905649
2035-03-29,38.551148819767,35.84281852400493,41.35859598646541
2035-03-30,38.91970047269502,36.06273425249579,41.743420965107
2035-03-31,38.93236812670589,35.9497265502031,41.8141899963558
2035-04-01,38.97071363732688,36.04371053597214,41.737622410653174
2035-04-02,38.76782274072741,36.05748590000707,41.732654615150835
2035-04-03,38.94816485655831,36.13268352175576,41.7501119117145
2035-04-04,38.79215968430869,35.85877204687668,41.48857161559496
2035-04-05,38.73783396329486,36.04128704561742,41.63440302237308
2035-04-06,39.083376902862824,36.44736349676642,42.033266499617184
2035-04-07,39.06593683596983,36.279697517032126,41.69792793582323
2035-04-08,39.066522920533075,36.39755751058781,41.71889652378085
2035-04-09,38.817864937407876,36.09889433818526,41.61054567364625
2035-04-10,38.94429021096329,36.30058682446161,41.68585038896276
2035-04-11,38.72630157136694,35.85814172048345,41.583252803755876
2035-04-12,38.60223930033216,35.78681809395231,41.4461935288021
2035-04-13,38.87083531156372,36.191792088468766,41.70404708054774
2035-04-14,38.77000204585459,35.898228962731075,41.46779000715629
2035-04-15,38.68172001870244,35.640322040666234,41.64387266027297
2035-04-16,38.339877367710365,35.512294429306245,41.21103558881191
2035-04-17,38.370120902983196,35.5720230022518,41.07559998295913
2035-04-18,38.05440322347521,35.204437903149746,40.84467973500578
2035-04-19,37.83260963501722,35.00449378110629,40.6428110094158
2035-04-20,38.00507404386426,35.406047557129185,40.79407183226292
2035-04-21,37.811327332155926,34.837111199724305,40.42105178335601
2035-04-22,37.634943254689574,34.837082853040584,40.32428996870632
2035-04-23,37.21133635057687,34.51731095217848,40.038174499711985
2035-04-24,37.16757253147177,34.26022842643131,40.06145078987486
2035-04-25,36.7868780473433,33.97307890242334,39.48382813101799
2035-04-26,36.51023165029274,33.73055150023563,39.255465213870735
2035-04-27,36.638850130741794,33.949915204347406,39.57981418479492
2035-04-28,36.412911619200194,33.61859100069842,39.35266724705088
2035-04-29,36.21638244028288,33.36419766160271,38.873565907991456
2035-04-30,35.78480259780026,32.8805119946584,38.71468166607715
2035-05-01,35.74509095811647,32.91419045681749,38.6472693494264
2035-05-02,35.38005604549236,32.54100995196922,38.43558166812922
2035-05-03,35.12999728262789,32.298448059890504,38.04656557844092
2035-05-04,35.29520666136247,32.45084393906992,38.160242880268285
2035-05-05,35.11471484928646,32.282599503246196,38.08372279457653
2035-05-06,34.971146942972595,32.112561261659195,37.879459336910195
2035-05-07,34.598542196955684,31.884451578763066,37.52813435408004
2035-05-08,34.62219789230723,31.831606027708588,37.473176737835395
2035-05-09,34.323222225894035,31.454460317548538,37.458951026939005
2035-05-10,34.140179919737,31.424003422240116,36.85549494010064
2035-05-11,34.37163933181122,31.473309524629844,37.20071805974019
2035-05-12,34.254963833899595,31.25035894934695,37.15982202876423
2035-05-13,34.17121142500814,31.18692962472042,37.01680510935611
2035-05-14,33.85299570019697,31.063956202155484,36.792887679799605
2035-05-15,33.92436719613855,31.114560841426233,36.627536678816064
2035-05-16,33.665398951135884,30.80222760404971,36.77898624186773
2035-05-17,33.513859064444524,30.73628405475429,36.27130504759665
2035-05-18,33.76777827659741,30.685633115598083,36.544779686084944
2035-05-19,33.66425475351056,30.95704970002706,36.52560498311317
2035-05-20,33.584359653918156,30.784931741083376,36.225228624009226
2035-05-21,33.26099641646022,30.642223324885457,36.12601108485354
2035-05-22,33.31877281554626,30.39064264900397,36.29642916976356
2035-05-23,33.03856986284781,30.373293511593218,35.80169585122268
2035-05-24,32.85919078369498,30.264125531116303,35.77833383356401
2035-05-25,33.07989872805254,30.27515200056673,35.71126421620381
2035-05-26,32.93918621317224,30.158347617032984,35.863706334712276
2035-05-27,32.81964084585068,30.029195113345125,35.80441773555517
2035-05-28,32.455761356422016,29.571974209057775,35.16032535145859
2035-05-29,32.47378418664499,29.813251855361344,35.14038169416341
2035-05-30,32.15620596540747,29.459941085960914,35.06314522404449
2035-05-31,31.94338638780611,29.187682624187836,34.76872456004008
2035-06-01,32.136041436832876,29.339029352123234,34.93179258369853
2035-06-02,31.973971181904723,29.222349163993236,34.69755276317971
2035-06-03,31.840887862279647,28.905116526278793,34.715808421980164
2035-06-04,31.472199338124156,28.604262534520593,34.09809251844119
2035-06-05,31.494809062897307,28.668919479827576,34.49384346656702
2035-06-06,31.191618657966988,28.30786661811841,33.88524766888731
2035-06-07,31.00311816617333,28.358038841413162,33.922866214886234
2035-06-08,31.229874283223566,28.37858176397088,34.13996330657791
2035-06-09,31.11126094894541,28.275377314886573,33.99154688274963
2035-06-10,31.03029793809788,28.299912106437805,33.80817372149059
2035-06-11,30.72145225064331,27.939347196189622,33.462118022053644
2035-06-12,30.81046296575556,27.90797007093592,33.325796602100624
2035-06-13,30.57887495770561,27.742907659756355,33.38882940151749
2035-06-14,30.465665693528404,27.879402337201352,33.41249361083619
2035-06-15,30.769774403963783,27.87983745141056,33.54465242354907
2035-06-16,30.72887688003413,27.76997955316033,33.5037413214821
2035-06-17,30.724270314281057,27.789048428916807,33.46505296279608
2035-06-18,30.488721709062197,27.59059050553224,33.317252616347595
2035-06-19,30.646339217199635,27.74755666317431,33.607258884821874
2035-06-20,30.477150529133976,27.685153905603965,33.405592244864735
2035-06-21,30.418771292871213,27.70507839782962,33.291800885848396
2035-06-22,30.768971709639853,28.028457846740068,33.555754862059196
2035-06-23,30.7644835256816,27.941771753547904,33.522439088725285
2035-06-24,30.7859109526907,28.139277758311756,33.527310441238626
2035-06-25,30.56559832265999,27.569066439682565,33.23633022449387
2035-06-26,30.727513315423344,27.72522846452047,33.63757656402836
2035-06-27,30.551829550046072,27.667673898856524,33.342360537013604
2035-06-28,30.47659141614656,27.66868870966904,33.27957037634366
2035-06-29,30.800269393246985,27.921791418365608,33.62649015175237
2035-06-30,30.760548395970805,27.718026213611925,33.46618147969465
2035-07-01,30.739213197958875,28.000928003111685,33.600868680367164
2035-07-02,30.46998444867633,27.597205945161907,33.38188230078397
2035-07-03,30.578364997866117,27.889911446046746,33.437008054625196
2035-07-04,30.346181338528964,27.362611571260047,33.001713722332646
2035-07-05,30.213204178832534,27.61533613799759,32.86466967700733
2035-07-06,30.47965760819513,27.760310735334006,33.23686426751267
2035-07-07,30.384960661325405,27.580537918668426,33.38387170420797
2035-07-08,30.31256661248006,27.477281027361023,32.959018193048124
2035-07-09,29.997754771559272,27.200684039607598,32.954815768212256
2035-07-10,30.06743569728252,27.307373224552503,32.91431954787961
2035-07-11,29.804655748888997,27.085574948080602,32.50759684399633
2035-07-12,29.6501859768294,26.8526397251235,32.44009119894016
2035-07-13,29.905005660340432,27.117973369952328,32.71620288003342
2035-07-14,29.80902496797305,26.85331790846636,32.69601170013451
2035-07-15,29.745912557599304,26.92862519519465,32.67433148063582
2035-07-16,29.450883170850616,26.80160551854903,32.159440547884415
2035-07-17,29.55050621294944,26.677250642541704,32.251314092972166
2035-07-18,29.327221106234674,26.43480670528025,32.210513938877085
2035-07-19,29.220944080699653,26.25447691318007,32.07789547090212
2035-07-20,29.531576178539954,26.72366216403632,32.230044825827704
2035-07-21,29.49775624020492,26.53566020480323,32.35685893662891
2035-07-22,29.50172382255722,26.795529490154184,32.562771007750925
2035-07-23,29.277146106098996,26.300976661978396,32.1561872319335
2035-07-24,29.448968680497714,26.482856922318366,32.05927515484243
2035-07-25,29.297974822594405,26.48388562276145,32.06400527685642
2035-07-26,29.262436716748972,26.458039673400645,31.956449435184002
2035-07-27,29.64066717584739,26.9998446372155,32.41361478575593
2035-07-28,29.669814440295507,26.662242865245286,32.601572941758306
2035-07-29,29.73076387715575,26.90760015064258,32.54437688425975
2035-07-30,29.555999600358334,26.76253598097206,32.26460244702583
2035-07-31,29.7694849859788,26.771200170293866,32.57809192496605
2035-08-01,29.651245926796953,27.00931492481908,32.612115045563826
2035-08-02,29.639039671707234,26.797500610620677,32.4834050845021
2035-08-03,30.030917385148246,27.1789292953768,32.64439464988123
2035-08-04,30.06402277232774,27.227786238627584,32.5911806177046
2035-08-05,30.11949055711464,27.5278643409253,32.80838446348237
2035-08-06,29.93029799406811,26.998668828021145,32.718345203349095
2035-08-07,30.121128738541998,27.318829666426762,32.83230558874098
2035-08-08,29.972933447101493,27.07832496978397,33.0205864171327
2035-08-09,29.924570643474212,26.93921815794895,32.78376960866046
2035-08-10,30.275336815644195,27.28078925230495,32.964480658771
2035-08-11,30.26372903655712,27.566552291109243,33.00662136028119
2035-08-12,30.272304930545506,27.321630224110574,33.139923041167535
2035-08-13,30.035494260770314,27.17956642016521,33.05861970902692
2035-08-14,30.17942258284623,27.476901917820186,32.96113299496485
2035-08-15,29.986432453628257,27.185432585264248,32.88856417401765
2035-08-16,29.896686811301517,26.915602942749274,32.69451290283999
2035-08-17,30.210664507583225,27.201965747917786,33.06663502976779
2035-08-18,30.16789220583982,27.47591491704151,33.00257831194943
2035-08-19,30.151778270094308,27.39277151180972,32.98087362316766
2035-08-20,29.89740358306356,27.080315247592512,32.68597342830803
2035-08-21,30.031330244196134,27.07594935759084,32.81211212043395
2035-08-22,29.836113972994156,26.998921669017367,32.49480593186795
2035-08-23,29.75190499307699,26.92589499885914,32.578184907648236
2035-08-24,30.078947357635162,27.25358336654522,33.10522727712528
2035-08-25,30.05632073342767,27.342457465291876,32.91898427566346
2035-08-26,30.06678990268333,27.19533380997811,32.87277818519561
2035-08-27,29.844616399143028,27.09451478842186,32.546384539562915
2035-08-28,30.01539256787602,27.091984517447074,32.85335226885146
2035-08-29,29.860583093906715,26.942867601786535,32.522171761388336
2035-08-30,29.819157899876018,27.123657540538154,32.60365656466061
2035-08-31,30.190125429378895,27.197085964516802,32.81343659373674
2035-09-01,30.211309348223843,27.326093404584157,32.927903558922594
2035-09-02,30.26423292593473,27.404835779237768,32.77390511796209
2035-09-03,30.08196453335486,27.431470745746555,32.94886891961614
2035-09-04,30.2889836099834,27.50503172886174,33.107206006350324
2035-09-05,30.16575128091702,27.185330590267057,32.9098373945359
2035-09-06,30.150368752948904,27.43209891492887,32.9769807016241
2035-09-07,30.54113185127152,27.702068360468573,33.09074288656074
2035-09-08,30.575324206302984,27.72803309997595,33.441173052640956
2035-09-09,30.634112976009543,27.994232659138024,33.36667518927119
2035-09-10,30.450400316845236,27.834960610533525,33.36638798694105
2035-09-11,30.64868989270221,27.679418251755735,33.30714682925311
2035-09-12,30.509652695183334,27.594231504803133,33.25263303150371
2035-09-13,30.471775550806736,27.456783296708537,33.351023433558126
2035-09-14,30.833901065413336,28.095449440279516,33.695969216216874
2035-09-15,30.834002033469773,27.93015608203855,33.94824593768093
2035-09-16,30.85405482753938,27.76607102443948,33.601063494728265
2035-09-17,30.627865702612795,27.940372566718835,33.351425590565604
2035-09-18,30.780910094942286,27.928285224468386,33.50597670641095
2035-09-19,30.59487002328734,27.74771050665722,33.533085778991534
2035-09-20,30.509253821579982,27.771982386090233,33.41788386691129
2035-09-21,30.823907800015448,27.90967824975659,33.61992717914649
2035-09-22,30.777763677089425,27.956984518886138,33.691466738351316
2035-09-23,30.753687057249294,28.047424486862543,33.58337281504297
2035-09-24,30.48628157094511,27.61920189464551,33.29113194165717
2035-09-25,30.601709342539145,27.815349796102236,33.2156271247154
2035-09-26,30.38221336756147,27.72621305553549,33.03438276516337
2035-09-27,30.2677263774381,27.65676564134345,32.95740217169799
2035-09-28,30.558376004935607,27.559030015193883,33.20617073263589
2035-09-29,30.49323017208145,27.504708824605864,33.27500913801767
2035-09-30,30.45514791746098,27.617854883096463,33.22068051207256
2035-10-01,30.178590089106063,27.403575274336085,32.96411141761682
2035-10-02,30.289450253225624,27.621982114701616,33.06066862269002
2035-10-03,30.06959097235708,27.237475065376742,32.9167457683394
2035-10-04,29.958469505553587,27.314716186098437,32.87094515244941
2035-10-05,30.255662138737577,27.501640328963113,32.97530620659664
2035-10-06,30.199630402448157,27.438068823518726,32.91977969073594
2035-10-07,30.172593691532555,27.37325705846478,32.90370024988823
2035-10-08,29.90836199553667,27.263597985122555,32.612938983698214
2035-10-09,30.032188380183065,27.19471204921027,32.9527230713659
2035-10-10,29.825325693406164,26.859312603921854,32.5345182687278
2035-10-11,29.726670919278593,26.75362260618031,32.5124230479912
2035-10-12,30.03530582860271,27.256279848317476,32.787818630469395
2035-10-13,29.98927671059816,27.087636036420918,32.79177129391675
2035-10-14,29.970477327872228,27.060589361439423,32.48629773312229
2035-10-15,29.712488541854704,26.956172868589736,32.52356903592178
2035-10-16,29.84043410507885,27.32465993040178,32.63485025589834
2035-10-17,29.635537070447025,26.851276728248557,32.582337640010145
2035-10-18,29.536760337163813,26.78899195386658,32.375827603844925
2035-10-19,29.84334019352017,27.188027377186597,32.63038024606452
2035-10-20,29.793555959159608,26.945406695952762,32.6513041121226
2035-10-21,29.76960028227162,27.008428164102696,32.739219309510375
2035-10-22,29.5054040326743,26.741096420348565,32.12949700176111
2035-10-23,29.626475844421833,26.852365139064837,32.68650918048072
2035-10-24,29.414441359791933,26.58554907287968,32.11267846486163
2035-10-25,29.30866632029791,26.57149398565811,31.973941132816368
2035-10-26,29.608772994207488,27.224871591597648,32.328228742682455
2035-10-27,29.55339365490065,26.946108183880245,32.70847817171985
2035-10-28,29.52502623953709,26.78232927262161,32.42905424236542
2035-10-29,29.257846646345563,26.596554686034683,32.017980450565425
2035-10-30,29.377538167996605,26.454538731079516,32.091779826254225
2035-10-31,29.16582346872031,26.17639408279212,31.8047145558011
2035-11-01,29.06208350696271,26.267084761671672,32.098457452939726
2035-11-02,29.365873041334968,26.63338525079382,32.170547724217656
2035-11-03,29.315676469748254,26.4290998263678,32.105722414654764
2035-11-04,29.293769052983443,26.66177838363882,32.18178650195168
2035-11-05,29.034037791593637,26.35276430356982,31.993135151878366
2035-11-06,29.16182215926275,26.274331141062884,31.835410543425198
2035-11-07,28.958459710574026,26.10840870631118,31.898282034609263
2035-11-08,28.862920492797116,26.25801023552677,31.693734944193217
2035-11-09,29.174339360078623,26.42072744237685,31.896569258930004
2035-11-10,29.13078935121928,26.382740040254852,31.966476199307703
2035-11-11,29.1141605634023,26.318115111306874,31.92570496766168
2035-11-12,28.857998162216283,26.14441430970006,31.5720103430029
2035-11-13,28.98735911351595,26.208909020010214,31.981421303822888
2035-11-14,28.783372069030225,26.130543898341852,31.318226871028923
2035-11-15,28.684883800344444,25.914880767741266,31.43896131598739
2035-11-16,28.991000813801236,26.104267537281423,31.731257700767557
2035-11-17,28.939868926637246,26.05638876480948,31.6414338777456
2035-11-18,28.91355495415221,25.950157448063337,31.748859517709505
2035-11-19,28.6458839741732,25.88674563313291,31.458590400025393
2035-11-20,28.762291695549592,25.91957937205753,31.49922566743892
2035-11-21,28.544376422244323,25.85181061350073,31.277274441197214
2035-11-22,28.431534185162914,25.653845965535826,31.235539252848415
2035-11-23,28.723485965292834,26.01507272671514,31.493364472953505
2035-11-24,28.659040185022672,25.84261708556546,31.6350046455101
2035-11-25,28.62095510818702,25.743771517511608,31.418472108158458
2035-11-26,28.343755185436073,25.697470746213845,31.23053024113371
2035-11-27,28.453561504635836,25.79739741676451,31.131941409089144
2035-11-28,28.232621514091264,25.589815859665475,31.01051900389582
2035-11-29,28.120922289532984,25.628709370371464,30.88151312665128
2035-11-30,28.418696968072958,25.677090798895755,31.183580935298732
2035-12-01,28.36516820458169,25.570187408015258,31.13823341379326
2035-12-02,28.34339392699362,25.252823329001252,31.180493254286596
2035-12-03,28.0880700003015,25.204715102560918,30.82714261935923
2035-12-04,28.225350450411035,25.51678097888978,30.811089217614473
2035-12-05,28.037370809384374,25.27072007734992,30.9634321031241
2035-12-06,27.963859135401385,25.249890753403346,30.745451074402368
2035-12-07,28.304644491646297,25.395833951747406,30.933539494110516
2035-12-08,28.29840677256109,25.461735929351637,31.12471364085577
2035-12-09,28.327533056442494,25.665605266686278,31.15457430741012
2035-12-10,28.125934867114644,25.481267102003766,30.985639662920402
2035-12-11,28.318886644892743,25.40431441280277,31.21822846231132
2035-12-12,28.187570522271272,25.36553694820767,31.200556523311526
2035-12-13,28.170711389262927,25.416414960410574,30.979785938359903
2035-12-14,28.56711137762907,25.717604116326346,31.48086747068426
2035-12-15,28.61442692967669,25.761928337794085,31.464720882411235
2035-12-16,28.69405286071105,25.764777341807026,31.525815144859152
2035-12-17,28.538967003542112,25.62478626705649,31.16389278271348
2035-12-18,28.77359493965382,25.989785305702217,31.634926283262935
2035-12-19,28.678379139435613,26.029023578829108,31.492727914276212
2035-12-20,28.691435768940316,25.801887860532208,31.807688223839712
2035-12-21,29.111107632696807,26.30979041392435,31.872142681018335
2035-12-22,29.174755846296407,26.440578520990908,32.189307820010505
2035-12-23,29.263654181502574,26.175495604873138,32.06295648439252
2035-12-24,29.11083932614702,26.35326934432223,31.701351953543817
2035-12-25,29.340976348903094,26.449927266964554,32.22151462430577
2035-12-26,29.234923615697568,26.478898630772637,32.17708711446932
2035-12-27,29.231380482023116,26.478972135941824,32.03553856454926
2035-12-28,29.629426438946613,26.85669179217625,32.54147857418267
2035-12-29,29.667294651378718,26.81511106678584,32.476305148971356
2035-12-30,29.72724430365295,26.653642216292294,32.54953282956509
2035-12-31,29.543385581574842,26.805606103498967,32.28399987706236
2036-01-01,29.74151726614108,26.985589734502078,32.4515427507395
2036-01-02,29.60366194975221,26.625836474733127,32.421048355714426
2036-01-03,29.569683020339102,26.619443244025035,32.24350977573348
2036-01-04,29.939792945971963,27.159745761635286,32.837396503500734
2036-01-05,29.95329666220009,27.082676891440396,32.640017743576465
2036-01-06,29.993435324661547,27.07329135732353,32.79775847208178
2036-01-07,29.795185062840915,26.934028474990207,32.54367395703946
2036-01-08,29.985071452364494,27.05872383883105,32.7385068825634
2036-01-09,29.84568537261813,26.995771456225572,32.641427847644344
2036-01-10,29.817284945407245,27.132056417963923,32.60045051998915
2036-01-11,30.200293515541052,27.391998471931636,32.97443771187374
2036-01-12,30.23403776908139,27.381634287351165,33.120884572353695
2036-01-13,30.301591401578648,27.380130049249388,33.18003426760611
2036-01-14,30.137578973502006,27.482086686191526,33.08735644960307
2036-01-15,30.36800052279963,27.534847181274873,33.41316315441949
2036-01-16,30.274762309058417,27.356264285547596,33.166024577621755
2036-01-17,30.2972979561731,27.625200269478587,33.26884407131472
2036-01-18,30.735089401278483,27.992028279440984,33.61682581731982
2036-01-19,30.826431084311775,28.05066043977881,33.70673217282661
2036-01-20,30.953302040053153,28.061059271879053,33.858001718321944
2036-01-21,30.849199712119734,28.316563741528498,33.79020117652389
2036-01-22,31.138995197743938,28.226463114540298,33.71776125727563
2036-01-23,31.103494418546433,28.274106724466957,33.91971529857748
2036-01-24,31.181088612466308,28.38471823599256,33.88875312783423
2036-01-25,31.670302716037067,28.71905533814512,34.613565415603404
2036-01-26,31.808584290568575,28.973249498108935,34.53628620730924
2036-01-27,31.9771969539318,29.01788594549276,34.87723410047516
2036-01-28,31.90907153862965,29.11980003991644,34.60910666486549
2036-01-29,32.228674205027666,29.36005351456048,35.012564866897954
2036-01-30,32.216575657976946,29.43401400608533,35.164968140869576
2036-01-31,32.31110465818098,29.488004490333132,35.1708927161051
2036-02-01,32.81089434274883,30.02108457139518,35.45712251313864
2036-02-02,32.95366410424972,30.156401287299794,35.65800546625407
2036-02-03,33.12110123341046,30.521473414364618,36.06738377752675
2036-02-04,33.04669592964502,30.416809872475138,35.913462137906286
2036-02-05,33.3555894205454,30.23661286498711,36.077523998653525
2036-02-06,33.32911996398618,30.70891551274041,36.08130574828453
2036-02-07,33.40645064409654,30.721664842528263,36.12732632390837
2036-02-08,33.88708826815348,31.063889509312915,36.75730918100828
2036-02-09,34.009636955380465,31.283232027385246,36.87087070052308
2036-02-10,34.15665148802192,31.373874968551732,37.103273986725426
2036-02-11,34.062444891729015,31.21492194888923,36.86632569177855
2036-02-12,34.35291082080454,31.53604502219794,37.02167747031327
2036-02-13,34.310046302798376,31.65595123891137,37.04203373719367
2036-02-14,34.37355945727649,31.63258264927102,37.17323685896613
2036-02-15,34.84337210100351,31.92526951495965,37.531104490130865
2036-02-16,34.958361318749,32.16082653884347,38.088302388894576
2036-02-17,35.10120542659232,32.46554009273685,37.83266776673028
2036-02-18,35.006189008707,32.1911779967738,37.93120940249504
2036-02-19,35.299027667732055,32.42703899699477,38.18582584267062
2036-02-20,35.26139795646003,32.27754622508518,38.1446960816663
2036-02-21,35.332556869991215,32.36057972375334,38.16406542333008
2036-02-22,35.81186043286641,32.70629598846622,38.65764817729803
2036-02-23,35.937524952054765,33.050241751048524,38.70263257003025
2036-02-24,36.09149573899103,33.294466673088166,38.853062654904285
2036-02-25,36.00727726125855,33.174850652716856,38.86077347501692
2036-02-26,36.3097845691046,33.290378472178745,38.960644426167356
2036-02-27,36.279900618887716,33.34532033211727,39.16954232489031
2036-02-28,36.356123002254435,33.411732183886144,39.118039551007584
2036-02-29,36.83710874709663,33.99971361178561,39.47160142219434
2036-03-01,36.96045992126865,33.98445032901384,39.707221121012616
2036-03-02,37.107614056775205,34.08805926120849,39.754776645506325
2036-03-03,37.01169264864697,33.824884262445245,39.950622432169624
2036-03-04,37.29736696811089,34.37224834707029,40.01976950672326
2036-03-05,37.245425326945174,34.50451701584106,40.05612005905156
2036-03-06,37.29442495230965,34.52226344695538,40.00262979781522
2036-03-07,37.74323693599288,35.01461169609467,40.29770475130888
2036-03-08,37.82982694139553,35.24204223471598,40.6178501126119
2036-03-09,37.93613579546392,35.159889528864134,40.63824288440645
2036-03-10,37.795913483859195,35.213034333553466,40.69883514548786
2036-03-11,38.03456620103532,35.35946039289841,40.795582947024755
2036-03-12,37.933701140362814,35.02172286628343,40.661536223301304
2036-03-13,37.93275285253553,35.20410016619433,40.626487692567345
2036-03-14,38.33150040622616,35.59386778667984,41.31194410667626
2036-03-15,38.368818882898694,35.59015783147345,41.191543105624675
2036-03-16,38.42753023471836,36.01576715090796,41.26878370218184
2036-03-17,38.24220795193044,35.44881197043451,41.303012049692796
2036-03-18,38.43899611758719,35.49541682881107,41.36771236810165
2036-03-19,38.30012843103685,35.42247216254335,41.0180171695981
2036-03-20,38.26553186711765,35.398972926453744,41.08651182145088
2036-03-21,38.635324960237085,35.877217781291534,41.505973636880555
2036-03-22,38.648554893098535,35.84487844802118,41.60808396351964
2036-03-23,38.68803893892012,35.783585218538676,41.52856221034762
2036-03-24,38.488165078264615,35.400747757393724,41.20354010147033
2036-03-25,38.674712585159895,36.010443515865994,41.50307815666589
2036-03-26,38.52937821446297,35.75234747980163,41.233629926352066
2036-03-27,38.4913925383125,35.66620551843327,41.33886903279551
2036-03-28,38.860036133750576,36.063463320879244,41.43232230558409
2036-03-29,38.87339935285828,36.2366598439449,41.7209781850388
2036-03-30,38.913250625985846,36.26288886116021,41.91211862241567
2036-03-31,38.71286738725685,36.049613168078814,41.57090500485442
2036-04-01,38.89688957152031,36.1039642177506,41.7097004961653
2036-04-02,38.745880379446774,36.09131282248092,41.618322909430155
2036-04-03,38.697977860237856,35.83226646652614,41.74195942818775
2036-04-04,39.05144598128294,36.2394433748721,41.88224989355839
2036-04-05,39.04346787908101,36.36461232757249,41.683486261999576
2036-04-06,39.05504523113098,36.41658913681732,41.88432155892657
2036-04-07,38.81885688326244,36.280084963261345,41.84088892747229
2036-04-08,38.959135811715754,36.13562709918953,41.49369802600494
2036-04-09,38.75624835803838,35.84815361287106,41.473287048077935
2036-04-10,38.64835866229899,35.91443558982086,41.39864378537649
2036-04-11,38.93398649446913,36.12382853638793,41.930995759126304
2036-04-12,38.85080087851788,35.96214629414319,41.52966431118267
2036-04-13,38.7805133297033,35.86078997250367,41.861854098706935
2036-04-14,38.45672390614572,35.617032803157464,41.297692188305696
2036-04-15,38.504779406630256,35.75838682055371,41.40202712447854
2036-04-16,38.20632808611087,35.58234437631004,41.092951616032295
2036-04-17,38.00095441805062,35.13224189273095,40.75481027353568
2036-04-18,38.188702861615624,35.382699336146544,40.86825722420651
2036-04-19,38.00883392107653,35.1099830566349,40.679673990209366
2036-04-20,37.84467732077472,35.05362249948224,40.73578316789533
2036-04-21,37.43143658240128,34.7672778059588,39.96851812447025
2036-04-22,37.39600547459097,34.73268681498634,40.04410805425468
2036-04-23,37.02148186481541,34.17292903710207,39.871015283562585
2036-04-24,36.74876364890864,33.76019556574385,39.60161088982678
2036-04-25,36.87903681738034,34.22495459908691,39.643721984538324
2036-04-26,36.65249997017475,33.93288378674023,39.61765163858159
2036-04-27,36.45319102111146,33.5629427941572,39.18806119446754
2036-04-28,36.01677116314144,33.28152996066008,38.974853479780855
2036-04-29,35.97032719202218,33.01842035536275,38.64480019144501
2036-04-30,35.5968781702738,32.72989716011602,38.53891069774881
2036-05-01,35.336971368591854,32.585544034959696,38.148972212875236
2036-05-02,35.491177606974034,32.82190988094679,38.363608704230934
2036-05-03,35.298830168238624,32.5774800646825,37.912023091272054
2036-05-04,35.14287268659563,32.26937164160762,37.914486237678815
2036-05-05,34.757670552309186,31.85843612249232,37.388741012514714
2036-05-06,34.768846222170126,31.968092453460702,37.72889893954396
2036-05-07,34.45782355055894,31.516572045370882,37.23939807872344
2036-05-08,34.263465075441815,31.381314674279235,37.18352927030874
2036-05-09,34.48461127025652,31.560828214544344,37.25220406987098
2036-05-10,34.35886474514799,31.653638105497276,37.3006828971082
2036-05-11,34.267483565949206,31.481269959465337,37.237558002931884
2036-05-12,33.94323698704808,31.242725010238523,36.99586421588679
2036-05-13,34.010282767083446,31.19864606189203,36.82535365339503
2036-05-14,33.748750019919086,31.018222459004523,36.42863442605596
2036-05-15,33.5964104642121,30.74469095416814,36.32558290368674
2036-05-16,33.85124613313887,31.08947952113108,36.72745008673679
2036-05-17,33.7502557271378,30.777145281542214,36.644995359582346
2036-05-18,33.6743631492403,30.848971941181837,36.32315397886441
2036-05-19,33.35628108039787,30.429707876580707,36.02514875707435
2036-05-20,33.42038852805983,30.679940381594797,36.390448100307246
2036-05-21,33.14730627522993,30.2751921542433,35.96587890046105
2036-05-22,32.9755532799042,30.202785429803278,35.950911616913544
2036-05-23,33.20409248048224,30.481809721554068,36.033014277749494
2036-05-24,33.07110878094768,30.246620651329984,36.045612351269774
2036-05-25,32.95888352760332,30.213859506785845,35.85929311794088
2036-05-26,32.601619266888186,29.85714351704152,35.532908346311096
2036-05-27,32.62527478425605,29.628658007746232,35.213073934171796
2036-05-28,32.31209552302819,29.26616133232219,35.11764093521021
2036-05-29,32.102223677458674,29.386814512931462,34.792636426887846
2036-05-30,32.296197697844654,29.5232222831465,35.13778264521756
2036-05-31,32.13368526620164,29.21674356028741,34.735052496201
2036-06-01,31.998315305212984,28.972816948930635,34.663580249776125
2036-06-02,31.625463992598736,28.909781496277823,34.55561248970967
2036-06-03,31.64205586171833,28.89235674978449,34.26910554312481
2036-06-04,31.331066036225756,28.479738892748955,34.27729910566945
2036-06-05,31.133108683235978,28.224539726477282,33.99135103633587
2036-06-06,31.348922032254205,28.436260713789014,34.17202289534283
2036-06-07,31.218094429465204,28.562556255325145,33.97782809514622
2036-06-08,31.123897191630526,28.356232078717685,33.7787218890813
2036-06-09,30.80107921738288,28.226730569193126,33.60181434425322
2036-06-10,30.87568420710716,28.05929342282313,33.673500331949064
2036-06-11,30.62957610032785,27.99932587234138,33.27519273139987
2036-06-12,30.502057179158623,27.736570479047973,33.15358784072148
2036-06-13,30.792388369616415,28.102775276081193,33.345565344407625
2036-06-14,30.73855523825729,27.959977726770646,33.56732752499011
2036-06-15,30.7221443463807,27.77185284944212,33.502478470061206
2036-06-16,30.476183718643934,27.807308573906056,33.426271577362634
2036-06-17,30.62500701060133,27.783344291757256,33.566598004222925
2036-06-18,30.44882568718112,27.56510434019388,33.30032592053764
2036-06-19,30.385392369444435,27.752013763368705,32.9848747628496
2036-06-20,30.732563632003338,27.9730684854214,33.397076395044465
2036-06-21,30.727104575580736,27.895907871881363,33.61095406033462
2036-06-22,30.74959877305309,28.059818682729965,33.502558803987206
2036-06-23,30.532316420453977,27.62530513026176,33.42071903542176
2036-06-24,30.699099516345587,28.030964201375113,33.61589224985973
2036-06-25,30.52994780552931,27.857739589031898,33.291602250977036
2036-06-26,30.46268826945501,27.660644806407433,33.24909432256407
2036-06-27,30.79553628177204,28.222817707188874,33.672133878409696
2036-06-28,30.765890804917078,28.07473949856888,33.53307909975944
2036-06-29,30.75522749107285,27.917414366910673,33.504922675142964
2036-06-30,30.496942989759464,27.615634502327616,33.27234541967856
2036-07-01,30.616209948545357,27.955144560873205,33.499922206491846
2036-07-02,30.394527279474534,27.713820966717368,33.11896615774597
2036-07-03,30.27134946000883,27.53173875954291,32.98190632403381
2036-07-04,30.546604095458274,27.44722620123907,33.300402724136084
2036-07-05,30.459441318418794,27.76477971746932,33.37623427373031
2036-07-06,30.3930801454951,27.566905275576886,33.311966849011014
2036-07-07,30.082606373024518,27.06101742487527,33.10008407375854
2036-07-08,30.154782764485887,27.41451999790199,33.0509051584284
2036-07-09,29.892557320116463,27.02298688277546,32.64947583077729
2036-07-10,29.736654533546783,26.965731372600196,32.41365097897539
2036-07-11,29.988059885345383,27.332118617725932,32.94164999420242
2036-07-12,29.886742030711627,26.873944288670216,32.68847731265314
2036-07-13,29.81647851845637,27.023715963929007,32.71369453540418
2036-07-14,29.512640155582083,26.488044110509517,32.352831061625984
2036-07-15,29.6019951046037,26.690378529339288,32.48704356693097
2036-07-16,29.367218632110024,26.79736271210573,32.12759564962514
2036-07-17,29.248493332215155,26.344191033665467,32.08966931838521
2036-07-18,29.54600978785483,26.690157742945726,32.4874883838798
2036-07-19,29.49871164349675,26.6862645172888,32.30619673304459
2036-07-20,29.489150260430904,26.704819251627853,32.3135819214461
2036-07-21,29.251303240202382,26.40127992142582,31.922703154914334
2036-07-22,29.41041693582556,26.754949020784267,32.2130597881952
2036-07-23,29.24755779060731,26.3720898073956,32.210527627457914
2036-07-24,29.20125616918565,26.519482631021692,32.00921746743483
2036-07-25,29.57005143693619,26.75166247887857,32.49486117113915
2036-07-26,29.591281040746846,26.859602877861285,32.36231629879582
2036-07-27,29.645977561869017,26.772614933260474,32.54324123256145
2036-07-28,29.466726879577884,26.572262078798587,32.356969983537105
2036-07-29,29.677546503332383,26.863183735659906,32.484363577209464
2036-07-30,29.558467965402414,26.57215895984325,32.20605170662275
2036-07-31,29.547206130183753,26.96657129171618,32.2365605168278
2036-08-01,29.941723529011906,26.987191759204837,32.958548451874016
2036-08-02,29.979032003828276,27.00672426348792,32.767125466210295
2036-08-03,30.04009535032578,27.305706334904265,32.87436292487374
2036-08-04,29.85768601476243,26.977608897277324,32.80840834933575
2036-08-05,30.05625501410904,27.44967501517254,32.938678903211226
2036-08-06,29.916499274958102,27.158629108823366,32.674775439790864
2036-08-07,29.877009732285323,26.951701038711143,32.925922358802154
2036-08-08,30.236808947868237,27.37207729551909,33.17881812375959
2036-08-09,30.23412132918816,27.45565272707667,33.05295060486899
2036-08-10,30.25124055950321,27.48008221630269,32.96945324383963
2036-08-11,30.022348309145155,27.29858950866547,32.78339435657235
2036-08-12,30.17334447977337,27.32847636142176,33.16928703523963
2036-08-13,29.9863742943747,27.301860874787945,32.88498465752966
2036-08-14,29.901436694903982,27.16560412937549,32.809296919964176
2036-08-15,30.218883900177268,27.33450160871023,32.843879006310864
2036-08-16,30.178156239136403,27.53775746441003,33.03063832771556
2036-08-17,30.162617817466298,27.27217164507382,32.88510029881083
2036-08-18,29.907347922253205,26.933750855773468,32.634226868610426
2036-08-19,30.038949116023,27.32154063781436,32.85574277651259
2036-08-20,29.8400578793755,26.986160799537313,32.74851741554804
2036-08-21,29.750942643711234,26.83787506902588,32.616403898388825
2036-08-22,30.071999270615862,27.04839143298435,32.85024680755772
2036-08-23,30.04248811769958,27.395862889554184,32.75487126835323
2036-08-24,30.045378095799865,27.37055617810455,32.70967826509385
2036-08-25,29.815152297841763,26.88972454902313,32.60925521304582
2036-08-26,29.97763566649424,27.241224326437667,32.65937385331306
2036-08-27,29.814529931528188,26.960165251274326,32.75142036730851
2036-08-28,29.765039905741233,26.890875766015434,32.49804254286778
2036-08-29,30.128400342144175,27.470951656948454,32.975963413862836
2036-08-30,30.142646562844675,27.11025781033835,32.9990451238047
2036-08-31,30.18949328714414,27.37013961340129,33.19363654187933
2036-09-01,30.00217524248256,27.33769275619529,32.81290672961559
2036-09-02,30.205309038101653,27.429882987103056,32.89906868350245
2036-09-03,30.0794605827416,27.232896134557265,32.89391132173226
2036-09-04,30.0628012499947,27.335029514253126,32.90813623109145
2036-09-05,30.45366119768334,27.388527674459453,33.16716808349722
2036-09-06,30.48932236577348,27.78121697279227,33.41106061403042
2036-09-07,30.55091502324973,27.917125775361782,33.48530512981454
2036-09-08,30.371271033042607,27.618525914139575,33.518860386116906
2036-09-09,30.574793053157325,27.644944133751817,33.339030769436995
2036-09-10,30.442023851246326,27.38804126748419,33.237362646697584
2036-09-11,30.41129899064531,27.699992486553075,33.1605951803341
