ds,yhat,yhat_lower,yhat_upper
2026-09-15,30.00063257655092,26.780055854842452,33.176621163729465
2026-09-16,30.10519618452639,27.001730475842255,33.381014031394024
2026-09-17,30.151012452946325,27.11748018231847,33.16614714826661
2026-09-18,30.644844689883037,27.418194019596555,33.7891871715404
2026-09-19,30.639627252455202,27.36775680944638,33.64434392918728
2026-09-20,30.525800566408716,27.279331695943693,33.51261179298321
2026-09-21,30.540309063676816,27.51080596169314,33.38929281411312
2026-09-22,30.687290100173914,27.533430789951126,33.79406333027657
2026-09-23,30.76782726089217,27.719834690524515,33.83089390791337
2026-09-24,30.775645579576704,27.66979423027637,34.10483851255593
2026-09-25,31.217863896799088,28.163376596198773,34.226151649470516
2026-09-26,31.14811326077938,28.133282380041326,34.29534192516217
2026-09-27,30.95785483243146,27.583123813284562,34.34427342993523
2026-09-28,30.88535241856271,28.064066966001484,34.25855195506965
2026-09-29,30.93632839513094,27.58814567219855,33.88395585289127
2026-09-30,30.913677324643924,28.114377122828838,33.937933847987885
2026-10-01,30.813115864434486,27.734597378202526,33.849258096115676
2026-10-02,31.14388540185536,27.942106687478514,34.34926146836421
2026-10-03,30.96181764257089,27.92711623970276,34.14327410435965
2026-10-04,30.660598008701225,27.37597913572026,33.77546232132291
2026-10-05,30.480683401732623,27.608157108386248,33.29777048160153
2026-10-06,30.42990452007331,27.373036201523583,33.41591888811266
2026-10-07,30.31312842223872,27.167143207692746,33.410136182550886
2026-10-08,30.12786124110625,26.74699711262661,33.22812560355391
2026-10-09,30.384908681446376,27.376733663830155,33.63970832209512
2026-10-10,30.14140557920475,27.027450404357392,33.36251233109174
2026-10-11,29.792050260606594,26.55248400698356,32.81567672665826
2026-10-12,29.578000944147025,26.17816455632377,32.76214807856384
2026-10-13,29.50746485339941,26.467576246971877,32.6784227684273
2026-10-14,29.385355988649412,26.05810288371531,32.65273472086613
2026-10-15,29.208901493867792,26.230736579828946,32.28515042624235
2026-10-16,29.488314057652993,26.33300416733482,32.677001603302166
2026-10-17,29.279841215780138,25.928971449656686,32.526959360278994
2026-10-18,28.97702667859825,25.697288989938112,32.20254733829435
2026-10-19,28.819640126198873,25.417130813595662,31.87986632952978
2026-10-20,28.814305177397117,25.513265012436886,31.861526598475013
2026-10-21,28.76420038466249,25.73400553677765,31.85408173600357
2026-10-22,28.664711992794565,25.36079921667516,31.868398691603055
2026-10-23,29.024154632029276,25.843664177009693,32.0906991071898
2026-10-24,28.896869511253396,25.779192239193915,32.02130485303086
2026-10-25,28.67453393428092,25.76664656163463,31.93266661378423
2026-10-26,28.595137318807566,25.63175627213148,31.551621657639277
2026-10-27,28.66365223169222,25.510953080408942,32.078001171400615
2026-10-28,28.681774202668393,25.755506030851944,31.800270231106875
2026-10-29,28.64360809507341,25.54719402439238,31.76629715851236
2026-10-30,29.05641640028986,25.90869356634403,32.191825406670745
2026-10-31,28.973738392622174,25.84400798467038,32.320216048735574
2026-11-01,28.78671352845773,25.8660820385773,32.23796045846421
2026-11-02,28.733064029445313,25.683640908224433,31.776055299498637
2026-11-03,28.817765126310476,25.660333867109763,31.848809380090614
2026-11-04,28.84277688936063,25.828954117471145,32.20469869006551
2026-11-05,28.80271578167155,25.724263877168458,31.932044157168406
2026-11-06,29.205581839712966,26.053806862530053,32.4984805209773
2026-11-07,29.105851119263605,25.866864146731356,32.38652546343718
2026-11-08,28.895767632740313,25.779991248150385,32.09279308712736
2026-11-09,28.814290675487936,25.877975725525673,32.003447903429354
2026-11-10,28.867727062658005,25.940666800657493,32.057289069100634
2026-11-11,28.859423304442306,25.8254923067111,32.02768626662171
2026-11-12,28.78539698246088,25.778027368224638,32.02991033016506
2026-11-13,29.155024352152406,25.94371673165117,32.287066756667144
2026-11-14,29.02409489120908,26.025820144170677,32.089089295103484
2026-11-15,28.7860680348008,25.717430035335664,31.94427695494153
2026-11-16,28.6809889149172,25.652911286239615,31.699020620789476
2026-11-17,28.716093426201933,25.230708653748025,32.18826502803087
2026-11-18,28.695478307259222,25.4081970612582,32.02373797773081
2026-11-19,28.615716005766195,25.535732975204553,31.63292260132458
2026-11-20,28.9865316905361,25.73121743339726,32.13607631387264
2026-11-21,28.863853295062647,25.696226971669436,32.0236105986506
2026-11-22,28.641069822424313,25.367511308521028,31.543684047349878
2026-11-23,28.557954546150594,25.58401771200279,31.571294142674624
2026-11-24,28.62128308314538,25.2936974236516,31.569643707532453
2026-11-25,28.634521530738052,25.229421260126465,31.657603996367214
2026-11-26,28.593463805603154,25.517654089800793,31.789098333564848
2026-11-27,29.006934803964228,25.689977979301755,32.31144176101839
2026-11-28,28.929869434201105,25.931304266088368,31.958222310150685
2026-11-29,28.75460185431631,25.657684234272832,31.89358332961008
2026-11-30,28.719820614417202,25.635525810505758,32.00102290970247
2026-12-01,28.83121873660036,25.62626502161656,31.844858387652096
2026-12-02,28.89121299877507,25.700769510564708,32.037787358806916
2026-12-03,28.894610679237733,25.72372410518684,31.881925324847657
2026-12-04,29.349339569946384,26.161975165946803,32.717464434952696
2026-12-05,29.30955058974396,26.10434974572899,32.628183222835446
2026-12-06,29.16692672107134,26.029546605246665,32.24673353009451
2026-12-07,29.159653487925,26.054610524920793,32.46178377742206
2026-12-08,29.293079663310074,26.07517412495568,32.56330266722815
2026-12-09,29.369442274191705,26.07969769330098,32.457162039502634
2026-12-10,29.383534110929304,26.255293831886778,32.683743366244606
2026-12-11,29.84342964647519,26.655086063416565,32.84909969724315
2026-12-12,29.803578935440395,26.76161639122369,32.929690520893054
2026-12-13,29.6561035870152,26.408330125167108,32.9712755973216
2026-12-14,29.639750518025128,26.35738553414189,32.64725923283168
2026-12-15,29.76053276411056,26.53203277131256,32.86648869760216
2026-12-16,29.821432088409324,26.8375161217069,32.78599072694463
2026-12-17,29.818042326102336,26.5007469697575,33.037610680909616
2026-12-18,30.25927013836664,27.151548658497582,33.521676330416724
2026-12-19,30.200403527229337,27.189057337924652,33.5266418378878
2026-12-20,30.034382975996554,26.863251686933683,33.24694794418374
2026-12-21,30.000731658555594,26.86373162871801,33.02426296299474
2026-12-22,30.106174677140665,26.767859092885868,33.431388381966826
2026-12-23,30.15432267460764,26.96305198042454,33.056910333670764
2026-12-24,30.141299274261602,26.554992339260924,33.23574425928424
2026-12-25,30.57642942956916,27.356959439411334,33.75862999460924
2026-12-26,30.51529932763744,27.603576437378237,33.831668717643815
2026-12-27,30.3510228803996,27.070491630282138,33.484839311078176
2026-12-28,30.323171290007785,27.415934585927275,33.47806198547696
2026-12-29,30.438395566225353,27.595820932481175,33.59844421495912
2026-12-30,30.500117139826642,27.346109910095535,33.624156801879735
2026-12-31,30.504165711281047,27.66060418640559,33.58949521541999
2027-01-01,30.959481003221008,28.12863414072701,34.27189537221146
2027-01-02,30.921188561399976,27.64130334427185,33.88124747745561
2027-01-03,30.78188407056409,27.522955032874105,33.95847643387855
2027-01-04,30.780582054808363,27.554527305252936,34.037813801584
2027-01-05,30.923358194043594,27.590927146479597,34.068782242303364
2027-01-06,31.013059745919627,27.821001801778213,34.2097803151197
2027-01-07,31.04496257007564,27.61825592026007,34.06812346060325
2027-01-08,31.52749081312699,28.369569687079718,34.554400394416646
2027-01-09,31.515308840065497,28.30890532590181,34.61378681336995
2027-01-10,31.40061938743489,28.202014702471352,34.69863481172252
2027-01-11,31.422123399329582,28.2595868979222,34.79319870295368
2027-01-12,31.585670463577525,28.547048036834035,34.76376088912558
2027-01-13,31.693974126139896,28.389407475828023,35.056010121500655
2027-01-14,31.742270477486574,28.628479245415846,34.71915650180507
2027-01-15,32.239036076280954,28.93734343275095,35.481097094947934
2027-01-16,32.23907491131921,29.221629512368782,35.36076085217463
2027-01-17,32.13480859563401,29.18901538803384,35.44481002195844
2027-01-18,32.16522556726533,29.194696643856417,35.42622236287659
2027-01-19,32.336518611274414,29.187504943737274,35.57332910251233
2027-01-20,32.45178544819961,29.210717303878994,35.58499244139251
2027-01-21,32.50667130399684,29.416919951602807,35.55776287841127
2027-01-22,33.010070084784886,29.771599788437996,36.413685220625375
2027-01-23,33.01719443365896,29.89942559317693,36.17376944068107
2027-01-24,32.920849439261225,29.78977435590646,36.1057643742809
2027-01-25,32.96036632724559,29.843566591141226,36.06622009716332
2027-01-26,33.14222596887572,29.924749137532697,36.1411923036362
2027-01-27,33.26974741803902,29.980708732400373,36.557026720106606
2027-01-28,33.33872078960251,30.131750278318517,36.35874254951933
2027-01-29,33.858101419741885,30.600101457670778,37.13598375975296
2027-01-30,33.88307581241263,30.811314181774954,37.10443896694388
2027-01-31,33.8063342715277,30.62320367143896,36.8166007656389
2027-02-01,33.86700657914231,30.71722953997578,36.962726497442326
2027-02-02,34.071290481961356,31.09890078617016,37.406405716270754
2027-02-03,34.222148027402525,31.240293013769328,37.37875507710217
2027-02-04,34.314948799887,31.045616537273293,37.52828473814222
2027-02-05,34.85817665253438,31.67103812150042,37.762858642099154
2027-02-06,34.906510021309714,31.594730302855506,38.02477375283953
2027-02-07,34.8521102461637,31.66539285832185,38.02933856664992
2027-02-08,34.933573742247646,31.68276797656417,38.04022959276212
2027-02-09,35.15657724081306,31.90988274313139,38.15377548727878
2027-02-10,35.32359059067689,32.090265804237575,38.71569219823661
2027-02-11,35.42953563057493,32.15988351565507,38.52052402851198
2027-02-12,35.9825072147656,32.887372790469705,39.11754068531548
2027-02-13,36.036866010134915,32.93416085162346,39.04240989874789
2027-02-14,35.984537079606085,32.61789253652462,38.79481175196606
2027-02-15,36.06396975736115,32.86576426622851,39.217542226090565
2027-02-16,36.28078778093045,33.27964957867763,39.47906012683061
2027-02-17,36.43750400743211,33.20900421544644,39.57386722195367
2027-02-18,36.52917815703489,33.357233296247074,39.84909219759454
2027-02-19,37.06413369697175,34.07005521135844,40.165103506512075
2027-02-20,37.09704361261894,34.037387654173706,40.16365757470766
2027-02-21,37.020219301822024,33.654240398864125,40.19116680074887
2027-02-22,37.07255840521769,33.94106260849189,40.117535822544156
2027-02-23,37.26018092097198,34.15597268758101,40.576301948038264
2027-02-24,37.38612837835766,34.015383558813554,40.47204058482444
2027-02-25,37.44600500976179,34.273331130662214,40.43678596603568
2027-02-26,37.948677564553066,34.918705101563866,40.997890925035065
2027-02-27,37.949344058004385,34.618608207604055,40.7664477725213
2027-02-28,37.8408062371035,34.81172873169862,40.94360779065565
2027-03-01,37.86240210340288,34.57428512214078,41.00035659205897
2027-03-02,38.02062833333775,35.15150181073273,41.13740964073255
2027-03-03,38.11882781142381,35.0188680967169,41.08559687141809
2027-03-04,38.15282159175244,35.05304381167788,41.32062986561049
2027-03-05,38.631602229718204,35.473036015321256,41.80503925863522
2027-03-06,38.610398988783224,35.38988934580363,41.62924069848225
2027-03-07,38.481949822005774,35.37275532280484,41.67300509946029
2027-03-08,38.485436488598,35.369589592071904,41.71765542699411
2027-03-09,38.62711256772157,35.31302034303807,41.746277394055134
2027-03-10,38.709999410558,35.65186285181801,41.6251892139513
2027-03-11,38.72952908098366,35.667141171791734,41.97600732503571
2027-03-12,39.19425087938281,36.050668837800536,42.69821242790981
2027-03-13,39.15891153548944,36.0738146434252,42.46949650655095
2027-03-14,39.01574349288605,35.89817837845088,42.1607008781749
2027-03-15,39.00341712529961,35.83895328336483,41.90757160149088
2027-03-16,39.12768610008767,36.00107054338847,42.16936931368142
2027-03-17,39.19110037408387,36.09369531863306,42.508680019172346
2027-03-18,39.18866532476669,36.06064875929591,42.38840887292193
2027-03-19,39.62856309000657,36.57746463966384,42.8186604056971
2027-03-20,39.56524572381436,36.4182604394549,42.85553991742586
2027-03-21,39.39073417045387,36.297596687357185,42.50483717212581
2027-03-22,39.34357854855667,36.28799719026806,42.280620895197586
2027-03-23,39.429508695379916,36.415776414440934,42.53228200455999
2027-03-24,39.45114928293296,36.252439651190336,42.64073498409384
2027-03-25,39.403677933308295,36.184105312585054,42.476843543036075
2027-03-26,39.79554243132947,36.63781076759332,43.0656168213338
2027-03-27,39.68154676685026,36.70055637033733,42.91241047714302
2027-03-28,39.454140230423455,36.13342681638114,42.599038756385056
2027-03-29,39.35236536507939,36.24642443595669,42.48547163533818
2027-03-30,39.38249411550209,35.984228228688,42.48508057477033
2027-03-31,39.34772694544919,36.22276299143634,42.38413980030129
2027-04-01,39.243833863306506,36.02647593968158,42.65573482967259
2027-04-02,39.579854003726,36.67243330579589,42.64195913066868
2027-04-03,39.41116406732729,36.10366251756481,42.516734358833176
2027-04-04,39.13075041341211,36.06174586771642,42.43319227888693
2027-04-05,38.97814116290126,35.95310370766054,42.148981456616426
2027-04-06,38.960028172585496,35.761606055461044,42.21649218267465
2027-04-07,38.879954119707925,35.778359206132464,42.21605707164346
2027-04-08,38.733944037984045,35.69841911463136,42.01192342956739
2027-04-09,39.031198273836935,35.78347059185464,42.07688595297781
2027-04-10,38.82715739449789,35.64087058802135,41.92360564250187
2027-04-11,38.51477397328013,35.31777147351121,41.625080139230626
2027-04-12,38.333447635465305,35.121050669515895,41.635100032774034
2027-04-13,38.28965314625002,35.06250473092208,41.67000376682542
2027-04-14,38.186636596059884,34.99397380830866,41.369285404653425
2027-04-15,38.02005874151787,34.808100675613716,41.22894647400075
2027-04-16,38.29870209728186,35.0255742259292,41.6002290280404
2027-04-17,38.0775518571858,34.878115260623204,41.152097525270015
2027-04-18,37.749085051121156,34.527844603703485,40.9123529695456
2027-04-19,37.552223752482185,34.3706625931085,40.65405675338583
2027-04-20,37.492981517266294,34.1336366209559,40.5881300366005
2027-04-21,37.37417749682056,34.2882010267885,40.54340453593585
2027-04-22,37.19109667604723,33.7695274764697,40.259589714835414
2027-04-23,37.452212252076116,34.34842938594226,40.69554673461286
2027-04-24,37.21227969697264,34.08079846437428,40.254763775601965
2027-04-25,36.86363643901554,33.63448422715221,39.9274547894756
2027-04-26,36.64516258449902,33.703265161979004,39.80606680762321
2027-04-27,36.562931560709686,33.364287942358324,39.73113936943807
2027-04-28,36.4199249251908,33.340101532474456,39.6936637747759
2027-04-29,36.2116897071741,32.97264919092475,39.43189909235518
2027-04-30,36.44705432575794,33.20115620686076,39.73731775839383
2027-05-01,36.18121277400121,32.93864727330705,39.28640755976789
2027-05-02,35.807011262257134,32.63695715014787,38.97134396043188
2027-05-03,35.56389310800272,32.40030484182633,38.8293160257839
2027-05-04,35.45853121490994,32.27063769864703,38.63450652163604
2027-05-05,35.294522931573226,32.327813489613874,38.55458906611657
2027-05-06,35.06802626884817,31.727899100943652,38.17802259711681
2027-05-07,35.28845418250822,32.460880585996094,38.730202487659675
2027-05-08,35.0115373017465,31.862446992594325,38.17192025964524
2027-05-09,34.63058999605578,31.697294398881915,37.766530915237794
2027-05-10,34.38543625303893,31.351565164176645,37.95955054425704
2027-05-11,34.283025359377405,31.05484429153523,37.37778165669422
2027-05-12,34.12711276845559,30.913933171480537,37.317359291725374
2027-05-13,33.913885650362275,30.80802922280006,36.96864597121921
2027-05-14,34.15265025432566,30.887646674434126,37.369891046504854
2027-05-15,33.89889177908045,30.889508179469082,36.97635443135705
2027-05-16,33.54554183860357,30.328140250401162,36.51111395469113
2027-05-17,33.33191006243733,30.15805802326806,36.20296000473434
2027-05-18,33.26430975694931,30.104762118392756,36.50074755871112
2027-05-19,33.145752812056,30.044366944866734,36.22282036855856
2027-05-20,32.9715930209767,29.869073195197405,36.2005235661778
2027-05-21,33.250234493275876,29.968907290539583,36.396753155449105
2027-05-22,33.036215296820224,29.96807741152977,36.006610061422755
2027-05-23,32.72150076125625,29.644614867498127,35.98257764156347
2027-05-24,32.54444225054511,29.38078616713665,35.63189458990183
2027-05-25,32.51043054325802,29.252002587327294,35.53614155979367
2027-05-26,32.42161818431421,29.36482715044718,35.62378310364489
2027-05-27,32.27258914598709,29.19860628190762,35.424154473906874
2027-05-28,32.571091664525625,29.23499200988731,35.87561118314959
2027-05-29,32.37114361489042,29.19843271794388,35.402109843918275
2027-05-30,32.06434414765343,28.92178411093482,35.236244044972
2027-05-31,31.88884677415441,28.49957512987829,34.89374281765753
2027-06-01,31.85002252431956,28.792494027524,35.251496843145276
2027-06-02,31.750187151061684,28.516124542213014,34.749155835340645
2027-06-03,31.58427046752954,28.50174842285102,34.85222503298684
2027-06-04,31.860543580306693,28.67370255635841,34.92064478129
2027-06-05,31.63371343162772,28.52012584916315,34.84343575155077
2027-06-06,31.29621858037539,28.064246415543675,34.40740722138645
2027-06-07,31.087181765333135,28.213121524314708,34.195669982156275
2027-06-08,31.01304837627639,27.791545880419953,34.0612047014612
2027-06-09,30.877285439474615,27.650890112533876,34.098958787540134
2027-06-10,30.676019951666486,27.42517569801734,33.77299513291358
2027-06-11,30.918733168523,27.796760153786227,33.99634767968089
2027-06-12,30.661321175568645,27.73088027884387,33.99103629917519
2027-06-13,30.297356632720714,27.213992110793747,33.36522294399252
2027-06-14,30.06700821644871,26.89569661799554,33.043791461321995
2027-06-15,29.977647856476857,26.875313700811056,33.09573934061524
2027-06-16,29.833521307448397,26.701142189556037,32.778758410421815
2027-06-17,29.631361758044708,26.564552801915468,32.660297637790904
2027-06-18,29.88106386044617,26.80953217490758,32.8264005463718
2027-06-19,29.638729169432416,26.61633305279361,32.838468662608754
2027-06-20,29.297918407031702,25.97503946519474,32.265765643047956
2027-06-21,29.098567447649263,25.70267780707863,32.39642885745391
2027-06-22,29.04759732464619,25.747574661396254,32.30724368342822
2027-06-23,28.948593827391,25.681359933034305,32.052997234496324
2027-06-24,28.79743624109374,25.725511342844193,32.29675684651663
2027-06-25,29.102992284866012,25.801679710023777,32.00737817728835
2027-06-26,28.9201897393671,25.637214952484175,31.86052191585499
2027-06-27,28.641299523282036,25.49223795128086,31.74502095630335
2027-06-28,28.50488631471043,25.40954039670092,31.73505455626804
2027-06-29,28.51645609801149,25.497911392740498,31.635148140558886
2027-06-30,28.47817518787974,25.245743468117823,31.608740180565338
2027-07-01,28.38453919639153,25.141387410083663,31.417467521153913
2027-07-02,28.743107872582186,25.63079703233382,31.893285781010746
2027-07-03,28.607615172268048,25.62060213435045,31.697731758856662
2027-07-04,28.369288208026703,25.215085433538174,31.58442080088091
2027-07-05,28.265830122152895,25.195768982372048,31.493986823271094
2027-07-06,28.30209529676959,25.5065111517045,31.5299465002043
2027-07-07,28.279830601721528,25.010480193022662,31.497409783425237
2027-07-08,28.193360435783458,25.08473675377451,31.433510339118662
2027-07-09,28.550330943425404,25.389484440331948,31.67091030098369
2027-07-10,28.40482239787764,25.325254907607967,31.715016199400516
2027-07-11,28.14866322655679,25.038670614296215,31.220957521551792
2027-07-12,28.02040074824952,24.97269675523489,31.24009214381461
2027-07-13,28.02595726497307,24.834585186826867,30.992311597276718
2027-07-14,27.968345636220192,24.57335562906767,31.212967648170654
2027-07-15,27.84332270691666,24.546343135857768,30.95541992384093
2027-07-16,28.160096760903173,24.87551089531218,31.474674568232214
2027-07-17,27.974398934057437,24.960906022094875,31.232634694443423
2027-07-18,27.67975313561328,24.318497840522532,30.87444478867977
2027-07-19,27.516400720422794,24.36323415603994,30.514516724994476
2027-07-20,27.491909797567082,24.370905270114125,30.59033021191126
2027-07-21,27.410844580865962,24.38233437694727,30.444402533141062
2027-07-22,27.27037443073971,24.166222479792946,30.47436645035727
2027-07-23,27.580940001953532,24.28440170678834,30.640934072159684
2027-07-24,27.399287603944096,24.19764096451868,30.47291060542336
2027-07-25,27.119707391424875,24.057751961415196,30.414763560366314
2027-07-26,26.982932562972742,23.878155713335126,30.426536213269667
2027-07-27,26.9967302266137,23.808841476496656,29.96597007525143
2027-07-28,26.96555992724212,23.867902370446526,30.451446833434417
2027-07-29,26.88617987202725,23.623683991395925,30.010846512676004
2027-07-30,27.268318440142792,23.977739094810538,30.187001486770697
2027-07-31,27.167722033364004,24.125479707384365,30.063401414229848
2027-08-01,26.97741461267421,23.704745950892388,30.11702944828968
2027-08-02,26.936625608988546,23.88720346051959,30.069667738921844
2027-08-03,27.05141617202599,23.869452333510143,30.399089195118098
2027-08-04,27.124378868935633,24.014820358868,30.192322230789017
2027-08-05,27.15028982026378,23.760623179049094,30.272054681976314
2027-08-06,27.636829672752924,24.58427868761465,30.81598364536983
2027-08-07,27.637683172092654,24.663585030128832,30.86094071904787
2027-08-08,27.543851315060706,24.221590719641018,30.84653744773628
2027-08-09,27.592631368148957,24.585231655875234,30.61244967958766
2027-08-10,27.788293318246566,24.611890119630708,31.00272435546329
2027-08-11,27.931826509371092,24.62456192968622,30.960681227660707
2027-08-12,28.01663417343192,24.981942401230853,30.996799037713597
2027-08-13,28.549291088463736,25.468574324708175,31.83768863208916
2027-08-14,28.582673107247277,25.412119824847768,31.734560314603115
2027-08-15,28.50729169023122,25.54086782570838,31.73990555949479
2027-08-16,28.560288082901852,25.27346226211514,31.704445674830648
2027-08-17,28.74611527360679,25.70792145093269,31.760441821811057
2027-08-18,28.86628128645895,25.67556447521251,32.03903975239036
2027-08-19,28.915031554807946,25.839526735860797,32.112598345885
2027-08-20,29.400085883241967,26.413241979634595,32.60883221048883
2027-08-21,29.375739246306946,26.0456945876399,32.729281835669745
2027-08-22,29.234160281310828,26.087401645557147,32.4159332915462
2027-08-23,29.2143430382446,26.025775313814737,32.304399841385404
2027-08-24,29.322741221162357,26.20152712478983,32.4683626033428
2027-08-25,29.3629597202991,25.99464070558933,32.495334183564104
2027-08-26,29.33138253838461,26.205784386076708,32.6793491452873
2027-08-27,29.737854054008547,26.44434053250247,32.897240890764614
2027-08-28,29.638724343694083,26.429863856621566,32.67149502036148
2027-08-29,29.428093892235715,26.10116405394804,32.561930458074436
2027-08-30,29.346714685734526,26.08364545100167,32.4550098765887
2027-08-31,29.402578273429633,26.229247718755165,32.44521325022849
2027-09-01,29.400566833125033,26.145643209904105,32.637622195596705
2027-09-02,29.338047429428087,25.96290125866855,32.414257200212255
2027-09-03,29.725527314125163,26.68098808419577,33.155921285095914
2027-09-04,29.619681692742795,26.30347980375604,32.58757274697855
2027-09-05,29.41458976609078,26.413850328910154,32.746378366248
2027-09-06,29.350636283975945,25.99840625984694,32.6258291321574
2027-09-07,29.43510919681083,26.250899472070824,32.71515652382679
2027-09-08,29.471869196179004,26.408143403797723,32.63745337419977
2027-09-09,29.456970852868384,26.049578909417836,32.481784701705664
2027-09-10,29.89935249689469,26.515919736361216,32.911275803859915
2027-09-11,29.85390535357285,26.617347737088245,33.06557796275922
2027-09-12,29.712756653654765,26.28745347474626,32.74844426486293
2027-09-13,29.714222712638243,26.7168900549383,32.96539263389495
2027-09-14,29.863461204836163,26.55061238310939,33.03164097584533
2027-09-15,29.9621969818199,26.79697919395738,32.99478652491187
2027-09-16,30.004399659683674,26.811162231887195,33.156630915529114
2027-09-17,30.497028632786733,27.33245433979004,33.661081365431656
2027-09-18,30.493154578318705,27.447688071290493,33.500467353134795
2027-09-19,30.383290795900848,27.40593333832764,33.687034328654626
2027-09-20,30.404389116006122,27.231210539345767,33.66579187503073
2027-09-21,30.560528487685225,27.56207247898435,33.696443616612264
2027-09-22,30.65266965560338,27.517574362959348,33.938032378273036
2027-09-23,30.674353411519117,27.611844248454222,33.89306798623904
2027-09-24,31.132457558039242,27.97093823384435,34.34595026891533
2027-09-25,31.08032136171763,27.93479850806761,34.32414790151741
2027-09-26,30.90907079194811,27.597638922677977,33.87948066739077
2027-09-27,30.856599471542587,27.70025832198909,33.877099649196055
2027-09-28,30.928233875138286,27.847896532822176,34.1094306417556
2027-09-29,30.926456832465515,27.754015943168895,34.036767249516664
2027-09-30,30.846567671433913,27.51257219595913,34.10052647295165
2027-10-01,31.197395167786198,28.144825118097074,34.41024456341037
2027-10-02,31.034373257953145,27.84921015192284,34.13007506287952
2027-10-03,30.75081410925965,27.791430779784598,33.776889337644704
2027-10-04,30.586834853774747,27.448720116181445,33.73092050315999
2027-10-05,30.54996794762083,27.185253123794766,33.76006935896161
2027-10-06,30.444830645131987,27.33011040303307,33.41865350771263
2027-10-07,30.268733323485797,27.007816677222138,33.52610170338979
2027-10-08,30.53234415619713,27.353959774704602,33.54478816441194
2027-10-09,30.29272131945177,27.488981612846914,33.35300557806158
2027-10-10,29.944548416407358,26.844233559917026,33.121821551026954
2027-10-11,29.729030352131712,26.44435806603272,32.80013537990225
2027-10-12,29.654480359192892,26.74661007169788,32.99985427590178
2027-10-13,29.525974195174555,26.294439966306488,32.713164370420564
2027-10-14,29.34095156068896,26.0888918941016,32.53047593956672
2027-10-15,29.60988232397428,26.410165930287516,32.62023143287833
2027-10-16,29.38930859817634,26.172789278509278,32.47390040210419
2027-10-17,29.073097998909084,25.898139340599858,32.187461628158545
2027-10-18,28.901364749362955,25.66535946659829,31.9635007388305
2027-10-19,28.881088577167,25.67068998446386,32.00271531184364
2027-10-20,28.815806500329384,25.71939791077852,31.794303583300323
2027-10-21,28.70125648569783,25.532998617538293,31.90341705857427
2027-10-22,29.046089389905735,25.714284487574265,32.238515697334705
2027-10-23,28.904958975058314,25.755705378472896,31.972540774754062
2027-10-24,28.669824029891302,25.256778653713205,31.760056103738663
2027-10-25,28.57891795969294,25.503107963354857,31.874201037213826
2027-10-26,28.63741451333344,25.385200607785695,31.655268894530526
2027-10-27,28.647163531587964,25.54877100898046,31.87346789317435
2027-10-28,28.602374581728768,25.410662367871378,31.654407015212165
2027-10-29,29.01036389403742,25.903997274219538,32.028944870843986
2027-10-30,28.92467354758726,26.055906073240862,31.99360598377216
2027-10-31,28.736396261776793,25.526924284761023,31.839884579989267
2027-11-01,28.683160669199353,25.62416100152901,32.02903259809202
2027-11-02,28.769805447978502,25.815983596426516,31.79177420394316
2027-11-03,28.798116109930387,25.534868519471676,31.61286551517093
2027-11-04,28.762502423764317,25.64175466410115,31.821920940791912
2027-11-05,29.170732198980573,25.94382048803067,32.35109973787124
2027-11-06,29.077030872200016,26.019358488114968,32.3567156713082
2027-11-07,28.87338091466155,25.63341821784205,32.025318234132016
2027-11-08,28.798476745734604,25.727147370169455,31.77612282683129
2027-11-09,28.858364462048083,25.772836301650216,32.12086560947591
2027-11-10,28.856141204631907,25.846561526643143,31.819939849182465
2027-11-11,28.787593233726355,25.64275722815918,31.632683062582977
2027-11-12,29.161889560441267,26.085018255472328,32.32865033904867
2027-11-13,29.0346417017664,25.714709154833816,32.20758779081752
2027-11-14,28.799164672143508,25.693110770227335,31.8374670523463
2027-11-15,28.695395930653877,25.49265802221398,32.02520443440688
2027-11-16,28.730502539319595,25.569984090729776,31.88811441393566
2027-11-17,28.708552187467433,25.465615540404595,31.77227522236457
2027-11-18,28.626127849620783,25.37240424364254,31.56969777408899
2027-11-19,28.99300347183036,25.60340118514768,32.041471038348305
2027-11-20,28.86519163383219,25.763350865354468,31.951203481356554
2027-11-21,28.636198508572377,25.137636183785897,31.962643938793086
2027-11-22,28.545942870949524,25.63305546294061,31.6528801155213
2027-11-23,28.601369270937894,25.60271961541343,31.430290121906513
2027-11-24,28.606130719614118,25.25459232064508,31.706888256340164
2027-11-25,28.556220194855616,25.37312744368522,31.759439291052306
2027-11-26,28.96066776264237,25.84140914596515,32.145029781886215
2027-11-27,28.87461354382672,25.701423367059153,31.965859534522327
2027-11-28,28.69059103458064,25.581106867010245,31.955332552676847
2027-11-29,28.6474766484534,25.496682635136384,31.6773532846446
2027-11-30,28.751134667428673,25.49912494579616,32.09765957040635
2027-12-01,28.804132006525577,25.605971777188287,31.925855709692218
2027-12-02,28.80140116607525,25.71993346039056,31.917954630026976
2027-12-03,29.250967273154785,26.01571667669445,32.507736219418476
2027-12-04,29.20704861098595,26.271692841023615,32.31527484947195
2027-12-05,29.0613643998393,25.920845410003956,32.16460415577171
2027-12-06,29.05210505906752,25.8846958303126,32.24696103309196
2027-12-07,29.18459362241594,25.86502303611748,32.11990388026605
2027-12-08,29.261012331544535,26.09542000685142,32.53971608703938
2027-12-09,29.276072546538938,26.131322871244368,32.33264728027797
2027-12-10,29.737743787825554,26.373199447277628,32.83705629573084
2027-12-11,29.700351369231434,26.476797212492812,32.6614433951516
2027-12-12,29.555876589950717,26.30318885728939,32.68443620375853
2027-12-13,29.542915053744974,26.54841097558081,32.523774202144125
2027-12-14,29.66732224798291,26.418226501948997,32.943488761371746
2027-12-15,29.731920973618077,26.751974656534234,33.00002657441773
2027-12-16,29.73214941782657,26.233867851246426,32.93361381171091
2027-12-17,30.17676640219738,27.17243750441304,33.33630638344331
2027-12-18,30.12092402748397,27.009236940003884,33.1431152097677
2027-12-19,29.957442463026766,27.007834305771198,33.198391867825336
2027-12-20,29.925743224747276,26.714705245736724,33.144887219035546
2027-12-21,30.032470821820585,26.749919758993382,33.00546483842157
2027-12-22,30.081178060549394,26.88417251835142,33.200574287519814
2027-12-23,30.067954424222503,26.944911035144116,33.13769625797156
2027-12-24,30.502114601009385,27.15875221168119,33.69327175742404
2027-12-25,30.439257817243213,27.22377804975029,33.60179490467055
2027-12-26,30.272533046499937,27.243645994391827,33.61113037578764
2027-12-27,30.24156663881025,27.04281270277561,33.34252107205761
2027-12-28,30.35308232495771,27.55445708488973,33.57760509302812
2027-12-29,30.41058883342817,27.262639098827883,33.54500100676254
2027-12-30,30.410014366270627,27.149028450856814,33.47912886660872
2027-12-31,30.860404719016874,27.620588160220976,33.97928645711962
2028-01-01,30.816995311988588,27.599008614839438,33.900265670541266
2028-01-02,30.67249172401879,27.525819099785785,33.80684122954318
2028-01-03,30.666014720805784,27.847857675523223,33.798291409599734
2028-01-04,30.80373912636976,27.494542604293173,33.75579658950409
2028-01-05,30.888601134472584,27.87648802737851,33.91838183955589
2028-01-06,30.91595265167489,27.76230395569865,34.08141441562094
2028-01-07,31.394278809865394,28.180969463036874,34.48754257799628
2028-01-08,31.378288295555848,28.09034366606092,34.70194267415333
2028-01-09,31.260210513515077,28.31415460900252,34.43696175936976
2028-01-10,31.2787550674679,28.14138129398178,34.400143448112736
2028-01-11,31.439762475924734,28.311038656176194,34.62593111729583
2028-01-12,31.54592038124232,28.29786817360357,34.716568415316985
2028-01-13,31.59242360592902,28.514420408905572,34.47961749384326
2028-01-14,32.087694063523685,29.01755621801782,35.2611420402027
2028-01-15,32.08647015080896,28.850081420200095,35.195776083376344
2028-01-16,31.98109972747002,28.787469468130936,35.21255601562627
2028-01-17,32.010492359250094,28.767057737712395,34.92524349246572
2028-01-18,32.18076003342241,29.147624338523183,35.10101327418191
2028-01-19,32.2949209820915,28.79356247949505,35.1975126214173
2028-01-20,32.348545418455686,29.31681428611093,35.60288047195246
2028-01-21,32.85045970268416,29.795061113990727,36.00765796733757
2028-01-22,32.855819114692004,29.505740978731204,35.84605740300138
2028-01-23,32.757383913382284,29.514296425656614,36.185401399299096
2028-01-24,32.794454936140276,29.729968713071404,35.90830278449531
2028-01-25,32.97349851047213,29.722369349795848,36.20401925046513
2028-01-26,33.097835843877256,29.93354209705367,36.257763261623815
2028-01-27,33.16327617795991,30.13049208661824,36.17342548346511
2028-01-28,33.67881063969503,30.468457564651178,36.72018720409811
2028-01-29,33.69967730553303,30.628584906753737,37.14620882481694
2028-01-30,33.61863240824389,30.368900480919056,36.67739997387603
2028-01-31,33.674884094821216,30.45476113400743,36.76758907642466
2028-02-01,33.87471856188799,30.729625660926057,36.94257572587211
2028-02-02,34.021193687862905,30.99047023925393,37.342197567692104
2028-02-03,34.10977930195976,31.179907947889888,37.40793621717878
2028-02-04,34.64906078297073,31.670585034017833,37.88262561790576
2028-02-05,34.69381617792346,31.84524452866293,37.83387282994565
2028-02-06,34.6363013700254,31.560219339351445,37.85296068497262
2028-02-07,34.71519924235188,31.480313112663918,37.747552116706444
2028-02-08,34.93626215543094,31.920689320770553,38.236696851059996
2028-02-09,35.10202232007078,31.98502999499105,38.17107080190251
2028-02-10,35.20744865535935,32.199251274863904,38.21084622276058
2028-02-11,35.760666280287836,32.73152181323726,39.09985433994524
2028-02-12,35.81604830779346,32.85229656837327,39.00883695069972
2028-02-13,35.76551398935732,32.37354136302956,39.15209206845153
2028-02-14,35.84748873080892,32.62492251424928,38.917654150872615
2028-02-15,36.06755494075004,33.01667453632136,39.24572313450894
2028-02-16,36.228168016777275,33.07474127960803,39.4886183838214
2028-02-17,36.3243158724886,33.26868523618287,39.60156467685035
2028-02-18,36.86423806206696,33.54686633165519,39.81728651941973
2028-02-19,36.90251417764098,33.61517352770302,40.23521978829812
2028-02-20,36.831355671753585,33.60590717449802,39.95851481042452
2028-02-21,36.889556824238475,33.59990217125494,40.00293115876749
2028-02-22,37.08313410154727,33.98447034899886,40.27184623269159
2028-02-23,37.215028579066,34.12141415577734,40.16065102817263
2028-02-24,37.28075026191366,34.26409857210838,40.44330343774915
2028-02-25,37.789080846599006,34.576002363698684,40.82824851986481
2028-02-26,37.79514512200592,34.59312472318989,41.21276970354581
2028-02-27,37.69168570620793,34.49480487077118,40.9391997639418
2028-02-28,37.71799738597547,34.495114590427214,40.847777210045685
2028-02-29,37.88055084057494,34.86634448269518,41.136379923038255
2028-03-01,37.98268092281508,34.706455236290616,41.108886894343726
2028-03-02,38.02021878795211,35.02378668865669,41.17454131632195
2028-03-03,38.502184806174725,35.41560536953741,41.45808440710646
2028-03-04,38.48385277598304,35.286342857685,41.68218181112872
2028-03-05,38.35802036905832,35.1373227902232,41.18352610711896
2028-03-06,38.363942215258014,35.20857572376821,41.55704889431382
2028-03-07,38.50795545414546,35.391058813580685,41.79753971586167
2028-03-08,38.5931728722323,35.40037019683709,41.768690695614836
2028-03-09,38.61512276582822,35.461540220353925,41.629732018069085
2028-03-10,39.08245222215917,36.01096549678695,42.16888695799963
2028-03-11,39.050004008294614,36.18183671246601,42.15210157534554
2028-03-12,38.910101596282345,35.723339612768086,42.10383837180899
2028-03-13,38.901498269269624,35.80342645549202,42.08437463334013
2028-03-14,39.03001962407516,35.88454798710095,42.18863564862636
2028-03-15,39.0982740476968,36.067982368832524,42.30369608396902
2028-03-16,39.10130975237442,35.82870114989726,42.44967886328049
2028-03-17,39.54733451069975,36.37174806338797,42.58500797096913
2028-03-18,39.4908077509132,36.46683279201172,42.43007287081398
2028-03-19,39.323739050147125,35.803865184228286,42.50673215966771
2028-03-20,39.284648534143926,36.05721863178863,42.186541148360014
2028-03-21,39.37921813140056,36.09613422831721,42.62986583054749
2028-03-22,39.410007972183806,36.208317262292674,42.635592977395056
2028-03-23,39.37211631996598,36.011503357623795,42.20918692772989
2028-03-24,39.773899076347924,36.56617420198755,42.71568694382022
2028-03-25,39.67005851923387,36.57352404095786,42.99974422850118
2028-03-26,39.452935412124255,36.150120743211495,42.61542113207061
2028-03-27,39.361460190848284,36.50837694078741,42.42695558477904
2028-03-28,39.401792465112074,36.434396021745926,42.54595398658109
2028-03-29,39.37702349748915,36.20450036359791,42.42481852898897
2028-03-30,39.282820490838816,36.32242612371106,42.3909050056077
2028-03-31,39.628129225829774,36.49093511433671,42.84594501914866
2028-04-01,39.46824525047689,36.216234458197874,42.642680393953974
2028-04-02,39.196088325932074,35.86557102423015,42.578770911300815
2028-04-03,39.05113640740319,35.73078182208548,42.43242525362748
2028-04-04,39.040048957942865,36.076310460698856,42.163370667422654
2028-04-05,38.966354787852865,35.99181158050829,42.31047832195862
2028-04-06,38.82608373326708,35.60382790711664,42.172379780554195
2028-04-07,39.128459134894676,35.894426761221396,42.23617583705215
2028-04-08,38.92896166086559,35.82065613020456,42.15237789267897
2028-04-09,38.62059943126175,35.63599199665466,41.87828354664887
2028-04-10,38.44284087897059,35.25660020692924,41.68023956559933
2028-04-11,38.4022401971613,35.33789653492255,41.41419004297041
2028-04-12,38.30213051292698,35.16336816231869,41.60534934661674
2028-04-13,38.138263942586356,34.751742087213145,41.301225531664116
2028-04-14,38.419515230977225,35.350970626523726,41.651104293495116
2028-04-15,38.200959166829534,34.86111643771017,41.50240849727169
2028-04-16,37.875156297322235,34.57240646803262,40.91720593332021
2028-04-17,37.68110287255327,34.4015820264936,40.85013006236762
2028-04-18,37.62487431246389,34.28871239685953,40.918368502697184
2028-04-19,37.50933674153468,34.51233213518661,40.51750705332881
2028-04-20,37.329805134934546,34.35884589947746,40.452347104070405
2028-04-21,37.594764168336695,34.39708502040607,40.653640337285914
2028-04-22,37.35896137497001,34.27225088079205,40.60014224344258
2028-04-23,37.014706585027255,33.930731035684396,40.11980075546778
2028-04-24,36.80083308902692,33.66070505276822,40.051142073344394
2028-04-25,36.72334940354863,33.74115001588639,39.59730401603561
2028-04-26,36.585155860124104,33.43821869789135,39.74739539605818
2028-04-27,36.38170433720832,33.29151513440233,39.62515196735023
2028-04-28,36.621717113334235,33.50567315888632,39.78182382813963
2028-04-29,36.360274445455126,33.24320140541135,39.24930337257034
2028-04-30,35.99010496436172,32.71085762243685,39.027397323535766
2028-05-01,35.75053455966107,32.72348357317609,38.81300310252318
2028-05-02,35.64812297235808,32.36175251677847,38.6280667248297
2028-05-03,35.486362754652276,32.205928735439905,38.59904325255297
2028-05-04,35.26131944293016,32.291872719036576,38.456837724526224
2028-05-05,35.48232951972634,32.3486047673919,38.55983517037563
2028-05-06,35.20506642036373,31.757792551100906,38.449470712452886
2028-05-07,34.822809362171355,31.588187050307496,38.148173233200986
2028-05-08,34.575371368097954,31.4432736084076,37.839896031867085
2028-05-09,34.46971639345926,31.357343269997607,37.50953320114347
2028-05-10,34.30964087604521,31.20414659641309,37.39692588184964
2028-05-11,34.091399164500345,30.925050310012306,37.00942277739034
2028-05-12,34.32438993838102,31.269749422677652,37.59067275452996
2028-05-13,34.064214323821375,30.700521533957133,37.434234930494306
2028-05-14,33.70394082597526,30.47748805494302,36.86352327337228
2028-05-15,33.483033675834314,30.35113778678503,36.830333704958015
2028-05-16,33.40797459958473,30.23204434948461,36.81305385076904
2028-05-17,33.28195329800933,30.0901006272866,36.41418493876129
2028-05-18,33.10050592509738,29.76896868718067,36.00320020676942
2028-05-19,33.372218382784446,30.15734706602044,36.443401674815014
2028-05-20,33.151804715424035,29.770506896490343,36.0527533271336
2028-05-21,32.83139519153349,29.734261279925057,36.05544062377761
2028-05-22,32.64949003777262,29.6023645170641,35.87432905792645
2028-05-23,32.611608118898566,29.226261863733583,35.55768352348544
2028-05-24,32.52000507557765,29.47079000473158,35.769206626378754
2028-05-25,32.36933939437906,29.181059794540225,35.64259427975797
2028-05-26,32.667402397044754,29.391206398633933,35.83596537258577
2028-05-27,32.46822161246004,29.326931461389176,35.764406550067356
2028-05-28,32.16337133322381,28.876896926718437,35.32051955968389
2028-05-29,31.990945594910837,28.880864817266346,35.61478434378153
2028-05-30,31.956222226576447,28.796916693596543,34.898650357957436
2028-05-31,31.861391941531103,28.84189102015072,34.80928806288183
2028-06-01,31.70123052039311,28.69621489624772,34.82046141731428
2028-06-02,31.983829786312082,28.813033821696532,34.94373376467091
2028-06-03,31.763696694756458,28.677042539038204,34.7536109431698
2028-06-04,31.433054351591103,28.170757591761102,34.54638852147861
2028-06-05,31.230800364605003,28.13549155639609,34.44898714583076
2028-06-06,31.16315149705387,28.204722508712457,34.17203392921323
2028-06-07,31.033349058503685,27.820459156131488,34.11305404926917
2028-06-08,30.83730368609148,27.627367614212265,34.000912179802185
2028-06-09,31.084295936902905,27.82567622086648,34.31697421765507
2028-06-10,30.830042834992827,27.92577268474696,33.991797290087064
2028-06-11,30.4679650860472,27.207993527559466,33.49699502318934
2028-06-12,30.238111317082726,26.845740444519347,33.32043569199147
2028-06-13,30.147769288147565,27.134372890821872,33.26279680829198
2028-06-14,30.001139487606427,26.88650144548232,33.24945271413005
2028-06-15,29.79495070999251,26.75649165649702,32.76560639513144
2028-06-16,30.03913492443776,26.88175256531616,33.18266804401824
2028-06-17,29.789872379340874,26.648426630105796,33.145732607360415
2028-06-18,29.440842348547505,26.323663046228233,32.20785089061409
2028-06-19,29.232136437146117,25.984976520160863,32.63569740185525
2028-06-20,29.170864804586078,25.924274672760973,32.34528878377949
2028-06-21,29.060830963481344,25.84728436313374,32.11246927840289
2028-06-22,28.898154826052707,25.831384911830277,32.24057484357234
2028-06-23,29.191961200795888,25.906271149201253,32.25390536565714
2028-06-24,28.99744440146003,25.944974884500095,32.08464477323119
2028-06-25,28.70714391739787,25.66191605684008,31.93354691285604
2028-06-26,28.55988744502374,25.364483062667865,31.497058089998095
2028-06-27,28.561430873031252,25.558165069585005,31.541021418499493
2028-06-28,28.51416998748077,25.19406490241907,31.83592371783404
2028-06-29,28.412802573247458,25.222709362326306,31.598244928066215
2028-06-30,28.765057042392794,25.841973004831786,32.04092546704558
2028-07-01,28.62479713260526,25.506970413536962,31.741940098261484
2028-07-02,28.383336490065517,25.047699660387973,31.467446287650677
2028-07-03,28.278418318043382,25.094173123360008,31.505697464804673
2028-07-04,28.31488861365835,25.209990669352827,31.398710805131497
2028-07-05,28.294436768080196,25.30233607769258,31.388842306389115
2028-07-06,28.211281324139,25.055991989036226,31.33425268314631
2028-07-07,28.572916274280164,25.55837713735181,31.820639672326568
2028-07-08,28.433226852153574,25.436551151781476,31.505204230208477
2028-07-09,28.183808218705035,24.970524617108687,31.375087770376027
2028-07-10,28.06294200108555,24.824768723399774,31.30836342555658
2028-07-11,28.076259182876477,24.899166885714052,31.30367718987498
2028-07-12,28.02646329924161,24.87250340728024,31.129286465866446
2028-07-13,27.908992109164902,24.715105765332318,30.76134170928326
2028-07-14,28.232733697523383,25.175929808007503,31.256529063408696
2028-07-15,28.053106708070235,24.853532006312633,31.07709338627538
2028-07-16,27.763339015295582,24.824544284681995,31.08713534794996
2028-07-17,27.603400836185394,24.472958143353758,30.871650947276134
2028-07-18,27.5806219313856,24.589020758392056,30.752928402919242
2028-07-19,27.499368077667913,24.349282252566518,30.6132643501631
2028-07-20,27.356656256142784,24.047809263035823,30.548350508354165
2028-07-21,27.662825790329705,24.414670648564687,30.732848583374352
2028-07-22,27.474576390058086,24.371262902678424,30.751187810139204
2028-07-23,27.186208602480335,23.917420174716575,30.32463030314322
2028-07-24,27.038523769205824,23.964948501777133,30.20542462501373
2028-07-25,27.039414110266534,23.87582822350788,30.115725145447165
2028-07-26,26.993518933119773,23.938338842469815,30.264446186221647
2028-07-27,26.89782704834126,23.80306265114515,30.263147561709133
2028-07-28,27.262343064925744,24.187774071782556,30.517864055620677
2028-07-29,27.14312874753673,23.86369536242497,30.353255313177854
2028-07-30,26.933554942632377,23.846725235900394,30.107548009386175
2028-07-31,26.873220955232476,23.539416693788745,29.939936919184003
2028-08-01,26.96857156088891,23.7967447848883,30.04317971509161
2028-08-02,27.022587005959572,23.756225304682633,30.16000493200918
2028-08-03,27.030425239827228,23.809471331685973,30.121909623478615
2028-08-04,27.50013304228648,24.285534674011572,30.508227381248926
2028-08-05,27.485736073409814,24.198650732754395,30.768469296813596
2028-08-06,27.378542082865327,24.383881342320425,30.483415181522183
2028-08-07,27.41611280950267,24.04001077591382,30.64947960675655
2028-08-08,27.60293335997434,24.44571223386818,30.75887103525191
2028-08-09,27.740153016878985,24.411841396322377,30.820615609481248
2028-08-10,27.82127534863669,24.48248965512704,31.229807217051
2028-08-11,28.352912981839527,25.054466823980828,31.378549868594227
2028-08-12,28.387915865741032,25.204867358008237,31.293399125545758
2028-08-13,28.316706206396667,25.123166966816356,31.205253957472195
2028-08-14,28.376274709555616,24.958793625514424,31.20084952670505
2028-08-15,28.57086622257537,25.52220080241075,31.613633372191693
2028-08-16,28.70172824044996,25.468361566728053,31.93273759844086
2028-08-17,28.762799890385907,25.803756697768947,31.89689476568209
2028-08-18,29.261456733690615,26.186991851831294,32.397897493739976
2028-08-19,29.251620430250412,26.291229426494425,32.28199924784704
2028-08-20,29.12506689160127,26.115596085125514,32.315309430777525
2028-08-21,29.12038823216334,26.340490931690645,32.27634614715745
2028-08-22,29.24363748396142,26.18166300067874,32.582951104372874
2028-08-23,29.298030596943203,26.139492997502156,32.38695805570685
2028-08-24,29.279584550382214,25.801437013990114,32.36506779177603
2028-08-25,29.697808247036733,26.373340356936165,32.745268439234145
2028-08-26,29.608756654555503,26.422843209759886,32.82223325554111
2028-08-27,29.40628328766123,26.2886731172045,32.60494673809221
2028-08-28,29.33094781690265,26.187677429890545,32.2611753427908
2028-08-29,29.390609214620692,26.291377133724897,32.4447913797211
2028-08-30,29.39008033540965,26.155083753564107,32.745038418573415
2028-08-31,29.32672402443428,26.37370616377124,32.55264215541978
2028-09-01,29.711108551414096,26.701673990596277,32.78572384568628
2028-09-02,29.600033788575242,26.603587300943246,32.61254961270091
2028-09-03,29.38776398152767,26.204200198010028,32.50317462113249
2028-09-04,29.31492443539248,26.200977806216873,32.398111104909226
2028-09-05,29.389092829548797,26.099977545609587,32.50452648020521
2028-09-06,29.414461119012195,26.161208252586903,32.53078597367361
2028-09-07,29.387447932522242,26.286168949293575,32.59849694973342
2028-09-08,29.817378842759926,26.577950984561465,33.07903516515044
2028-09-09,29.75954527666012,26.671886378511065,32.75465306119977
2028-09-10,29.606477053997175,26.335443648162908,32.7440080733542
2028-09-11,29.596884828408232,26.42765480710403,32.955635941936265
2028-09-12,29.73630193700312,26.633834933056107,32.8501316249939
2028-09-13,29.826800282580496,26.70573850819986,32.80629018415775
2028-09-14,29.8626587338986,26.869708589304498,33.016977912631695
2028-09-15,30.3510999422387,27.08783505419604,33.42539610894963
2028-09-16,30.345404852360762,27.188625597905563,33.512128476593475
2028-09-17,30.23623843329467,27.274542483032707,33.39922562944481
2028-09-18,30.260641506826452,27.36411622743157,33.2013649377616
2028-09-19,30.42271688709197,27.09870669800405,33.70755049680566
2028-09-20,30.52338330073501,27.457328872808336,33.92518547700532
2028-09-21,30.556074587019662,27.210900296488248,33.7496980006475
2028-09-22,31.02749928480971,28.16264757027321,34.123796179091585
2028-09-23,30.99076930825212,27.834048410743716,33.91193565113575
2028-09-24,30.836730890361828,27.730944458852765,33.88651021523601
2028-09-25,30.80295256442546,27.7943273394965,34.03337211891711
2028-09-26,30.89439852908422,27.802690534504222,34.17352557214217
2028-09-27,30.913161234750206,27.957116637332422,34.09266446790199
2028-09-28,30.85413128396669,27.804626230973295,33.89651502186623
2028-09-29,31.22572055371428,28.224376824584766,34.526580101571064
2028-09-30,31.082948228198184,27.986609367133845,34.20680783981435
2028-10-01,30.81872406610409,27.67183504981392,33.84823945055495
2028-10-02,30.67278494360611,27.458147330168998,33.83625280760941
2028-10-03,30.65231438218476,27.603939876239647,33.86656064956053
2028-10-04,30.56162031686672,27.543588560462013,33.66864290977334
2028-10-05,30.39775063176907,27.18001910269263,33.607027246811136
2028-10-06,30.671163783130627,27.47820921976465,33.74553290887892
2028-10-07,30.438765550655468,27.32667331863283,33.44807409693126
2028-10-08,30.095147497711167,26.958598050666996,33.229250191599824
2028-10-09,29.881484309558857,26.583932180031145,33.05883764894645
2028-10-10,29.80612068860465,26.584987546032146,33.0363254656388
2028-10-11,29.67422384944233,26.51114016873879,32.88192566891678
2028-10-12,29.48338172542582,26.308030495936244,32.570612131065566
2028-10-13,29.74426457551658,26.635028300797792,32.780290395537406
2028-10-14,29.513661176458783,26.31986965005816,32.899052930369
2028-10-15,29.185725099061912,25.86296460955468,32.46708830146621
2028-10-16,29.00088793425828,25.94018674437242,32.216938976499804
2028-10-17,28.966469633067845,25.801834696437552,32.06065098058749
2028-10-18,28.886361293095753,25.817446575334653,32.16417153326803
2028-10-19,28.756659619104486,25.69151868263116,31.657315356201533
2028-10-20,29.086369713751473,25.959897232039403,32.233184606461144
2028-10-21,28.930486232254786,25.92797017001165,32.130975581956136
2028-10-22,28.681287162064045,25.412848745191333,31.690161602076287
2028-10-23,28.577295803803977,25.42781569048527,31.819732454352355
2028-10-24,28.623939812046732,25.21560918779027,31.58156414570902
2028-10-25,28.62328134241184,25.471726808516152,31.908002217024478
2028-10-26,28.569696300521862,25.541045261773483,31.506232871167796
2028-10-27,28.970618203992046,25.71339312146437,32.01395916885556
2028-10-28,28.879655663224973,25.77124329069435,31.973201186287955
2028-10-29,28.687916857751826,25.38168934943069,32.00419263440342
2028-10-30,28.63299586570306,25.629019684816466,31.906393428431638
2028-10-31,28.71964916945461,25.732843785681723,31.841299286179105
2028-11-01,28.749536043603385,25.74652291246312,32.10411032735165
2028-11-02,28.71690068225898,25.433359404425115,31.7813445266924
2028-11-03,29.129311640867872,25.905483879463787,32.09746077643908
2028-11-04,29.040767860323797,26.089129991020894,32.277682574802505
2028-11-05,28.843005099692736,25.924514318664066,31.985730457406348
2028-11-06,28.774458257289645,25.564341828213124,31.900974175702665
2028-11-07,28.840908677779694,25.621877755484167,32.181243173233
2028-11-08,28.845191054917038,25.67754583518034,31.969653249727166
2028-11-09,28.782838792033566,25.618298569845976,32.01713315154835
2028-11-10,29.16278447272328,26.15915077655817,32.54194349248954
2028-11-11,29.04042582773584,25.986605916866193,32.14788933791194
2028-11-12,28.808892151841796,25.748468952673907,31.92191114089234
2028-11-13,28.70796775531775,25.5452263387669,31.791478573975656
2028-11-14,28.744702599745743,25.620362488894177,31.90370486712234
2028-11-15,28.723085698180235,25.489705829343716,31.740246501430704
2028-11-16,28.639661004818894,25.647810897581916,31.658345187281235
2028-11-17,29.004203179968577,25.847799952249098,32.15815328374482
2028-11-18,28.872764201378295,25.740193226886177,31.762880958289774
2028-11-19,28.6389261987757,25.54540998483105,31.80474975178428
2028-11-20,28.54271734817963,25.3435772756081,31.841847662282795
2028-11-21,28.59122105232907,25.3495711588431,31.81223081340316
2028-11-22,28.588253889755862,25.43737579587584,31.730799549597556
2028-11-23,28.529991791828646,25.398735053889197,31.539338767242597
2028-11-24,28.925661410034493,25.686855423671776,31.866389638686965
2028-11-25,28.830607078507732,25.597882053715754,32.11615569715778
2028-11-26,28.637568058694505,25.497522211481698,31.85353947610516
2028-11-27,28.585622111057862,25.46239667100676,31.552213457875695
2028-11-28,28.680824751460552,25.640957712808703,31.83458021483834
2028-11-29,28.725918755361338,25.609942382885947,31.994219770948074
2028-11-30,28.715992426610363,25.63849136357765,31.91698428941543
2028-12-01,29.159202655105787,25.95374861811852,32.419494806130274
2028-12-02,29.10987226186673,26.072748798008465,32.4392305205738
2028-12-03,28.959795469253827,25.729594526170175,32.19123386783833
2028-12-04,28.94720677298178,25.623176285226414,32.040010667832554
2028-12-05,29.077441906959596,26.173909027760185,32.185689275201845
2028-12-06,29.152664916737436,25.787380056979245,32.1398353216406
2028-12-07,29.167539443853055,26.037407857230253,32.63129801683177
2028-12-08,29.629959973390473,26.45595631882455,32.811186621868984
2028-12-09,29.594152418979082,26.585315108655827,32.67764514124514
2028-12-10,29.45197790722287,26.21558410247642,32.30836552590943
2028-12-11,29.441895207228857,26.36847721132859,32.714187912416584
2028-12-12,29.56961080243675,26.368024686626736,32.75450472541966
2028-12-13,29.637791051884058,26.786469569878836,32.74748331651154
2028-12-14,29.641715084679028,26.67752057669929,32.80906442436688
2028-12-15,30.089984813065264,26.89012113399265,33.38819621448479
2028-12-16,30.03760214258463,26.920899717290162,33.084846876521276
2028-12-17,29.877247994005497,26.88822333860866,33.090057262687516
2028-12-18,29.84821936057974,26.734662681888743,32.9856123918437
2028-12-19,29.957054176749864,26.537646477096818,33.2150861201333
2028-12-20,30.00721920215887,26.925658064603482,33.09691398247268
2028-12-21,29.994740276567978,26.73290985515458,33.20457625960383
2028-12-22,30.428891977581046,27.490932436780994,33.515146844502745
2028-12-23,30.365257322229443,27.1975484667492,33.49604830680506
2028-12-24,30.19699259040039,26.940960584577002,33.1181275965087
2028-12-25,30.163753845311064,26.923821279371953,33.45011902519294
2028-12-26,30.27231515861435,26.965639029273213,33.412208432317904
2028-12-27,30.326253850305438,27.091583998349712,33.408740917492096
2028-12-28,30.32158207940311,27.145440415238234,33.418788733938285
2028-12-29,30.76744167451987,27.602149463094147,33.96962442949757
2028-12-30,30.71917258622705,27.5021128830689,34.06157371780095
2028-12-31,30.569589673719264,27.60225121150537,33.56654066271923
2029-01-01,30.55792394251187,27.435840628322822,33.85925624230308
2029-01-02,30.690457705104816,27.746357365600005,33.68960388125732
2029-01-03,30.770228380149,27.419512499652523,34.121060639129034
2029-01-04,30.792679631934213,27.507745946415596,33.62299209410913
2029-01-05,31.2663760863037,28.197529717767363,34.46809277567602
2029-01-06,31.24609135380629,27.93512210481601,34.37612288956717
2029-01-07,31.12410344390019,27.954761178115774,34.03741875946043
2029-01-08,31.139153100115365,27.875724495920686,34.179293429170926
2029-01-09,31.29709400114366,28.15004063712008,34.36461344608339
2029-01-10,31.40060909187938,28.530079848425633,34.37783565039947
2029-01-11,31.444871383604365,28.419144530279887,34.52797114526634
2029-01-12,31.93826519574257,28.991128863713563,34.886621053398315
2029-01-13,31.935477412306795,28.680715457007487,35.12421706504471
2029-01-14,31.828792788809665,28.755190230636455,35.053606069127994
2029-01-15,31.857048901027074,28.69971606615256,35.09673794989771
2029-01-16,32.02627984832984,29.15462452422751,35.107200250822835
2029-01-17,32.139423242869064,28.96957807659535,35.23082172933626
2029-01-18,32.19196918068915,29.091261869908998,35.247823946286495
2029-01-19,32.692667601250754,29.65653013543362,36.02855908362057
2029-01-20,32.69660410482206,29.433864706102664,35.99285401297237
2029-01-21,32.59647880535595,29.41368958922104,35.88254450495648
2029-01-22,32.63154437978408,29.36333447475075,35.76889022778294
2029-01-23,32.80823300480462,29.556754601118506,36.072010800484165
2029-01-24,32.92984728097838,29.853490315501205,35.90483257317752
2029-01-25,32.99219438050555,29.69960039198136,35.99194506185948
2029-01-26,33.50428031999529,30.334174254398164,36.79817940075424
2029-01-27,33.52137486138596,30.331616216219935,36.77270797841457
2029-01-28,33.436281977625036,30.14957645174978,36.527113940916024
2029-01-29,33.48827231714129,30.2590029231114,36.6957433714082
2029-01-30,33.6837075372987,30.537460051395925,36.874625631728726
2029-01-31,33.825731686348675,30.91159562311004,37.16659963724191
2029-02-01,33.90990884874656,30.46516068363953,36.87956009536643
2029-02-02,34.44492383360448,31.316973360683374,37.70065715573806
2029-02-03,34.48565619232436,31.312428247310415,37.52104125908496
2029-02-04,34.42446219688462,31.172198942088883,37.67993099054837
2029-02-05,34.50012082994322,31.544925379419595,37.754407779678246
2029-02-06,34.718473209008906,31.600721446843966,37.848557643942556
2029-02-07,34.88213012603541,31.59241524704002,37.957684491798005
2029-02-08,34.98612638519716,31.83463132371641,38.28745379838259
2029-02-09,35.53863816981357,32.376647633667226,38.692081185784694
2029-02-10,35.59407317693813,32.46752764650763,38.72607974933238
2029-02-11,35.54436762235539,32.402669231427645,38.56296830151621
2029-02-12,35.62794567436429,32.563965704517145,39.038069046654925
2029-02-13,35.850370297535605,32.81105998880479,38.97297218196163
2029-02-14,36.01405981270076,32.63386258717716,39.17456073591176
2029-02-15,36.113948558587545,32.87749433283867,38.97497342321541
2029-02-16,36.65820767625991,33.29445205903011,39.65668543932853
2029-02-17,36.70133563892508,33.66083968344716,39.809838640359125
2029-02-18,36.63545261167208,33.69781238287877,39.766154177179736
2029-02-19,36.699254279459026,33.424435004720976,39.85192997083546
2029-02-20,36.898654300093604,33.76501130275056,39.97098836760479
2029-02-21,37.03648995377429,33.61704914897382,40.088644924667584
2029-02-22,37.10816972141272,34.05839670662626,40.3114301705763
2029-02-23,37.62237922971285,34.20585442749389,40.93507203655337
2029-02-24,37.63415565936818,34.66007228844955,40.90575913886179
2029-02-25,37.53616521630151,34.44248624322836,40.611731193846175
2029-02-26,37.567639844818316,34.38247718761599,40.68692046237465
2029-02-27,37.735002887761766,34.61710565237842,41.061887830559854
2029-02-28,37.84155880399311,34.73568556353535,41.01667766969671
2029-03-01,37.88312618707588,34.59500267812749,41.049759514214124
2029-03-02,38.36873099160286,35.40262633537096,41.42324202636482
2029-03-03,38.35367047355723,35.13194326929291,41.55693889524432
2029-03-04,38.230782783126564,35.15218163052566,41.55132967116498
2029-03-05,38.23937864500682,35.0532918815168,41.34880389302579
2029-03-06,38.38586499665236,35.248198599721526,41.45526414951977
2029-03-07,38.473435764104714,35.59165809326707,41.56430775637339
2029-03-08,38.49770899016727,35.24503183210416,41.82835777080829
2029-03-09,38.9674270945283,35.624003009926355,42.20724640867487
2029-03-10,38.93753055164554,35.626684628059486,41.99543864387913
2029-03-11,38.80043961739831,35.535224374842336,41.95592923993315
2029-03-12,38.795000154777696,35.73611839501285,41.87148713267844
2029-03-13,38.92712297937995,35.74075415096992,42.056899273834546
2029-03-14,38.99949140367231,35.93297132909312,42.25651394966335
2029-03-15,39.00721565920411,35.710137721784974,42.289056298401576
2029-03-16,39.45855042283801,36.466811202630645,42.51398946109922
2029-03-17,39.407985178965276,36.189581515548056,42.52235547039427
2029-03-18,39.24754151222287,35.90657659618703,42.477941022074134
2029-03-19,39.21573287913683,36.247285959936235,42.373246071909
2029-03-20,39.318215828197665,36.20698523623791,42.55465392296196
2029-03-21,39.3575069614524,36.220097955499305,42.531088931964476
2029-03-22,39.32864400859815,36.34489977896745,42.341214906529984
2029-03-23,39.739907019402644,36.67378660021304,42.823444322100706
2029-03-24,39.64590928135586,36.645717951132966,42.783710877741974
2029-03-25,39.438892031495925,36.08772520408471,42.25743976447057
2029-03-26,39.35767858601384,36.016826507595546,42.257309797918715
2029-03-27,39.40831703092852,36.40666907614929,42.622823356509315
2029-03-28,39.39378603412175,36.13541493913227,42.45488796689171
2029-03-29,39.30964250227661,36.06664038655412,42.371719451276704
2029-03-30,39.664727515315334,36.50874102767279,42.804412945589796
2029-03-31,39.5142406330002,36.41104584623747,42.66765628756841
2029-04-01,39.25101717599012,36.09868814055303,42.61297313296797
2029-04-02,39.11446466690509,35.735443793641004,42.41326779129549
2029-04-03,39.111188147429345,35.89174465928148,41.993124722386284
2029-04-04,39.044679496910135,35.79136486813715,42.20293333420581
2029-04-05,38.910950015271624,35.841996138853375,42.198858203141846
2029-04-06,39.219223198901645,36.218137932389276,42.437789472078016
2029-04-07,39.02499824065044,35.99346545709318,42.303777542308325
2029-04-08,38.721319218793724,35.39932532820704,41.890118052264896
2029-04-09,38.54770643693156,35.35634344025994,41.632753601801916
2029-04-10,38.51077981171573,35.392332954524896,41.57225170097817
2029-04-11,38.41394951253567,35.161963506281495,41.68167154298647
2029-04-12,38.25305308929798,35.183287977301774,41.3666212513924
2029-04-13,38.537055884839646,35.46945592315783,41.702036901970075
2029-04-14,38.32112502902144,34.90951996183372,41.441556017421476
2029-04-15,37.997911649932426,34.95060299343785,41.181014824546445
2029-04-16,37.80649734922606,34.60456523706075,40.941426173906876
2029-04-17,37.75303435053245,34.741214822068166,40.6754820273996
2029-04-18,37.64045397922182,34.43418000930553,40.736962321346326
2029-04-19,37.464122122859116,34.41121789091188,40.389066255547355
2029-04-20,37.73255785959677,34.68148076357918,41.061034170174324
2029-04-21,37.50052493923323,34.13931051091345,40.737324099155366
2029-04-22,37.16033015658102,33.93358285357339,40.079578818776426
2029-04-23,36.950784104313,33.907335423565364,40.141310970007645
2029-04-24,36.877853208760975,33.85176262772425,39.9308372190584
2029-04-25,36.744377272678335,33.729407208952594,39.91925718337112
2029-04-26,36.54573082610155,33.29118797759144,39.682466068659004
2029-04-27,36.79054422277452,33.28286649895382,39.88508645361533
2029-04-28,36.533794024643896,33.368685174522255,39.80280343916983
2029-04-29,36.16809668562417,33.085555167614054,39.36930891523333
2029-04-30,35.93266110951436,32.87229484382804,39.061343658740775
2029-05-01,35.83392918829883,32.705272184742626,39.031130849071744
2029-05-02,35.67527885797917,32.692850827532176,38.78190684170565
2029-05-03,35.45266838819266,32.11274316866293,38.52299456407756
2029-05-04,35.675338348595695,32.42485998803989,38.86795426182155
2029-05-05,35.39888137591427,32.43638502612586,38.58340948844327
2029-05-06,35.01651439281461,31.92720461911823,38.104054873850615
2029-05-07,34.76800953282478,31.48027549200838,37.83974205397301
2029-05-08,34.66031357559996,31.48394464106111,37.97087958869413
2029-05-09,34.49723112456617,31.1907941140602,37.351383290683124
2029-05-10,34.275050913345346,31.206406701573904,37.34374249228452
2029-05-11,34.503232307749656,31.7369074885242,37.63195229683936
2029-05-12,34.237462684454805,30.87925279604532,37.11058469353763
2029-05-13,33.87092080963685,30.578875585728735,36.778976664446176
2029-05-14,33.643202842629925,30.54201423173628,36.708186963941316
2029-05-15,33.56094102503362,30.524622397566237,36.76461598490467
2029-05-16,33.42749041894916,30.12756326264767,36.54087330144656
2029-05-17,33.238563081398276,30.03441634603112,36.215447109045336
2029-05-18,33.50292660907961,30.54469250649612,36.718488142789575
2029-05-19,33.27547747033205,30.01166042128335,36.491857019855665
2029-05-20,32.9485238573638,29.7044532769611,36.229786587690946
2029-05-21,32.76073417731215,29.721261959334758,36.04345220002385
2029-05-22,32.71778063314632,29.58751269463127,35.99744358220509
2029-05-23,32.622052562343185,29.601182007029056,35.71627706459659
2029-05-24,32.46831815801651,29.200008537048838,35.79029350007594
2029-05-25,32.76445069944603,29.599122044139634,35.999782124271555
2029-05-26,32.56452888047815,29.547183053791613,35.59175927711075
2029-05-27,32.26014514393947,29.218771992283656,35.63102191211793
2029-05-28,32.08937734402995,28.894414850827744,35.235779176298
2029-05-29,32.05745244394955,28.796780630474082,35.24442560910809
2029-05-30,31.966476249021117,29.11312124800339,35.383236925063535
2029-05-31,31.81110722976356,28.91066996328875,35.13223149233476
2029-06-01,32.09929010788117,29.12753980888063,35.258394952465764
2029-06-02,31.88535847146738,28.60281689094755,35.113825853473244
2029-06-03,31.56134014920943,28.43223712589684,34.559593918154164
2029-06-04,31.365920638764816,28.32104541597906,34.48449511184012
2029-06-05,31.305093424846934,28.124113928769276,34.567713960362994
2029-06-06,31.181871469556057,28.096630605052475,34.30861393586308
2029-06-07,30.99193835992522,27.869495076150173,34.324947312672755
2029-06-08,31.24435535439134,28.017514831830074,34.4465241545038
2029-06-09,30.99463428699421,27.965015467344895,34.06916111537081
2029-06-10,30.636010857128316,27.535954460913647,33.77428226579221
2029-06-11,30.408374482015187,27.378638715476715,33.54472525473324
2029-06-12,30.318884488896522,27.120214386088495,33.50027326310103
2029-06-13,30.171647903909104,26.928015805940582,33.222662051488825
2029-06-14,29.963338302171845,26.94273139213655,33.10809385790678
2029-06-15,30.20387291685818,27.22886890455496,33.510327030569506
2029-06-16,29.94945887061949,26.906848770241798,32.988194012544746
2029-06-17,29.593843882993674,26.492292494643284,32.736479526817874
2029-06-18,29.37722835289579,26.379295298881665,32.76756646068342
2029-06-19,29.30686918858962,26.29220442657587,32.41327224380001
2029-06-20,29.186751091943535,26.173058685888773,32.141026123715164
2029-06-21,29.01320505023855,25.797264895255932,32.016114572544794
2029-06-22,29.29559135045277,26.13038037066797,32.36402745254926
2029-06-23,29.08935791868945,26.027355581134863,32.12254657831881
2029-06-24,28.787309099051946,25.449285285677043,31.755045587172543
2029-06-25,28.628541357178147,25.648047606083043,32.028383199196796
2029-06-26,28.619075701842302,25.4508910516982,31.850423742831392
2029-06-27,28.56156180121965,25.433330729646467,31.748610302734516
2029-06-28,28.45093268468478,25.426312730997957,31.767161354474524
2029-06-29,28.79512637290876,25.590039051172045,31.988053506480863
2029-06-30,28.648184183416113,25.450534319033014,32.047583600575024
2029-07-01,28.401559715771526,25.26846828590059,31.268919435586987
2029-07-02,28.29309386793784,25.065254718281125,31.31557362160493
2029-07-03,28.32768455158028,25.199556186679082,31.512091561181276
2029-07-04,28.307024997806177,25.187796299281594,31.511545396560493
2029-07-05,28.225288530616588,24.868730010372136,31.267069278272356
2029-07-06,28.589875238681575,25.33899637625892,31.662243718451855
2029-07-07,28.45452950894859,25.274130529766644,31.558741316788073
2029-07-08,28.21066179501747,25.122365131220032,31.602960759692326
2029-07-09,28.096329512726808,25.071628867034526,31.42918403283636
2029-07-10,28.116905459137307,25.008520702593273,31.057575123356557
2029-07-11,28.07480757211937,24.88475928241603,31.206333185164794
2029-07-12,27.965168035638328,24.858026638152307,31.043088639858706
2029-07-13,28.296557490125558,25.211788565969343,31.439667424245663
2029-07-14,28.124073834376926,25.04744550014994,31.42430763478155
2029-07-15,27.84062969683142,24.894323981779475,30.633167374430965
2029-07-16,27.685894337933117,24.576518787187528,31.149138156733567
2029-07-17,27.666919391010005,24.45422243363674,30.96300247409504
2029-07-18,27.587823385588962,24.602217361370933,30.825805604991505
2029-07-19,27.445414270265225,24.4066324416694,30.670219448775452
2029-07-20,27.749866958988605,24.649556814873748,30.822754687664844
2029-07-21,27.55776666968231,24.43201272760319,30.57080228254021
2029-07-22,27.26335339782842,24.29011602511757,30.43557405701747
2029-07-23,27.107424498710273,24.37735834287357,30.245837444091613
2029-07-24,27.09792591059517,23.772359672833137,30.278995495369998
2029-07-25,27.039607968476826,24.227259650926978,30.377355609170692
2029-07-26,26.92962588293112,23.87046690858521,29.988531113798548
2029-07-27,27.27820259198496,24.123761641494177,30.38622976521585
2029-07-28,27.141665244816018,23.989835444646836,30.405506343632045
2029-07-29,26.913690940429184,23.56304317239711,30.060986797644425
2029-07-30,26.83421875624051,23.59375547872703,29.825364639171887
2029-07-31,26.91005843723361,23.631859426910385,30.033195369673717
2029-08-01,26.94457131315306,23.825535806493747,30.222027529720418
2029-08-02,26.933302924170825,23.806152970882213,30.040978267730452
2029-08-03,27.384684271336305,24.41262878665374,30.67750485885128
2029-08-04,27.353111981565544,23.92696592471567,30.54381120990793
2029-08-05,27.230241888921057,24.11708020172155,30.400133872072814
2029-08-06,27.253951822850084,24.254820161499527,30.258285881622673
2029-08-07,27.429002639983548,23.985417633894123,30.8307075893778
2029-08-08,27.556771678907474,24.174861205788226,30.76653820373676
2029-08-09,27.630936713842196,24.27001782557166,30.767301877792217
2029-08-10,28.158225940724503,25.018549235764432,31.299182657397818
2029-08-11,28.191542962296968,25.368335587120463,31.48824841886557
2029-08-12,28.121300046878506,24.885844621799244,31.058130299344704
2029-08-13,28.184414354470192,25.116161087482446,31.394514166746404
2029-08-14,28.384995230671247,25.13411965361447,31.41115619554134
2029-08-15,28.524095998866656,25.648066177924825,31.491916153575815
2029-08-16,28.595407786380527,25.4405607745267,31.69210403896797
2029-08-17,29.106010602415854,25.93461783753767,32.1127119323069
2029-08-18,29.109490553018556,25.844812885679886,32.189931089525906
2029-08-19,28.997256624109877,25.88317904609327,32.26931078885334
2029-08-20,29.007512117374176,25.487404149455738,32.11459884345984
2029-08-21,29.14590945576421,26.03224906723862,32.19134523164614
2029-08-22,29.215262614948173,25.886594522658356,32.23622895865095
2029-08-23,29.21119573035125,26.275491041949856,32.58269396762276
2029-08-24,29.642844273004552,26.422886745519573,32.82526469910507
2029-08-25,29.565918985086565,26.432997554092058,32.621052627354
2029-08-26,29.37396740737939,26.297820864845402,32.37921899322829
2029-08-27,29.307289542475072,26.226582807383565,32.68276975287492
2029-08-28,29.373537848313013,26.210332257222497,32.52570562247777
2029-08-29,29.377377275129056,26.416619639023473,32.896323824695266
2029-08-30,29.316085291748923,26.222976901646785,32.39122267300249
2029-08-31,29.70020959247561,26.487097462899253,32.850724492983346
2029-09-01,29.586594840117833,26.328786947660635,32.697536058177434
2029-09-02,29.36961427683121,26.216510613552376,32.270599472959205
2029-09-03,29.29006355383029,25.8364287911704,32.40829751905994
2029-09-04,29.355747567433372,25.996426119474346,32.5368574496106
2029-09-05,29.371136376706886,26.15031596054075,32.55890656654985
2029-09-06,29.3329702703176,26.02932717487064,32.416615748417705
2029-09-07,29.750931551397937,26.474230886035087,32.85274419104969
2029-09-08,29.680694032487295,26.597979291832843,32.87356555423891
2029-09-09,29.515185477544847,26.410377380781725,32.61361082033663
2029-09-10,29.493519531921994,26.19956522275642,32.54467666776709
2029-09-11,29.62162692399736,26.328895273808275,32.498375900042504
2029-09-12,29.701960843385667,26.24349065648282,32.91958430862264
2029-09-13,29.72915525780101,26.35344700550173,33.03751975575899
2029-09-14,30.210752331862498,27.27548196830099,33.48675470017464
2029-09-15,30.200308472221835,27.219292067564073,33.40193585330074
2029-09-16,30.08871274549279,26.889235414488866,33.11516866985369
2029-09-17,30.113172736718028,26.84412445022327,33.396687873968844
2029-09-18,30.27789621548088,27.093704793229968,33.45845771258029
2029-09-19,30.383842192681822,27.07961648742116,33.36733140315772
2029-09-20,30.42441893784691,27.23861814577642,33.566193709174186
2029-09-21,30.906244089499385,27.917923036790597,33.881379359309946
2029-09-22,30.882275540767722,27.869906782083202,33.891452046975594
2029-09-23,30.743146215130842,27.610026550136876,33.88700952921621
2029-09-24,30.726157395141648,27.464560529599506,33.934176078249735
2029-09-25,30.835958803402846,27.782916435143086,33.74546574029826
2029-09-26,30.874289091215665,27.788718139471854,33.6881686498717
2029-09-27,30.835654614902023,27.59699637903216,33.95964581235927
2029-09-28,31.228062170592757,28.237602633299925,34.503787124230044
2029-09-29,31.10611512071548,27.910792422321848,34.23571835148696
2029-09-30,30.862306969725683,27.897764715431492,34.13931860123518
2029-10-01,30.735968160064086,27.953538194069125,34.37723551023065
2029-10-02,30.733895530391656,27.51912175352961,33.886600150396475
2029-10-03,30.66003943527412,27.512320655549694,33.64069291043399
2029-10-04,30.511127814055175,27.321158801979667,33.81743423179484
2029-10-05,30.79734431357861,27.908850366501806,33.945132382826706
2029-10-06,30.575371319273714,27.485429370354087,33.63462997609535
2029-10-07,30.239633322854434,27.221919693412605,33.47143641397739
2029-10-08,30.03119768131425,26.93745922745753,33.108135056560904
2029-10-09,29.958363372271194,26.963500169158994,32.93128407695201
2029-10-10,29.82631375670572,26.606264924128862,33.119948484277714
2029-10-11,29.632713471775624,26.372303303913814,32.75415891934027
2029-10-12,29.888367195339992,26.69074372805922,32.85654231185908
2029-10-13,29.65025156028709,26.425808806262083,32.554528160210324
2029-10-14,29.312755847680936,26.352948063048242,32.4264542837519
2029-10-15,29.116588487960225,25.776579083259424,32.31343049684678
2029-10-16,29.06937972640398,26.107687275521396,32.30944668247546
2029-10-17,28.975356000634434,25.8600296310552,32.15941847183083
2029-10-18,28.83096548972347,25.72072256137646,32.233098287429144
2029-10-19,29.14557173354539,26.174433321443615,32.10881545862742
2029-10-20,28.974525602377316,25.88018915172612,31.865024077519262
2029-10-21,28.71045012111242,25.652204287494904,32.05449811199486
2029-10-22,28.592193958085993,25.30038867953879,31.54781017351577
2029-10-23,28.62548265493783,25.52264899395466,31.807608454920214
2029-10-24,28.61264184038436,25.47787239629289,31.78057574554986
2029-10-25,28.54827059315825,25.45786010755726,31.488272568515836
2029-10-26,28.939980604084987,25.8350413416034,31.91023732676582
2029-10-27,28.841510247639732,25.531718108054093,32.17355441521033
2029-10-28,28.644047007504057,25.250745069615757,31.778614484621045
2029-10-29,28.585213143610588,25.661396565253227,32.0183120425118
2029-10-30,28.66974291517602,25.324313917719046,31.644071691939946
2029-10-31,28.699225019943277,25.405385323394523,31.609400605335633
2029-11-01,28.667788024928065,25.645537979157286,31.77078232059206
2029-11-02,29.082844249342067,25.882611860068973,32.319405751490784
2029-11-03,28.998201223643136,25.7923575983076,32.0037680851305
2029-11-04,28.805374382494026,25.812366244129176,31.877984805611025
2029-11-05,28.742556283031075,25.603633701796237,31.71572286902122
2029-11-06,28.815271243657865,25.60358426844596,31.943161047724207
2029-11-07,28.826089802165974,25.854909834915535,31.933543321152047
2029-11-08,28.770281642179967,25.697189080675454,31.926226277461772
2029-11-09,29.156523430960466,25.957847754738538,32.41266925278085
2029-11-10,29.039971754628528,25.862471069589503,31.978796753167128
2029-11-11,28.81353591954556,25.646926490798005,32.081731253927714
2029-11-12,28.716807039383113,25.694488001313065,31.946877769444107
2029-11-13,28.75667341655011,25.95973685866457,31.92142991333262
2029-11-14,28.736997684827084,25.453710095206894,31.691694917532505
2029-11-15,28.654235355520488,25.532690506983304,31.865715943068068
2029-11-16,29.01811210235904,25.988661894195356,32.246582804279456
2029-11-17,28.884670738808015,25.817046938507882,32.06041054148605
2029-11-18,28.64752328015805,25.32446207876313,31.90383291383135
2029-11-19,28.546764974552698,25.59642322717974,31.628331660573135
2029-11-20,28.589580606904544,25.544264271616804,31.714475526494752
2029-11-21,28.579918663094748,25.4526279864233,31.448587285701173
2029-11-22,28.51411294247616,25.32606813526802,31.787822700048725
2029-11-23,28.90156872928689,26.09286943615809,32.055704557391415
2029-11-24,28.797824091331755,25.619171588829918,31.922398221570624
2029-11-25,28.59582116626234,25.40766829860223,31.788758960287826
2029-11-26,28.53484365863509,25.314942787351274,31.579045262205586
2029-11-27,28.621150083276188,25.651099059152347,31.860610911781844
2029-11-28,28.657677490484094,25.448488089809146,31.782314262379654
2029-11-29,28.63969435178437,25.36349295164999,31.8164838302184
2029-11-30,29.075518777527904,26.222742873465627,32.100841245234406
2029-12-01,29.01961169296188,25.852616573808774,32.26711418424438
2029-12-02,28.86387891626796,25.597096737507442,32.00232773016429
2029-12-03,28.846637495996085,25.560044548818514,31.76898603544922
2029-12-04,28.97327505284091,25.683283147315812,31.958919625433087
2029-12-05,29.045976167497432,25.874233544659106,32.255042931086805
2029-12-06,29.0593939147132,26.030701746777144,32.202720564149544
2029-12-07,29.52138226605655,26.265381055356062,32.75051851394946
2029-12-08,29.486098679755827,26.374051463135302,32.57476102142417
2029-12-09,29.34531065967907,26.413386654658737,32.55009054970338
2029-12-10,29.33736162809829,26.378279336402205,32.570878769746834
2029-12-11,29.467824990643365,26.281626227536382,32.62540289741011
2029-12-12,29.539220707986726,26.379824607692658,32.5186640348544
2029-12-13,29.54667287576551,26.44158889907294,32.77161140843589
2029-12-14,29.998624550773705,26.93836009236818,33.36734177443117
2029-12-15,29.94991975386445,26.671648681582603,32.9910406016544
2029-12-16,29.793087120089737,26.78183312748484,32.902517731990606
2029-12-17,29.767281283544225,26.808735138234407,33.1148523693504
2029-12-18,29.878911649087826,26.634886937215306,32.63258088400937
2029-12-19,29.93133364643113,26.784324156192383,33.0168558613036
2029-12-20,29.920481732463614,26.723573118276963,33.112621988567824
2029-12-21,30.3555611049849,27.23959054366217,33.26158963557544
2029-12-22,30.292108722888255,27.124639953915615,33.21061449390082
2029-12-23,30.12325868849854,26.771589240195276,33.2459328746438
2029-12-24,30.088668568880994,26.91025735434613,33.3587086851604
2029-12-25,30.19513668885838,27.15187119234416,33.49383387440015
2029-12-26,30.246285753283257,26.972145795840497,33.27404810364959
2029-12-27,30.238192202337718,27.34237420661042,33.48317986157206
2029-12-28,30.68007827471603,27.608404614612482,33.739781596728406
2029-12-29,30.627377261294914,27.377885286160062,33.92042273149775
2029-12-30,30.473006774061627,27.096609928844437,33.71086461498249
2029-12-31,30.456306267169637,27.373846275647097,33.61885311412587
2030-01-01,30.583668406159298,27.687289953199627,33.54854020101836
2030-01-02,30.65823912498087,27.29392185614472,33.85417983164879
2030-01-03,30.67556519288717,27.28444758885748,33.73778722832472
2030-01-04,31.14430563987096,27.958110499729997,34.29040605540955
2030-01-05,31.11931687300956,27.891235578329397,34.23567833733092
2030-01-06,30.992945654993346,27.95421974348098,34.094119590980746
2030-01-07,31.003985545480585,27.97310918361592,34.32646274676399
2030-01-08,31.15832580234831,28.33321845942611,34.573405966815955
2030-01-09,31.258667038923186,28.03408032291294,34.311920436761504
2030-01-10,31.30018198754119,28.194158064051027,34.49601628719178
2030-01-11,31.79123733222102,28.619755797292775,35.01365181293692
2030-01-12,31.786486153566912,28.55488685122282,34.73626827085067
2030-01-13,31.678164972541605,28.57292114446508,34.83763529455677
2030-01-14,31.705050918165895,28.576853800015417,34.6401934542727
2030-01-15,31.87310805047482,28.72128227591432,35.00055963475997
2030-01-16,31.98519727651394,28.806432122830504,35.130897549985356
2030-01-17,32.03672845292581,29.118973955708384,35.189957665121604
2030-01-18,32.53637097343175,29.315601300515393,35.73211473427268
2030-01-19,32.53913280042222,29.53491393563999,35.842552099438954
2030-01-20,32.43764240956803,29.267379419655985,35.70661072491562
2030-01-21,32.471089704589886,29.35165446214554,35.5516085540047
2030-01-22,32.645855497912564,29.535397753762773,35.774920830085335
2030-01-23,32.765204572883235,29.64797998265948,35.97741004489404
2030-01-24,32.824921493843654,29.894196902894194,36.08206291781831
2030-01-25,33.334006011382726,30.227822808779102,36.552938604089114
2030-01-26,33.347738529743374,30.04102851327539,36.64193578670403
2030-01-27,33.258950555596684,30.12303598114473,36.418577360053675
2030-01-28,33.306956564178,30.24999973568649,36.5706885785874
2030-01-29,33.498177173950566,30.54537276425649,36.9433226863663
2030-01-30,33.635828848701344,30.482454967408792,36.785789784473906
2030-01-31,33.71555939822648,30.53487180769942,36.75681014871152
2030-02-01,34.246146128756564,30.976844369613346,37.26499984924723
2030-02-02,34.282567013224785,31.309715359469614,37.37616180101191
2030-02-03,34.21727960681555,31.029322372139795,37.194526831602374
2030-02-04,34.289163859808525,30.932905949789888,37.610167440944814
2030-02-05,34.50415835429619,31.42072050592596,37.71895434210116
2030-02-06,34.66496475073157,31.581957107517876,37.678488814884325
2030-02-07,34.7666992283947,31.763297807533693,38.155466067130526
2030-02-08,35.31760724563917,32.16750929374354,38.28951350786289
2030-02-09,35.37215144384074,32.179366387490816,38.37458219863845
2030-02-10,35.32230687088236,32.324704595264386,38.34209911341852
2030-02-11,35.406519141141736,32.27326381384985,38.6583662800699
2030-02-12,35.630354555270316,32.65577487058903,38.71921009805353
2030-02-13,35.796216510340244,32.601980860613764,39.029879475259776
2030-02-14,35.899006591560116,32.686099070438665,38.980997361357474
2030-02-15,36.44684635378418,33.40495895775483,39.51601485455792
2030-02-16,36.49416938415662,33.2454448622706,39.65767627221
2030-02-17,36.433017681949785,33.05162211033219,39.501952590604226
2030-02-18,36.501997929729036,33.38730151362754,39.366428706298905
2030-02-19,36.70692673469278,33.44689078762294,39.68863973856784
2030-02-20,36.85053932276046,33.60641722174001,39.99514151106778
2030-02-21,36.92814032029874,33.710751411964964,39.96911334967041
2030-02-22,37.44831295893772,34.19024076124989,40.568322348369136
2030-02-23,37.46599669545637,34.04696882276106,40.59069937802088
2030-02-24,37.37376774359438,34.287270386264765,40.6333692040543
2030-02-25,37.41077859846826,34.21259812367782,40.470984214569974
2030-02-26,37.583386168235975,34.5343464914511,40.776375875345074
2030-02-27,37.69484354370424,34.672828597808866,40.805715867470056
2030-02-28,37.74093458345954,34.41807277047279,40.52163960082014
2030-03-01,38.23066817008833,35.2694768732772,41.528110337423
2030-03-02,38.219342610113024,35.189054452451,41.4275773045022
2030-03-03,38.099815100508685,35.0979630628394,41.44939442790332
2030-03-04,38.11143269994446,34.870996045762936,41.251099180926
2030-03-05,38.260654697046,35.20680086602835,41.539695682442456
2030-03-06,38.35074159503513,35.33797312149654,41.41640711604009
2030-03-07,38.37738998403329,35.11700510771935,41.456661115257475
2030-03-08,38.849430152102094,35.56065529515375,41.828281217625346
2030-03-09,38.82189680499298,35.956313737446315,42.128297855642245
2030-03-10,38.68730761985461,35.660431206362055,41.72895116906399
2030-03-11,38.68460578445577,35.508435118280914,41.86110716372083
2030-03-12,38.81979604780284,35.579001851479006,41.89796862833584
2030-03-13,38.895649066769536,35.75742198786383,42.29016515085058
2030-03-14,38.90735283066498,35.80309787630598,42.20263902771097
2030-03-15,39.363227486395544,36.07838516590403,42.68555171460328
2030-03-16,39.31781338354333,36.32718686022469,42.59387449304605
2030-03-17,39.16316650909199,36.055679303511816,42.35095877869066
2030-03-18,39.13781692099065,36.090216974712234,42.245212984187006
2030-03-19,39.24741919428506,36.15869873676752,42.52047833498675
2030-03-20,39.29446919913869,36.35463614310184,42.45313107383822
2030-03-21,39.27396558915754,36.04846898630429,42.57319386625032
2030-03-22,39.69413199403335,36.599313522964785,42.67575418455818
2030-03-23,39.609509492762996,36.30120997548414,42.74717173045783
2030-03-24,39.412253387840494,36.37065342714026,42.53180981574936
2030-03-25,39.341089838878375,36.21634139553908,42.64533433675089
2030-03-26,39.40196141949052,36.29894648069893,42.51157197163282
2030-03-27,39.397736066225946,36.34078371787971,42.707630470876616
2030-03-28,39.323858042492525,36.248744431545624,42.4285001301337
2030-03-29,39.68905724362946,36.483271308619365,43.0139945149312
2030-03-30,39.54842682874899,36.410346009803476,42.70763925031756
2030-03-31,39.29470367364848,36.17568075704969,42.29212971004516
2030-04-01,39.16720772672544,36.05333195621319,42.17373432546784
2030-04-02,39.17246988817507,36.246937272865615,42.18185302260663
2030-04-03,39.11392345302211,35.97383169080059,42.350576956895274
2030-04-04,38.98753830969871,35.89627071237628,42.40183880308466
2030-04-05,39.30251476774743,36.16514645802818,42.25772994283604
2030-04-06,39.1143475087421,36.042072295100965,42.27231917146437
2030-04-07,38.816094607507914,35.6453263521318,42.00059609952296
2030-04-08,38.64730808784594,35.549191949748064,41.708934259725204
2030-04-09,38.61465593201905,35.481426034831344,41.47242757461896
2030-04-10,38.52161079000171,35.45986573206556,41.758234466479514
2030-04-11,38.36408468488935,35.239680762997125,41.77782413692271
2030-04-12,38.6511265878326,35.440548512056075,41.92523568417541
2030-04-13,38.43799325061676,35.2465382201448,41.47518630674614
2030-04-14,38.11742803387969,35.056123203837366,41.259661062465774
2030-04-15,37.928603888813605,34.70406994520193,40.9802717075907
2030-04-16,37.877760016901604,34.70145864203935,41.21684861100534
2030-04-17,37.76790698274422,34.75388772493909,40.92818102797902
2030-04-18,37.594479043417394,34.141933666070585,40.73870955021943
2030-04-19,37.86604998949348,34.81381352136494,40.862421164501555
2030-04-20,37.63742228039765,34.67010541481404,41.00131134528502
2030-04-21,37.30092359869065,33.841065788793586,40.06810914577929
2030-04-22,37.09536637933077,34.1764275414008,40.3004594452079
2030-04-23,37.02669926791817,33.94683407536724,40.35751750089206
2030-04-24,36.897724762191444,33.87547256542879,39.98920181848337
2030-04-25,36.70376134672002,33.75430265723801,39.87141923618985
2030-04-26,36.953366044924685,33.80025986008528,39.991215984977615
2030-04-27,36.70142689572982,33.29506049325649,39.92936811313868
2030-04-28,36.34045930960086,33.19959331749726,39.50958682433452
2030-04-29,36.10956180280606,32.804040072211784,39.34298268716705
2030-04-30,36.01506012247089,32.84420768582998,39.25022694070662
2030-05-01,35.86021419107658,32.83234213906425,38.99853133654257
2030-05-02,35.64086646646475,32.39862847328956,38.83819798291314
2030-05-03,35.86614803210759,32.404154708449,38.90587422459111
2030-05-04,35.5915524090971,32.3314857494222,38.86418584541321
2030-05-05,35.21021160857767,31.891333493115496,38.057573817135065
2030-05-06,34.96183055045155,31.92126210738161,38.152497407927356
2030-05-07,34.85330953242707,31.844284416209973,38.093638928502465
2030-05-08,34.6884298733127,31.59793536301172,37.93352141637266
2030-05-09,34.463482024474274,31.241981925923593,37.641884460457945
2030-05-10,34.6879531425104,31.600071282749262,37.7385212922789
2030-05-11,34.41758475197982,31.352712075864826,37.59555266302833
2030-05-12,34.04563559255906,30.827024517049693,36.95201762681455
2030-05-13,33.81180627153643,30.64951464283759,37.054314322474134
2030-05-14,33.72285580311987,30.491571207262425,36.81681591661502
2030-05-15,33.582285444492584,30.685284529672735,36.57160365856662
2030-05-16,33.38596928590629,30.524348684003126,36.627761089982336
2030-05-17,33.642848621726074,30.502251761384105,37.01569087351825
2030-05-18,33.408000631930825,30.324496918829812,36.924404262662655
2030-05-19,33.07391623673455,29.938925253882612,36.00377527408664
2030-05-20,32.87944338570743,29.626690375462616,36.054415132420395
2030-05-21,32.830425384455346,29.409746648375812,35.917053893976664
2030-05-22,32.72940908349521,29.584873468644744,35.91361461409732
2030-05-23,32.57130171088212,29.438245076200168,35.81386459636115
2030-05-24,32.86409262770675,29.863363110112584,36.01434773150212
2030-05-25,32.66194973785211,29.601972126075967,35.89504662151967
2030-05-26,32.356524589277235,29.140321897921346,35.43940865225626
2030-05-27,32.18592160012184,29.015805747137456,35.28722770097484
2030-05-28,32.15536020659689,29.010857893237723,35.47949902528448
2030-05-29,32.06690399821428,29.010796413406805,35.024791018935446
2030-05-30,31.91513493302466,28.723847268717837,34.81299125456773
2030-05-31,32.20788831558487,29.044328241473973,35.42171758239198
2030-06-01,31.99935778437379,28.72655000935207,34.97976957306644
2030-06-02,31.68140398956016,28.601933305266375,34.5167962643991
2030-06-03,31.49252217916319,28.15754963144992,34.766478422700196
2030-06-04,31.438497425440463,28.157662846767643,34.54621422888285
2030-06-05,31.32212164644414,28.15437354741551,34.42432327658372
2030-06-06,31.138850759561706,27.959847559060865,34.30362603499559
2030-06-07,31.39751804401284,28.227753385329727,34.67005791923537
2030-06-08,31.153413494373208,27.851787426279675,34.28042396512399
2030-06-09,30.79956350916714,27.4625519863221,33.947036987151634
2030-06-10,30.575666906139382,27.283700079014597,33.66880736690661
2030-06-11,30.488716859211927,27.478845500311756,33.79832602663545
2030-06-12,30.342683841109633,27.067217603507892,33.51168412460693
2030-06-13,30.134138877235152,27.16646669437134,33.40802561679836
2030-06-14,30.37293416865459,27.108304555127354,33.71829170527143
2030-06-15,30.11525183092536,26.879939283584914,33.252459266220015
2030-06-16,29.754856012814226,26.70849564364292,32.78501406320502
2030-06-17,29.532005234466858,26.47107471155756,32.843713513771995
2030-06-18,29.454055290172107,26.400997449331655,32.565933377815455
2030-06-19,29.325128428691837,26.09773180211297,32.441276766785805
2030-06-20,29.141728604511037,26.071085599031015,32.24165277798457
2030-06-21,29.413420188147075,26.257048287907118,32.516613188919145
2030-06-22,29.19588104299986,26.324827881888304,32.400500800062936
2030-06-23,28.88216521686837,25.81041387018747,31.890624976446446
2030-06-24,28.711631892821252,25.686106883519525,31.7022381395977
2030-06-25,28.690570573662697,25.48255329916917,31.649587222421825
2030-06-26,28.621897674056346,25.692362439573266,31.5904444033648
2030-06-27,28.500803619754965,25.39796121840312,31.77732286372896
2030-06-28,28.83546701066978,25.611084496004402,31.919651443845602
2030-06-29,28.680145808260658,25.51276439177895,32.1139952496224
2030-06-30,28.426479758049826,25.52047121959379,31.534428737763402
2030-07-01,28.31245959266984,25.33581119279344,31.623407267052947
2030-07-02,28.343091858904536,25.242804338477477,31.706074498694836
2030-07-03,28.32013341216549,25.18408634704211,31.374262303764308
2030-07-04,28.237773579588463,25.000412290992504,31.266849140198985
2030-07-05,28.60337951417748,25.398959426200523,31.547450611407672
2030-07-06,28.47061376028492,25.556163194559137,31.460552171855248
2030-07-07,28.23075742309366,25.109724931253158,31.478920559626346
2030-07-08,28.121693816125457,24.79587478069468,31.40172289147702
2030-07-09,28.14858092650259,24.98374147261235,31.483327875745047
2030-07-10,28.113586421786852,25.11972358686618,31.25324555729568
2030-07-11,28.01156307530423,24.90736596141015,31.33772315204818
2030-07-12,28.3507802095983,25.385942283271316,31.763124583671026
2030-07-13,28.186020457200094,25.182274888020483,31.45331617205444
2030-07-14,27.909875706735914,24.913777092327724,30.907127841323423
2030-07-15,27.761697769267727,24.587288121708614,31.009940771983892
2030-07-16,27.748232934685007,24.50572766830382,30.825904608614707
2030-07-17,27.673315120036484,24.62002926201183,30.78642232185882
2030-07-18,27.53349658730758,24.37714430476896,30.693134075932427
2030-07-19,27.83873302389624,24.8357712433778,31.02880714859829
2030-07-20,27.645433539594887,24.333403141964588,30.915846462670597
2030-07-21,27.347710729341816,24.13642571579658,30.46446141718742
2030-07-22,27.18628760919354,23.86131862751599,30.35728022316763
2030-07-23,27.169091823766813,24.01652838647719,30.45649674615807
2030-07-24,27.10091297682062,23.875197633390215,30.122501658869616
2030-07-25,26.979003100773937,23.710447361868162,30.2984632015659
2030-07-26,27.313737955503896,24.17778368038908,30.34371130078019
2030-07-27,27.16165043968349,24.125716236334412,30.110567068649328
2030-07-28,26.916671804051628,23.749172447984595,30.219576193284432
2030-07-29,26.819037808060017,23.674510033678068,30.109532153740822
2030-07-30,26.875890334781428,23.832760192212696,29.75432633628973
2030-07-31,26.890950209870365,23.7396349744523,30.021825811170103
2030-08-01,26.860140912787024,23.778517774177605,30.140384292346635
2030-08-02,27.2922803283589,24.284705634074204,30.73148965823296
2030-08-03,27.242151078065863,23.91650216604515,30.411064911897604
2030-08-04,27.101784193585782,23.789064257410967,30.104890954907113
2030-08-05,27.109412188095575,24.027051934786282,30.40406525158039
2030-08-06,27.2701208237348,24.052976047612134,30.44181449976294
2030-08-07,27.385574006104136,24.208065361308993,30.366359421685814
2030-08-08,27.449690116026552,24.109460471553064,30.744218432460723
2030-08-09,27.969385522638593,24.577014713828465,30.926723395662318
2030-08-10,27.997694425431128,24.701816341832128,31.13697920429295
2030-08-11,27.92509844616431,24.51089676557172,31.29739400924185
2030-08-12,27.988520771792903,24.86730260178382,30.8624575204584
2030-08-13,28.19201301423212,25.040217781490192,31.34951143866037
2030-08-14,28.336508238859164,25.10513059380607,31.50161924425457
2030-08-15,28.4155176739577,25.54793032556132,31.457279959292965
2030-08-16,28.93588625112916,25.892123088223823,31.933285962340815
2030-08-17,28.950915751209642,26.000491193313174,32.00925113522739
2030-08-18,28.8516888361933,25.862178451522347,31.944464590777347
2030-08-19,28.876048865203543,25.92210215579974,31.656020611753796
2030-08-20,29.029263993470213,25.84963369200394,32.09922399574813
2030-08-21,29.113749567389135,26.01899756621623,32.21688161856303
2030-08-22,29.1247271031982,26.010236116953998,32.186904963919034
2030-08-23,29.570935968461526,26.21587736766847,32.881743972975904
2030-08-24,29.50770767877265,26.542246037432815,32.80080367141552
2030-08-25,29.328237366321876,26.292408371771746,32.49138652286474
2030-08-26,29.272508699157903,26.081908818138054,32.28317489075389
2030-08-27,29.3479021982509,26.195523702276706,32.55397078853138
2030-08-28,29.358862442344265,26.4909396254598,32.17378989725832
2030-08-29,29.302503913836322,26.07677730647325,32.60203647344927
2030-08-30,29.689273019923853,26.83175745318903,33.052113514478506
2030-08-31,29.57597752743373,26.21677194030417,32.72198263091641
2030-09-01,29.357019169107087,26.15785389645048,32.61942568271085
2030-09-02,29.27328674365797,26.218855792312265,32.34129198144831
2030-09-03,29.332740514301346,26.365569961211612,32.514519077838145
2030-09-04,29.340064043913365,26.09952156372847,32.50734499863222
2030-09-05,29.29226364114534,26.31264280913766,32.45803830528779
2030-09-06,29.69933313411959,26.521446827846447,32.75799561826156
2030-09-07,29.61729514864401,26.332034321122197,32.8329981814012
2030-09-08,29.439454344882062,26.289424144486187,32.754296163920614
2030-09-09,29.40531939663372,26.31330604902095,32.42387833592781
2030-09-10,29.52122375980834,26.308295084632526,32.864654187670965
2030-09-11,29.590020410561994,26.359459882134296,32.58050674219531
2030-09-12,29.606729595932272,26.4692551692209,32.795160804163274
2030-09-13,30.079256038659505,26.90780354093342,33.326356905792444
2030-09-14,30.061485389204343,27.052382594848527,33.20967729360011
2030-09-15,29.944593923059216,26.63194507761742,33.12938601406185
2030-09-16,29.966026778989416,26.70553165004273,33.292693764837466
2030-09-17,30.13017330352841,27.08407136927712,33.45115248720383
2030-09-18,30.23811324785471,27.183040556623453,33.48778857028611
2030-09-19,30.28331151087216,27.244521222052867,33.3896897667917
2030-09-20,30.772376642457022,27.64373579195314,34.031607602772915
2030-09-21,30.75819182598533,27.61193716801749,33.90458259809525
2030-09-22,30.63125144668237,27.796271558296638,33.77829841875673
2030-09-23,30.628657855355236,27.54864699204,33.653201269969784
2030-09-24,30.754806430158414,27.55017712476906,33.82196295514872
2030-09-25,30.811132454770362,27.813807229637916,33.80430404807822
2030-09-26,30.791797519197292,27.496311058006654,33.52055460275214
2030-09-27,31.2044309084789,27.962751136776756,34.55170687193853
2030-09-28,31.1032351808718,27.8018760147111,34.02708505933729
2030-09-29,30.880289741639572,28.038303261369848,34.05702630268002
2030-09-30,30.77450791910713,27.538759676393678,33.88821310964233
2030-10-01,30.792276715016737,27.466729216017292,33.89137630143073
2030-10-02,30.737153959826472,27.585945489375543,33.95458987130986
2030-10-03,30.605501900987854,27.665936702685556,33.73054866588862
2030-10-04,30.907174084750086,27.826390907924605,34.31582940936406
2030-10-05,30.698566164041253,27.71118843074739,33.682624510833044
2030-10-06,30.373865866582438,27.09804251294884,33.513509511908886
2030-10-07,30.173959016701637,27.08005643564375,33.29412550889277
2030-10-08,30.107022091687508,27.09919658163403,33.164142497214414
2030-10-09,29.978177239417843,26.860059210181667,32.97529461609906
2030-10-10,29.785089837622184,26.543557679108,32.80666608503646
2030-10-11,30.038626336655,26.90150677572948,33.15439196712587
2030-10-12,29.79588370645474,26.586842907780408,32.96964644796151
2030-10-13,29.451426199907775,26.260600412122425,32.67278977050129
2030-10-14,29.24618658311248,26.298148078749417,32.55404125889146
2030-10-15,29.18806234444929,25.92430781879205,32.37669837318498
2030-10-16,29.081582615624633,25.97912070331157,32.26583175807729
2030-10-17,28.92352547419681,25.76874529724041,32.2775682395838
2030-10-18,29.223602754646564,25.9826202444029,32.32205622064472
2030-10-19,29.037522888508228,25.917775226092807,32.41381871567137
2030-10-20,28.758266523905526,25.55322797632474,31.96687027326195
2030-10-21,28.625030979125413,25.568013205780616,31.888137990984486
2030-10-22,28.643872843375547,25.652271035225546,31.759137316406083
2030-10-23,28.617423190001336,25.45195677829096,31.72515860987438
2030-10-24,28.54055376967132,25.45791612165532,31.770067867407633
2030-10-25,28.921110010328842,25.843856237009216,32.16303819981207
2030-10-26,28.81302008111484,25.80605493029072,31.969270570944964
2030-10-27,28.607613578200414,25.50275886956525,31.739901175310877
2030-10-28,28.54260479713121,25.3283494517819,31.90139927649145
2030-10-29,28.622768945654695,25.237709345238418,31.78943244242999
2030-10-30,28.64968495826263,25.46593364562624,31.645238859561292
2030-10-31,28.61742265103957,25.549315855735024,31.838375041788794
2030-11-01,29.033289604505814,25.98602878240587,32.0565410405038
2030-11-02,28.950946791753573,25.854686934165247,32.217145416611366
2030-11-03,28.76172647281875,25.556285203206762,31.798040963157455
2030-11-04,28.703607483823575,25.650209109000784,32.110909979483345
2030-11-05,28.781876632253393,25.979015609542742,32.00623324406607
2030-11-06,28.79885039768542,25.588851653249534,31.833747393922895
2030-11-07,28.74953537768221,25.532676320918966,31.81899646192262
2030-11-08,29.142343708788044,25.828057425191414,32.08172888259533
2030-11-09,29.03217343779771,25.692164621736108,31.99861563181629
2030-11-10,28.811688409166553,25.679276665039993,31.83864679770543
2030-11-11,28.720253898906147,25.73016015927436,32.0416057926514
2030-11-12,28.76455783304281,25.496641303168882,31.754016936729016
2030-11-13,28.748292910124434,25.838729086988245,31.940383325383056
2030-11-14,28.6677791496272,25.33314526212387,31.82933759940017
2030-11-15,29.03264411084978,25.905105737405215,31.966177830465092
2030-11-16,28.898871677225323,25.961391686939056,32.09458032025381
2030-11-17,28.660054772710023,25.782915967923707,31.868875995882956
2030-11-18,28.55630890172248,25.39137666757078,31.514536434857646
2030-11-19,28.594876856347586,25.293415120429746,31.801676854847134
2030-11-20,28.579800248508597,25.459375327152898,31.76870786825292
2030-11-21,28.507537553480333,25.243240178661228,31.93648187647815
2030-11-22,28.887645898472254,25.766820206937407,31.96400416362556
2030-11-23,28.775837308460375,25.418199470748963,31.984969765959104
2030-11-24,28.56524442965354,25.25429522117841,31.72264596160784
2030-11-25,28.49535212520184,25.412069970810304,31.47197173861514
2030-11-26,28.572624656185177,25.44385147348364,31.598845456841776
2030-11-27,28.60020336193577,25.74840876553737,31.687442992555674
2030-11-28,28.57355369261917,25.442018529852184,31.466031057374593
2030-11-29,29.00117793036602,25.92146904402165,32.22081534024499
2030-11-30,28.937703376725683,25.883318581337253,32.064548165591894
2030-12-01,28.775180083109014,25.138131624745654,31.902373931652747
2030-12-02,28.75204359323829,25.545144677984414,31.95255738500134
2030-12-03,28.873771529819667,25.6198942802428,31.954415270666647
2030-12-04,28.94260812791844,25.801176968287585,32.010678526529375
2030-12-05,28.953234848162424,25.982361358792012,32.24779587693677
2030-12-06,29.41350279711991,26.139531889924296,32.39787114185757
2030-12-07,29.37753625023389,26.33491449631509,32.58412592489228
2030-12-08,29.237041009818412,26.141757162369775,32.382754315283016
2030-12-09,29.23027286865517,25.953912231302862,32.3898906363587
2030-12-10,29.362694961511146,26.37423772994142,32.65917222229195
2030-12-11,29.43669820444693,26.41674173542586,32.50980018183601
2030-12-12,29.447263193858063,26.23139867499686,32.6145821090771
2030-12-13,29.90267966306289,26.70226593103417,32.90155389041178
2030-12-14,29.857633280333868,26.796328625645526,33.01725310229906
2030-12-15,29.70449411061848,26.692262802781887,32.828510410411404
2030-12-16,29.68226268287268,26.475232840786457,32.744048692467636
2030-12-17,29.79720317668403,26.644279886068333,33.026074059166596
2030-12-18,29.85253869633877,26.838665030363277,33.177171122694
2030-12-19,29.844087785648362,26.751917339467116,33.09355561586529
2030-12-20,30.280959052045333,27.247254974035272,33.459689917200336
2030-12-21,30.21861442086522,26.73728991822482,33.4732764458791
2030-12-22,30.05013602364956,26.996854865126412,33.55399733196052
2030-12-23,30.01515326907093,27.008947468400134,33.06503188852989
2030-12-24,30.12046012484281,26.95171125255858,33.12919357213593
2030-12-25,30.169697987541262,27.041577604224177,33.36400606262483
2030-12-26,30.158983586055722,26.8773209470377,33.262167432101435
2030-12-27,30.597598956447786,27.275173699996678,33.95350212279358
2030-12-28,30.541054052316653,27.42850368597747,33.47754523920187
2030-12-29,30.382356912733556,27.507911617765874,33.551423938682355
2030-12-30,30.360947734289585,27.10268409614094,33.49975871741852
2030-12-31,30.483326561862672,27.56255564824276,33.91007728497724
2031-01-01,30.55274956119278,27.420318405846597,33.72503071550925
2031-01-02,30.564872819817488,27.305251171938092,33.84346314298328
2031-01-03,31.028460146611845,27.859813147632707,34.299462114233705
2031-01-04,30.998464817117345,27.853193184098693,34.0881701068638
2031-01-05,30.86731954055165,27.86903632146297,34.26933937876042
2031-01-06,30.87389034038321,27.727191979093146,34.082097822133065
2031-01-07,31.024123420656416,27.924437408747444,34.21307694005464
2031-01-08,31.120759371098554,27.90120622648397,34.45408558830036
2031-01-09,31.158993098483876,28.146323118971843,34.211694894377686
2031-01-10,31.647195463483044,28.393056651331786,34.653208047591086
2031-01-11,31.640006161637405,28.607943462957945,34.793065735906055
2031-01-12,31.529631810086208,28.36977688217466,34.5052184149303
2031-01-13,31.554804720602522,28.367655361072643,34.94246080321359
2031-01-14,31.72143132806876,28.613758419697557,34.59539957862143
2031-01-15,31.832304634252495,28.75270362039409,34.96647880581046
2031-01-16,31.882759169736563,28.864027765939827,35.022583135968716
2031-01-17,32.38138467168227,29.3306216043585,35.630690611972504
2031-01-18,32.383108329573886,29.289079660518354,35.64079986674689
2031-01-19,32.28047995778128,29.10844804011651,35.548334137648666
2031-01-20,32.31261604266295,29.486337031046585,35.36115029196884
2031-01-21,32.485832154578475,29.15046537558166,35.60945791147092
2031-01-22,32.60333864275583,29.42370401521744,35.789349051600766
2031-01-23,32.66087869207699,29.56161395928362,35.96464208594825
2031-01-24,33.167425515308615,30.2408616238534,36.29655115387541
2031-01-25,33.17824908955447,30.1223955183535,36.71166795682867
2031-01-26,33.08618731538488,30.00000940433487,36.32456423711062
2031-01-27,33.13057801250201,30.043689178353308,36.31114013710673
2031-01-28,33.31788164018409,30.143695398542963,36.64170316504503
2031-01-29,33.451369977712886,30.175529697484173,36.59914270147471
2031-01-30,33.52676007082996,30.50340349790188,36.74353780101516
2031-01-31,34.05291034757606,31.1293659186544,37.3264594242501
2031-02-01,34.08488934145041,30.817161462881536,37.28266451255182
2031-02-02,34.015251828470454,31.020072751250368,37.11258599140943
2031-02-03,34.08297862186546,30.87166729665009,37.435097884965344
2031-02-04,34.29410965046824,31.241346268511844,37.28277929574474
2031-02-05,34.45144521050635,31.393774063986406,37.75941130044159
2031-02-06,34.55019427972681,31.600025022215597,37.6850783023903
2031-02-07,35.098686322211826,32.04501934966984,38.20408422412471
2031-02-08,35.15145650455646,32.00545619777621,38.19326635878198
2031-02-09,35.10053858732142,32.00045458481901,38.085032229805265
2031-02-10,35.18442118513993,32.060030040403035,38.40957356486257
2031-02-11,35.40869648115695,32.55191283908805,38.5639960230853
2031-02-12,35.57577577273754,32.534302340728935,38.74710447201284
2031-02-13,35.6805502685528,32.7098545813215,38.9639706879125
2031-02-14,36.23111315565502,33.031451295747296,39.44768640772775
2031-02-15,36.28185251967012,33.04664564947454,39.486760972161804
2031-02-16,36.22474912743813,33.04170373185653,39.233349800000454
2031-02-17,36.29833460189502,33.114258701160374,39.399388367841134
2031-02-18,36.508339007617195,33.15567552432359,39.72260919591301
2031-02-19,36.65740225494349,33.60499583344708,39.849460184298806
2031-02-20,36.740727871036924,33.465177997378206,39.81362253801578
2031-02-21,37.26679537787053,33.894843307330106,40.51886307484788
2031-02-22,37.290441167526645,34.15269052367836,40.49592495356052
2031-02-23,37.20414226748005,34.06924399678862,40.4398913118018
2031-02-24,37.246958972820806,34.13584668772973,40.756067947310754
2031-02-25,37.42516586034363,34.39189184816704,40.58923005174382
2031-02-26,37.54194612252516,34.790452398814786,40.78766557137724
2031-02-27,37.59302831642225,34.397772194947656,40.71558133503483
2031-02-28,38.08738231315219,34.798496110859965,41.08498649171727
2031-03-01,38.08028486571132,34.66405845008655,41.363308116114816
2031-03-02,37.96458967984497,34.88084263408882,41.102320540852936
2031-03-03,37.979658405887236,34.716426959547036,41.155387871438556
2031-03-04,38.13198244233394,34.83986260776392,41.226032911674025
2031-03-05,38.22487078768958,34.885726998104225,41.46341358645291
2031-03-06,38.2540832472023,35.25642350411783,41.46002311404955
2031-03-07,38.728525898053725,35.62279686942838,41.79850340533073
2031-03-08,38.703319250907256,35.78554591704318,42.08215276843649
2031-03-09,38.57107391423056,35.51199673554069,41.78660988492338
2031-03-10,38.57083000502064,35.50463290177789,41.70751014348089
2031-03-11,38.7086899315651,35.45488333098329,41.988263245011105
2031-03-12,38.787519437354916,35.73122591650538,41.96594123109232
2031-03-13,38.80259579390642,35.72807506560763,41.85142004329201
2031-03-14,39.262319568933606,35.9593864379661,42.26272742810484
2031-03-15,39.22129988760792,35.93232964871553,42.3251817890677
2031-03-16,39.0716474465957,35.60043938195844,42.30496340655083
2031-03-17,39.051930968547445,35.802220925388404,42.22439227895214
2031-03-18,39.167826175348104,36.01631182913839,42.391266978315066
2031-03-19,39.22183164797778,35.80120644532385,42.42583074060026
2031-03-20,39.208929982232185,35.91652280868276,41.841000824063336
2031-03-21,39.637310246501805,36.62077703810574,42.626908246928956
2031-03-22,39.561461310865425,36.328326834872875,42.73757205228512
2031-03-23,39.37347004188838,36.3156940316092,42.488157339794334
2031-03-24,39.3119798773958,36.192328018574194,42.369005606171484
2031-03-25,39.382838783889326,36.27713717278456,42.74685521233157
2031-03-26,39.388810989301206,36.29038159757083,42.55299153540377
2031-03-27,39.32523102526811,36.09027068297901,42.372238295431764
2031-03-28,39.70071630647096,36.60404722747569,43.04343998609078
2031-03-29,39.57024812738803,36.06593186673327,42.56474717232012
2031-03-30,39.32645546201065,36.094328062479065,42.52323850494719
2031-03-31,39.20855753991248,36.01496595101112,42.40006157190563
2031-04-01,39.222994713888646,36.17011009735826,42.484697224140426
2031-04-02,39.17312256169839,36.14382050065961,42.26906328672455
2031-04-03,39.05484832574557,35.71409836068231,42.06905202817427
2031-04-04,39.37732648946076,36.232407563128156,42.55783480495524
2031-04-05,39.196023925210575,36.07376480182694,42.322702661752906
2031-04-06,38.90398951909298,35.76179887768917,42.207265947644174
2031-04-07,38.74078471417144,35.52776524965192,41.996013198793314
2031-04-08,38.71310488856457,35.33090528931255,41.91421926899789
2031-04-09,38.62446683180815,35.49933333136128,41.78282958300192
2031-04-10,38.47084165291466,35.65934402855948,41.62126543293391
2031-04-11,38.76135004932818,35.49665117927575,41.66295170247419
2031-04-12,38.551330397773434,35.53755625314925,41.51490792144211
2031-04-13,38.23361449275933,35.177243108775656,41.41328161805231
2031-04-14,38.04746719052326,34.94651845498021,41.06426801121482
2031-04-15,37.9992195920995,34.82256439252442,41.15326186368966
2031-04-16,37.89197065525392,34.90215707733938,40.976175583236035
2031-04-17,37.72123611560467,34.388512879347694,40.778629120561526
2031-04-18,37.99566112716964,34.92045762889737,41.16205053482331
2031-04-19,37.7701065147917,34.37803400029257,40.930683466483075
2031-04-20,37.43694286377446,34.17420546819591,40.5478810790772
2031-04-21,37.2350080912835,34.32569797184692,40.53269280171854
2031-04-22,37.17025752662868,33.96912974964718,40.34919452854142
2031-04-23,37.04548081004749,33.80069767175382,40.103280913604785
2031-04-24,36.85596395538995,33.77067288324636,40.08069993984993
2031-04-25,37.11021251506447,34.00138580802294,40.36183770778711
2031-04-26,36.86304534680648,33.76782151870301,39.92032887371678
2031-04-27,36.50689290721796,33.59461945107437,39.59777035082804
2031-04-28,36.280755519654775,32.859395942834006,39.28278636732018
2031-04-29,36.190850557755155,33.03023099210662,39.45248785245677
2031-04-30,36.04032288372984,32.86649012549124,39.134861143185745
2031-05-01,35.824897032419955,32.78096889435208,39.003351291783595
2031-05-02,36.05358733830416,32.918040886798764,39.30226278738611
2031-05-03,35.78177587031167,32.702841127605936,39.04799565019325
2031-05-04,35.40249256141881,32.357665522367014,38.61408871733391
2031-05-05,35.15535352603553,31.93425748689162,38.30029880060858
2031-05-06,35.047187119430085,31.884604541760133,38.184616793729425
2031-05-07,34.88172274047928,31.73360603787611,37.9798427269812
2031-05-08,34.65522156016428,31.35258614421114,37.44008962648214
2031-05-09,34.87716607210521,31.717058293429407,38.03217559367847
2031-05-10,34.60331901534674,31.384382464861602,37.75086237529918
2031-05-11,34.22698670588589,31.243800939795335,37.388183389562755
2031-05-12,33.98794336291972,30.872207607705974,36.98768283840424
2031-05-13,33.893046500943804,30.65231264935013,36.83806044179948
2031-05-14,33.7459188122977,30.62268395224379,36.95310035270336
2031-05-15,33.54257603749884,30.352311728552547,36.766459494125286
2031-05-16,33.792117914651826,30.436597527285052,36.91876509936229
2031-05-17,33.54979282474557,30.530661844620774,36.441223047731356
2031-05-18,33.20827110345812,30.214160289613734,36.600618766388656
2031-05-19,33.00658340651877,29.805003538775775,36.07842380784448
2031-05-20,32.95075387155821,29.648548733653655,36.24100307885606
2031-05-21,32.843503051248305,29.566110899253353,36.060512544954136
2031-05-22,32.67989955523803,29.46342179102668,35.744426343350405
2031-05-23,32.9680768373032,30.050933676796845,36.32295116846865
2031-05-24,32.76232501285381,29.710591075570534,35.51956699006875
2031-05-25,32.45439188976639,29.31220015032561,35.7900601772537
2031-05-26,32.282448778778196,29.268045368713956,35.502629468251236
2031-05-27,32.251749996569195,29.322790727189282,35.283105224335515
2031-05-28,32.16436022249739,29.135917366330652,35.21454400034494
2031-05-29,32.01482787330871,28.905712183313177,35.29448813968477
2031-05-30,32.31092022370249,29.329709755568878,35.58963927143734
2031-05-31,32.10672953646211,28.98889350304702,35.384627681337044
2031-06-01,31.793983870828093,28.53096496297881,35.03444116338634
2031-06-02,31.611017745524755,28.39604167535231,34.83120783245451
2031-06-03,31.56343131811153,28.6135132993103,34.84422025364141
2031-06-04,31.45381213827972,28.23300905747035,34.61951814734546
2031-06-05,31.27739769004554,28.169838484644,34.66702748723105
2031-06-06,31.542794656422878,28.334830458372103,34.549238925745335
2031-06-07,31.30506452764289,27.88288490609847,34.36768692556353
2031-06-08,30.95700972278477,27.74794102941513,34.118824176206445
2031-06-09,30.73811603393722,27.70449258785672,33.879555026730046
2031-06-10,30.655180802248097,27.429616061026906,33.83761690079922
2031-06-11,30.512001726494336,27.424763746635374,33.59916929518049
2031-06-12,30.305005433985077,27.243002563621094,33.47599623888836
2031-06-13,30.54393270876919,27.591423659955655,33.82751464138927
2031-06-14,30.28489097875749,27.09584998999884,33.47041120090319
2031-06-15,29.921609202985234,26.74042233213094,33.07725890046522
2031-06-16,29.694351901911205,26.419856713280673,32.85958595515281
2031-06-17,29.610522608626447,26.597836697698618,32.825774981217776
2031-06-18,29.474332418418278,26.530643776907652,32.70875709661664
2031-06-19,29.282413427850745,26.120014046561455,32.44661036599321
2031-06-20,29.54449448307999,26.462159127118714,32.64203911037902
2031-06-21,29.316450209958578,26.274234013301758,32.4348148992178
2031-06-22,28.991558671154134,25.715110855952197,31.958790391923895
2031-06-23,28.809424421853564,25.56903962857844,31.90532877755888
2031-06-24,28.77659709167418,25.758631774655264,31.67138049858957
2031-06-25,28.696260842838342,25.575184002976204,31.79951066754142
2031-06-26,28.563873997783507,25.324701853253423,31.402488506884385
2031-06-27,28.887875599329195,25.61183786561333,32.08667882838154
2031-06-28,28.72276907701895,25.653709139860528,31.894578679989753
2031-06-29,28.460417444519592,25.327141980911577,31.364580482003287
2031-06-30,28.339005782342433,25.17701669194216,31.621614343263175
2031-07-01,28.363700046973225,25.041873253094113,31.60283593464784
2031-07-02,28.336376430553337,25.061455987649456,31.425287975210765
2031-07-03,28.251299430686874,25.16315523376544,31.1757158147326
2031-07-04,28.615864284074977,25.640421813977802,31.62814959567609
2031-07-05,28.483712884462594,25.595062168833195,31.874480478706754
2031-07-06,28.2460566432778,24.84445597261327,31.52091676727178
2031-07-07,28.14066119618444,25.05828054507447,31.29398268554868
2031-07-08,28.17252128636418,24.95704948285111,31.1799747620253
2031-07-09,28.143599501397123,24.875729831415146,31.50038724259908
2031-07-10,28.048506656295267,24.853943305876243,31.300066503203876
2031-07-11,28.39523930260513,25.231293165252193,31.512142316503198
2031-07-12,28.238283510557213,25.0290505049821,31.10126399444106
2031-07-13,27.96991861148119,25.006449781430057,31.270315090095227
2031-07-14,27.829176230683217,24.563314041987617,30.997105382445408
2031-07-15,27.822483557497932,24.72864197527112,30.61317672416249
2031-07-16,27.753365318876234,24.582421569741236,31.169737053045576
2031-07-17,27.61808319247526,24.45063071906436,30.79932808386607
2031-07-18,27.926329211660946,24.760633333930137,31.001575923357457
2031-07-19,27.734283482732998,24.581405056703822,30.697786693194992
2031-07-20,27.435871144075044,24.154464325381756,30.485091110360877
2031-07-21,27.27167517532938,24.250939213363605,30.516789869990085
2031-07-22,27.24953528132106,24.167277455637,30.43217026129789
2031-07-23,27.174208559924807,24.360791472971407,30.47503940119855
2031-07-24,27.042971862362307,23.790453015435144,30.230662610907558
2031-07-25,27.366283467473288,24.238686657071153,30.478860811758313
2031-07-26,27.200815325280942,23.769258326345724,30.36673423577626
2031-07-27,26.94069157312267,23.941721931283237,30.17947339061518
2031-07-28,26.826390521705527,23.694786886487755,29.902701390721838
2031-07-29,26.86534072260893,23.49286521385755,30.005776000577505
2031-07-30,26.861586998115584,23.679385310212517,30.16765478889622
2031-07-31,26.8114062917816,23.86060015857645,30.038991203404418
2031-08-01,27.22399068872221,24.051290418863964,30.31679960517528
2031-08-02,27.154508371297307,24.23891763373784,30.17543185088083
2031-08-03,26.995377518534195,24.109111478765623,30.251167711179257
2031-08-04,26.985209463399137,23.950972574938262,30.035922500666075
2031-08-05,27.129450670844534,24.028079049091325,30.27051973582727
2031-08-06,27.23009823072425,24.274073318794628,30.46148604772474
2031-08-07,27.281367430509796,24.078366899782726,30.472374391456373
2031-08-08,27.790427391107848,24.51159509676009,31.057136125440213
2031-08-09,27.810514130457545,24.624413979270923,30.91887287226597
2031-08-10,27.732254664754958,24.62591952359554,30.745557160800526
2031-08-11,27.79265710383463,24.79335480323696,31.006550080820222
2031-08-12,27.995795024013717,24.70775147501347,31.08516751794987
2031-08-13,28.142559646435807,24.964676193730813,31.17718259569203
2031-08-14,28.226357365664988,25.182725398755817,31.2550791547616
2031-08-15,28.753867766280184,25.600979294762183,31.797317369980632
2031-08-16,28.778170845210713,25.352343346963444,31.967905663496836
2031-08-17,28.6900766201156,25.420232203077646,31.661359051225652
2031-08-18,28.727111880922024,25.501085515386265,32.03107967775783
2031-08-19,28.894192405390353,25.78726945132941,32.121488839602584
2031-08-20,28.993354441213672,25.90996073786159,32.171782130559436
2031-08-21,29.019423504724752,25.964353626210322,32.3082801363322
2031-08-22,29.480736357358417,26.05587782961653,32.624493547975945
2031-08-23,29.432225800553162,26.16047721421264,32.4188411765592
2031-08-24,29.266702567670553,25.927392214341822,32.51903293337613
2031-08-25,29.223790314762752,26.098612259306964,32.429036795926315
2031-08-26,29.31054338896587,25.94984631332086,32.254676517257025
2031-08-27,29.331122611980206,26.177833781996796,32.483105682698955
2031-08-28,29.282408602111975,25.933778223174514,32.27775842857735
2031-08-29,29.67466996828348,26.603453167125316,33.03237292285607
2031-08-30,29.56459744804305,26.663250262339783,32.74811738769166
2031-08-31,29.346539619938046,26.380839227328647,32.51721306763485
2031-09-01,29.261397427588562,25.963379572882218,32.502198144835795
2031-09-02,29.317208280009787,26.269259079833763,32.404085840034995
2031-09-03,29.318795872096956,26.197883112232848,32.54011941221112
2031-09-04,29.263365951161408,26.140458334213918,32.682809189042764
2031-09-05,29.66116584213907,26.676354652841425,32.77765878610439
2031-09-06,29.56851904628607,26.405636995380355,32.727232506270035
2031-09-07,29.37907054332006,26.284678116566976,32.2457906396281
2031-09-08,29.332699790642252,26.189102553994665,32.42458622037776
2031-09-09,29.43613170345035,26.189074665838497,32.49005306034319
2031-09-10,29.492621054867087,26.410546728467814,32.61681096228385
2031-09-11,29.497589611990406,26.3282644490908,32.72916064627366
2031-09-12,29.959332729703142,26.79473084582631,33.13197581028033
2031-09-13,29.9321054749469,27.12212074546552,32.95986576637046
2031-09-14,29.807422551343304,26.634043668655778,32.989661380449675
2031-09-15,29.82302757628327,26.806253975035588,33.03319893759041
2031-09-16,29.983560510265434,27.010959057687963,32.94439602857605
2031-09-17,30.090297190758093,26.722030448016795,33.04123510584707
2031-09-18,30.136838836737276,27.01765396052972,33.3816638003556
2031-09-19,30.629866871948483,27.458542384399184,33.57535626457007
2031-09-20,30.62227187831557,27.436816800661077,34.01408990289424
2031-09-21,30.504489834194167,27.308151767497655,33.6605768190602
2031-09-22,30.513500250066244,27.445765810512743,33.82530623305936
2031-09-23,30.653514262099808,27.420504666925314,33.72411610233746
2031-09-24,30.725726116011273,27.723581084109746,33.67933923350411
2031-09-25,30.72400562013495,27.24614910789076,33.99891034421284
2031-09-26,31.155646867996953,28.087723883737937,34.15156760038707
2031-09-27,31.074482233850695,27.969644690278866,34.04481066945788
2031-09-28,30.87219522164656,27.550602662413652,33.96399626918019
2031-09-29,30.787287426928312,27.86187243023113,34.239283446400265
2031-09-30,30.82572852201633,27.81056764002149,34.15886081240399
2031-10-01,30.790663725758467,27.533600764680283,33.68489518044686
2031-10-02,30.67805751637104,27.510300155306776,33.51623776138818
2031-10-03,30.99739018530782,27.8500037956721,34.0463511513047
2031-10-04,30.804717616084602,27.920391219951025,34.079721485711254
2031-10-05,30.493929294128762,27.25451983774811,33.94491507430452
2031-10-06,30.305661239595043,27.12465443784958,33.26652340993397
2031-10-07,30.247894174066616,27.06852362552742,33.27442123084022
2031-10-08,30.12561271416813,27.05923352281183,33.44365517162906
2031-10-09,29.936405577868868,26.841392033947812,33.01750972012711
2031-10-10,30.191124492455238,27.04823515716182,33.58327032475238
2031-10-11,29.94691311444027,26.76285501259422,33.006039272122166
2031-10-12,29.598441705701795,26.46493410926949,32.90655968190395
2031-10-13,29.386804789637125,26.475632294033858,32.58733674078584
2031-10-14,29.32011241127072,26.073136698391327,32.2524574722301
2031-10-15,29.203150881946435,26.288380539385862,32.347860015200546
2031-10-16,29.032992856594774,25.80470692843975,32.27321723700025
2031-10-17,29.31967407495774,26.105298133045366,32.488034569635396
2031-10-18,29.119247511672633,25.985467664032555,32.32985981220824
2031-10-19,28.825049923674555,25.70233604184097,31.84832944507034
2031-10-20,28.676637094792376,25.391712553046386,31.62355261221619
2031-10-21,28.680417336278342,25.909694824550602,31.789094607998685
2031-10-22,28.639357947877524,25.37792143572369,31.705456722601948
2031-10-23,28.548643233475204,25.547744416028387,31.751759218744237
2031-10-24,28.916400105938934,25.71945574231881,32.269059313548965
2031-10-25,28.796800722000857,25.77494402788449,31.853089327325666
2031-10-26,28.58137585984214,25.332304877420803,31.574464293529488
2031-10-27,28.507994126051475,25.585159212293622,31.573516841396778
2031-10-28,28.581535432310226,25.56524335273764,31.517780147264556
2031-10-29,28.603632452009844,25.490918628553455,31.74847419094474
2031-10-30,28.56835780600669,25.609451284776434,31.558444968872315
2031-10-31,28.982972337825107,25.97933063489864,32.14619651686052
2031-11-01,28.90104343150884,25.631517137604014,32.07203837528108
2031-11-02,28.713766794487327,25.57166793257147,31.72051139736073
2031-11-03,28.658946704393063,25.451276916929015,31.72769776080255
2031-11-04,28.74166327434583,25.466490065438464,31.631738649357505
2031-11-05,28.764000756952335,25.533941292804066,31.76246081771261
2031-11-06,28.720715130617375,25.53202497806943,31.98645284437426
2031-11-07,29.119956990709625,26.01129521085004,32.37478809574713
2031-11-08,29.01635950804259,25.95232836583403,32.216443021513264
2031-11-09,28.802325808555736,25.766919367265356,32.03481095396604
2031-11-10,28.71697179909554,25.643178286828526,31.76019152427845
2031-11-11,28.766754084307603,25.69024722586351,31.69403390524331
2031-11-12,28.75515811841419,25.58216313207602,31.784770454774375
2031-11-13,28.678325960183784,25.84912764549493,32.0303396580519
2031-11-14,29.045740748191776,25.909841325100427,31.913587221022937
2031-11-15,28.913278692962688,25.74319767292552,32.09012209644811
2031-11-16,28.674463885828008,25.737543567001453,31.820654008626118
2031-11-17,28.569382781930393,25.329122387140814,31.76053801739408
2031-11-18,28.60528870020194,25.343384854074806,31.503899724258247
2031-11-19,28.586272029801776,25.438450472633647,31.676738642953982
2031-11-20,28.50887589225063,25.379582239361408,31.576704397593417
2031-11-21,28.882774584620144,25.44070240293153,31.98968243208263
2031-11-22,28.76382563325801,25.696828044494072,31.86929087134786
2031-11-23,28.545330617446165,25.52254835531774,31.69336725414993
2031-11-24,28.46696131407744,25.211637486661402,31.682281218816378
2031-11-25,28.535381045437717,25.350752495044038,31.531675438630938
2031-11-26,28.553936320614504,25.271212874969873,31.54389923389758
2031-11-27,28.518297802244373,25.13497759672377,31.49780346824085
2031-11-28,28.937167110629645,25.821549492295567,32.020618602717114
2031-11-29,28.865359410761606,25.71514818219484,32.031118458185574
2031-11-30,28.695096013936638,25.566637351957002,31.925486110689235
2031-12-01,28.6649626009895,25.62719357692795,31.858021552377505
2031-12-02,28.780562016656773,25.62265184360848,31.920099890253976
2031-12-03,28.844235831125896,25.93668856664276,31.893983633728105
2031-12-04,28.850732869403412,25.513913675581442,31.89230378138351
2031-12-05,29.30794047588661,26.22644707768095,32.70086327826092
2031-12-06,29.269987821375675,26.13309819811041,32.46714920168394
2031-12-07,29.128554968924796,25.990739431284517,32.28866497682623
2031-12-08,29.12184292600744,26.43644444312976,32.29699428671737
2031-12-09,29.25523339712064,26.04540051074198,32.341196442209046
2031-12-10,29.33101234579744,26.227498932178076,32.50809139047047
2031-12-11,29.34403562764983,26.0910453185631,32.29573073033702
2031-12-12,29.802452665999677,26.521098709999873,33.12586875152634
2031-12-13,29.760797816054005,26.693525769875013,32.899113482019544
2031-12-14,29.6112835944909,26.44176674508804,32.75547118262273
2031-12-15,29.59275156808144,26.41927684235827,32.846555299079235
2031-12-16,29.711310268408877,26.731501957196414,32.8249554626055
2031-12-17,29.770034960169497,26.598278745920254,32.938104568615884
2031-12-18,29.76460828590208,26.723157817111215,33.0716695062493
2031-12-19,30.20401853907482,27.278571291950467,33.487202549521754
2031-12-20,30.14362598705578,26.932880521374777,33.514354905567565
2031-12-21,29.976432168329037,26.618850073983328,33.000240787390005
2031-12-22,29.942008655012295,26.659526975847548,33.02307099555187
2031-12-23,30.04711527480363,26.78707144251404,32.90839651281085
2031-12-24,30.095383158981292,26.864150491077364,33.33179633401062
2031-12-25,30.08294207566163,26.88082123880703,33.2063545785701
2031-12-26,30.51910912254767,27.531051233971834,33.532675618576306
2031-12-27,30.459449401119418,27.444087569311645,33.690662321843526
2031-12-28,30.29704367146575,27.25142837696938,33.197386428818504
2031-12-29,30.27141942789101,27.021081416017452,33.644022722799406
2031-12-30,30.389175216852866,27.460624017416503,33.37426073065108
2031-12-31,30.453673276988535,27.279253290709182,33.6462358832932
2032-01-01,30.46067957040726,27.39084276483341,33.700124209748445
2032-01-02,30.91906780006773,27.765425630678394,34.22914686287776
2032-01-03,30.883897483115277,27.455724838225738,33.81798839304852
2032-01-04,30.747700472878556,27.600387921008213,33.99044825380282
2032-01-05,30.749431728935534,27.618934547676815,33.70739858819121
2032-01-06,30.895113502255807,27.72241443839821,34.221350121063885
2032-01-07,30.987547367837706,27.766940515202588,34.129694863873034
2032-01-08,31.021972553972827,27.624850477742022,34.17322372627815
2032-01-09,31.506786589563777,28.238384818312134,34.89011334390593
2032-01-10,31.496637829776255,28.2287145779588,34.50069470978038
2032-01-11,31.383723822432913,28.364372299772725,34.61484880322729
2032-01-12,31.406750975705545,28.08461470085151,34.395922022734176
2032-01-13,31.571584456510966,28.04704466329941,34.44770095173308
2032-01-14,31.68096262149514,28.728587168357425,34.79215773057137
2032-01-15,31.730154409227467,28.66053888622864,34.87899141877311
2032-01-16,32.22767580351761,28.969761854892777,35.3860607751385
2032-01-17,32.22837512155978,29.232119511769724,35.469434219172534
2032-01-18,32.12472137993088,28.869223078230846,35.332980350018545
2032-01-19,32.15575157655458,29.17659388575178,35.427683580119236
2032-01-20,32.327706269036334,29.145690368751254,35.3007362012767
2032-01-21,32.443728260655774,29.46810457335943,35.665873703950766
2032-01-22,32.499503373109555,29.260478107228433,35.51762983676038
2032-01-23,33.00395998942999,29.92572264311867,36.198203961601486
2032-01-24,33.01233769844815,29.888180827137212,35.86155019680471
2032-01-25,32.91745985698184,29.512201644397003,36.34197360984055
2032-01-26,32.958666438340636,29.69290534444709,36.026968643172424
2032-01-27,33.142437028542055,30.11140361199856,36.32385299930409
2032-01-28,33.27207919766641,29.984968784485513,36.3642307947322
2032-01-29,33.3433615639516,30.193175079290235,36.63768097583181
2032-01-30,33.865208484291955,30.594186178780483,37.187045522343986
2032-01-31,33.89276685713042,30.749820928749266,36.916029185796994
2032-02-01,33.818679908396525,30.763331861787883,37.214132269150234
2032-02-02,33.88202428232595,30.81915151090831,37.08945174157077
2032-02-03,34.088940152539735,31.12706118487083,37.400707363042734
2032-02-04,34.24232934094215,31.09459577696897,37.270908743022375
2032-02-05,34.33750043634072,31.26748259494751,37.11389916293026
2032-02-06,34.88287744607295,31.820624964853252,38.073709785195675
2032-02-07,34.93308200466102,31.768434302615496,38.22564682515447
2032-02-08,34.880223501939916,31.4801680816474,38.09558052101354
2032-02-09,34.962852914534565,32.09865549057116,38.31968727308248
2032-02-10,35.186609505941504,32.10230428371592,38.472775441090945
2032-02-11,35.35393483826077,32.20584065381415,38.4025915529725
2032-02-12,35.45973256621253,32.19051917782409,38.38776152814068
2032-02-13,36.01209006540624,33.02072287738177,39.3059013560263
2032-02-14,36.06537149311713,33.08395331748793,39.18882341353962
2032-02-15,36.01151628725826,32.635391289001554,39.31031752486803
2032-02-16,36.08899861124031,33.18348796942888,39.291998642792876
2032-02-17,36.30347672306812,33.121992838605664,39.31799047486797
2032-02-18,36.45750662003932,33.41816804754349,39.60616736913143
2032-02-19,36.546198436058134,33.286180908655616,39.75133275198904
2032-02-20,37.077931747800626,33.68291701249766,40.266954567953896
2032-02-21,37.107439586547116,34.05730274290239,40.20967758943017
2032-02-22,37.027095448055434,33.851992028012965,39.990203695358026
2032-02-23,37.075859173528855,33.95264366616689,39.97141577831212
2032-02-24,37.259911112495686,34.0153654008113,40.409331997025426
2032-02-25,37.382349404571215,34.13712557696822,40.55495255579883
2032-02-26,37.43882938042345,34.14193434438838,40.711092503892154
2032-02-27,37.93826178225678,35.05523073904539,41.27837861406317
2032-02-28,37.93588014828504,34.72398113362848,41.327273002112264
2032-02-29,37.8245121870831,34.51954675077725,41.116021437355116
2032-03-01,37.84351151727824,34.786321193915136,40.85793934681991
2032-03-02,37.99937963853207,34.80076468662053,40.903461315947766
2032-03-03,38.09545336414616,34.90400391611681,41.1778073038058
2032-03-04,38.127537034401094,34.99794918630986,41.199833650013346
2032-03-05,38.60459644510645,35.62638987067559,41.816590347125555
2032-03-06,38.58182497756583,35.29882241649167,41.61561927558422
2032-03-07,38.45191680065367,35.39510280796101,41.69633389579314
2032-03-08,38.45400346669494,35.09483409673317,41.70999169856522
2032-03-09,38.5942836164097,35.33609643607201,41.6683784076886
2032-03-10,38.675720780132195,35.691771354920384,41.90547847416099
2032-03-11,38.693688266711874,35.68605178376694,42.12100036734511
2032-03-12,39.15667767233061,36.09643380726986,42.31541607394642
2032-03-13,39.11938103157893,35.84599553024774,42.05436667254161
2032-03-14,38.97398097058285,35.73507609775983,42.07943649106119
2032-03-15,38.95910464216031,35.90548870002459,42.2164897258148
2032-03-16,39.08047060295656,36.00183697076528,42.30089229407492
2032-03-17,39.140603068671425,36.06589879226974,42.171827951441756
2032-03-18,39.1344920093319,36.143146923150255,42.410184775958506
2032-03-19,39.57031512619495,36.39942867625352,42.93862530903951
2032-03-20,39.50253129645186,36.37009673190621,42.69876658262427
2032-03-21,39.32317947790925,36.26902906825792,42.38130949976004
2032-03-22,39.27083856664711,36.168411965315556,42.17394868351674
2032-03-23,39.351277170547654,36.31908397080534,42.362228560799025
2032-03-24,39.36716763432059,36.17627365487478,42.52551417606982
2032-03-25,39.31374277765205,36.180069938287865,42.30821241006797
2032-03-26,39.69951148817252,36.79007017451529,43.10383581990197
2032-03-27,39.57934295315679,36.327705456622866,42.93031968092268
2032-03-28,39.34575381162027,36.11309245993047,42.446372037862396
2032-03-29,39.23785409195258,35.69185169238393,42.44460562465702
2032-03-30,39.2619813414206,35.92977808193024,42.36668707049576
2032-03-31,39.22139778380151,36.07057301533958,42.49468430569586
2032-04-01,39.11192950889419,35.799156366396616,42.336301047896015
2032-04-02,39.44266440197963,36.3515727760644,42.43828281934922
2032-04-03,39.26901916971304,36.059175445581516,42.47507254723116
2032-04-04,38.984010304450536,35.783499146455036,41.91792702785459
2032-04-05,38.82718538231564,35.68142163010503,42.08309271529048
2032-04-06,38.80524458384837,35.6813040774049,41.98118057304833
2032-04-07,38.72172769286622,35.5304518106908,41.74728418387936
2032-04-08,38.572645919284376,35.34087895102091,41.79968442484693
2032-04-09,38.86717550731121,35.7213612045488,41.95584730141275
2032-04-10,38.660723641279105,35.55124694326742,41.97115200585177
2032-04-11,38.34620154367102,35.38116992979827,41.3994356872659
2032-04-12,38.16296110738989,35.03262355637324,41.527450385403846
2032-04-13,38.11742479316851,35.145307867036,41.073759291143666
2032-04-14,38.01278378894939,34.85323421915626,41.15550696662963
2032-04-15,37.84464342524795,34.66867433738321,40.728126202600436
2032-04-16,38.12173237337003,34.948692890966456,41.26799072451628
2032-04-17,37.89898563486372,34.7046380640294,40.85417446117919
2032-04-18,37.56883565897167,34.30017675517135,40.62890563819249
2032-04-19,37.370167335997714,34.148702778615224,40.59031871219627
2032-04-20,37.308965985515215,34.21510229371211,40.493306062265894
2032-04-21,37.188032726308386,34.025648219889,40.008534857470096
2032-04-22,37.002645633386024,33.56726943282362,40.11958294478853
2032-04-23,37.26128266107504,34.16916920031987,40.358293427396646
2032-04-24,37.018715851335045,34.00725808726132,40.389834093617765
2032-04-25,36.667310750057645,33.57277904656411,39.59890539370512
2032-04-26,36.445986454587505,33.14482403752173,39.51841966575925
2032-04-27,36.36086518778988,33.3967312115495,39.491337528287666
2032-04-28,36.21498567130616,32.964879445987634,39.28078847428471
2032-04-29,36.00395870387395,32.4447128836298,39.152183336995044
2032-04-30,36.236681040409934,33.2135431081903,39.47265569122967
2032-05-01,35.96841732197178,32.70670514409047,38.99147369003355
2032-05-02,35.592084318866654,32.36846507849902,38.500143862505915
2032-05-03,35.34719334911431,32.161072691789165,38.54678152378651
2032-05-04,35.24048029351177,32.012647635360324,38.38372611127345
2032-05-05,35.075598077698466,31.767456851596087,38.26669088698217
2032-05-06,34.84875067878021,31.718182780390848,38.19328971374451
2032-05-07,35.069385438219605,31.91518823173685,38.18040427948379
2032-05-08,34.793254130405984,31.84242363369647,37.99565132295351
2032-05-09,34.41367773996734,31.10141178688189,37.383150841783056
2032-05-10,34.170471470508296,31.047892062943838,37.337822783732975
2032-05-11,34.07056001508213,30.946980392564733,36.964696599323524
2032-05-12,33.91765849635279,30.69918549692571,36.92493555352927
2032-05-13,33.70789858223997,30.525393688570677,36.84944307653967
2032-05-14,33.950516902022656,30.760004553829113,36.84495910506523
2032-05-15,33.70091643814443,30.496547659274412,36.83478797086492
2032-05-16,33.351935946093086,30.081469747952234,36.430988969309944
2032-05-17,33.14278389247227,30.048273023980055,36.28465058721976
2032-05-18,33.079666775678426,29.945479834939484,36.14716762615391
2032-05-19,32.96548694075585,29.816082126775626,36.24256514580578
2032-05-20,32.7954889738414,29.45089357655186,35.69161175371259
2032-05-21,33.0779712675819,29.96550454221604,36.00236357276846
2032-05-22,32.867372800080304,29.605289995597296,36.004559873968944
2032-05-23,32.555569465407444,29.489536932654545,35.93557531933918
2032-05-24,32.380835670041535,29.159906987299323,35.45693818688269
2032-05-25,32.34850024496137,29.181829784090947,35.518139300228775
2032-05-26,32.26067095501752,28.979544479053573,35.21921899808045
2032-05-27,32.111905870878246,28.991674915847508,35.34037202858195
2032-05-28,32.409947409272036,29.37227276883496,35.42135283741078
2032-05-29,32.20882835722078,28.91281929883869,35.550584628934416
2032-05-30,31.90018357308408,28.745167442551754,34.93148296135589
2032-05-31,31.722222535994774,28.528002561128755,34.816462226075494
2032-06-01,31.680391370973698,28.71573673184112,34.701000027970174
2032-06-02,31.577098344282955,28.289927881637333,34.63362714654226
2032-06-03,31.407380953173792,28.092680148892775,34.37477796491017
2032-06-04,31.67963042763965,28.419681834590058,34.73445243077554
2032-06-05,31.44868312691322,28.3273014003699,34.43154907995566
2032-06-06,31.107112843563144,27.831208669388925,34.33823230847597
2032-06-07,30.894179652966894,27.721993926168146,33.921278526464896
2032-06-08,30.8164645366732,27.59779591536411,33.90681355180553
2032-06-09,30.677564494875224,27.6752310528414,34.01603497342189
2032-06-10,30.47372709341152,27.44402678404741,33.824774519417865
2032-06-11,30.714541162095866,27.701537716210566,34.05754924985812
2032-06-12,30.455994079391367,27.220001997468724,33.564978761258
2032-06-13,30.091730634656564,26.77744962647499,33.22437851554104
2032-06-14,29.861970082069327,26.967599700226828,32.89813647491177
2032-06-15,29.77411156057429,26.482720168360665,32.970792574293384
2032-06-16,29.632403482409085,26.280189664239035,32.3811098837732
2032-06-17,29.433556637757814,26.22052254396756,32.547323268455735
2032-06-18,29.687418424596057,26.48299443276833,32.888440550705695
2032-06-19,29.450019199453752,26.254776919762502,32.523833005822645
2032-06-20,29.114826151094526,25.84449476306217,32.06153324406505
2032-06-21,28.92166155794515,25.78870786729572,31.872304826146852
2032-06-22,28.877315676634005,25.93973262295261,32.15549267933559
2032-06-23,28.785229758767844,25.337200123830875,31.840729958527344
2032-06-24,28.641128659878383,25.54947112293531,32.05581543611249
2032-06-25,28.953719993446153,25.934453042282755,32.23611693966241
2032-06-26,28.77777020733351,25.643518547953025,32.01290775907209
2032-06-27,28.50539221953993,25.523624387099925,31.611163722552632
2032-06-28,28.3750005819432,25.481514932486217,31.38219025542662
2032-06-29,28.39196342382973,24.98307113922156,31.435467110309137
2032-06-30,28.358325600365056,25.149492812384768,31.802123960821543
2032-07-01,28.268481391022785,25.081481637139856,31.2920205060435
2032-07-02,28.629912566113926,25.23841199061687,31.67432654615281
2032-07-03,28.49630108035107,25.01978876243021,31.47745409084831
2032-07-04,28.25884996016579,25.30175333020987,31.415684559333904
2032-07-05,28.155267362544087,25.100175648205248,31.32869854169556
2032-07-06,28.19044217472028,24.800961963825884,31.201124896170164
2032-07-07,28.166184832252718,24.98771452548221,31.22114455449235
2032-07-08,28.076911110571487,24.996621379419956,31.05321055337465
2032-07-09,28.430384294753402,24.88357900112021,31.58762990840386
2032-07-10,28.280824763394058,25.34402560796765,31.43384329488228
2032-07-11,28.020220529385202,24.91179281453661,31.161128817420526
2032-07-12,27.887293893704555,24.901252151674967,31.007350448865004
2032-07-13,27.888152959746783,24.8778522860633,30.777602402944872
2032-07-14,27.82600225549533,24.780233202685544,30.87159613163111
2032-07-15,27.69679096648884,24.570295359206686,30.91105534837122
2032-07-16,28.00991509134314,24.97750179059187,31.217709882619573
2032-07-17,27.821283598495388,24.666848204156153,30.97917857800823
2032-07-18,27.524583277893715,24.47120009466939,30.864083961385052
2032-07-19,27.360198672130572,24.148639425229632,30.43323246833354
2032-07-20,27.335817106724797,24.442125373781625,30.436390953874735
2032-07-21,27.25609434830151,23.891989312515676,30.133821650194136
2032-07-22,27.11826064847672,24.13342304778539,30.152206251144204
2032-07-23,27.43278467852961,24.562201916503028,30.671708788982034
2032-07-24,27.256406531513953,24.16187082764149,30.109616440272575
2032-07-25,26.98337545677476,23.678366623722976,29.907364843528303
2032-07-26,26.854349527583555,23.705954845870135,29.93656408129143
2032-07-27,26.876987898922565,23.573364426771988,29.886508559487915
2032-07-28,26.855611622897236,23.59726106749347,30.029281276484166
2032-07-29,26.786813005954436,23.466706282450094,29.687814998982905
2032-07-30,27.18013101867976,24.120175663573395,30.48351874169271
2032-07-31,27.09110371754179,24.261064416140385,30.39818580366957
2032-08-01,26.912532907397647,23.994580078458185,30.027123929659446
2032-08-02,26.883417600422323,23.64791036386761,29.97937671975886
2032-08-03,27.009586090408128,23.965360550657753,29.966377440252
2032-08-04,27.093401600258243,24.01148510322991,30.235050745492465
2032-08-05,27.129420331827525,24.025173136776253,30.174380780949466
2032-08-06,27.62511815891471,24.289355168688164,30.743991786683203
2032-08-07,27.633995571811575,24.35466567889053,30.65918138737918
2032-08-08,27.546894706482114,24.51516957368222,30.67697461909952
2032-08-09,27.600983611342464,24.303787871759198,30.81233140097357
2032-08-10,27.80043619921907,24.663990576547512,31.091578137621422
2032-08-11,27.946181539810848,24.746593077213635,31.15599320817946
2032-08-12,28.03160012415956,24.857110404585956,31.262730548301942
2032-08-13,28.563282282444973,25.460726701234023,31.70720060058188
2032-08-14,28.594157471863724,25.438366590945176,31.55392712664688
2032-08-15,28.514827569083696,25.653519370438122,31.779918176194148
2032-08-16,28.56255883491299,25.242676513249343,31.6333807781278
2032-08-17,28.741960740965897,25.537657567746493,32.062236327857526
2032-08-18,28.854725291662277,25.74450553789698,32.08584933746011
2032-08-19,28.89530468866702,25.74158893992544,31.96075062117439
2032-08-20,29.3716429676479,26.22929679239744,32.415343828563955
2032-08-21,29.338270994472254,26.167289493785102,32.40726722953412
2032-08-22,29.18759883047017,26.219455580139567,32.38987354751155
2032-08-23,29.158861191406032,25.95294658489513,32.20156173009868
2032-08-24,29.258745400964337,25.718009639885576,32.37643744941054
2032-08-25,29.291076805008075,26.098928370212146,32.34923217729042
2032-08-26,29.252440912974368,26.161386039775657,32.307169908230264
2032-08-27,29.65285936371023,26.546498446992345,32.7496960963154
2032-08-28,29.548830579212353,26.334143648950427,32.804455720807006
2032-08-29,29.33457056112903,26.563185878707788,32.713233948746804
2032-08-30,29.25091092987257,26.288446938692296,32.42033802548985
2032-08-31,29.305884875015135,26.3092539360106,32.4889509489999
2032-09-01,29.304377109385843,26.112340594334263,32.56612546827087
2032-09-02,29.243718046992594,25.917114356399097,32.4407828294855
2032-09-03,29.634340057575468,26.414316363951084,33.02873316236625
2032-09-04,29.532807197700638,26.312560473642048,32.52943755267915
2032-09-05,29.33305417605763,26.139642541161006,32.30732588050579
2032-09-06,29.275291713475657,26.449152287150355,32.38781561067294
2032-09-07,29.366608783103988,26.109871649496256,32.63030412649379
2032-09-08,29.41064740073246,26.23259644043492,32.61989750102772
2032-09-09,29.40322953507778,26.396337203592186,32.22426541171717
2032-09-10,29.85305313004488,26.625033148442657,32.82597305141263
2032-09-11,29.81476759071745,26.681880011796014,33.003046478002624
2032-09-12,29.680263283511344,26.69073618938617,33.09169242917444
2032-09-13,29.687630877043734,26.50678497394666,32.763092582884894
2032-09-14,29.841819584479243,26.66923031992228,32.91678859061181
2032-09-15,29.944368500210178,26.560103417894634,33.093098903241966
2032-09-16,29.98908911077888,26.78627381992799,32.99607562252248
2032-09-17,30.48281450934288,27.35868358006909,33.881208515273784
2032-09-18,30.478524269134155,27.32181919601476,33.601473481466904
2032-09-19,30.36667823360142,26.936808514435075,33.54910402746265
2032-09-20,30.384213895198588,27.463034938499355,33.78147303297484
2032-09-21,30.53523543760187,27.30221343895284,33.79337461108408
2032-09-22,30.620767842782787,27.536654589231226,33.743057215284736
2032-09-23,30.634453566669492,27.564204042939128,33.672138327469895
2032-09-24,31.08330696640993,27.827521010631553,34.128679164574685
2032-09-25,31.02083532673461,27.71407420605539,34.24859887009213
2032-09-26,30.838359875592435,27.614689146303103,33.98798350053681
2032-09-27,30.773991829213166,27.743249960105416,33.61774584265177
2032-09-28,30.83329213454847,27.640266555580954,33.99911595807543
2032-09-29,30.81898911168522,27.785927156253837,34.00279206192177
2032-09-30,30.726632486615607,27.63489822823008,33.98676463838434
2032-10-01,31.065300142152495,27.856554175573027,34.28506495820415
2032-10-02,30.890667705914606,27.798696745005973,34.088374655235306
2032-10-03,30.596275728693172,27.65007285630303,33.80487360690448
2032-10-04,30.422450911331143,27.333915628935205,33.28122424666661
2032-10-05,30.37691148235087,27.326983077980685,33.484572441722584
2032-10-06,30.264432341102527,27.150141642177406,33.34930252842214
2032-10-07,30.08244980907429,27.027189725010786,33.27499851008279
2032-10-08,30.341723573759843,27.09863967207829,33.76982634631793
2032-10-09,30.099367071866862,27.018763089553584,33.16650515117748
2032-10-10,29.750082035114254,26.560830385713125,32.90153480380606
2032-10-11,29.535054443904905,26.331374719422687,32.61818294854918
2032-10-12,29.46254257600763,26.33614717223108,32.36790708144282
2032-10-13,29.33753313348946,26.237768518973702,32.59982306304768
2032-10-14,29.157345434875886,25.893888815811223,32.309408372840636
2032-10-15,29.43230117510915,26.222121044994573,32.62857790596533
2032-10-16,29.21877069656641,26.23024445712997,32.522811465993925
2032-10-17,28.910430979575583,25.884008007274307,32.02173507142149
2032-10-18,28.74719188755943,25.836004285021442,32.00820849184859
2032-10-19,28.73582046968635,25.531351768953737,32.04894303319461
2032-10-20,28.679638271722926,25.653396950793336,31.808839368792793
2032-10-21,28.57417049067292,25.327395894645527,31.527114681338773
2032-10-22,28.92786323811277,25.676588307193235,31.866409949885327
2032-10-23,28.795178566112906,25.37215033975039,31.82844043225641
2032-10-24,28.567901158555237,25.32378954836441,31.74626988767387
2032-10-25,28.484111936875035,25.31984375342735,31.668038735655394
2032-10-26,28.54885715110352,25.647175665961672,31.950219285512468
2032-10-27,28.563886761964078,25.241970480450387,31.953329169261963
2032-10-28,28.523339921643487,25.093969369482355,31.80005937287471
2032-10-29,28.934492933799884,25.59152330491337,32.092719298938746
2032-10-30,28.850878628011884,25.827476366951757,31.985098124991126
2032-10-31,28.66361051596261,25.62132083624831,31.89557292042308
2032-11-01,28.61036663806602,25.435668041112216,31.80274272172817
2032-11-02,28.696061532840414,25.27838125904994,32.05420532005338
2032-11-03,28.722580198840582,25.608651039149127,31.95101275906029
2032-11-04,28.684452118741657,25.487138401258974,31.776291185308157
2032-11-05,29.08958117574104,25.926853570004763,32.45866598987392
2032-11-06,28.99234101959867,25.867408873026985,32.13628981900066
2032-11-07,28.78487002428746,25.412253968697584,31.853443842138986
2032-11-08,28.706021649380617,25.506577855363187,31.78348442392786
2032-11-09,28.761999642615383,25.697198645696886,31.889599807304336
2032-11-10,28.756053030694844,25.697542835634195,32.052504379430445
2032-11-11,28.684110086154917,25.487662174688047,31.593422120054345
2032-11-12,29.05546822788986,25.906685342030784,32.23813860289551
2032-11-13,28.925850517626913,25.845113767587634,32.28899435359604
2032-11-14,28.688663946254287,25.30816029249221,31.677981637546132
2032-11-15,28.58391629264282,25.493998944626185,31.85151626871061
2032-11-16,28.618821855400263,25.311103077531712,31.680013839275325
2032-11-17,28.59747173794087,25.431713416660457,31.6518196161628
2032-11-18,28.516448459795456,25.13856551100078,31.934869432607936
2032-11-19,28.885502274824038,25.779099064771387,31.83547167803166
2032-11-20,28.760600110487953,25.57879144439769,31.906254991163998
2032-11-21,28.535182398836934,25.439156389739384,31.60547240073419
2032-11-22,28.449084484219277,25.18960677838483,31.56111798276906
2032-11-23,28.50915264241039,25.153540745151762,31.45607955020018
2032-11-24,28.518929968005672,25.44014866802561,31.83214887537389
2032-11-25,28.474291336925415,25.471738320722597,31.693759607717062
2032-11-26,28.884144134742428,25.92496700024173,31.935955563117766
2032-11-27,28.803504873367043,25.498619934673638,32.17770891262306
2032-11-28,28.62478609796834,25.29135842746863,31.608029380887704
2032-11-29,28.58674934982453,25.41377841635073,31.720809725004006
2032-11-30,28.69515327719078,25.27833672621177,31.783434181900617
2032-12-01,28.752471213077097,25.66142550458142,32.02005195891858
2032-12-02,28.75355652028478,25.56238860178147,31.92147676519293
2032-12-03,29.206371545300993,26.09823547898755,32.24768401480843
2032-12-04,29.165089535290146,26.102627573067867,32.40619984783611
2032-12-05,29.02140325346901,26.055490290703254,32.22051721169168
2032-12-06,29.01349551120025,25.905438720404838,31.987577728424554
2032-12-07,29.146700294435245,26.03674517458754,32.290754429615255
2032-12-08,29.22322853136191,26.245210540930152,32.273369059160764
2032-12-09,29.237836677397638,26.157854354861165,32.31953365494468
2032-12-10,29.698553983271058,26.496621756219678,32.77978987566181
2032-12-11,29.65977796953833,26.486077043643512,32.699161243425905
2032-12-12,29.51357214894468,26.21553628070042,32.73547788188578
2032-12-13,29.498621646347296,26.454697075968767,32.353736745086906
2032-12-14,29.62087593525922,26.38737186397245,32.72605472519501
2032-12-15,29.68325337103648,26.547429764663153,33.047792385449135
2032-12-16,29.681286401001543,26.388278356912977,32.74090171828778
2032-12-17,30.123824070052933,26.928897543273674,33.27666562975234
2032-12-18,30.066102122888054,26.74468528220517,32.97392801937294
2032-12-19,29.901015523258955,26.571560254488215,32.90767472385511
2032-12-20,29.868049796622334,26.604976221431002,32.96684774439288
2032-12-21,29.973901127149695,27.05647040806785,33.40448213628373
2032-12-22,30.022160535553553,26.977682775294536,32.96101731402808
2032-12-23,30.008941580647704,26.96097439929756,33.10458944050364
2032-12-24,30.443568666448922,27.33328203973426,33.489253185805175
2032-12-25,30.381636607620358,27.116192865048255,33.32771014125379
2032-12-26,30.216276505123236,27.335759972545134,33.407998920733036
2032-12-27,30.187084444768,27.003167893048197,33.25117093388588
2032-12-28,30.30074292998417,27.195055237296916,33.4897089129099
2032-12-29,30.360710232491776,27.33474769381635,33.6054784438037
2032-12-30,30.362856844644114,27.55362491626174,33.558478020788506
2032-12-31,30.81616574976685,27.713917177770817,34.08027768311834
2033-01-01,30.7758067048202,27.76197584524196,33.72380337938446
2033-01-02,30.6344190516132,27.40267016550346,33.84442254605875
2033-01-03,30.63105897461309,27.5707807723947,33.966695633194256
2033-01-04,30.7718404825158,27.42202934020453,33.90395370428563
2033-01-05,30.859644644276095,27.841492838927866,33.71810452187053
2033-01-06,30.889775612224117,27.773088169616358,33.98032822369949
2033-01-07,31.370679519948183,28.248137484287742,34.29726627475924
2033-01-08,31.357035862424283,28.2221265360722,34.551123637595516
2033-01-09,31.24105534765214,28.156860860057694,34.34653366653344
2033-01-10,31.261439686342385,28.1183362893265,34.20325212666036
2033-01-11,31.424032234186452,28.18611245383149,34.47839251582078
2033-01-12,31.531533753714115,28.438130169570986,34.54606940131381
2033-01-13,31.579161670724893,28.327576100875397,34.706578489916616
2033-01-14,32.075368864857545,29.050667388290893,35.34290636164962
2033-01-15,32.07493166333502,29.13915636960985,35.45546786656829
2033-01-16,31.97024119483879,28.77433026454817,35.201719901814855
2033-01-17,32.00025383733242,28.848870218888873,35.42728271125975
2033-01-18,32.171130031271545,29.031691477968035,35.21569918431113
2033-01-19,32.28593615922307,29.16412743479114,35.309203488622735
2033-01-20,32.34028836323954,29.092345261207658,35.49399424685567
2033-01-21,32.84305488140481,29.70065920958771,36.10958998223191
2033-01-22,32.84942714209248,29.606083594298234,35.961885442165496
2033-01-23,32.75219435131231,29.487658609151907,36.076960827526285
2033-01-24,32.790677875441865,29.798576260814098,35.94546184276357
2033-01-25,32.97135523108653,29.959614892389144,35.85787629949218
2033-01-26,33.09754887796696,29.99417828429054,36.152910756630526
2033-01-27,33.16505911980417,30.056517361876907,36.52695241250565
2033-01-28,33.68285805367192,30.701565105860542,36.929423829493174
2033-01-29,33.70615507944978,30.5835143933011,37.052418864912454
2033-01-30,33.627668883807786,30.60035245427382,36.80669815144728
2033-01-31,33.686562280810946,30.741331481303185,36.83141745665982
2033-02-01,33.889069699328644,30.84470217349246,37.06824107740069
2033-02-02,34.03819239157693,30.92227668938008,37.10572250637189
2033-02-03,34.12934045074269,30.857756812545826,37.31497498942201
2033-02-04,34.67103827293385,31.69207488872097,37.999932755066595
2033-02-05,34.718003592252025,31.392427769893878,37.80535232349642
2033-02-06,34.662434555516484,31.515708478331455,37.98435704772292
2033-02-07,34.742960720499035,31.57519808103521,38.23160254001969
2033-02-08,34.96528723577904,31.70483460602531,38.111056551585385
2033-02-09,35.13190672778558,32.226655335518274,38.270167813533924
2033-02-10,35.23775743535599,31.92532203022053,38.30836236133934
2033-02-11,35.79094369840325,32.757053900304676,38.890898042701664
2033-02-12,35.84582843667227,32.902487339158526,39.02647988471583
2033-02-13,35.794331644044405,32.71756173575379,38.91302745126192
2033-02-14,35.87489040716324,32.73699625497742,38.95674359836563
2033-02-15,36.09310940916916,32.853558354511925,39.24908860785625
2033-02-16,36.251476234231966,33.0325696992788,39.33664446139105
2033-02-17,36.345019897343235,33.25145029798556,39.59380472095363
2033-02-18,36.882028687720926,33.782421968211864,40.073437440474265
2033-02-19,36.917137041768676,33.6471405863834,40.15066942977228
2033-02-20,36.84261564660136,33.55456804867683,39.93646365191585
2033-02-21,36.89732054823727,33.69841842447266,40.125959475482155
2033-02-22,37.08733057199528,34.042017572657684,40.21636991481197
2033-02-23,37.21564778768445,33.991893973882014,40.18117739552851
2033-02-24,37.27783991778654,34.18150829760685,40.297384815692105
2033-02-25,37.78274129235027,34.69858647061845,41.075270863955254
2033-02-26,37.78552260712646,34.79247860524197,40.87227273505284
2033-02-27,37.67896423426932,34.44009772789732,40.772844377173016
2033-02-28,37.70238939845618,34.60948010589728,40.73000414018837
2033-03-01,37.862287037655975,34.64246324435126,41.053115102913836
2033-03-02,37.96199954957528,34.700716875654955,41.03759644928891
2033-03-03,37.99735473197414,34.82137967896298,40.95838232236469
2033-03-04,38.47735885917541,35.45760124726088,41.57830443371777
2033-03-05,38.45726140731533,34.950232561853284,41.502254320387785
2033-03-06,38.32982634316047,34.961216806306815,41.544717163238204
2033-03-07,38.3342663585679,35.20488342554627,41.60723511142744
2033-03-08,38.476869840749316,35.474176132007194,41.67793128717464
2033-03-09,38.560695652499476,35.38098082126397,41.483774918091434
2033-03-10,38.58121481006478,35.29386684418803,41.76328324535813
2033-03-11,39.047015693446426,35.836905086284084,42.0828032695712
2033-03-12,39.01288291708696,35.67707767233853,42.01043939098569
2033-03-13,38.87108432588813,35.88002798479976,41.98508236484773
2033-03-14,38.86032199813521,35.64925344722271,42.070792827240524
2033-03-15,38.9863765097852,35.66901423604232,42.09277054805847
2033-03-16,39.05181898080963,36.086655749889054,42.257466950691814
2033-03-17,39.05166943738278,35.89510299870138,42.117692681307396
2033-03-18,39.49411758827095,36.224538178530544,42.455278779605585
2033-03-19,39.43361564144461,36.4083583130477,42.484915788635334
2033-03-20,39.262177174706345,36.32812801240348,42.47419966674312
2033-03-21,39.2183375559162,35.93489513283828,42.405461424388385
2033-03-22,39.307804859179484,36.07950884089375,42.382729074472344
2033-03-23,39.33317557737607,36.31513863453924,42.19392054378422
2033-03-24,39.28959353977412,36.03172009621013,42.340630899172226
2033-03-25,39.68546810754347,36.67643380551571,42.89360232448463
2033-03-26,39.57556134832301,36.58233853154933,42.63439878635716
2033-03-27,39.35227837743696,36.22565060260044,42.63102128221657
2033-03-28,39.25461662858445,35.981553994181425,42.15414937416808
2033-03-29,39.28880335285783,36.133445389678286,42.660145124695546
2033-03-30,39.25799607328656,36.142661669146705,42.44271344822071
2033-03-31,39.157924891418055,35.973570769081014,42.53070800857784
2033-04-01,39.49759325203791,36.25195913867779,42.7150778971142
2033-04-02,39.33234742921354,35.930315555709086,42.34493151568909
2033-04-03,39.05514949393804,36.0175903132421,42.170260025945026
2033-04-04,38.9055100913741,35.718711988741866,41.90778642991074
2033-04-05,38.890110865853515,35.858598665140036,41.877137464748095
2033-04-06,38.81249175687413,35.60602232433517,41.88381240470229
2033-04-07,38.668682499068474,35.560918920543365,41.474008932250015
2033-04-08,38.96789529484208,35.50666091920974,42.31946659793812
2033-04-09,38.7655891992398,35.748371175143895,42.00031106931025
2033-04-10,38.454741158223726,35.3753425723713,41.70929169981699
2033-04-11,38.27478010699862,35.1990140317868,41.43729747954188
2033-04-12,38.23221393987904,34.82285009620494,41.519157594710656
2033-04-13,38.13032444281067,35.03596320870381,41.296807662863706
2033-04-14,37.96480928743818,34.959422438774126,41.08640622249296
2033-04-15,38.24448772597956,34.95623442302962,41.50769768253489
2033-04-16,38.02438011153449,34.97194053968158,41.216858063093646
2033-04-17,37.69699569704075,34.67228198128431,40.97775466583442
2033-04-18,37.501284573686235,34.31169145797365,40.787949517497935
2033-04-19,37.44328297344089,34.29778714025705,40.94384050943291
2033-04-20,37.32582641756856,34.12764903306083,40.69450518330646
2033-04-21,37.14420919765164,33.873661541625005,40.193888438972294
2033-04-22,37.406906232629964,34.22212837656124,40.430154414872256
2033-04-23,37.168666866621415,34.03030100053776,40.19522480708061
2033-04-24,36.82181455526957,33.58132619194903,39.681939720336
2033-04-25,36.605207867141104,33.376846957473845,39.55956905722144
2033-04-26,36.52489167668333,33.368225957191484,39.89535071780982
2033-04-27,36.38381278074572,33.28972279255092,39.638250689423394
2033-04-28,36.17747828306136,33.08064490807881,39.187226868264084
2033-04-29,36.41467276167222,32.973143394015615,39.39717109387613
2033-04-30,36.15054387182186,33.07392706702253,39.135860941532584
2033-05-01,35.77789053480706,32.67709332943541,38.910936056196704
2033-05-02,35.53610945244352,31.972475728557797,38.60698867672611
2033-05-03,35.43182923877394,32.32741303218066,38.65373567111404
2033-05-04,35.268606906567506,31.861505866266988,38.35350422975196
2033-05-05,35.04256563433277,31.817905851801818,38.43126266349603
2033-05-06,35.26309046886217,32.21599282221163,38.2168539913842
2033-05-07,34.98589229513338,32.055026046003114,38.281213848928196
2033-05-08,34.60427492210843,31.490545123950266,37.79021688745686
2033-05-09,34.358061719029024,31.275023045203657,37.61693497306474
2033-05-10,34.25421176392679,30.87492243552373,37.13440847465069
2033-05-11,34.09650086572184,30.877825200645166,37.24752090124106
2033-05-12,33.88114694287286,30.728898691756907,37.175292008467395
2033-05-13,34.117496885684986,30.934577664321683,37.32793583526834
2033-05-14,33.86108560493744,30.608515556284154,37.18195317941507
2033-05-15,33.50490237154256,30.37119849013091,36.68024014853212
2033-05-16,33.2883210134138,29.97426176995523,36.368697347105105
2033-05-17,33.21772393197992,30.439429210897213,36.5483775367746
2033-05-18,33.096195167051995,30.13149622508502,36.34545313712545
2033-05-19,32.91916172875013,29.972703074539265,35.90193169910411
2033-05-20,33.19509993341202,30.08816297705491,36.29609881921991
2033-05-21,32.97861693962087,29.877241346772443,36.10468397494422
2033-05-22,32.661741979655154,29.434591618135077,35.77342665897846
2033-05-23,32.48288315680612,29.39890102725154,35.52868727550039
2033-05-24,32.44747900859812,29.569500890904735,35.67614912733303
2033-05-25,32.35771925741774,29.000805826028245,35.38178229616181
2033-05-26,32.20821313889596,29.144074681757747,35.53421123115774
2033-05-27,32.506721219986616,29.473130696994463,35.66813185020358
2033-05-28,32.30726010634028,29.025741259536634,35.553122384881995
2033-05-29,32.00141379045779,28.987539713059775,35.10325928006549
2033-05-30,31.827306843484266,28.67712426163037,35.11363322283465
2033-05-31,31.79026808034512,28.439063990297257,34.9020509519791
2033-06-01,31.692558665852935,28.58600916091446,34.79600169861506
2033-06-02,31.529042729886168,28.50749964993789,34.73486875352023
2033-06-03,31.807916225258857,28.703288766497913,35.10859039300876
2033-06-04,31.58380340107282,28.34281502638264,34.641594274218185
2033-06-05,31.249054771356658,28.099766528770548,34.6278307193391
2033-06-06,31.042702064018762,27.65328296024455,34.11337059604183
2033-06-07,30.97109921050702,27.881390659988174,34.24844074013097
2033-06-08,30.837623912363732,27.793443629699695,33.90421276868343
2033-06-09,30.63831854541222,27.49886571917969,33.65197343799532
2033-06-10,30.882586933175826,27.79573007362885,34.08143847658537
2033-06-11,30.626257244325455,27.49652617374391,33.93477453895173
2033-06-12,30.26284583540387,27.37184222664193,33.39813543339512
2033-06-13,30.03247849837195,26.68337787158595,33.1584692158938
2033-06-14,29.942499152753037,26.831774429566416,33.21297985237398
2033-06-15,29.79714147482927,26.66370967525092,32.91027230638171
2033-06-16,29.593143129036378,26.379830766568883,32.82616160050778
2033-06-17,29.84041995904239,26.724953804117664,33.02133979847911
2033-06-18,29.59511111520448,26.352099419744658,32.81656152468533
2033-06-19,29.25083053509859,25.921844537304732,32.45010554300956
2033-06-20,29.04758168640657,26.08950715826978,32.162067199608174
2033-06-21,28.992365900819912,25.808832468323633,32.082979805851664
2033-06-22,28.888859908424706,25.9095045178813,31.992133022681195
2033-06-23,28.733042177108402,25.537972014537633,31.929665510752606
2033-06-24,29.033885175100043,25.88111359978247,32.15226884762194
2033-06-25,28.84642411948722,25.589660099360124,32.18685915157665
2033-06-26,28.563037048349877,25.36631766319558,31.659174449461215
2033-06-27,28.422392395682113,25.252144381785033,31.699671464191912
2033-06-28,28.430093535265613,25.473434029058993,31.53581764600916
2033-06-29,28.388394930881184,25.241545172367804,31.66647382819709
2033-06-30,28.2918684418327,25.076237813932174,31.317227063167334
2033-07-01,28.648135791819275,25.658039192752536,31.600636529900562
2033-07-02,28.51097663024663,25.299488369763505,31.836815855532162
2033-07-03,28.27164589808875,25.236305779637814,31.59158395841255
2033-07-04,28.167855592270385,25.038339893677165,31.309347443080807
2033-07-05,28.204449381198454,24.946115325664493,31.493626063196032
2033-07-06,28.183143796653706,25.053122890450037,31.252731923313124
2033-07-07,28.098213767368055,24.94860946380672,31.281800785215964
2033-07-08,28.457237871065722,25.168729805255232,31.626219733186517
2033-07-09,28.31421227503586,24.82926137300056,31.477618161153607
2033-07-10,28.06086680564561,25.201549042415422,31.383720945049987
2033-07-11,27.935638166581864,24.846419997871056,31.063307301806613
2033-07-12,27.94432888621955,24.8407532922476,31.115572467611855
2033-07-13,27.889826048097337,24.67259171789683,31.062887132602945
2033-07-14,27.767758092794338,24.489772933213384,30.90873041566622
2033-07-15,28.087205772879397,24.766046111751823,31.123302007877744
2033-07-16,27.903777100241214,24.63340167354322,30.82709127384212
2033-07-17,27.6108807375181,24.520078223231874,30.940621878894653
2033-07-18,27.44865398005293,24.192014083470376,30.53306425908256
2033-07-19,27.42457512084707,24.357735013256157,30.61625641599299
2033-07-20,27.343135516961464,24.07063096087246,30.482760962889937
2033-07-21,27.20145092809993,24.217948524882672,30.304527574717827
2033-07-22,27.509929473876547,24.10662091953413,30.496998203647877
2033-07-23,27.325307261018974,24.139529476528857,30.32873353983119
2033-07-24,27.041887257102587,23.710404676406476,30.1613658682936
2033-07-25,26.900438562939897,23.895597394023703,29.916773009485706
2033-07-26,26.908786733511747,23.356003400146882,30.212150842931457
2033-07-27,26.871471149955983,23.86771264558462,30.191164548155292
2033-07-28,26.78534950323425,23.63940733360121,29.881862223575812
2033-07-29,27.16026701647683,24.08878010543221,30.06831858028285
2033-07-30,27.052101518548742,23.928568603302676,30.27915416865114
2033-07-31,26.85401978374279,23.754257147111172,29.941730715955753
2033-08-01,26.805401907616307,23.736081408724043,29.846010250747682
2033-08-02,26.912463774753064,23.783215496834497,29.975494593593698
2033-08-03,26.977952829309015,23.75464050417898,29.999503484635248
2033-08-04,26.996796239983055,23.734562219031986,30.054463401964234
2033-08-05,27.476817964969715,24.391950063802753,30.676273223573762
2033-08-06,27.47183458515865,24.114372878012905,30.496668477434422
2033-08-07,27.372963986490614,24.367072172365248,30.684685921571937
2033-08-08,27.41760227337105,24.247368325248498,30.70221763726534
2033-08-09,27.6100975644239,24.55580307941825,30.825573921682448
2033-08-10,27.751494498695372,24.516171699198818,31.131543422386507
2033-08-11,27.8352272207141,24.69975670343216,31.06519422613988
2033-08-12,28.3678761229254,25.29372667564369,31.508013598466018
2033-08-13,28.40229711677833,25.310207343538906,31.625421762870687
2033-08-14,28.32895657717985,25.33149357452533,31.50112514463875
2033-08-15,28.384926593330185,25.22581961650272,31.480665584186973
2033-08-16,28.57456863696231,25.407939019404065,31.383842198094836
2033-08-17,28.6992791603882,25.679411080164016,32.074616280307474
2033-08-18,28.753174811436764,25.66699119883774,31.827345787018704
2033-08-19,29.243832700159015,26.197444370360927,32.17987320357643
2033-08-20,29.22539487968305,26.028136549145465,32.453339717042354
2033-08-21,29.089870802272415,26.0286076128617,32.30458865850995
2033-08-22,29.076093209410782,25.94914218867698,32.19721280003563
2033-08-23,29.190356580933596,25.923777590485344,32.304651095951364
2033-08-24,29.23611283097627,26.11147002521454,32.42085761231066
2033-08-25,29.209603243504173,26.126801145999124,32.543035285672055
2033-08-26,29.62054348342759,26.76776725394627,32.726203857681895
2033-08-27,29.525172304783144,26.111955773186647,32.496695380891005
2033-08-28,29.317499194820872,26.176706584208695,32.47058174581527
2033-08-29,29.23820786959358,26.153388722974473,32.64014349261828
2033-08-30,29.295246142330463,26.047555735722106,32.41343209209479
2033-08-31,29.29347815044748,25.872144392202017,32.34690844620683
2033-09-01,29.23027909853623,25.932260072421638,32.291784611569085
2033-09-02,29.616190352879425,26.537347787655474,32.74418916257905
2033-09-03,29.507946316138735,26.279775115114614,32.73572711256356
2033-09-04,29.299708913942236,26.310130824864366,32.45973301147201
2033-09-05,29.23196697116987,26.11342368700438,32.23223160346333
2033-09-06,29.312131120899558,26.186694631968965,32.61931081047221
2033-09-07,29.344200109369424,26.278516327587788,32.593978580565214
2033-09-08,29.324378290905777,26.372878107669504,32.48692440409118
2033-09-09,29.76176155359304,26.493572729316462,32.67034101496114
2033-09-10,29.711402294231878,26.49129045753684,32.672646987661494
2033-09-11,29.565588270506115,26.38120577312409,32.75408919074356
2033-09-12,29.56279143784881,26.283435102558254,32.82849381083208
2033-09-13,29.708316108382053,26.679423770513566,32.85449496223905
2033-09-14,29.80402088983495,26.799607744227973,32.97193467235247
2033-09-15,29.843992730638874,26.726803579010348,32.76274599380542
2033-09-16,30.33528882154182,27.42094003347045,33.45406841055631
2033-09-17,30.33105549902633,27.185218560531492,33.2964739465601
2033-09-18,30.22185756198879,26.843764825561085,33.231929088254994
2033-09-19,30.244672787145504,27.100173907272413,33.47104058896983
2033-09-20,30.40357978842842,27.146008945065965,33.52347437664965
2033-09-21,30.49951264747061,27.377563012270297,33.664923452373216
2033-09-22,30.52595979918605,27.319366469262462,33.842150363221926
2033-09-23,30.989722291177795,27.8607995287401,34.199553171630065
2033-09-24,30.944040157450964,27.991105260908963,34.1894471999064
2033-09-25,30.779920149911597,27.40468494687624,33.89664382227291
2033-09-26,30.735119685678193,27.5137861653916,33.7789134200486
2033-09-27,30.814815465483345,27.963770099905837,34.14526803839148
2033-09-28,30.82133072856469,27.523789917762475,33.89199005309624
2033-09-29,30.749799379132916,27.52432998253723,33.814992217180375
2033-09-30,31.108883045774093,27.875487898348364,34.18566790167833
2033-10-01,30.953850922372403,27.942741432794666,33.94683040109057
2033-10-02,30.67785687690059,27.61755433358534,33.77570857984755
2033-10-03,30.520870029737207,27.35438693180538,33.426992028585076
2033-10-04,30.49028866463701,27.55446304335984,33.456192884606004
2033-10-05,30.390612871550772,27.38367365349801,33.64841352029384
2033-10-06,30.21905557769142,27.137760156099667,33.5419461978993
2033-10-07,30.48620939890214,27.363704443190592,33.70724441558674
2033-10-08,30.249080443623328,27.148532542796552,33.44361246691729
2033-10-09,29.9023247187792,26.713565519195015,32.946589727941316
2033-10-10,29.687144351168307,26.62565629856969,32.876703121804994
2033-10-11,29.61187432235686,26.431600646198522,32.87122820539753
2033-10-12,29.481635753311345,26.244445450935547,32.55088321898408
2033-10-13,29.293935818704103,26.239781871407416,32.47869760112758
2033-10-14,29.55933192372909,26.200016235109096,32.55730545130343
2033-10-15,29.33447125026935,26.23350379929956,32.50471687414421
2033-10-16,29.013341072912628,25.92921954236181,32.275718012413456
2033-10-17,28.83618659509814,25.415429754887512,32.21786342194172
2033-10-18,28.810126340305576,25.605042916391607,32.068452824414244
2033-10-19,28.738840291517647,25.48174321933007,31.61264978386731
2033-10-20,28.618209860795613,25.52197969020242,31.63893326373146
2033-10-21,28.957026197161017,25.869307507106164,32.20733832999648
2033-10-22,28.8100767203946,25.760539216885576,31.811747813320526
2033-10-23,28.569444001445053,25.360304597519818,31.77521913698931
2033-10-24,28.47347243484746,25.23639954757793,31.496619859856324
2033-10-25,28.527431443738624,25.54681997959977,31.63473755693025
2033-10-26,28.533249162057047,25.441562105671736,31.707405179121672
2033-10-27,28.48519450605702,25.13098411078381,31.511706045073574
2033-10-28,28.89062308355192,25.739397532727732,32.12719518773475
2033-10-29,28.803095905918887,25.43636081865876,31.895308206164906
2033-10-30,28.613704261685044,25.285202760595176,31.603126546997512
2033-10-31,28.560055614406593,25.464197900360116,31.826715935724092
2033-11-01,28.646948875510045,25.391727961503832,31.8676602301745
2033-11-02,28.676112807314265,25.643025736017236,32.00323584725509
2033-11-03,28.641885482060854,25.535788249091354,31.685649319748837
2033-11-04,29.051950458542205,25.783096920723377,32.078024489328875
2033-11-05,28.96043904534045,25.91714129742834,32.14187383269277
2033-11-06,28.7592325901657,25.599320885826554,31.852672423083696
2033-11-07,28.68692039662882,25.570653001657096,31.949310671886494
2033-11-08,28.749442492761112,25.468497717617513,31.819535208963206
2033-11-09,28.749791988931705,25.66420864972499,31.80915420734954
2033-11-10,28.683656013046427,25.40896925308667,32.05729028376917
2033-11-11,29.060111995594315,26.03322342451203,32.318709073158914
2033-11-12,28.934689801690844,25.704943306596096,32.08524603226896
2033-11-13,28.700634763058584,25.433272975594136,31.861373364350356
2033-11-14,28.597828279291022,25.454018543761848,31.721166226265915
2033-11-15,28.633396206101764,25.581863038365604,31.782312024694193
2033-11-16,28.61138066033201,25.4217890536197,31.501447273539306
2033-11-17,28.52835499722569,25.825821612372273,31.893618036747828
2033-11-18,28.89409935620575,25.732232220217778,31.989248143457633
2033-11-19,28.76464773686159,25.80426817600182,31.96593698277342
2033-11-20,28.53354195341254,25.368614680747278,31.812487518560786
2033-11-21,28.44074925755749,25.171947254816946,31.571431299525738
2033-11-22,28.493273793058144,25.426113830950854,31.627422608687603
2033-11-23,28.494837287257813,25.663547004630722,31.632533837596288
2033-11-24,28.44150834974999,25.245321562749684,31.434289321914648
2033-11-25,28.842397242310135,25.573712787266604,32.01262320465002
2033-11-26,28.752726420943524,25.761934039687123,31.95136138625761
2033-11-27,28.56511142978486,25.551436502261826,31.781570784377724
2033-11-28,28.518508084948028,25.40308050770643,31.52536371180423
2033-11-29,28.618855202366515,25.359058929965162,31.673561604332274
2033-11-30,28.668787335500355,25.36185731011315,31.748521224390974
2033-12-01,28.66329595137975,25.432633133206707,31.890087789539983
2033-12-02,29.110454992316733,25.926317398979027,32.11859136645452
2033-12-03,29.064520258304185,25.921905248303005,32.17207446661146
2033-12-04,28.917236399348727,25.79907133260374,32.10662627328271
2033-12-05,28.906806761960553,25.50115630678945,31.86284902494941
2033-12-06,29.038554765294716,25.914132650368643,32.29088675446329
2033-12-07,29.114650824027994,25.93902399313446,32.41879456927515
2033-12-08,29.12978293817318,26.070731642672026,32.525160170421906
2033-12-09,29.591886735726636,26.194643798479394,32.731512978828995
2033-12-10,29.555244390408244,26.466766583580405,32.783456433881085
2033-12-11,29.41178633715184,26.26686045247418,32.59329547125977
2033-12-12,29.40005130245003,26.25824765685808,32.29031027912311
2033-12-13,29.525833726347685,26.325851694106063,32.57191091332535
2033-12-14,29.59189310874558,26.281149992364902,32.57875171216839
2033-12-15,29.593604012282924,26.366574607526914,32.85793097748663
2033-12-16,30.039663196139415,26.916401286345582,33.14177017964872
2033-12-17,29.98516404585277,26.63016727259459,32.97087899918404
2033-12-18,29.8228729955959,26.496489545718394,32.91935057141984
2033-12-19,29.7921642408942,26.860330145517786,32.97987849412296
2033-12-20,29.899642583045612,26.798338616437274,33.1011447438751
2033-12-21,29.94882966295688,26.75055846376948,33.089437016403124
2033-12-22,29.93579298130647,26.824521771189772,33.25145701289335
2033-12-23,30.369834764546166,27.414366963539592,33.45742249517123
2033-12-24,30.30655133119007,27.18172319143485,33.329400685398724
2033-12-25,30.13909803536687,27.099825144490328,33.33034763976323
2033-12-26,30.10711634774656,26.885313029050042,33.27827713510507
2033-12-27,30.21735305291851,27.210444137764455,33.23228044713281
2033-12-28,30.27334683268797,26.96386972125979,33.36439604265591
2033-12-29,30.271061519711193,27.096673567588837,33.38039383723762
2033-12-30,30.719582850109834,27.73663874561335,33.787294538497754
2033-12-31,30.67418902947855,27.560377482637467,33.92855024947531
2034-01-01,30.527629752666822,27.254570064529187,33.719125509341495
2034-01-02,30.519069719443994,27.224586435224897,33.6855589892731
2034-01-03,30.654726043468926,27.438006332824173,33.897907167909615
2034-01-04,30.73757419784204,27.527926117387437,33.84538084694151
2034-01-05,30.763001131428354,27.64249781501268,34.00572463793625
2034-01-06,31.239521731041968,27.776329440179893,34.35290163087488
2034-01-07,31.221868307789492,28.230979285201116,34.462965264861054
2034-01-08,31.102287148857332,27.852668043496276,34.1676015316735
2034-01-09,31.119497633386178,28.04551986169321,34.42132695652979
2034-01-10,31.27934283812222,28.34817563898965,34.46087866835627
2034-01-11,31.384505890193555,28.02610716104553,34.74292352067972
2034-01-12,31.43017041198401,28.343595212980837,34.69799535719862
2034-01-13,31.924741048588846,28.768160361250693,35.09636336975925
2034-01-14,31.922933680474852,29.01554822817382,34.897410168936695
2034-01-15,31.817069396983396,28.53797214239411,35.00247852778117
2034-01-16,31.846027870976833,28.79135639531375,35.217670312547305
2034-01-17,32.015889303507514,28.882570194369737,35.1494797181635
2034-01-18,32.12963953140249,28.965571679891745,35.361509934118104
2034-01-19,32.18281705884066,28.97081008969187,35.483138845430965
2034-01-20,32.6842184856157,29.717194416627898,35.85343798163477
2034-01-21,32.688972466899116,29.624373419507023,35.79896748700478
2034-01-22,32.58981684442047,29.50872136170356,35.625561348874655
2034-01-23,32.62603516734676,29.579943493646756,35.95522462855848
2034-01-24,32.80408234442387,29.737068324605737,35.94874952682618
2034-01-25,32.92727456935445,29.78971918759501,36.10842191361329
2034-01-26,32.991422788161486,29.881527400092004,35.951987310215195
2034-01-27,33.50552663164477,30.53652331796757,36.63621056917004
2034-01-28,33.52483932648619,30.47296565055472,36.378737231849485
2034-01-29,33.44213852046019,30.192359204089897,36.6797685620512
2034-01-30,33.49665944316376,30.547618640554887,36.682335112577384
2034-01-31,33.69472024880868,30.52662144544124,36.69401986282393
2034-02-01,33.83941468672965,30.95728400585848,36.84698607511796
2034-02-02,33.92625127164317,30.681793225931802,37.145914176309965
2034-02-03,34.46385568286361,31.597340377366145,37.95535513384539
2034-02-04,34.50704662211774,31.31507596360401,37.694934366341535
2034-02-05,34.448119700804064,31.567496682015488,37.58877626929638
2034-02-06,34.52579534519513,31.376669788887895,37.67899755281294
2034-02-07,34.74586007897473,31.614803348396695,37.88706051837754
2034-02-08,34.91087580361035,31.634437469566983,38.00516114102882
2034-02-09,35.01583570225847,31.96336413318284,38.16016209332096
2034-02-10,35.56888294693048,32.376235648277024,39.03716663011918
2034-02-11,35.6244019034502,32.244178924546965,38.69874890107758
2034-02-12,35.57431590177974,32.57504431679431,38.72866186356649
2034-02-13,35.657047104802835,32.054162057294306,38.83389861974903
2034-02-14,35.87816744214193,32.61285714956502,39.054504837929294
2034-02-15,36.040114911756916,33.06304475270394,39.22656675245114
2034-02-16,36.13785364257463,32.743296397020316,39.251689437252054
2034-02-17,36.67959375799796,33.70370725634085,39.7143541129101
2034-02-18,36.71988069203776,33.47868282504657,39.976958538520165
2034-02-19,36.65088808120052,33.545489773890324,39.944402879758734
2034-02-20,36.71136991722333,33.70676120168422,40.15056562796298
2034-02-21,36.907301170878824,33.75169317286703,40.10008909901009
2034-02-22,37.04158151690994,33.91118486601194,40.233096589058235
2034-02-23,37.109680953873706,33.82503063314399,40.09558151843439
2034-02-24,37.62034381964209,34.43549049816375,40.77782467673896
2034-02-25,37.628661360777,34.55526340114748,40.86566478501494
2034-02-26,37.52734751474449,34.332325601418766,40.568525192788705
2034-02-27,37.55567413816788,34.193859635740345,40.572099769347204
2034-02-28,37.72009543404138,34.871853010080805,41.05705799893374
2034-03-01,37.82393672806026,34.68758038619871,40.709744073412594
2034-03-02,37.86302686853088,34.81124717447731,40.94106604397798
2034-03-03,38.34639117655701,35.09218930333543,41.412988321437275
2034-03-04,38.329315462253646,35.36166751269998,41.747866836034504
2034-03-05,38.20461604355425,35.162605990477296,41.60433625644014
2034-03-06,38.211572189498014,35.14642350032231,41.28390633492707
2034-03-07,38.35655083461556,35.355381617695805,41.36488710118535
2034-03-08,38.44269871007421,35.480439379171486,41.477324168634254
2034-03-09,38.465581063410745,35.2732329183862,41.69899468318726
2034-03-10,38.93388369590282,35.54056137169865,41.95371166568445
2034-03-11,38.90248854676387,35.89303832547037,42.056516388900654
2034-03-12,38.763757394310915,35.51498553025166,41.92774143013038
2034-03-13,38.75647966123295,35.87040056855867,41.89478186876939
2034-03-14,38.88651368124675,35.76419996079146,42.10580024228361
2034-03-15,38.956496044368016,35.80026553358581,42.06761966263156
2034-03-16,38.96149764196072,35.76603455471993,41.91714526650933
2034-03-17,39.40974258514042,36.402970989079634,42.58147708206186
2034-03-18,39.35569968329913,36.23061757196505,42.45978418412111
2034-03-19,39.19138054079279,35.99831971753329,42.42705072909929
2034-03-20,39.15529979360217,36.08563827142628,42.27792835280109
2034-03-21,39.25312643973907,36.12526771545674,42.51143775159063
2034-03-22,39.28740055200516,36.27666288651874,42.38856505502406
2034-03-23,39.25319375118184,36.313930797979474,42.543864282830064
2034-03-24,39.65882946388829,36.58414912869617,43.012736573079565
2034-03-25,39.55897260118817,36.3699934302861,42.82162102377079
2034-03-26,39.34592276599955,36.03231990550595,42.32218799604991
2034-03-27,39.258566660688395,35.91729162847256,42.56476837870179
2034-03-28,39.30301889307458,36.13983412042158,42.55469275599458
2034-03-29,39.28232580160178,36.03399261609976,42.44413729379183
2034-03-30,39.19211108716739,35.89035870769417,42.49242781403762
2034-03-31,39.541279749697125,36.463749140572276,42.78448749648671
2034-04-01,39.38509048903362,36.09128122992888,42.57591605907444
2034-04-02,39.11643123468247,35.89002942379979,42.18626102135346
2034-04-03,38.97475404748545,35.652163525407204,41.822835195235896
2034-04-04,38.96669916028019,35.80027054791867,42.00022363021809
2034-04-05,38.89578332571919,35.573301313146125,41.88629781342575
2034-04-06,38.75803176715961,35.62477149512488,41.80893932529534
2034-04-07,39.062670683555524,35.95932888711128,42.283356639653604
2034-04-08,38.8651908501557,35.789368950679275,41.88890256195251
2034-04-09,38.55861727852765,35.50411134304397,41.544126295428846
2034-04-10,38.3824413844648,35.24737226468437,41.623500890724685
2034-04-11,38.34324553547057,35.26770503298439,41.71340580313925
2034-04-12,38.24439514580424,35.19941064100775,41.390459471032
2034-04-13,38.08167750903428,34.83659113820157,41.560934029038854
2034-04-14,38.3640041099286,35.16689248802917,41.60461315118573
2034-04-15,38.14648665112216,35.110958751102196,41.35726633834106
2034-04-16,37.82172136341034,34.79117991946577,41.1303571880429
2034-04-17,37.628737577206635,34.35167565736864,40.66938965784701
2034-04-18,37.57363989399943,34.412796382710376,40.691847400618535
2034-04-19,37.45931854746529,34.5780758289337,40.54700717132539
2034-04-20,37.28110653881545,34.048830295042166,40.49860440020161
2034-04-21,37.547499674738845,34.62381522507171,40.83338133159527
2034-04-22,37.31324914164041,34.17945651189582,40.25381999111512
2034-04-23,36.97066061442589,33.75615218287635,39.927049191441284
2034-04-24,36.75855535665545,33.66997092067344,40.020309971846125
2034-04-25,36.68292219730078,33.60477714006574,39.791690745900716
2034-04-26,36.546634602895956,33.29499876186444,39.694178436574916
2034-04-27,36.34511115414641,33.00099489701839,39.390116304720024
2034-04-28,36.58703538564872,33.554224488724,39.71172099976549
2034-04-29,36.32744456511415,33.20099421978196,39.353702308589334
2034-04-30,35.95902146898012,32.71230364538414,39.13846105346158
2034-05-01,35.721044785539235,32.656727677033906,38.66556435224657
2034-05-02,35.62002731704612,32.410370936314656,38.818092349938425
2034-05-03,35.45941659007923,32.280877492973296,38.65326625378721
2034-05-04,35.235236667515565,32.09734176438825,38.272609269571966
2034-05-05,35.4567876846259,32.597491274931556,38.744517787068226
2034-05-06,35.179713312762125,32.10501006585069,38.31711875655505
2034-05-07,34.79727087893531,31.747146555278068,37.96159896445348
2034-05-08,34.54926046777563,31.27146440569564,37.8797243179722
2034-05-09,34.44264287505602,31.415908252003987,37.56071104422077
2034-05-10,34.28122170048218,31.14925952027571,37.43619094707335
2034-05-11,34.06126901039703,30.796375357435444,36.984058171561315
2034-05-12,34.29221166860795,31.002827271937143,37.52825884822546
2034-05-13,34.02968903384405,30.891976033838922,37.30517261547139
2034-05-14,33.66681714962844,30.598524807483383,36.685794207568016
2034-05-15,33.443116038956575,30.35232859938241,36.48387636144644
2034-05-16,33.3651301364872,30.25287226045979,36.62248471548988
2034-05-17,33.23611717969828,30.1223576223331,36.456038006612715
2034-05-18,33.051684890349314,29.926546014484522,36.318280162358654
2034-05-19,33.32049231278157,30.316580271924746,36.389566477629764
2034-05-20,33.097326148017316,30.0036405825005,36.2052174361533
2034-05-21,32.77438673096379,29.634980533079485,35.7842057190391
2034-05-22,32.5902396779577,29.27740071132555,35.702885433382235
2034-05-23,32.55046256146359,29.273467406716797,35.80387121925685
2034-05-24,32.45736118567831,29.502720669549,35.7038834058319
2034-05-25,32.30563399626985,29.063879672396382,35.50694013243983
2034-05-26,32.603100665326245,29.532221903701192,35.82558113902437
2034-05-27,32.403804362429895,29.302811494515414,35.5821203939834
2034-05-28,32.099321553105625,28.918636815001967,35.2849545746662
2034-05-29,31.927734592678327,28.680420410962572,35.25198659234439
2034-05-30,31.894295783606427,28.63451804900356,35.11458978179956
2034-05-31,31.801156873557343,28.76734726532392,34.929450762904224
2034-06-01,31.643042042791677,28.54181101265085,34.59604401338223
2034-06-02,31.927980065608065,28.933076416856903,35.090843284718865
2034-06-03,31.710404941471406,28.34965545418016,34.950995892213385
2034-06-04,31.382458771949327,28.04523190211147,34.62970539470291
2034-06-05,31.18295224090679,27.97780815985433,34.39890956948645
2034-06-06,31.11801161014313,27.938628612213044,34.39052963538218
2034-06-07,30.990786601983906,27.732074485847445,34.060391726748435
2034-06-08,30.797097752790787,27.408945953078653,33.83580789328438
2034-06-09,31.046139585215506,28.05277078217281,34.23651620382312
2034-06-10,30.793549668448275,27.731828088927834,33.83223558079557
2034-06-11,30.432678205720244,27.453733929645708,33.53144820422364
2034-06-12,30.20351443557345,27.107217308231633,33.119697103455394
2034-06-13,30.11329972781708,27.111085135137554,33.36513033999783
2034-06-14,29.96620272662635,26.96668445135673,32.840420825860654
2034-06-15,29.7589360893439,26.47051339972949,32.852924759573334
2034-06-16,30.001432088862863,26.71535270071639,33.30499270396429
2034-06-17,29.74988799677448,26.677015104005118,32.87845120170832
2034-06-18,29.39801663668095,26.18351542281719,32.54324744952264
2034-06-19,29.18595902315475,25.852173333789718,32.31912836726437
2034-06-20,29.120889455092975,25.97192083430106,32.34557491858419
2034-06-21,29.00668874612019,25.87198082271774,32.04658830767533
2034-06-22,28.83956530141733,25.767269129199295,31.95808525355551
2034-06-23,29.128741292915613,25.79249301187045,32.22497921780618
2034-06-24,28.929514655129086,25.940163375206275,32.175272745077116
2034-06-25,28.634531920171202,25.50092027020341,31.6703238465114
2034-06-26,28.48272826852006,25.572056210178722,31.693599800055672
2034-06-27,28.47996447033661,25.583872538265577,31.527846072671636
2034-06-28,28.42873556864144,25.192067012417155,31.512356276260725
2034-06-29,28.323830066678696,25.180305922211527,31.476860838958796
2034-06-30,28.67305583409826,25.27216257058673,31.950654137243088
2034-07-01,28.530342354978934,25.265162703757372,31.684322997276162
2034-07-02,28.287053205412715,25.40362316488489,31.632325564372536
2034-07-03,28.180964006628432,24.93079499075979,31.305254328812588
2034-07-04,28.216934430170475,25.006457219700042,31.735576003591056
2034-07-05,28.196648072149475,24.852778362263482,31.113756584881042
2034-07-06,28.114298018703185,25.009769314671406,31.225806908996475
2034-07-07,28.477333499142038,25.3605943739975,31.880636133052477
2034-07-08,28.339576578434375,25.244868985259902,31.26178222312218
2034-07-09,28.09254227301088,24.770943124679178,31.20140169951204
2034-07-10,27.974417016249514,24.92442648957784,30.85223778041925
2034-07-11,27.990723925885387,24.72848089383903,31.1240105850511
2034-07-12,27.944048767570855,24.809806511107016,30.81758232447737
2034-07-13,27.82970471561816,24.774351114797817,31.03359989839769
2034-07-14,28.15645178278388,25.02360815940344,31.43251835092287
2034-07-15,27.97958053157641,24.879519005605093,31.035434419157312
2034-07-16,27.692194281193252,24.561599687242794,30.808047665861352
2034-07-17,27.534145714499317,24.226356946585643,30.784556000642613
2034-07-18,27.512657437889473,24.322062628360634,30.500562940808088
2034-07-19,27.43200158186808,24.210262526063207,30.704546892855436
2034-07-20,27.289117798013635,24.148951026681626,30.369757597117623
2034-07-21,27.594286805390205,24.216032122851352,30.886862881058562
2034-07-22,27.404170371503724,24.24909020621494,30.581277262461885
2034-07-23,27.11305317027524,24.128224495531384,30.520775522032977
2034-07-24,26.961743571283407,23.93683260280735,30.102720422188323
2034-07-25,26.958163951354706,23.622249058680946,30.01971497918964
2034-07-26,26.90700651347583,23.517840476525695,29.855472536473854
2034-07-27,26.80533469810064,23.80675953070646,29.813587129938718
2034-07-28,27.16324788010046,24.073528886079057,30.333055092348435
2034-07-29,27.036920570367954,23.955112669893172,30.186159344717364
2034-07-30,26.81985168128933,23.4551800783559,29.886312230582366
2034-07-31,26.7517808043336,23.501701404508058,29.863410862293627
2034-08-01,26.839301763368596,23.642039923369644,29.62949949057499
2034-08-02,26.88554888633029,23.66323580765045,30.14648014079955
2034-08-03,26.885835336483566,23.678683111442844,29.90897561549098
2034-08-04,27.34836026963364,24.31103386101681,30.268214847563588
2034-08-05,27.327294950405125,24.141343904761573,30.378099286284314
2034-08-06,27.214082170243113,24.022552100450824,30.55152566936584
2034-08-07,27.24640460056764,23.973859185182697,30.121622942021745
2034-08-08,27.428850966607232,24.12997829882428,30.698458681265794
2034-08-09,27.562654080610038,24.47129232142527,30.560958378400073
2034-08-10,27.6413786838491,24.542218243026696,30.945735182109793
2034-08-11,28.1716745222114,25.109551879494134,31.4049383025009
2034-08-12,28.206403534101348,24.880637538435533,31.384876483644305
2034-08-13,28.13597436074113,25.108859608780147,31.297463251318707
2034-08-14,28.197338833322434,24.92228881260933,31.40322956994614
2034-08-15,28.394678524539593,25.121877946439938,31.517810054580565
2034-08-16,28.52915480910083,25.44642822081003,31.548890717017425
2034-08-17,28.594600009628085,25.45507575314344,31.69463654265043
2034-08-18,29.098264912241316,25.811349832266558,32.37352545952177
2034-08-19,29.09393162751207,25.90967153076144,32.19296096262395
2034-08-20,28.97322533997857,25.76316406483541,31.921912507452035
2034-08-21,28.974580161852536,25.971944927474105,32.298361927130095
2034-08-22,29.10388795377906,25.658725889284025,32.184302199074175
2034-08-23,29.164204526433096,26.18977057744281,32.392541250908565
2034-08-24,29.151391937189295,26.14288964641698,32.30370467015351
2034-08-25,29.57481344236891,26.282161148337558,32.62379422787615
2034-08-26,29.490391461466505,26.350875311648974,32.72700845378847
2034-08-27,29.291863544759032,25.885987715130135,32.56326913879111
2034-08-28,29.219693036808017,26.060027420256223,32.49858968802425
2034-08-29,29.28166476441792,26.357630766818406,32.36846542690077
2034-08-30,29.282541577896062,26.013417929801417,32.49078262854295
2034-08-31,29.219661785852857,25.915060007083426,32.1538780208811
2034-09-01,29.603595245155915,26.498538749759483,32.94132373989029
2034-09-02,29.491169505966862,26.266666887236703,32.60525260930819
2034-09-03,29.27670186081022,26.173578613942407,32.68783873122968
2034-09-04,29.200894638376308,25.755287209129232,32.24991106297895
2034-09-05,29.271424491726773,26.146077302729275,32.371269513002765
2034-09-06,29.292601692091477,26.304888709642757,32.63438643207688
2034-09-07,29.260979407061416,26.130008550262115,32.38292539091128
2034-09-08,29.686030420929548,26.456778845094025,32.867378178122415
2034-09-09,29.623202158942405,26.553592380285284,32.8716656703533
2034-09-10,29.465185106316703,26.422152813526424,32.547624270882835
2034-09-11,29.450851005025584,26.300643354203658,32.72345789950161
2034-09-12,29.585890446513844,26.307130988214794,32.59024826708492
2034-09-13,29.672524596631654,26.613401825910934,32.707976095100335
2034-09-14,29.70516964762172,26.526352529420603,32.996772779578656
2034-09-15,30.19116999910714,26.89202631094322,33.38100056871608
2034-09-16,30.183909541298434,27.236519916484205,33.29248641912547
2034-09-17,30.07413465003679,27.14597315717095,33.25529074393308
2034-09-18,30.098943842318317,26.910662198300475,33.37750328798217
2034-09-19,30.26247236145429,27.090897826231373,33.344186783717106
2034-09-20,30.365645200428347,27.31113529320004,33.49206555736404
2034-09-21,30.401876084403675,27.403843305888113,33.19089624663376
2034-09-22,30.87782752273059,27.849757450106246,34.28447199795051
2034-09-23,30.846540617663116,27.82872274748693,34.0134243480874
2034-09-24,30.698767776667665,27.435149994600604,33.8043252114267
2034-09-25,30.671963049233387,27.70801565225648,33.885255320678105
2034-09-26,30.770958369779173,27.782034495405476,33.96090540723354
2034-09-27,30.79769946645144,27.672716514816553,33.98795595569646
2034-09-28,30.74691943928938,27.60063484084563,33.917449562413594
2034-09-29,31.126865817687605,28.020113130300025,34.32435394405632
2034-09-30,30.992390681415728,27.71185504062631,34.013522610452185
2034-10-01,30.736238061524325,27.79831434699858,34.00040723943013
2034-10-02,30.597984554289628,27.32471981217112,33.84862734165373
2034-10-03,30.584662751569542,27.38752794040081,33.62918346079833
2034-10-04,30.50044264272232,27.128725662557688,33.610246433534925
2034-10-05,30.342250422458967,27.12689282072145,33.51087746511384
2034-10-06,30.620441942629316,27.51122170224553,33.71781568805293
2034-10-07,30.391841779009983,27.50762654784906,33.61904232092857
2034-10-08,30.050983438196276,26.928281278655007,33.1809012882555
2034-10-09,29.839007833881585,26.797252098367434,33.02962720971831
2034-10-10,29.764250688203283,26.532144675907496,33.0122879806818
2034-10-11,29.63189489462713,26.492855341702295,32.79131403760085
2034-10-12,29.439567964874012,26.20835860033593,32.520541306599014
2034-10-13,29.698002275956334,26.65553096267084,32.791059731848954
2034-10-14,29.46406934542061,26.451645568961965,32.59135006746548
2034-10-15,29.132023690958004,26.248132423687757,32.17438208763467
2034-10-16,28.94241321008728,25.937892289282445,31.91969950180482
2034-10-17,28.902686324779182,25.68540205341713,32.09699808337123
2034-10-18,28.81687131261922,25.71528646110263,31.73693621917946
2034-10-19,28.681207146925594,25.6740554513455,31.626074586431006
2034-10-20,29.004842599953296,25.687820920982944,32.120053603817325
2034-10-21,28.84291374143509,25.620107022988464,31.654523469228025
2034-10-22,28.587834189883893,25.397065244630024,31.511467123733762
2034-10-23,28.478253784464503,25.49748434863118,31.979555728522445
2034-10-24,28.51971462025302,25.43777053085072,31.262493694154795
2034-10-25,28.514378568300465,25.274657217558943,31.53699735194522
2034-10-26,28.45670433953328,25.406283327371128,31.61725291018852
2034-10-27,28.854189654249303,26.023443694346355,31.984109142208858
2034-10-28,28.760487559440215,25.424551103134164,32.05623856341153
2034-10-29,28.566730292163168,25.45608251934897,31.91400256400026
2034-10-30,28.510515552725465,25.23987833946149,31.717377019406527
2034-10-31,28.59658350162178,25.296176308225284,31.605753431297714
2034-11-01,28.62655816247767,25.524541692661636,31.592297079668004
2034-11-02,28.594631050172026,25.703453542357675,31.512640550221757
2034-11-03,29.008302548867164,25.998002005878366,32.020387827715865
2034-11-04,28.921490246133075,26.011528515003928,32.17293005616352
2034-11-05,28.7258379787612,25.76246595547079,32.00758988719804
2034-11-06,28.65968099214839,25.39306063125484,31.721524337213285
2034-11-07,28.728696228262546,25.577046124552727,31.78771653829883
2034-11-08,28.735612266760324,25.356965849276147,31.733760240161214
2034-11-09,28.675857696214234,25.33987931335425,31.868019612467823
2034-11-10,29.05826448521515,25.742884693189048,32.270486664940805
2034-11-11,28.93813666121446,25.682703453470843,32.06612536240911
2034-11-12,28.708519179550706,25.548976918319344,31.543101767561474
2034-11-13,28.60912350458776,25.565347584198044,31.913568515374273
2034-11-14,28.646940000208787,25.372069384431672,31.766200527826964
2034-11-15,28.625912668821304,25.370493874672505,31.950731664501674
2034-11-16,28.54255593564443,25.43442667085234,31.701394833631134
2034-11-17,28.906630848757825,25.71038161633109,32.03332005419089
2034-11-18,28.7741916640322,25.833290687572266,31.93812367729323
2034-11-19,28.538838202856326,25.553079111555547,31.70166979074891
2034-11-20,28.440630842971057,25.478315887035784,31.530840531265046
2034-11-21,28.486698404061816,25.318195318532318,31.74733410778115
2034-11-22,28.480914456444097,25.179180444334236,31.826299420994136
2034-11-23,28.419521566877215,25.104055500262294,31.155018361836316
2034-11-24,28.811820505701554,25.694796263358405,32.13227327630385
2034-11-25,28.71323488750994,25.80670754014803,31.816092799622318
2034-11-26,28.51658600269309,25.41203647683649,31.666014213951634
2034-11-27,28.461033956399476,25.311937119021604,31.432987099458515
2034-11-28,28.552714543200672,25.553953134022183,31.572080561877087
2034-11-29,28.59444648833718,25.379090641414866,31.697147883705476
2034-11-30,28.581387635143596,25.345937566311033,31.57261720227309
2034-12-01,29.021756159156944,25.60758423022243,32.15509996441193
2034-12-02,28.969926355546995,25.850057165483147,31.947731474367103
2034-12-03,28.8177328763281,25.66236126652762,31.977227832390145
2034-12-04,28.803438722381344,25.5220583940738,31.838202296740658
2034-12-05,28.93239569874315,25.605849067938117,31.98122892557482
2034-12-06,29.00677135509158,25.826293794813704,31.933073229982163
2034-12-07,29.021220508652007,25.808631003585766,32.46761787026459
2034-12-08,29.483617085865664,26.26534918019185,32.64395750270883
2034-12-09,29.448155630963814,26.19153481727139,32.735797228007634
2034-12-10,29.306656308019786,26.191190962040174,32.31118797622438
2034-12-11,29.29752879890971,26.31480255081259,32.43385554580385
2034-12-12,29.42642404444039,26.387684621387102,32.629874167817995
2034-12-13,29.495948221035288,26.431545224045013,32.36630439427182
2034-12-14,29.501317538751312,26.531412322645906,32.64017164174915
2034-12-15,29.95107018666732,26.636677173715253,33.16117152381251
2034-12-16,29.900145445181177,26.723051275187096,33.17197663625004
2034-12-17,29.741164523191763,26.466361362135192,32.96540466408167
2034-12-18,29.713369290802582,26.457063912964692,32.78369702422454
2034-12-19,29.8232486362285,26.567108183638915,32.83226802297531
2034-12-20,29.874227610016618,26.851329404454678,32.89717808190025
2034-12-21,29.862298679282333,26.492390607046122,32.955748726633
2034-12-22,30.296712099697043,26.987595815809087,33.10881532531035
2034-12-23,30.233036031379246,27.039179721922224,33.14764478415781
2034-12-24,30.06442147135195,26.85717034285806,33.16667830111465
2034-12-25,30.030528582004152,27.1440293258268,33.283741639329854
2034-12-26,30.138144436637603,26.965100579720005,33.27501722813423
2034-12-27,30.190867514419995,26.843571950977694,33.34399382076314
2034-12-28,30.184738310734808,27.04476396192756,33.301143624581634
2034-12-29,30.628932988782406,27.578249415531772,33.88235406744725
2034-12-30,30.578830496598833,27.297967395268206,33.66482051760366
2034-12-31,30.427287908370836,27.251718022442553,33.575542002344704
2035-01-01,30.413580155656085,27.244786092180185,33.58896306476403
2035-01-02,30.544033670399838,27.159167707169985,33.76895021466275
2035-01-03,30.621728704583536,27.350204170742284,33.80226659926996
2035-01-04,30.642149075535183,27.687674547034273,33.73530864239275
2035-01-05,31.113895616599695,27.630974909534725,34.31116372945622
2035-01-06,31.091773102691015,27.836616191087113,34.281048259592154
2035-01-07,30.968084767165124,27.85750679161286,34.09303872074821
2035-01-08,30.981589965561913,27.725460061888842,34.26420450546876
2035-01-09,31.138153949065213,28.04292007720193,34.1302567341246
2035-01-10,31.240464021455242,27.975263961425696,34.437567429298966
2035-01-11,31.28369042005533,28.079604373582463,34.506099757924474
2035-01-12,31.776207886133793,28.45072540564153,34.69126902419492
2035-01-13,31.772687482911824,28.532115514087586,34.833950563537584
2035-01-14,31.66539267457674,28.75938113938402,35.14589002427294
2035-01-15,31.693135228715235,28.353976478446373,34.923989418732845
2035-01-16,31.861920020318845,28.745502142868215,35.2454094042937
2035-01-17,31.974653229653953,28.879657606338846,35.04854108309311
2035-01-18,32.0267925879923,28.920117170084044,35.127158271953114
2035-01-19,32.5270560338301,29.491997767634235,35.57586193236558
2035-01-20,32.53049880497104,29.409831709257148,35.893976077681344
2035-01-21,32.429793501087254,29.233386552495602,35.715715646827164
2035-01-22,32.46416923721945,29.280376907601035,35.438107100149026
2035-01-23,32.640039542659046,29.667887907270398,35.81297970321035
2035-01-24,32.760694073281044,29.700850250843644,36.04551290284578
2035-01-25,32.82193334797165,29.649071789416436,35.80852109956897
2035-01-26,33.33276339143358,30.358083233545965,36.6465565040112
2035-01-27,33.348460774810526,30.284646016681712,36.60688382232517
2035-01-28,33.26184298669205,30.095775801923004,36.506074925593694
2035-01-29,33.312200572176145,30.25857146205693,36.417521596743484
2035-01-30,33.50592092141193,30.4124595891223,36.78683600583322
2035-01-31,33.64617890554763,30.428141442440133,36.6615502278764
2035-02-01,33.72857359986875,30.562287576472464,36.80260503553818
2035-02-02,34.26182790451785,30.888768223346734,37.43763053841373
2035-02-03,34.30086138417512,31.195244060789594,37.42969436198637
2035-02-04,34.238070996977,31.171888255393615,37.316852202217206
2035-02-05,34.312275804969616,31.169499159337416,37.52775232318593
2035-02-06,34.529355130309156,31.41959663306308,37.657599775664025
2035-02-07,34.691954880183815,31.372308781543396,37.86100540599009
2035-02-08,34.79514076297389,31.787521841426457,37.848131270252956
2035-02-09,35.34711466337099,32.224803096307234,38.60568569589007
2035-02-10,35.40230394744798,32.26602324320753,38.680346417960514
2035-02-11,35.352657827665055,32.17063475737466,38.57560513582639
2035-02-12,35.436606367201115,32.30938304696469,38.4577168538727
2035-02-13,35.65971111913521,32.53594918104487,39.05815327199015
2035-02-14,35.824381713626565,32.679285231825574,38.844882141056296
2035-02-15,35.92553677808842,32.85764506311099,39.2561752775795
2035-02-16,36.47132520348615,33.210249426472764,39.62308680180266
2035-02-17,36.51621736420426,33.3388798654764,39.74491983427726
2035-02-18,36.45230035412587,33.40854141599182,39.60688607005295
2035-02-19,36.5182328494065,33.44131364806385,39.77200230435716
2035-02-20,36.71988872161758,33.66384159362583,39.84759402820329
2035-02-21,36.860063935842234,33.831235662676974,40.09492416554746
2035-02-22,36.9341254259436,33.78487932933657,39.98209166753763
2035-02-23,37.45071834352896,34.44321971109186,40.489491248765326
2035-02-24,37.46484173512991,34.203213274748045,40.845337729610996
2035-02-25,37.36912720685095,34.51562616586871,40.46192665881774
2035-02-26,37.402776716988335,34.347168792936785,40.381446220300155
2035-02-27,37.572189167004396,34.39336330662494,40.76478911106812
2035-02-28,37.680650871123525,34.408042194254044,40.8567275847649
2035-03-01,37.72396912413022,34.52848288931254,40.91758753698025
2035-03-02,38.211165755893816,35.03289184270099,41.34064052646145
2035-03-03,38.19754116819581,35.02460886755765,41.34190714621718
2035-03-04,38.07594378884222,34.98465423306052,41.20980835673104
2035-03-05,38.08570138215257,35.07929391175706,41.41080024105375
2035-03-06,38.23324409778226,35.15656419028405,41.16562725442905
2035-03-07,38.32179445602613,34.976909420184974,41.503713784303805
2035-03-08,38.347003509324004,35.15073542751475,41.502457442084946
2035-03-09,38.817649990277474,35.952234440775314,42.02757571406904
2035-03-10,38.78871276732934,35.68594773036934,41.957088073657516
2035-03-11,38.65265127807336,35.43242879029678,41.66775826550285
2035-03-12,38.64835003181804,35.51129394233284,41.97782113889094
2035-03-13,38.781756644488404,35.407954438623044,42.05685851820405
2035-03-14,38.855588126905914,35.76303775679125,42.074666381085294
2035-03-15,38.864984146027055,35.57759210799128,42.11476854169313
2035-03-16,39.318223522644296,36.2338422197979,42.476072050409726
2035-03-17,39.269813730856974,36.068917185321936,42.45920084478496
2035-03-18,39.11178752185643,35.879856551090576,42.076470880648
2035-03-19,39.0826622424411,36.04387545146657,42.349252808826265
2035-03-20,39.18809083281277,36.025538477868864,42.30345896051476
2035-03-21,39.23057880447358,36.17864460152869,42.3365633905571
2035-03-22,39.205145569283175,36.000334159073205,42.298808795441154
2035-03-23,39.62004611793649,36.53187579380428,42.722639884974186
2035-03-24,39.52986263970362,36.355549685119094,42.74530112298973
2035-03-25,39.326800130397494,36.30593273321096,42.231154437961706
2035-03-26,39.24964158376419,36.01952651330269,42.38849913514643
2035-03-27,39.30439187584945,36.21088903459695,42.455759744696586
2035-03-28,39.29398486444409,36.12526622111929,42.38763295889352
2035-03-29,39.21393238580518,35.98168970877304,42.239114881035256
2035-03-30,39.573031538058565,36.458183286755826,42.767529855777106
2035-03-31,39.42644030222176,36.44439220557512,42.63447216854185
2035-04-01,39.166956060396714,36.19521213359553,42.328818122903776
2035-04-02,39.03395315616172,35.88232014492379,42.00442610618607
2035-04-03,39.034009176326855,35.849857395449355,42.30148726286476
2035-04-04,38.9705950474318,35.83222936492515,42.05495566943509
2035-04-05,38.83970818362885,35.901164366755786,41.86464931348976
2035-04-06,39.15056559514138,36.04296917609652,42.10169758170008
2035-04-07,38.95866747647984,35.785118043143015,41.99127240564415
2035-04-08,38.657066235073245,35.54717141152784,42.00516374864243
2035-04-09,38.48529742627182,35.61609523717731,41.576134283609065
2035-04-10,38.450002503496336,35.347694558286314,41.54436757685293
2035-04-11,38.35461860730067,34.87245417671322,41.49816384310553
2035-04-12,38.19501465619136,34.856906674668195,41.62089310129485
2035-04-13,38.480190568807075,35.26712665186943,41.570559579235216
2035-04-14,38.26534995283163,35.02651203794162,41.48213986714037
2035-04-15,37.94318093860823,34.89814041741296,41.10628600921071
2035-04-16,37.75280124971709,34.539995677210555,40.98708362133071
2035-04-17,37.70039696618632,34.61386337414586,40.97645182231375
2035-04-18,37.588929685140556,34.47705154770072,40.841823966780886
2035-04-19,37.41379077320846,34.09051932505204,40.266173508491384
2035-04-20,37.68351893982215,34.52384189839246,40.57875176240735
2035-04-21,37.45289085359229,34.46727512351353,40.64079454219684
2035-04-22,37.11421887313655,34.20725028696849,40.47405050606419
2035-04-23,36.90631140451206,33.86631085372027,40.075444864862874
2035-04-24,36.83512480597128,33.53092394550039,40.23820878823012
2035-04-25,36.703481073036095,33.56220497258726,40.044616527174405
2035-04-26,36.50672960522522,33.53962600030249,39.62439131001787
2035-04-27,36.753468983267126,33.506565912097244,39.818174621013014
2035-04-28,36.49863828196319,33.236189821795655,39.59831258140273
2035-04-29,36.134811904264865,33.0417589871661,39.31459834026671
2035-04-30,35.90115347819257,32.72139840680231,38.99577300089199
2035-05-01,35.804057883001974,32.548548818988856,38.43284293022667
2035-05-02,35.64685589627679,32.568198082637416,38.71729272510797
2035-05-03,35.425460128729526,32.353699532811426,38.68568234759186
2035-05-04,35.649068637466385,32.512367309759476,38.95228799386843
2035-05-05,35.37323628834381,32.33325252339898,38.50478717102737
2035-05-06,34.99114846593791,31.656262754364754,37.98506921783875
2035-05-07,34.742553334943864,31.674319765544407,37.96775029602532
2035-05-08,34.634382410745665,31.41297593987183,37.56142238472627
2035-05-09,34.47043463007664,31.3323469940419,37.62485524502813
2035-05-10,34.24700327376529,30.996815569873686,37.43933403646688
2035-05-11,34.47356278193369,31.31172701834815,37.71845244628963
2035-05-12,34.2058261252281,30.91289272825858,37.21787463645584
2035-05-13,33.837007847453016,30.722219326080083,36.95423084838277
2035-05-14,33.60674940676099,30.421852041282012,36.74809300216295
2035-05-15,33.52173688808033,30.243880858958136,36.80995731912347
2035-05-16,33.38538647262384,30.211322403841578,36.36215897802651
2035-05-17,33.19347708316442,30.02869814319958,36.195953099693746
2035-05-18,33.45484717950627,30.269697098407576,36.46047524813588
2035-05-19,33.22446616882941,30.10977971573996,36.49645839013903
2035-05-20,32.89471521806718,29.733602338060155,35.85413275715518
2035-05-21,32.70433364571047,29.370471033411835,35.924796372118216
2035-05-22,32.659060405819815,29.459453197021688,35.883217056802486
2035-05-23,32.5613453952758,29.291964416268524,35.73371171291133
2035-05-24,32.40600927127202,29.396349066638795,35.46441861083689
2035-05-25,32.70096796581447,29.568562931429458,36.00658190475793
2035-05-26,32.50033154108658,29.28239234598919,35.688485723680266
2035-05-27,32.19571134307705,29.033954796975515,35.34437262104364
2035-05-28,32.025190816960574,28.614976558128017,35.05480115357088
2035-05-29,31.99398872389062,28.776740055587346,34.881096750087345
2035-05-30,31.90418878167408,28.822440654275557,35.120312392001544
2035-05-31,31.750413794880284,28.579463359001632,34.81828747099126
2035-06-01,32.0405599468753,28.634995081419014,35.170778879958746
2035-06-02,31.828900507834774,28.72855645545128,34.879869862354475
2035-06-03,31.507392664619978,28.519389466558508,34.82219487844865
2035-06-04,31.31464273274216,28.109465929574995,34.21579666542649
2035-06-05,31.256558540626624,28.278056318275848,34.49960390080201
2035-06-06,31.13606321439465,27.97484671823293,34.458989596633245
2035-06-07,30.94874878606006,27.712066499417862,34.24063803006112
2035-06-08,31.203585798833192,27.90305836093476,33.95058499506545
2035-06-09,30.955998796245133,27.56972078789235,34.29852404129967
2035-06-10,30.59914214875689,27.414819606233692,33.617091542991375
2035-06-11,30.372832320956878,27.133646790407735,33.422109715192086
2035-06-12,30.284166284567565,27.315514690261935,33.51073673898005
2035-06-13,30.137201266741332,26.828687683994737,33.38915888966271
2035-06-14,29.928575237175146,26.7156155648844,33.21772787426705
2035-06-15,30.1681852790331,27.02185701717286,33.3413745290924
2035-06-16,29.912234664221288,26.553610072545162,33.1613262638499
2035-06-17,29.554483955134213,26.494923491595017,32.67284061098028
2035-06-18,29.335163012881644,26.131489476134387,32.23559095896568
2035-06-19,29.26157427843134,26.445112926538645,32.482012538680074
2035-06-20,29.137763041051016,26.032242898628443,32.17888447514357
2035-06-21,28.96013446837568,25.816040004192885,31.76088654916843
2035-06-22,29.23813474720236,26.032164836523965,32.24163493514547
2035-06-23,29.02730718416198,25.8967782892701,32.27241840390235
2035-06-24,28.720558438183506,25.715874531229932,32.120590617607505
2035-06-25,28.55709143730142,25.33024122114222,31.77730717063843
2035-06-26,28.543034848365313,25.651671423840554,31.6886290693434
2035-06-27,28.481144157301763,25.4624970408732,31.584013093975454
2035-06-28,28.366453335437576,25.00657458536335,31.552140135593394
2035-06-29,28.706993520568105,25.754701437107116,31.849696243755076
2035-06-30,28.556888544652132,25.125920386841155,31.51480861036086
2035-07-01,28.30766139348088,25.321864049334362,31.460257531634856
2035-07-02,28.19720702501641,24.969516269654967,31.317597770843413
2035-07-03,28.23046028126736,25.344425346203565,31.2478003686975
2035-07-04,28.20913284204695,25.02397448818682,31.489913778364453
2035-07-05,28.12739714287949,24.919662672515695,31.244036282543433
2035-07-06,28.492632719325975,25.2770405747805,31.430558891278793
2035-07-07,28.35854395849244,25.222688681830277,31.37062056293739
2035-07-08,28.116482632873346,25.055073432128495,31.23285015221686
2035-07-09,28.004430095860698,24.712370908969262,31.150043803403594
2035-07-10,28.027667506876625,24.930623915222323,31.379077642941205
2035-07-11,27.988507860577435,25.01973915119849,31.485404896506967
2035-07-12,27.881967768975212,24.7780671396306,30.934378479501444
2035-07-13,28.216494687529348,25.21331605858505,31.54510536391634
2035-07-14,28.047058992993136,24.79006488141491,31.09412016479485
2035-07-15,27.7664449040065,24.509217556268087,30.85393277058954
2035-07-16,27.614195913338772,24.552325151445032,30.725922177584117
2035-07-17,27.597244043057024,24.557819439391842,30.886539162057375
2035-07-18,27.519597769632625,24.283489898568384,30.62682408652699
2035-07-19,27.377967741150513,23.9403665143154,30.747698925437994
2035-07-20,27.682447220123727,24.555514672145982,30.963319407052207
2035-07-21,27.48955793763708,24.375582386701353,30.653589385744542
2035-07-22,27.193496627828573,23.77008096695027,30.153957023357457
2035-07-23,27.035039154388727,24.060681315544677,30.064543311742444
2035-07-24,27.022132712943403,24.08366356204952,30.2532321193924
2035-07-25,26.959552025446122,23.746629590147435,29.990522381447406
2035-07-26,26.84449958369831,23.802574569988394,29.924440602637517
2035-07-27,27.1872676491707,23.55017971790489,30.325031168305383
2035-07-28,27.04427328401417,23.79775285336206,30.073540294319738
2035-07-29,26.809302069117894,23.696495612696683,29.923696823706276
2035-07-30,26.722417592578573,23.595117533574477,29.7677339202837
2035-07-31,26.790567142363628,23.908361224639172,29.91077730128908
2035-08-01,26.81725924669345,23.76257373582534,29.91649821482424
2035-08-02,26.798192629715782,23.6973691999914,29.893551110425133
2035-08-03,27.241953594581577,24.004393444414323,30.38580837365747
2035-08-04,27.203092225707692,23.89623945052522,30.202522814563142
2035-08-05,27.073412017352965,24.168886193737016,30.36101812882381
2035-08-06,27.0909288251872,23.79335892959227,30.015716773799802
2035-08-07,27.260528281091943,24.111835831477997,30.347685800216965
2035-08-08,27.383695949079993,24.21665940455751,30.50723841601131
2035-08-09,27.454198388874776,24.334983237989967,30.490856445503656
2035-08-10,27.978830740804003,24.932235179116056,31.052490521835296
2035-08-11,28.010539866142917,24.756766894637035,31.07454230157615
2035-08-12,27.93975637052133,24.70391152002269,31.141113523832846
2035-08-13,28.003390240899883,25.069120362397637,31.290067620378508
2035-08-14,28.20551821624659,25.08872633286473,31.383966299321337
2035-08-15,28.347136324251405,25.029703645423865,31.517977249206556
2035-08-16,28.421855103628435,25.209623488319995,31.57582046388005
2035-08-17,28.936652696162973,25.909927388343853,32.1279878947991
2035-08-18,28.944994643230295,25.961257889294963,32.017044701929734
2035-08-19,28.838153751899323,25.508637363037007,31.907639399934176
2035-08-20,28.854185035676657,25.825277280068413,31.979491435263164
2035-08-21,28.998584355306544,25.789794296680938,32.07316067809444
2035-08-22,29.074004915330327,25.873295214513576,32.1849611569492
2035-08-23,29.075910058971523,25.840413257138856,32.235715824968686
2035-08-24,29.513278643719545,26.198543898063384,32.30854600525315
2035-08-25,29.441673077071773,26.3017218408133,32.55115096759767
2035-08-26,29.25450473547409,25.868910762578967,32.41749822548359
2035-08-27,29.19195320644351,26.061454617509654,32.34955133650142
2035-08-28,29.261569452694186,26.122320397030368,32.561697078733154
2035-08-29,29.267938526255705,25.99547770449178,32.55095787838465
2035-08-30,29.208281706461364,26.090675071548333,32.36292087986336
2035-08-31,29.593115695986146,26.517212901208563,32.740574278453096
2035-09-01,29.47928018989733,26.32058092151808,32.697384562210296
2035-09-02,29.261169626518285,26.11207828785377,32.462557963431
2035-09-03,29.17962646655993,26.30634252601369,32.26873510679656
2035-09-04,29.24252680174196,26.03170428105429,32.44352728054238
2035-09-05,29.254434400110853,26.073695809515655,32.25928049837447
2035-09-06,29.212203304702257,26.349826696164843,32.26502075210781
2035-09-07,29.625646619367775,26.466162746584207,32.66747842842135
2035-09-08,29.55058255295122,26.254532173515212,32.89727992531159
2035-09-09,29.380093049958482,25.963297820747204,32.51526170805668
2035-09-10,29.35345164932992,26.213007312425994,32.61033761351366
2035-09-11,29.476750462572625,26.61754919123861,32.6569266708727
2035-09-12,29.552601287674637,26.513199730902627,32.61429548230125
2035-09-13,29.575789733365653,26.504943562507954,32.64112877070769
2035-09-14,30.053998627392374,26.85409993602376,33.245899243174044
2035-09-15,30.040910338592933,26.87429181090665,33.11646389342699
2035-09-16,29.92752185677426,27.021084405690765,32.86240373135843
2035-09-17,29.951127785220983,27.111625602132285,33.08767053279701
2035-09-18,30.115999687317835,26.96920453858229,33.18242127381659
2035-09-19,30.22313542992054,27.355335353808723,33.37589951533694
2035-09-20,30.26595613673256,27.125876423151176,33.52153504655461
2035-09-21,30.751065910241195,27.397699800257392,33.76999849782896
2035-09-22,30.731383012374454,27.474248640542204,33.61015412377891
2035-09-23,30.59747560860871,27.272696727233118,33.679059991352254
2035-09-24,30.586556710474312,27.523879741499087,33.75511787697679
2035-09-25,30.70316647071661,27.374039734615838,33.88045837908918
2035-09-26,30.74891542596831,27.68660328842864,33.754434163370846
2035-09-27,30.718166492269226,27.60200051208629,33.96836357499776
2035-09-28,31.118771297693975,27.74465313855571,34.431224810845606
2035-09-29,31.005170189238548,27.813731012035596,34.25330137444662
2035-09-30,30.769689868524566,27.599307810976722,34.03385534383395
2035-10-01,30.6514943202214,27.34617261245355,33.83591272468049
2035-10-02,30.657218366951998,27.499327094275117,33.91855069910225
2035-10-03,30.590658743279086,27.597739640653366,33.86593802465407
2035-10-04,30.44840187450202,27.357854469346925,33.59226690101961
2035-10-05,30.74050537017746,27.78904554052665,34.06827712673173
2035-10-06,30.523544001902422,27.183320064045148,33.60355218786004
2035-10-07,30.191855520575693,27.041606473674946,33.26961376701223
2035-10-08,29.9864433086323,26.912283101224684,33.09549396047791
2035-10-09,29.91556642845058,26.88565088783123,33.03718402252747
2035-10-10,29.784393050428385,26.47936596862746,32.77679386978994
2035-10-11,29.59059737285845,26.531755490896007,32.78945729139877
2035-10-12,29.84501778174951,26.75801774648764,33.094155817428714
2035-10-13,29.604687551947123,26.230351747517318,32.70599602542505
2035-10-14,29.264073757778952,26.439782219540266,32.615981336593926
2035-10-15,29.063981476409207,25.85714832751457,31.999526913909616
2035-10-16,29.012153707175855,25.989776394063224,32.204191845243614
2035-10-17,28.912942632928726,25.756765547576233,32.26237087863385
2035-10-18,28.762931770089597,25.6440454443225,31.925117189632132
2035-10-19,29.07162599972284,25.91173482538911,32.15394317147565
2035-10-20,28.894519857101045,25.753622127688434,32.14291377763305
2035-10-21,28.624378682787007,25.562411501821266,31.791969489069235
2035-10-22,28.50018854234166,25.48757156660766,31.77657342218171
2035-10-23,28.527804084057006,25.35650898121582,31.802625454021882
2035-10-24,28.509668663911498,25.10769791817664,31.608735081827376
2035-10-25,28.440484980419033,25.246396991575327,31.472525651619804
2035-10-26,28.827951935891047,25.813850339547205,32.04280464045787
2035-10-27,28.725876888359988,25.622248733762465,31.893564163971238
2035-10-28,28.52549677881831,25.31783609097013,31.601031818194468
2035-10-29,28.464463046472765,25.225416134976236,31.42688028437679
2035-10-30,28.547518656587012,25.68036207145983,31.686764884953064
2035-10-31,28.57624089579725,25.546637322241846,31.767019217366517
2035-11-01,28.544727689925946,25.197403336689078,31.73835389230226
2035-11-02,28.960342870534678,26.05034678190735,32.30891410738494
2035-11-03,28.87682946670149,25.82160680060767,31.89297850825427
2035-11-04,28.685624620853787,25.561955910165715,31.988584653940062
2035-11-05,28.624831351415803,25.546261683494844,31.64837948600988
2035-11-06,28.699875981199252,25.554227107398905,32.044452006188095
2035-11-07,28.713225548681528,25.521247249989106,31.93225037016708
2035-11-08,28.660043766460298,25.431517539856472,31.890772640949958
2035-11-09,29.04890188460456,26.11643405060989,32.25280301341249
2035-11-10,28.934854561404936,25.803955035091754,32.09930946103108
2035-11-11,28.710715430816414,25.558458924221743,32.16167135130162
2035-11-12,28.615988712877154,25.619435303934473,32.07161039675596
2035-11-13,28.65748681076537,25.659498949306055,31.71177795176183
2035-11-14,28.639009306162983,25.38658630837455,31.914210251617146
2035-11-15,28.556962951380832,25.720877368119794,31.896596214268104
2035-11-16,28.921039961876286,25.8001802715101,32.273070159619074
2035-11-17,28.787265544237847,25.488053862024852,32.12551928342195
2035-11-18,28.54925004670983,25.308814945232587,31.61607051703163
2035-11-19,28.44710262426485,25.395182358844785,31.62164365257488
2035-11-20,28.488036742831813,25.23963128814364,31.603673189740277
2035-11-21,28.47604314259286,25.354822038255318,31.546579183620803
2035-11-22,28.407509891675506,25.23920584068018,31.460953008635343
2035-11-23,28.791906693494376,25.681664669064126,32.069149621240356
2035-11-24,28.68484407638649,25.43791106992349,31.55904313933087
2035-11-25,28.479342391945753,25.409271153268996,31.51142348995885
2035-11-26,28.414766915078175,25.35886420925614,31.478682537321024
2035-11-27,28.49745865282641,25.227003488879024,31.559356512499722
2035-11-28,28.530435668601143,25.41604939447011,31.51889382599244
2035-11-29,28.509043669180286,25.319336111464384,31.54234440461581
2035-11-30,28.941672089984497,25.870582026095644,31.980101661715825
2035-12-01,28.88284536329748,25.96967003929969,32.155451281941325
2035-12-02,28.72452336316536,25.633017830822,31.91720162399733
2035-12-03,28.705066425588935,25.55024836799435,31.92679384610236
2035-12-04,28.82989371998518,25.730966834652403,32.12926044580508
2035-12-05,28.90120903385923,25.666797145914888,31.829839853648746
2035-12-06,28.91367207979362,25.745720021996483,32.05406070187295
2035-12-07,29.375131044973273,26.299593568538615,32.42886834328464
2035-12-08,29.33972568831591,26.232410763692737,32.61093411018414
2035-12-09,29.19919474362859,26.161843459417074,32.13873007519318
2035-12-10,29.1918429402609,26.26224075354379,32.465559773487946
2035-12-11,29.32319647823181,26.11135119389531,32.54978927981935
2035-12-12,29.395721223971027,26.180387405784096,32.485204955587506
2035-12-13,29.404482074471627,26.171240517301158,32.333937702068795
2035-12-14,29.857859670538637,26.573201718707377,33.15508954421001
2035-12-15,29.810634330390748,26.723362603502306,32.88570028588357
2035-12-16,29.655271614916483,26.657998585529697,32.895452713129394
2035-12-17,29.63086555463272,26.249600072372104,33.03423280701398
2035-12-18,29.74376913648227,26.71513101150163,32.828958556135426
2035-12-19,29.797287097046365,26.44611719206071,32.89656702467682
2035-12-20,29.787310245473464,26.654154121197944,33.197564610638864
2035-12-21,30.223008244378434,27.037226675930345,33.2001202288904
2035-12-22,30.159891417320907,27.12025495612765,33.202467178215585
2035-12-23,29.991076621312637,26.73497949945043,33.389499329040504
2035-12-24,29.95621375344445,26.778694854374134,33.130759648972834
2035-12-25,30.062102926244037,26.86633569329619,33.03071054376258
2035-12-26,30.112377680519344,26.827372786867887,33.15972537512969
2035-12-27,30.103133659537704,26.95180113826219,33.151423732028086
2035-12-28,30.543619747514036,27.33486465972228,33.581950727115604
2035-12-29,30.489302190200767,27.405508735949347,33.64629324575788
2035-12-30,30.33313656336081,27.255582789089047,33.38031739672524
2035-12-31,30.314503871451866,27.119863763741435,33.4214436379897
2036-01-01,30.439840420987363,27.490571099544326,33.38953115895979
2036-01-02,30.512336358039033,27.30411775099591,33.63557639756726
2036-01-03,30.527581741531723,27.57369822201003,33.604121310310795
2036-01-04,30.99427654892551,27.639399907531224,33.96853774935237
2036-01-05,30.96731449124374,27.68308174545184,34.07518418560164
2036-01-06,30.839074848765044,27.833121639545467,34.12660577024598
2036-01-07,30.848377962301523,28.000881416879274,33.874688575196345
2036-01-08,31.001133404554746,27.9115738220114,33.98988179288917
2036-01-09,31.100055147534867,27.94178971038255,34.35215082083159
2036-01-10,31.14032208819549,28.054426231871798,34.33929944970615
2036-01-11,31.63029989848142,28.274917964788493,34.845193816604805
2036-01-12,31.6246337380151,28.483225966985277,35.010354402949986
2036-01-13,31.5155458030199,28.03781446735326,34.752975214034365
2036-01-14,31.54179321595762,28.154724460291956,34.91472439917228
2036-01-15,31.70931525980836,28.54137979989133,34.8039963632858
2036-01-16,31.82094436148971,28.99797311816741,34.88945671282163
2036-01-17,31.87205937997686,28.817719197159846,35.12919790535085
2036-01-18,32.37129745597817,29.01808294620818,35.42813602254927
2036-01-19,32.37363433886295,29.26132393290056,35.66168677229854
2036-01-20,32.2716676155447,28.963095314597503,35.37283723943941
2036-01-21,32.304558855119566,29.28012735270767,35.35013943469845
2036-01-22,32.47866422369144,29.283902818201227,35.59595826801155
2036-01-23,32.5972285474026,29.347359998723338,35.67768555727943
2036-01-24,32.65602195686712,29.55988923915645,35.8471831258721
2036-01-25,33.16403593302972,30.07608337710421,36.12735913653482
2036-01-26,33.17654920065002,30.013010164954366,36.501642395028306
2036-01-27,33.086398375050834,29.9369072365549,36.372630595073716
2036-01-28,33.1329097921294,30.003938784332487,36.35809219784018
2036-01-29,33.322522414531704,30.104916075994893,36.41800716851229
2036-01-30,33.45847704226373,30.08841719218524,36.720983896435364
2036-01-31,33.53645111554781,30.598423286968867,36.8449623344466
2036-02-01,34.065255984444306,30.80248822477036,37.38738455709086
2036-02-02,34.099907044634165,31.16331154944282,37.28319677154848
2036-02-03,34.032901499048975,31.073322490843577,37.23091778336674
2036-02-04,34.103159935405245,31.11060151040533,37.24256130319804
2036-02-05,34.31666128692328,31.119030729279235,37.43939286611078
2036-02-06,34.476146004045376,31.295942683690203,37.615538275628744
2036-02-07,34.57676626307817,31.25300032928564,37.889708790463686
2036-02-08,35.12679957798865,31.89939455526196,38.50438379683044
2036-02-09,35.18073567684321,32.00463775076933,38.35950628486187
2036-02-10,35.13057085244968,32.08240659609946,38.28049967272688
2036-02-11,35.214765432724384,32.30343808431673,38.39525120967551
2036-02-12,35.43889341679223,32.20167345846029,38.72066251988305
2036-02-13,35.60535862337757,32.52170820507174,38.83978004980863
2036-02-14,35.70905575153493,32.71394646233447,38.99487534255481
2036-02-15,36.258092363306076,33.06254778029385,39.23711567389136
2036-02-16,36.30688137354895,33.33414703676524,39.688481666393145
2036-02-17,36.247438069577335,33.18492428591694,39.46862827918023
2036-02-18,36.31833721450147,33.02443761077512,39.284163795166805
2036-02-19,36.525359286640274,33.144821448332515,39.68153078104945
2036-02-20,36.67120030577283,33.48843908830436,39.61409018357498
2036-02-21,36.75112384496505,33.486767012491505,39.737672971782736
2036-02-22,37.27367152410449,34.26618989516353,40.42620103892591
2036-02-23,37.29374193583773,33.913691457009854,40.57899181299374
2036-02-24,37.203872459003506,34.06521793243757,40.19104402670737
2036-02-25,37.24317999903444,34.1491311907847,40.56154904386213
2036-02-26,37.41799023100524,34.264564253504666,40.341092031464875
2036-02-27,37.53153034022865,34.44272227059486,40.60086398633046
2036-02-28,37.579564406702616,34.33947846023389,40.65300048467112
2036-02-29,38.07108826313088,35.01688337894943,41.28815946624172
2036-03-01,38.06139427958627,34.98353334709695,41.25630706263329
2036-03-02,37.943340985041,34.819932622559854,41.03057338031438
2036-03-03,37.95628395860946,34.819363517186225,41.271474201867576
2036-03-04,38.10669788498266,35.03073834835474,41.04926531850814
2036-03-05,38.19786500307845,35.188327433665066,41.34025284597188
2036-03-06,38.22550923598361,35.04837381387871,41.487901701618405
2036-03-07,38.69849287670222,35.5796069771447,42.02255419750397
2036-03-08,38.67188622900473,35.42327394851655,41.826152987530996
2036-03-09,38.53824496291792,35.40196577731474,41.803253513860405
2036-03-10,38.53655137459504,35.34263581832993,41.5123694776509
2036-03-11,38.67284911729442,35.58958052414214,41.65639718541853
2036-03-12,38.74994623030238,35.78083674425672,42.1643407783443
2036-03-13,38.76306528999682,35.784082568965694,41.96161421836506
2036-03-14,39.22055704663125,36.137117658171505,42.124168744652714
2036-03-15,39.1769874044691,36.0122894661103,42.15366342892468
2036-03-16,39.02443194946412,36.14651378339616,42.25483914293322
2036-03-17,39.00143366313435,35.91124530286069,41.88587530784413
2036-03-18,39.11365285991315,36.06032155756902,42.534550143795656
2036-03-19,39.16358368416764,36.06604726981575,42.15203655353518
2036-03-20,39.14621555486948,36.04893674745533,42.45349391763203
2036-03-21,39.5697555539577,36.388247784673865,42.82400799047633
2036-03-22,39.48872132895561,36.471994046224275,42.51985528909074
2036-03-23,39.29523851705628,36.04144840108849,42.54530828187436
2036-03-24,39.22799822878365,36.17029757983266,42.24426459931859
2036-03-25,39.29290362823398,36.41521406880659,42.49806820353587
2036-03-26,39.29278004614404,35.875367546693326,42.47695785144519
2036-03-27,39.22302721157563,35.83936424850543,42.30942004694748
2036-03-28,39.59232988766813,36.41939073917219,42.79505145811293
2036-03-29,39.4557368542625,36.100765771370384,42.79706485108429
2036-03-30,39.205942687928655,36.18064718462375,42.487382973760354
2036-03-31,39.082228378264155,35.62632526476821,42.07574255940474
2036-04-01,39.09109035947544,35.98153898605843,42.3028762032699
2036-04-02,39.035932959951296,35.762369138867435,42.27892939391195
2036-04-03,38.91270342813004,35.88047818151236,42.341956925735666
2036-04-04,39.230586380499645,36.118924758714314,42.363656086361935
2036-04-05,39.04506814462355,36.057076871769155,42.378507897688245
2036-04-06,38.74920593035636,35.46647718592584,41.908059207831265
2036-04-07,38.58255828732987,35.51954029512709,41.7945147022977
2036-04-08,38.55180676986564,35.568582712327284,41.88450465106368
2036-04-09,38.460444065282765,35.424404210710975,41.3875853492588
2036-04-10,38.30440789969673,34.96920911881674,41.52467390846005
2036-04-11,38.592777619718106,35.3351343761845,41.63370955467317
2036-04-12,38.38084386969976,34.994591234285146,41.54608783059264
2036-04-13,38.061386139676934,35.02654782727167,41.04682611542283
2036-04-14,37.873614383411876,34.763684471644495,41.07793510845849
2036-04-15,37.82380427582922,34.56128303766799,40.70103355713123
2036-04-16,37.715000931341244,34.709044821983674,41.00876083741895
2036-04-17,37.542669893281,34.39190190905413,40.64469561134642
2036-04-18,37.81541173501965,34.62779970159815,41.01100790294678
2036-04-19,37.588050098306255,34.4158606139373,40.8423558635654
2036-04-20,37.25292733202403,34.07732310107545,40.30517918165163
2036-04-21,37.04886332077157,33.682361134285344,40.12573440839691
2036-04-22,36.981806483968015,33.95776045635873,40.37669513587033
2036-04-23,36.85455121904757,33.45811458229325,39.96604482175989
2036-04-24,36.6624001097533,33.658003236628005,39.78059158821584
2036-04-25,36.9138868261057,33.65560031966996,40.13935336240671
2036-04-26,36.66386921689616,33.34196121171091,39.97768847916122
2036-04-27,36.304826534297845,33.113709266858244,39.50236990952785
2036-04-28,36.075816265768815,32.94794756263799,39.18384189530695
2036-04-29,35.983119554455136,33.0561411834735,39.155058601170325
2036-04-30,35.82994959838118,32.820533999531264,38.92748480720023
2036-05-01,35.61210158038802,32.420411405998884,38.827660892747005
2036-05-02,35.838660394913866,32.838273047224135,39.05866917186715
2036-05-03,35.56507611142283,32.337512476884676,38.762713836249496
2036-05-04,35.18444164002014,31.76652409210952,38.454375746365564
2036-05-05,34.93642867216258,32.183069705448496,38.21125344333164
2036-05-06,34.827911529362105,31.74611421766696,37.93654116023225
2036-05-07,34.66265399619167,31.705018670258497,37.63759470329807
2036-05-08,34.43693838882479,31.019013182435845,37.59853238707795
2036-05-09,34.66025381601629,31.666988350910675,37.72810921301549
2036-05-10,34.38835423281851,31.321163965946365,37.52908161694156
2036-05-11,34.014521361590226,30.917549885214004,37.04490725801014
2036-05-12,33.77848909081546,30.701183200834695,36.8389533576557
2036-05-13,33.68705943282138,30.43474519597851,37.0325001472983
2036-05-14,33.5437854599941,30.374098225721276,36.68888433506345
2036-05-15,33.34460069656164,29.99742284506186,36.376321039325674
2036-05-16,33.59851202214118,30.464165311912335,36.7915905680961
2036-05-17,33.36066665477996,30.31074799909711,36.35354317695799
2036-05-18,33.023628122186935,29.84751965092872,36.27489335016511
2036-05-19,32.82631753522025,30.02331066767574,35.87595488401599
2036-05-20,32.77464982442292,29.576403987059656,35.807828577203836
2036-05-21,32.67123982555419,29.590970176458274,35.662014554130494
2036-05-22,32.511057058498416,29.524894414982185,35.614762907212715
2036-05-23,32.80214554145484,29.53310839651858,35.808633514920736
2036-05-24,32.59871843235055,29.479017815964188,35.59864390176918
2036-05-25,32.29246159146974,29.263521627811865,35.67077962837178
2036-05-26,32.12150154948038,28.92238339783989,35.41686362104568
2036-05-27,32.091066721459505,28.92921389391987,35.45558032517081
2036-05-28,32.00321596724293,28.80614203559057,35.293646496653764
2036-05-29,31.852512615638442,28.470822276297003,34.97191125612465
2036-05-30,32.1467596491328,29.157600129530696,35.2601027187892
2036-05-31,31.940105298301965,28.734299594601218,35.244535358108294
2036-06-01,31.62435271748265,28.42074019988591,34.89544491995894
2036-06-02,31.437928938747305,28.409661531183573,34.57107209532286
2036-06-03,31.386541803755637,28.267661685707015,34.45106562869374
2036-06-04,31.27289898561235,28.207214381853802,34.56241637520298
2036-06-05,31.0923673853313,27.958887114873765,34.41883293700537
2036-06-06,31.353688919611056,28.24039998424539,34.506235178208655
2036-06-07,31.112062415275847,28.098051361681694,34.36525542416126
2036-06-08,30.76042588318214,27.62677011782178,34.33045531986763
2036-06-09,30.538395089337907,27.30081243400874,33.51891192260063
2036-06-10,30.452887943992913,27.60118721603902,33.53481422268872
2036-06-11,30.307809720067848,27.17862223368679,33.38945454812107
2036-06-12,30.09967833780859,27.026668494112407,33.144399865353755
2036-06-13,30.338306710703296,27.138737866590912,33.47550666843902
2036-06-14,30.07985284437797,26.98265967682347,33.287926767128646
2036-06-15,29.718072907082597,26.61488364529545,32.66506421371352
2036-06-16,29.4932340768739,26.365689874946334,32.54632444614891
2036-06-17,29.412717488339517,26.29041098727987,32.55334167469973
2036-06-18,29.280686982567925,25.906707154980456,32.082177352843644
2036-06-19,29.09370345787248,26.041984466906175,32.057664756892116
2036-06-20,29.361402227143742,25.870896266083932,32.47875889480564
2036-06-21,29.139544320253354,26.00377483695118,32.23553964645958
2036-06-22,28.82127702314365,25.459859635682417,31.905603499059946
2036-06-23,28.64606035323056,25.477926806873327,31.901594768064324
2036-06-24,28.62028951046033,25.613658432652734,31.75235066048972
2036-06-25,28.54698855141857,25.2341026364649,31.51158836247241
2036-06-26,28.421454465750834,25.110101616212614,31.185142098001805
2036-06-27,28.751968295587268,25.359459380127486,31.907529333323346
2036-06-28,28.59288334425326,25.35599217623403,31.729344633401528
2036-06-29,28.335924770337563,25.15229429258136,31.441747220298616
2036-06-30,28.219156194827868,25.079457871615112,31.450024956584304
2036-07-01,28.247642241604566,25.05242798271806,31.57704977676194
2036-07-02,28.223181124085567,25.15251417473612,31.235789601680107
2036-07-03,28.13998533876918,25.16416480516589,31.06519254408009
2036-07-04,28.505426036215177,25.541718305102467,31.603562309775906
2036-07-05,28.37315012485314,25.25981515473731,31.605360153870432
2036-07-06,28.134403521229018,25.086437697367057,31.221247659863256
2036-07-07,28.027015426715995,25.122082375958733,31.140770573997738
2036-07-08,28.05607196115304,24.94620925860363,31.27844184281671
2036-07-09,28.023652852725352,24.474463379882952,31.130651229484464
2036-07-10,27.924509021812753,24.78472050886285,31.109010939432395
2036-07-11,28.266796605433175,25.166590753133853,31.571029404852872
2036-07-12,28.10517665601368,24.720661149374237,31.372794988715874
2036-07-13,27.832114306254496,24.702433681994496,31.08321451695712
2036-07-14,27.686832849957764,24.51018805437331,30.908339575264026
2036-07-15,27.675951817069876,24.83085462812318,30.830009869464636
2036-07-16,27.603183649315845,24.480229646442115,30.907155515790222
2036-07-17,27.464967856911798,24.611500983867636,30.60589134049307
2036-07-18,27.771159353941997,24.485280831172286,30.941447904123706
2036-07-19,27.578081434439436,24.39716908241688,31.000535454142383
2036-07-20,27.27977845323284,23.992421390739324,30.291732849720216
2036-07-21,27.11692494276507,24.1254431571344,30.448449885849044
2036-07-22,27.097421499058292,24.07084880773559,30.179132276242076
2036-07-23,27.026053236501177,23.583397846587282,30.444846333672785
2036-07-24,26.900090789932968,23.55760838153357,30.063010354946424
2036-07-25,27.229951532822618,24.21037525466812,30.353976957519546
2036-07-26,27.07223228989269,24.10211296636129,30.224491898599922
2036-07-27,26.820949245430885,23.620989383430587,29.833793694951805
2036-07-28,26.716442217359756,23.69956296775506,30.043386375913908
2036-07-29,26.765973856535574,23.536179260897175,29.913499919289126
2036-07-30,26.773399576651695,23.542801193364493,29.96046232385837
2036-07-31,26.734787975959,23.724363876880908,29.83305471423321
2036-08-01,27.159108983444835,24.02636120848565,30.519062137410486
2036-08-02,27.101300362730697,23.861657232600603,30.34241296788037
2036-08-03,26.95354743691648,23.755701959937834,30.065813527057777
2036-08-04,26.954232194721843,23.75981221620426,29.945870301461735
2036-08-05,27.108581182409118,24.091968545069104,30.09195053215661
2036-08-06,27.218386716885565,24.133104583449676,30.20613077977432
2036-08-07,27.27767983022953,23.924080397389066,30.452717188088958
2036-08-08,27.793470782530175,24.604246560889656,31.015954723042277
2036-08-09,27.818866373650998,25.05685389544517,31.150212988722217
2036-08-10,27.744397545726898,24.638139505050404,30.862986445798917
2036-08-11,27.80701213427403,24.69147570467015,31.065760674619852
2036-08-12,28.01076097473983,24.941421896214564,30.99510969065018
2036-08-13,28.15655084041643,25.45528145924034,31.42266283748693
2036-08-14,28.237841730282113,24.91846161486544,31.498653960302672
2036-08-15,28.761403645130567,25.55630649956389,31.805258760744547
2036-08-16,28.780441597221607,25.438450170486753,31.633929297685405
2036-08-17,28.68592208747545,25.600781703026637,31.646560926396727
2036-08-18,28.715555886125266,25.887413565853024,31.738357164619476
2036-08-19,28.874465539249385,25.737556657446536,32.16639972274183
2036-08-20,28.96491152562081,25.84453537975871,32.223025632623866
2036-08-21,28.981955252891026,25.777745546217677,32.39633182009646
2036-08-22,29.434174906518564,26.294188795858325,32.82172380674586
2036-08-23,29.376743953715323,26.162610130665833,32.586009955470495
2036-08-24,29.20270674747175,26.08203620173078,32.38147622623161
2036-08-25,29.151907399471742,26.0710985037531,32.280655056714515
2036-08-26,29.231601763555364,26.05247697760108,32.32384652811009
2036-08-27,29.246127921681307,26.03793723965696,32.41542433606062
2036-08-28,29.192514837629304,26.146101792456815,32.59581424732342
2036-08-29,29.58114663717629,26.344899999785962,32.70868528453956
2036-08-30,29.468793692180853,26.22143410439407,32.506791664860316
2036-08-31,29.249846221524095,26.31781724703068,32.26487773229741
2036-09-01,29.16520770384991,26.11656540010251,32.531473269171165
2036-09-02,29.222878897574248,26.165071153100403,32.20544251508362
2036-09-03,29.22760861554793,26.15456195288706,32.75079803238692
2036-09-04,29.176491456118818,26.07777863278179,32.28005663676699
2036-09-05,29.579630252106348,26.5577317376451,32.76189528912678
2036-09-06,29.493174475784524,26.381990001541244,32.74798786144852
2036-09-07,29.31057012961282,26.114108333398423,32.479400408864066
2036-09-08,29.271477995194985,25.944486049649445,32.35434042579638
2036-09-09,29.382390385660216,26.31988234200966,32.60712475002361
2036-09-10,29.44632168801664,26.313992402705374,32.93983366430561
2036-09-11,29.458451849134935,26.23580509668691,32.64960593373035
