ds,yhat,yhat_lower,yhat_upper
2026-09-15,31.325998445729667,28.318640641155213,34.45367226143881
2026-09-16,31.10976857302955,27.934022118737417,34.06252855501692
2026-09-17,30.983874215070554,27.98755841969918,34.05770169464669
2026-09-18,31.48979910679487,28.371959203574757,34.47698795998564
2026-09-19,31.343276855764604,28.424701008412885,34.62766581502732
2026-09-20,31.332887374726443,28.34640895586282,34.635959766690966
2026-09-21,31.472793198759714,28.353689239445583,34.535188653252696
2026-09-22,31.36114897829673,28.391687602306295,34.49116152151574
2026-09-23,31.124361859723358,28.17693530287516,33.96261279564411
2026-09-24,30.977208856025456,28.110547890383057,34.03641711108104
2026-09-25,31.46168604025346,28.399968671181824,34.78488374641874
2026-09-26,31.293982293440152,28.51990873969168,33.982073722934665
2026-09-27,31.263064031341422,28.089148349892657,34.34097527723921
2026-09-28,31.3834030613507,28.479348935340106,34.668894175645576
2026-09-29,31.25338101669067,28.504480226159274,34.30374025690152
2026-09-30,30.999548115582893,27.965466217792404,34.050966707830646
2026-10-01,30.83674226581178,27.907268305671302,33.701052193702786
2026-10-02,31.30694315288654,28.323396126392243,34.31680054842383
2026-10-03,31.12625374532606,27.96036690870923,34.041413387649435
2026-10-04,31.08349525212575,28.0634275979326,34.04897364516143
2026-10-05,31.1929472180852,28.168905841955354,34.1031115669798
2026-10-06,31.052765679282775,27.99705671090617,33.862426923988274
2026-10-07,30.789256561310278,27.686231927620838,33.679976501105266
2026-10-08,30.61700975511994,27.661359470615103,33.553396423477125
2026-10-09,31.077767922886274,28.100525665984943,33.93671835318137
2026-10-10,30.887421901398312,27.74830466632934,33.70671682637561
2026-10-11,30.83461821076631,27.968001267787518,33.800427204232356
2026-10-12,30.93350988318414,27.809900098197023,33.98900060104412
2026-10-13,30.782183134875417,27.871007628680736,33.7702561583936
2026-10-14,30.50693674938913,27.515993681733303,33.64839109900345
2026-10-15,30.32241938731238,27.265720889731778,33.19449086795938
2026-10-16,30.770498756487463,27.69091965813973,33.54380777309262
2026-10-17,30.567254496681738,27.45275714923568,33.42940844549206
2026-10-18,30.50158037748344,27.414973532822,33.49439680682423
2026-10-19,30.58792721607959,27.682822455736662,33.41740569842007
2026-10-20,30.424719323821733,27.32953346241169,33.309543026313946
2026-10-21,30.138621719316443,27.356115542056735,33.16986802860626
2026-10-22,29.944663763587066,26.861782162819587,32.996846655841885
2026-10-23,30.38509364761473,27.50819189421247,33.44285509073611
2026-10-24,30.176356121125234,26.94073957483307,33.318714065157245
2026-10-25,30.10767961682557,26.939740565673628,33.098990227548384
2026-10-26,30.193804733599205,27.183135319020888,33.19917727888837
2026-10-27,30.03338742704325,26.965446331806675,32.910834837945465
2026-10-28,29.753254648549188,26.707813145087858,32.706154317281744
2026-10-29,29.568518538848405,26.522669962963523,32.6279728987655
2026-10-30,30.02142398789232,26.95584400341366,33.11380207936434
2026-10-31,29.828322249512865,26.790647742713137,32.77302074482305
2026-11-01,29.778256971829677,26.998405349696846,32.88490946445472
2026-11-02,29.885694713355342,26.77751276757715,33.094499810828204
2026-11-03,29.748933294725127,26.47090761841483,32.48910029389711
2026-11-04,29.494365623021714,26.511531682732652,32.50542792466398
2026-11-05,29.3366048869684,26.25321942029697,32.186157917717274
2026-11-06,29.81734562963468,26.98628853619517,32.96067394607056
2026-11-07,29.652352993344863,26.738435891727438,32.8175294976734
2026-11-08,29.630066027355465,26.75240640086357,32.66606582130265
2026-11-09,29.76434659581499,26.858361771404127,32.60150650758774
2026-11-10,29.652906657959765,26.57211986658695,32.556388318693614
2026-11-11,29.421590952341454,26.473145189542514,32.31239371405186
2026-11-12,29.28452037009703,26.408891350181403,32.252513857806086
2026-11-13,29.782969922284053,26.774712743445683,32.57060203807891
2026-11-14,29.632373025400078,26.655778437004557,32.81173992482492
2026-11-15,29.62093747474754,26.59733605198582,32.53311423660876
2026-11-16,29.762404189159707,26.899313755639696,32.88850688350404
2026-11-17,29.654481127199354,26.688533227598068,32.75625453478169
2026-11-18,29.423129129726608,26.626316973426963,32.41864137953286
2026-11-19,29.282704801852155,26.273581639746897,32.616332436738645
2026-11-20,29.774834278971074,26.88083754212997,32.80372879278971
2026-11-21,29.6154096555552,26.66698847686632,32.53865199285365
2026-11-22,29.593193615713467,26.551256652356525,32.46377260663422
2026-11-23,29.722563629203055,26.455974682484836,32.68936734713179
2026-11-24,29.60192849682959,26.60648433265102,32.55306084464412
2026-11-25,29.35799447692876,26.43997111912706,32.580654860677036
2026-11-26,29.205886662251437,26.21920769821093,32.23645386184606
2026-11-27,29.68800007158749,26.445385309596645,32.76593283265836
2026-11-28,29.520972899533835,26.245222311289677,32.64206727624388
2026-11-29,29.494268153538698,26.360161670479027,32.577476219527185
2026-11-30,29.622895736528115,26.56835783464608,32.57329788773883
2026-12-01,29.50580843724444,26.531301145538723,32.62308870531288
2026-12-02,29.270149700891803,26.38532889198958,32.26817823603121
2026-12-03,29.131359433218584,26.136854569031343,32.25475160560551
2026-12-04,29.632012810818974,26.65822562910436,32.49093369563541
2026-12-05,29.48878495802927,26.39376794342758,32.441171623137805
2026-12-06,29.491028031418818,26.644543738516415,32.61577819417065
2026-12-07,29.65349296663291,26.693876705716058,32.52625401927806
2026-12-08,29.574729423512935,26.42417278128783,32.61673095362747
2026-12-09,29.381341749890588,26.4205400705548,32.396978027133265
2026-12-10,29.288107039246455,26.30242221345744,32.59339648107554
2026-12-11,29.836829955415272,26.933425006431314,32.819820584469696
2026-12-12,29.743326771200223,26.900786668764603,32.65210660139138
2026-12-13,29.796024645675626,26.86405848526552,32.870299039003996
2026-12-14,30.008707790354926,26.85475072243719,33.01582212270757
2026-12-15,29.978943384305435,27.017968531444883,32.88923461150447
2026-12-16,29.832364330812222,26.72312670201538,32.836103356160734
2026-12-17,29.782814172057524,26.56618299784554,32.64709830469243
2026-12-18,30.3712280673548,27.208241000021218,33.235288200723794
2026-12-19,30.31264152778802,27.194889298483815,33.43010755019963
2026-12-20,30.39481221374301,27.267220219664797,33.35111766605803
2026-12-21,30.63098578428997,27.65888066437482,33.590096941178196
2026-12-22,30.618338074027953,27.57603220840006,33.743297574316195
2026-12-23,30.48227019984641,27.354024514022264,33.575552293848425
2026-12-24,30.43656153306347,27.37662163630747,33.392377794029684
2026-12-25,31.022254182415352,27.987534012441213,33.91347427350868
2026-12-26,30.954660549788453,28.08104927048401,34.01669013677383
2026-12-27,31.02197926779947,27.94116926894074,33.9270218393491
2026-12-28,31.23805064499068,28.236045947405774,34.151053509819796
2026-12-29,31.20078416177984,28.089198605605226,34.31698765434743
2026-12-30,31.036435010732497,28.006367881701507,33.88525658980006
2026-12-31,30.959735120366176,28.017026132209306,33.72466894406406
2027-01-01,31.51275291017488,28.544416961852694,34.535593927393165
2027-01-02,31.41187402220231,28.263343513407378,34.38550997271398
2027-01-03,31.44638908353127,28.423060387686508,34.60532399503375
2027-01-04,31.631220410846772,28.63432357286773,35.00510248877242
2027-01-05,31.565321003295583,28.52881805508416,34.40095377569664
2027-01-06,31.375923614579822,28.287169655516948,34.415344429175356
2027-01-07,31.27864611212428,28.001076014027888,34.3582106096749
2027-01-08,31.81632808855225,28.790292816645213,34.92930421751715
2027-01-09,31.705991616391056,28.72940363373838,34.80041665362266
2027-01-10,31.73741275529104,28.701785420198135,34.821622902011136
2027-01-11,31.925836170966363,28.999398443529515,35.061578280529226
2027-01-12,31.870366540325,28.85857600569406,34.921168897083234
2027-01-13,31.698214732589015,28.76050985059311,34.54303391531086
2027-01-14,31.624805038080677,28.667258021135346,34.563359892462586
2027-01-15,32.1926183369182,29.100174314186194,35.1018491813365
2027-01-16,32.11816389105813,29.1759701569956,35.06949207928258
2027-01-17,32.19056603313523,29.246071815254705,34.96796456630309
2027-01-18,32.424297657237574,29.405223803024704,35.560828685365564
2027-01-19,32.41759362712721,29.356848031160194,35.32678499306528
2027-01-20,32.29672144455114,29.199393355511305,35.50838916650734
2027-01-21,32.2761147329982,29.167426065947687,35.29947527732242
2027-01-22,32.89724366488838,29.994606674563855,35.76991844403712
2027-01-23,32.87561422601346,30.089606178791097,36.19947188983309
2027-01-24,32.99938179889579,30.010421422579814,35.86057383872581
2027-01-25,33.282110199693584,30.239528506271732,36.20117227907118
2027-01-26,33.32120855745938,30.367818850345756,36.169789463051295
2027-01-27,33.2422227168633,30.116351297083483,36.4733022844921
2027-01-28,33.258986142745215,30.279047609273846,36.2175051117247
2027-01-29,33.91250397876002,30.829105621430898,36.77598611402503
2027-01-30,33.91796179324733,30.79429715539532,36.965043788172366
2027-01-31,34.063344258685326,30.97370973316081,37.18628972177985
2027-02-01,34.36219479585423,31.520487187043354,37.48333108027899
2027-02-02,34.41204860248985,31.181894859055188,37.285219978142656
2027-02-03,34.338715911476925,31.22862970538058,37.465348021206594
2027-02-04,34.356420748383954,31.43669507863902,37.43174395404232
2027-02-05,35.006669250383105,31.95807446123069,37.98069835237135
2027-02-06,35.00523959489061,31.779562935297168,37.89807538130445
2027-02-07,35.1407793890486,32.28063895467164,38.29896501359555
2027-02-08,35.42754222685277,32.38581123511695,38.58176602220689
2027-02-09,35.46379655957516,32.521294863509446,38.54185932727877
2027-02-10,35.3760844784106,32.220064766090346,38.288273322542196
2027-02-11,35.379336437984044,32.167227339256634,38.35181118184139
2027-02-12,36.015716723460045,33.08469721787765,38.83287003976009
2027-02-13,36.00159240963158,33.004302453593525,39.00518551391732
2027-02-14,36.126112301097216,32.98727030157279,39.061310296937926
2027-02-15,36.403928117117985,33.417860630810004,39.362967230149195
2027-02-16,36.433591525286005,33.4776821374354,39.528435343220664
2027-02-17,36.34180496941096,33.29765437610126,39.29588869343502
2027-02-18,36.34353254434013,33.32006461091436,39.467801439333236
2027-02-19,36.98084581530088,33.90229571656027,39.709417277805876
2027-02-20,36.96989729321822,33.9924303091169,39.92512499475134
2027-02-21,37.09950788776352,34.053738203094554,40.09623033711435
2027-02-22,37.38390030904021,34.68162407359219,40.28779299197642
2027-02-23,37.42111161359357,34.46625069449699,40.52769010718964
2027-02-24,37.33726232839591,34.40944100365986,40.36668962293776
2027-02-25,37.34668780650969,34.46778512306053,40.19159537992737
2027-02-26,37.99080604449966,34.89377761417927,40.72155269965947
2027-02-27,37.985113957645666,34.82478354430859,40.85940035942882
2027-02-28,38.11779769384221,35.03141668798237,41.045745349594604
2027-03-01,38.402488213904576,35.12663665245967,41.52449964161851
2027-03-02,38.43669461160657,35.58671246447818,41.58725762233447
2027-03-03,38.34609192830971,35.20509147815414,41.46238162108033
2027-03-04,38.34466850206417,35.224971078439815,41.12364688076529
2027-03-05,38.97360655172165,35.82481170612715,42.04296730828834
2027-03-06,38.948287563880996,35.88653034458067,42.049296362670255
2027-03-07,39.05690775033646,35.80888855004239,42.32591791211449
2027-03-08,39.31323461587021,36.368616195381286,42.525201495930126
2027-03-09,39.31503705363477,36.3060490734335,42.3319587740683
2027-03-10,39.18836580116437,36.19596617429626,42.12593852946998
2027-03-11,39.14768950742782,36.13444498151253,42.270027800869094
2027-03-12,39.73476044869115,36.90870511305237,42.62789139233839
2027-03-13,39.66560191498561,36.586664599352396,42.72038546022358
2027-03-14,39.729103092137024,36.925546772598096,42.7934210937333
2027-03-15,39.939753123080465,36.7719280141959,42.86495065035392
2027-03-16,39.896047476582346,36.88523045908119,42.827307687889856
2027-03-17,39.724744212515716,36.70690688892004,42.77319210087405
2027-03-18,39.64097617230266,36.75707545802546,42.41946846840638
2027-03-19,40.1870939082554,37.28180595461439,43.20159219573162
2027-03-20,40.07963212321591,37.09174929687579,43.16445128938497
2027-03-21,40.10788614510211,37.26235481462888,43.20479603989098
2027-03-22,40.286630747391506,37.07418902751957,43.0908121582747
2027-03-23,40.214514978559805,36.89103490811888,43.12255216175033
2027-03-24,40.01831101450474,37.07906945698146,42.99540026478241
2027-03-25,39.91302336307734,36.89335985909337,42.92134463095296
2027-03-26,40.440733400081854,37.2332727639136,43.43035963316462
2027-03-27,40.3175720322554,37.345794821585265,43.444395525095985
2027-03-28,40.332306892060714,37.317346045074366,43.31290457426151
2027-03-29,40.49907611394422,37.48124679946525,43.30030343220882
2027-03-30,40.415801958271615,37.20654763452639,43.36440349548902
2027-03-31,40.20846177555406,37.09600114376044,43.14955385565084
2027-04-01,40.09122200851822,37.27418463261701,43.181342229625024
2027-04-02,40.605309487641286,37.66538068916893,43.8995059831545
2027-04-03,40.466012020867254,37.36224959318505,43.603180463465044
2027-04-04,40.46129383979715,37.41854377936375,43.417836404633505
2027-04-05,40.60455708680895,37.667304968646555,43.734598082392665
2027-04-06,40.49308174755315,37.33449881475619,43.47212310113686
2027-04-07,40.25232068922139,37.29091875647452,43.197609050005674
2027-04-08,40.09605472513276,37.170764867282706,43.10210056268306
2027-04-09,40.56528126368268,37.40038864601419,43.30691770295051
2027-04-10,40.375227946174434,37.43915100622204,43.45742236152387
2027-04-11,40.31397636047085,37.38156324061131,43.433042260291394
2027-04-12,40.39522667611604,37.38167881034383,43.41329146153016
2027-04-13,40.2167354150969,37.18154809700124,43.03905705504675
2027-04-14,39.904602984550934,36.89137007122014,42.91248145010311
2027-04-15,39.67341601706152,36.7473965486061,42.759723569697755
2027-04-16,40.06511835914499,37.02509011177158,43.0856374943188
2027-04-17,39.796002546223704,37.017868240683306,43.03466719932645
2027-04-18,39.65530742483836,36.67758011146018,42.52795854034355
2027-04-19,39.65795346648415,36.971127513804795,42.83297038208237
2027-04-20,39.40294879176544,36.363008386702255,42.414276743091044
2027-04-21,39.017643418895446,36.25749402739712,42.075871557793036
2027-04-22,38.71783772795386,35.566700836774416,41.71451065086486
2027-04-23,39.04661995818802,36.158916736304235,42.11991642531224
2027-04-24,38.7213255556598,35.661036381370685,41.68064211087371
2027-04-25,38.53210498468268,35.51109071530828,41.475527497645764
2027-04-26,38.494632445385044,35.37265440545882,41.470459670886896
2027-04-27,38.20848933219535,35.00135389300336,41.11304144694069
2027-04-28,37.801400656711486,34.82034851244883,40.95760143070719
2027-04-29,37.48933100695931,34.32248831905741,40.43136571988035
2027-04-30,37.81531529348333,34.784654543455275,40.89200170955057
2027-05-01,37.496417371013564,34.511622064860646,40.502923833537245
2027-05-02,37.322303248839326,34.051751733005396,40.36665465050252
2027-05-03,37.30796125531638,34.388554729358376,40.39491035077275
2027-05-04,37.05210273795783,34.075887324396675,40.106655322014625
2027-05-05,36.68142109802267,33.53428945261824,39.74108402654374
2027-05-06,36.41071514625533,33.36446851673203,39.37899156812244
2027-05-07,36.78175129925343,33.96917023080806,39.70907329991724
2027-05-08,36.51025684800802,33.43891874542055,39.578890441622775
2027-05-09,36.384530051938,33.23007345513024,39.40175593161125
2027-05-10,36.41819838786249,33.351828542468084,39.44163814717649
2027-05-11,36.208657452487714,33.35147210102947,39.279525891369886
2027-05-12,35.88136721821728,33.09557413412998,39.04782924109865
2027-05-13,35.65001054533348,32.66670997670944,38.471713697350054
2027-05-14,36.05538743319184,33.19494872811523,39.06356830662275
2027-05-15,35.81243628257139,32.82899876389875,38.78205467594757
2027-05-16,35.708867068855355,32.50099956931869,38.672779395456544
2027-05-17,35.757937033516136,32.68535230123911,38.73689749906292
2027-05-18,35.55690082434838,32.55774811267149,38.74586983900471
2027-05-19,35.23131138807328,32.15815138801682,38.166099533910376
2027-05-20,34.99517630736434,31.953470475274436,37.88091719299292
2027-05-21,35.389843047351995,32.291150058208,38.60367068953837
2027-05-22,35.131004562122314,31.996449387887672,38.40959757159927
2027-05-23,35.00731053241611,32.157645583897796,37.948407833631165
2027-05-24,35.03311539817305,31.973273683248163,37.97501201129035
2027-05-25,34.80689584330446,31.942920055943397,37.97404101287967
2027-05-26,34.45551491535436,31.578896590880202,37.448989944423126
2027-05-27,34.19433847970854,31.047580580275035,37.48467214123812
2027-05-28,34.566078582440475,31.60383220461584,37.77340854660254
2027-05-29,34.2877563524271,31.132274798726634,37.39828202804459
2027-05-30,34.14927093231353,31.350099461513704,37.41435445903118
2027-05-31,34.1661068245812,31.069553384757572,37.09718788066807
2027-06-01,33.93771350248199,30.903791281117304,37.02130244056836
2027-06-02,33.59173559634211,30.623978110568526,36.5408019894311
2027-06-03,33.34410038600223,30.060446606957896,36.40468196278298
2027-06-04,33.73783807751894,30.78000707513349,36.93125431183021
2027-06-05,33.490028244920154,30.554012589064488,36.59679701107539
2027-06-06,33.39035950026188,30.471259253207123,36.390520605078386
2027-06-07,33.45383515726893,30.681127458787586,36.55924337137764
2027-06-08,33.27915890998942,30.365628121986617,36.35581864148283
2027-06-09,32.992978794444504,29.99889829315026,35.91270254465875
2027-06-10,32.80999590588893,29.732523756451986,35.615532825307966
2027-06-11,33.27181288122434,30.384972057622885,36.09137560964915
2027-06-12,33.093914858950725,30.12911291187035,36.03953584185418
2027-06-13,33.0642691281121,30.08588433034242,35.938750519546694
2027-06-14,33.19607521816875,30.364445040803552,36.14737394166447
2027-06-15,33.086198302367876,30.150449980189084,35.98903813443489
2027-06-16,32.85946292873122,29.939166642176243,35.84345899526155
2027-06-17,32.72881222571886,29.785248466909746,35.590886360144076
2027-06-18,33.234206230451804,30.264376088656544,36.08890753100047
2027-06-19,33.089650691125854,29.928116621628483,36.18584397429019
2027-06-20,33.08184123233154,30.212848665440628,35.99544221438957
2027-06-21,33.22295338670617,29.860759764762538,36.22374694715347
2027-06-22,33.109110226105386,29.939781823999926,36.09824151900344
2027-06-23,32.8647036076118,29.84774270839048,35.991323667907515
2027-06-24,32.70257335166431,29.66683953121425,35.638254609787325
2027-06-25,33.16291736311607,30.01232875615308,36.26673046763898
2027-06-26,32.960323621052915,30.10532199242802,36.06215967151191
2027-06-27,32.8824087246965,29.908675830139735,36.21489717387903
2027-06-28,32.94259352877301,29.92375701004757,36.114300457315814
2027-06-29,32.738547863529604,29.638931548945923,35.93554859662976
2027-06-30,32.39648084338935,29.25210436519308,35.24850040016108
2027-07-01,32.131281785109046,29.1384830262702,35.081170892700946
2027-07-02,32.48538564723666,29.799914425596306,35.3202374960951
2027-07-03,32.175754992368155,29.219093254882008,35.510820312091596
2027-07-04,31.992464381969842,28.881094152081314,35.084021189349535
2027-07-05,31.951419074914167,28.93869667633035,35.01811577290317
2027-07-06,31.652741443020933,28.834516726203095,34.72991010093479
2027-07-07,31.225003068958863,28.447235052168608,34.343234041647996
2027-07-08,30.8853090136706,27.971430508300337,33.757316772315455
2027-07-09,31.178109597861276,28.136426227228544,34.11957705145172
2027-07-10,30.82213306042168,27.739103537402386,34.00210003329252
2027-07-11,30.608926257946553,27.789222545677504,33.88489675763967
2027-07-12,30.5555363907171,27.613935393828967,33.75995823130886
2027-07-13,30.26286811337787,27.211734159337762,33.19766967791319
2027-07-14,29.859894746468193,26.880966329548837,32.86874049809272
2027-07-15,29.56373061318195,26.37803908550117,32.49539302869096
2027-07-16,29.91844015547786,26.906047583673477,32.72676345763615
2027-07-17,29.641977266728144,26.437687324136295,32.565097756724384
2027-07-18,29.524741842363294,26.694910005186838,32.55146986318923
2027-07-19,29.582286139025122,26.635194121959263,32.52349226396594
2027-07-20,29.413704684202415,26.415907158254523,32.40112837322618
2027-07-21,29.1458856315982,26.07106363300322,32.13801215197627
2027-07-22,28.99362958299334,26.046607401545543,32.14623840707995
2027-07-23,29.498510371303226,26.505396988169284,32.54320425479052
2027-07-24,29.375869957423962,26.457728414055765,32.202370833873985
2027-07-25,29.413433066579028,26.380274370401384,32.50027311891476
2027-07-26,29.624072723915035,26.54021678211619,32.549791879946106
2027-07-27,29.604258982891103,26.658021120332357,32.577787170151375
2027-07-28,29.478367313271487,26.477770036055503,32.61701505279888
2027-07-29,29.458851297846472,26.59561905385621,32.40091195253083
2027-07-30,30.085152852768704,27.159335000878905,33.248913446292555
2027-07-31,30.070740968511462,27.313780475346746,33.071620939508115
2027-08-01,30.201763594531165,27.152532109233555,33.060323335905224
2027-08-02,30.4898430022135,27.554764517898924,33.31707955863461
2027-08-03,30.5305462914815,27.42985403916739,33.54017375977932
2027-08-04,30.44770709084205,27.52052580853067,33.5954299434241
2027-08-05,30.453602902455067,27.290816543921615,33.41187726292959
2027-08-06,31.087861331589256,28.05073847642829,34.23518134214667
2027-08-07,31.064486440361243,28.018393495128127,34.17203066815718
2027-08-08,31.170490301040083,27.92989807567352,34.284118419104345
2027-08-09,31.418660730175958,28.304607508143302,34.555752800260485
2027-08-10,31.4059976904357,28.24708467910753,34.27665391049353
2027-08-11,31.25799538204977,28.22144655844428,34.07366877387506
2027-08-12,31.18877557045541,28.252234598086197,34.20636293175894
2027-08-13,31.73994657650355,28.650072157131913,34.919624405426845
2027-08-14,31.62758041551057,28.523221734662524,34.66706792594363
2027-08-15,31.64079443217379,28.668931216128914,34.6786964545735
2027-08-16,31.794469675756744,28.763434623698977,34.77017767608413
2027-08-17,31.68763972368482,28.674427961231984,34.568894649491696
2027-08-18,31.447728123221186,28.594049308905145,34.342974241661636
2027-08-19,31.29064104296897,28.18182840839866,34.38975221098822
2027-08-20,31.75959047741448,29.00618552727797,34.82485882779038
2027-08-21,31.57204125734079,28.52452375118337,34.59302815824848
2027-08-22,31.518268812193597,28.330730969464415,34.531913944628634
2027-08-23,31.614060347735418,28.77967862314699,34.62909915614436
2027-08-24,31.45909337878334,28.48874183687515,34.60947460378025
2027-08-25,31.181169829006418,28.10726375080666,34.312512759845674
2027-08-26,30.99631214579558,27.90579269621158,34.08276591091365
2027-08-27,31.44759645189427,28.081139527773033,34.46916963795531
2027-08-28,31.25211550057014,28.01259000652265,34.10227055145606
2027-08-29,31.199557747000807,28.232473159342394,34.423898177860124
2027-08-30,31.30493443985482,28.37021312519097,34.266092958561046
2027-08-31,31.16698781156738,28.288499950352254,34.1768828900336
2027-09-01,30.912457642759207,27.890761732573512,33.86441193760914
2027-09-02,30.75621166505511,27.74624903191382,33.96407520094944
2027-09-03,31.24011382192734,28.15600138721951,34.19196235512761
2027-09-04,31.08002216249502,27.90300423818834,34.099952801956896
2027-09-05,31.064401727280895,28.281462814098244,34.05830865802427
2027-09-06,31.207083440171473,28.271361438478618,34.238095844739334
2027-09-07,31.105701283079412,28.215705427318298,34.03226889688927
2027-09-08,30.885984334840654,27.944537374219014,33.87587787483847
2027-09-09,30.76190856971145,27.515082568826973,33.838974604152504
2027-09-10,31.27458200403533,28.39280826993783,34.36986374634321
2027-09-11,31.13925468140289,28.274647164356903,34.1623934817963
2027-09-12,31.143938721011605,28.08744387726125,34.298125439131745
2027-09-13,31.30216945918861,28.427541435655392,34.06466074987
2027-09-14,31.211440121229593,28.244878383881787,34.312473860093355
2027-09-15,30.997486901650237,27.771122959808714,33.976520979109154
2027-09-16,30.87442976776942,27.865112188505428,33.77122587664561
2027-09-17,31.383643101405127,28.398427161594945,34.39187479635289
2027-09-18,31.24074828272759,28.59551918280798,34.29038291776236
2027-09-19,31.234214121006687,28.43105348214331,34.07713629543061
2027-09-20,31.378096885599774,28.38318418940979,34.36382476935442
2027-09-21,31.27045311757654,28.328883065485535,34.43369502606554
2027-09-22,31.03760283953018,28.217605931985492,34.023130059684
2027-09-23,30.89424919110632,27.84147657379118,33.98473571669933
2027-09-24,31.382329269266727,28.424030330556715,34.51978274629006
2027-09-25,31.217988873497923,28.222095744125006,34.38079235796294
2027-09-26,31.190167571773877,28.181718784651395,34.210209346899404
2027-09-27,31.31332625258528,28.421909020704202,34.16235442120116
2027-09-28,31.18585064566211,28.17132111206382,34.067524876701206
2027-09-29,30.934308614541163,27.89029772735586,33.91316705848322
2027-09-30,30.77356731446916,27.735644241590112,33.8855378563094
2027-10-01,31.245644941723587,28.230293051920953,34.49217152466132
2027-10-02,31.066689607399418,28.13923337456797,33.93255838224422
2027-10-03,31.025571478257735,27.868832252774613,33.83071764462807
2027-10-04,31.13661998208895,27.819042028054895,33.98277406833191
2027-10-05,30.998039112121077,27.903094098927905,34.050335112535144
2027-10-06,30.736178121903926,27.63644362899067,33.65716419143146
2027-10-07,30.56566314726694,27.61292354965756,33.68406682881775
2027-10-08,31.02826389911536,28.03975296814285,34.32159232338951
2027-10-09,30.839887372506453,27.523268726951603,33.940693968462725
2027-10-10,30.789184141733227,27.658890702045216,33.765465811099595
2027-10-11,30.890298500301753,27.68278229290055,33.9207814049939
2027-10-12,30.74129499367932,27.671078248847554,33.87388156315143
2027-10-13,30.46843821787568,27.374751676823397,33.64152633871203
2027-10-14,30.28633108376349,27.326299082737403,33.40710226481901
2027-10-15,30.736785446672553,27.66603454898166,33.89261580225671
2027-10-16,30.53581690258242,27.5306718419148,33.31549898990911
2027-10-17,30.47224928079147,27.42572196743067,33.33552745087771
2027-10-18,30.560460156930468,27.52619443418618,33.711951379281814
2027-10-19,30.39880010151897,27.629825190973435,33.66610369361356
2027-10-20,30.113862800181693,27.184036153312203,33.16114202234368
2027-10-21,29.920611595196778,26.930315477381317,32.93906762881868
2027-10-22,30.361236772018188,27.563792482820052,33.441767777702694
2027-10-23,30.15213587586806,27.168227090856423,33.260611039646484
2027-10-24,30.082503115235674,27.093154057378072,33.24178801501617
2027-10-25,30.167059728207963,27.007531506351302,33.00660528520367
2027-10-26,30.004458585091122,26.97173023299699,32.90824914979003
2027-10-27,29.721540709046536,26.504486715409943,32.631055462913366
2027-10-28,29.53344977855852,26.548600152393224,32.642079580611686
2027-10-29,29.98247940051081,26.82107627370799,32.96901287526163
2027-10-30,29.785045839169356,26.621428020161055,32.78938672334983
2027-10-31,29.730272578980497,26.67923044528639,32.54219313932986
2027-11-01,29.832718828014677,26.75992909060104,32.803867088805504
2027-11-02,29.69078536751868,26.72536436453369,32.456426983086494
2027-11-03,29.4309754573319,26.09068370952752,32.4889082975373
2027-11-04,29.268016783082246,26.31294579470414,32.18499328211237
2027-11-05,29.74371905175345,26.70802507820586,32.6467840104864
2027-11-06,29.573959639324563,26.41706535590618,32.659297790596185
2027-11-07,29.547283295808914,26.641729995763203,32.460023421576146
2027-11-08,29.677647561962406,26.76962924042886,32.76800014080947
2027-11-09,29.5628467847625,26.397946688547496,32.397232636864445
2027-11-10,29.32879187312561,26.39131763010268,32.31012731345664
2027-11-11,29.189651179664367,25.843346522174652,32.45141265903579
2027-11-12,29.686726501976047,26.887218057375648,32.57568058239998
2027-11-13,29.535456000806565,26.40530050473437,32.64300803502389
2027-11-14,29.52402946028622,26.64273122448635,32.57211983784928
2027-11-15,29.666147009512624,26.59762164921367,32.68116759103594
2027-11-16,29.559453720327987,26.613113821134757,32.85291733270498
2027-11-17,29.329826829103542,26.373108415918693,32.22848516966277
2027-11-18,29.191520666600024,26.186354167078118,32.393156149382705
2027-11-19,29.68604309046694,26.487137538037697,32.71601354327098
2027-11-20,29.529155128994915,26.352013864830543,32.68721840846633
2027-11-21,29.509479287048094,26.510311223968163,32.42723921202857
2027-11-22,29.641247774326946,26.664067984786204,32.617572818109636
2027-11-23,29.522723323822916,26.416306875569592,32.53805595122863
2027-11-24,29.2804697070344,26.30242278518135,32.36261545753663
2027-11-25,29.12947748477443,26.05989399817084,31.99119113510284
2027-11-26,29.61201932592225,26.927006760180628,32.67791151795106
2027-11-27,29.444627208213706,26.69104651576442,32.44977137696005
2027-11-28,29.416677607258503,26.654778565915368,32.54189044603626
2027-11-29,29.54311661959156,26.56654215119631,32.65073900928964
2027-11-30,29.42285838313423,26.321198193545253,32.40233284445924
2027-12-01,29.183034585886283,26.115651254148062,32.02684141328447
2027-12-02,29.039101253780643,26.11790835435344,31.948939011914103
2027-12-03,29.533677749997594,26.37368402723199,32.48041860206359
2027-12-04,29.383510828621624,26.559359671798074,32.256487602009585
2027-12-05,29.378050290137505,26.021093284861273,32.45681141246036
2027-12-06,29.532168523776505,26.76310202078735,32.597602090818086
2027-12-07,29.444557526203777,26.531992677207793,32.77207122952789
2027-12-08,29.24198129229038,26.305194873976884,32.16465174929407
2027-12-09,29.139389748352876,26.18507535023679,32.04162076144204
2027-12-10,29.678769013351225,26.703519706708008,32.57089681501543
2027-12-11,29.576120561253404,26.67640136791895,32.697143646382216
2027-12-12,29.62005544601086,26.624212291953512,32.49227215393791
2027-12-13,29.824535382443262,26.85956551592655,32.901347970414704
2027-12-14,29.787293688517725,26.88972939616272,32.605322301331
2027-12-15,29.634113324999305,26.510566942808747,32.62185404049668
2027-12-16,29.578967486131504,26.854200443904645,32.61011337295784
2027-12-17,30.16289677382373,27.307165113690072,33.00836076614087
2027-12-18,30.101014761011832,27.120414392141775,33.317230003859265
2027-12-19,30.18112734615149,27.17549351970067,33.32434404932381
2027-12-20,30.416496962853383,27.42270119918952,33.23754262629439
2027-12-21,30.40428397272794,27.469982281126114,33.58518321194008
2027-12-22,30.269841872065864,27.191028832727323,33.17010209311439
2027-12-23,30.226871250714282,26.927114187600804,33.3895190346887
2027-12-24,30.816306126172385,27.73141575635156,33.81521719848775
2027-12-25,30.7533241673072,27.577957176075877,33.761324541596785
2027-12-26,30.82596604585831,27.770300003298253,33.82524057666558
2027-12-27,31.047894948777998,28.246126145432594,33.96839520873662
2027-12-28,31.01682868288272,28.060962593157885,33.936604100839354
2027-12-29,30.858821237805277,27.793563165428242,33.876425341976116
2027-12-30,30.788399106753573,28.019041888710415,33.744986279331755
2027-12-31,31.347426464833877,28.210666820555698,34.304812603343485
2028-01-01,31.252091298490246,28.45430215480391,34.331159554130835
2028-01-02,31.291498389110828,28.376567143251958,34.381408357328695
2028-01-03,31.480400915551005,28.27082527149697,34.36505299081625
2028-01-04,31.417603884545485,28.458814223825474,34.37614610212565
2028-01-05,31.23021705581626,28.267523307405014,34.07038891499233
2028-01-06,31.133763462344895,28.24463379892507,33.92045614332553
2028-01-07,31.67101840354816,28.75353733635593,34.72616668223931
2028-01-08,31.558971737219807,28.659886765505494,34.64315101291129
2028-01-09,31.587400038725345,28.640394417191214,34.6408153244176
2028-01-10,31.771580971441445,28.72538470306477,34.81823591879686
2028-01-11,31.710683553486742,28.75446695813861,34.72069168803305
2028-01-12,31.532012346797732,28.727510072703748,34.633632858384644
2028-01-13,31.45111190092647,28.298430303151505,34.641184593021876
2028-01-14,32.01060642718392,28.956195977900304,35.12948496681767
2028-01-15,31.92716749018059,28.79464840655758,35.07254422733956
2028-01-16,31.99009611094543,28.786004030774052,34.91626216819664
2028-01-17,32.214051321067195,29.070946311384716,35.233439583721044
2028-01-18,32.1974584272684,29.258531862872687,35.16460233547233
2028-01-19,32.066774478300566,29.111912377901582,35.00855540971229
2028-01-20,32.03661663970257,28.76739863748974,35.081891345478006
2028-01-21,32.64862775112469,29.33746683395885,35.61067915986515
2028-01-22,32.618471098920345,29.476531191473295,35.578911533169894
2028-01-23,32.73444001272213,29.64461531689071,35.695985647545776
2028-01-24,33.010213532033866,29.988413275453926,35.955608720840104
2028-01-25,33.043290624262305,30.083013967787625,36.350361545455094
2028-01-26,32.959279706314305,29.87158521602189,35.87399311840181
2028-01-27,32.972048495644344,29.952699079905564,36.11525864295315
2028-01-28,33.62260786558983,30.60951469481245,36.558992084860606
2028-01-29,33.62612123525353,30.577775788786717,36.67296752370272
2028-01-30,33.77052471212981,30.747864456432893,36.75825252681989
2028-01-31,34.06928896604815,30.994902523963066,37.17790195854933
2028-02-01,34.11985517901388,31.087688972074364,37.153842081310906
2028-02-02,34.047921820454725,31.21891468344556,37.130443063436
2028-02-03,34.067587404722246,30.940031488358628,37.10367060965127
2028-02-04,34.72022316605331,31.497624417060724,37.76845096473359
2028-02-05,34.721467562488236,31.823320973433052,38.087325348384695
2028-02-06,34.85982831711829,31.842375201923502,37.69555668197948
2028-02-07,35.14942355934573,32.37833038357284,38.20571953157021
2028-02-08,35.18839507049722,32.14699524446559,38.07353393240687
2028-02-09,35.103171098651906,32.19654054272018,38.036701855387435
2028-02-10,35.108584648596874,32.01348352168204,38.123005198624604
2028-02-11,35.74672194182885,32.582913082790746,38.68255001822042
2028-02-12,35.733893705520465,32.645099692503614,38.81727076765438
2028-02-13,35.85921571106572,32.77058151500135,38.91874419103975
2028-02-14,36.13733078029735,33.2593045599703,39.087156998680015
2028-02-15,36.166805842481935,32.87552332130273,39.1209165192615
2028-02-16,36.07438199145381,33.165177514344975,39.06199202848195
2028-02-17,36.07508382437911,32.95568183954531,39.07898350911505
2028-02-18,36.71106301254087,33.775278252635715,39.81274271300013
2028-02-19,36.69856889059638,33.743466706552084,39.51085581496397
2028-02-20,36.826532481035734,33.78849520962309,39.942033418797855
2028-02-21,37.109296036753,34.20943440364941,40.142967656087784
2028-02-22,37.145021422860786,34.281118477179454,40.16055280136106
2028-02-23,37.059954906474495,33.945785367029714,39.95757050935389
2028-02-24,37.068554148683916,34.193753690578724,40.093904110699434
2028-02-25,37.71235177023123,34.6239400940662,40.55704143774807
2028-02-26,37.706947625124016,34.42019892366612,40.79995934412211
2028-02-27,37.84061549335383,34.846825730373205,40.798334093650546
2028-02-28,38.12705553909485,35.079904369198296,41.24965594958624
2028-02-29,38.16382511060486,35.27527720546481,41.16816322187195
2028-03-01,38.07662472090452,35.11451420397653,41.094222719402616
2028-03-02,38.07944431167503,35.286037305305,41.06838688743287
2028-03-03,38.713443539923894,35.84633086915481,41.67916729138418
2028-03-04,38.693957669339554,35.739649878136866,41.812042239660585
2028-03-05,38.80911432256616,35.74732307291971,41.63183966582674
2028-03-06,39.072592097615214,35.95249374827187,41.966644761464714
2028-03-07,39.082053404771436,36.0308626858742,41.91304854207424
2028-03-08,38.96342827356395,36.10524699289625,42.15979868780788
2028-03-09,38.931054276898266,35.98669151455636,41.792791551462045
2028-03-10,39.52654648973152,36.710143605266886,42.443246704380634
2028-03-11,39.46578937051819,36.55202769692701,42.727693649713025
2028-03-12,39.53753624758902,36.45726839607079,42.4673479150088
2028-03-13,39.75614794659877,36.79057892470836,42.638862037918386
2028-03-14,39.720003539319706,36.53260227448383,42.68885898596977
2028-03-15,39.55576065949772,36.43146083122651,42.56859587694994
2028-03-16,39.478471279760605,36.729876826187045,42.348698124878226
2028-03-17,40.030427641909526,37.12350701794342,42.98511720196111
2028-03-18,39.928131007590856,36.97640425518561,43.0051377966783
2028-03-19,39.96086967000565,37.12326705923116,43.10894319878758
2028-03-20,40.14343847702785,37.140047719083235,42.93395086600019
2028-03-21,40.07453349341836,37.417218106039236,43.052930180078896
2028-03-22,39.88099980761908,36.811010788233034,42.701649272849004
2028-03-23,39.777938830961816,36.83078559337968,42.642410471559835
2028-03-24,40.307550114358015,37.07570090962322,43.30607493243491
2028-03-25,40.18610054964973,37.0717087859077,43.22634510842884
2028-03-26,40.20250745607245,37.17516735225168,43.014055023257626
2028-03-27,40.37106771845413,37.184576963174514,43.30196044616918
2028-03-28,40.28986637839053,37.148020674261,43.47193230974591
2028-03-29,40.08504232008141,37.05228306894483,42.96426231697309
2028-03-30,39.970916907198756,37.09374423544047,42.909590606082205
2028-03-31,40.48885999028977,37.669439273042705,43.523300013834174
2028-04-01,40.35428544925796,37.447753726677256,43.48324861038281
2028-04-02,40.35526199232399,37.115467987532725,43.318796737792646
2028-04-03,40.50527054511963,37.37541036037844,43.50466398324189
2028-04-04,40.401640769226965,37.35302943020298,43.23907786811244
2028-04-05,40.16984348677229,37.05361995185559,43.423294087871035
2028-04-06,40.02364402539584,37.20111969172569,43.120845532190614
2028-04-07,40.50399010994793,37.495585610331474,43.475628411233494
2028-04-08,40.3260257458687,37.40374844232972,43.27237110658546
2028-04-09,40.27771619217192,37.13772626571378,43.11896179924681
2028-04-10,40.372614850489335,37.45115292896905,43.45644925528498
2028-04-11,40.208304235293575,37.06562944077677,43.20652580953982
2028-04-12,39.9106875735689,36.88639067190173,42.99643913251543
2028-04-13,39.69413597468088,36.789425722237624,42.57048898649107
2028-04-14,40.10036488204135,37.268440967327756,43.30187008663843
2028-04-15,39.84543149516797,36.75574909273003,42.871039413435355
2028-04-16,39.718338656848495,36.63542425837548,42.77772654268023
2028-04-17,39.733776571966516,36.868057626437064,43.06973286037382
2028-04-18,39.4905351922496,36.55522519186465,42.483634176100395
2028-04-19,39.1157645952777,36.15947504267635,42.10326373440543
2028-04-20,38.825089167682385,35.86727650793547,42.11763858371327
2028-04-21,39.161450237920576,36.468076475074895,42.40413984095933
2028-04-22,38.84206981872995,35.812316347213034,41.9245270153922
2028-04-23,38.65702193516951,35.622066574606684,41.897368664984114
2028-04-24,38.621943866755004,35.60624520938163,41.674895239357596
2028-04-25,38.33642105213279,35.522912234666805,41.31849445904094
2028-04-26,37.928223823703036,34.653363274806644,41.02773321717655
2028-04-27,37.61340252037536,34.63986355035533,40.62146262282977
2028-04-28,37.935116238511284,34.667216007163375,41.020850477731344
2028-04-29,37.61058835277949,34.821557286335484,40.970245994439246
2028-04-30,37.42967559572852,34.450305600080874,40.513777204452104
2028-05-01,37.40758316788208,34.45503325821032,40.22979090969998
2028-05-02,37.14325959429146,34.34589944408985,40.29203845568124
2028-05-03,36.763649285334395,33.8508413415731,39.79055481821458
2028-05-04,36.4838089674837,33.52106954948613,39.48951955993748
2028-05-05,36.845762697694106,33.80157694314147,40.14409008979155
2028-05-06,36.56548789687311,33.64408892657123,39.671041917254996
2028-05-07,36.43151836358634,33.44287981670134,39.65005443535593
2028-05-08,36.45769580326,33.350755161580494,39.36857675869822
2028-05-09,36.2416025691865,33.11436671708118,39.15612471519099
2028-05-10,35.908852499185,33.06277530133627,39.01230930375009
2028-05-11,35.673244915631905,32.65130589378511,38.92035157893163
2028-05-12,36.07565541202343,33.26428051699665,38.93691885734885
2028-05-13,35.83105481016849,32.87130514684045,38.75851452597075
2028-05-14,35.72714126758142,32.78610936234831,38.8512609437003
2028-05-15,35.77711618772511,32.747843384158294,38.88020862946612
2028-05-16,35.57813587231517,32.855140984614906,38.48482880102916
2028-05-17,35.25561519103532,32.358853672786786,38.36522814482995
2028-05-18,35.02338789578996,31.880282077312007,38.0386606949945
2028-05-19,35.4225969444039,32.5141078800085,38.58101028064383
2028-05-20,35.168706151426164,32.07165784635374,38.27064339751856
2028-05-21,35.05011827507098,31.950478462541216,38.05729598088613
2028-05-22,35.080930516772284,32.05585177079103,38.170545525306096
2028-05-23,34.85935988363293,31.828922834213884,38.04275760767961
2028-05-24,34.512015374984465,31.59205174284917,37.46868969522128
2028-05-25,34.25402246319361,31.18547792196282,37.083712813960375
2028-05-26,34.62787421148928,31.652940477965807,37.533665232190955
2028-05-27,34.350401432930276,31.310071343041017,37.35606164633897
2028-05-28,34.21134816483599,31.366820491152673,37.40677139491182
2028-05-29,34.22608464713848,31.308439159662765,37.30323473276567
2028-05-30,33.99399147975738,31.103296880426097,36.8024419351947
2028-05-31,33.642693123321166,30.790613082377856,36.38646783052776
2028-06-01,33.38814736050974,30.32621445818508,36.424685431828195
2028-06-02,33.773466119024725,30.879032143195957,36.94325548252387
2028-06-03,33.51586099873859,30.437101700447784,36.55127775242627
2028-06-04,33.40520056828993,30.06227906241434,36.201443434294596
2028-06-05,33.45671223929139,30.50375344358983,36.288883828074106
2028-06-06,33.26936282226699,30.343091710720934,36.13034652679333
2028-06-07,32.97009615313284,29.75073760397191,35.966083494871775
2028-06-08,32.77393441879171,29.772194524011237,35.81358815944513
2028-06-09,33.222818378399325,30.19317433846701,35.97100626997258
2028-06-10,33.03257940609974,29.95387394022413,35.98339126177626
2028-06-11,32.99152980072575,30.238173887444177,36.200862147586086
2028-06-12,33.11320336281869,30.132339209836243,35.89619846232714
2028-06-13,32.99477936787422,29.983029328734332,35.948470980940414
2028-06-14,32.761367206908375,29.844464280241766,35.77288301141031
2028-06-15,32.62615709230087,29.312605610741247,35.56940094457232
2028-06-16,33.12931071457808,30.313148595806044,36.06235505801003
2028-06-17,32.98498341982887,29.977568743370025,36.05598968305958
2028-06-18,32.9799629888493,29.997707139436372,35.980436152285854
2028-06-19,33.12645568259531,30.07679786853512,36.06349801188294
2028-06-20,33.020551412517555,29.913451440496686,35.91085580308008
2028-06-21,32.78654413706044,29.71373636791482,35.89584733735761
2028-06-22,32.637111845560796,29.570010743041294,35.42930342332821
2028-06-23,33.112229140735096,30.00394294285913,36.32669425842677
2028-06-24,32.926203302302014,29.84249404435689,35.80387417055194
2028-06-25,32.86631843267516,30.132398454011952,36.03526536426233
2028-06-26,32.94561809101927,30.118908001053175,35.98280093563045
2028-06-27,32.76135824595538,29.877129268878946,35.736207675249716
2028-06-28,32.439306852521185,29.502145108851714,35.212935851438324
2028-06-29,32.193894847439466,29.1507781348784,35.07210178737407
2028-06-30,32.5670922251867,29.709776600444883,35.59140061283221
2028-07-01,32.27540093095537,29.247861189589315,35.07284716005846
2028-07-02,32.10845020590329,29.256865613637874,35.1821173268955
2028-07-03,32.08172597950709,29.195943685890793,35.23608949499618
2028-07-04,31.7949674514562,28.878979061616864,34.94883575217882
2028-07-05,31.376408570079093,28.43557944558963,34.712426014638474
2028-07-06,31.042870655500405,27.989716312668946,33.82268831701742
2028-07-07,31.33858129868396,28.23984955228851,34.257658825820116
2028-07-08,30.982112717183057,28.222857736120464,33.9186839343837
2028-07-09,30.764926585664444,27.83067937458703,33.57311671534588
2028-07-10,30.70405822035346,27.65379315990228,33.4321906180935
2028-07-11,30.400474412030906,27.325017839309705,33.467185211847195
2028-07-12,29.983283604325916,27.078272786849777,33.15280916720625
2028-07-13,29.669805466881943,26.62378024126079,32.67841992877846
2028-07-14,30.004375586715316,27.01137274732496,32.874861008152365
2028-07-15,29.705278826040672,26.708542501850594,32.86180858164078
2028-07-16,29.56329849813398,26.581650447046798,32.545585082730746
2028-07-17,29.59441413678339,26.7344635102529,32.59590435658053
2028-07-18,29.398181816297075,26.257108546124027,32.49177723097932
2028-07-19,29.101975156616994,26.07612849140673,31.972719548606026
2028-07-20,28.921093291475486,25.876485663333746,31.938112871773644
2028-07-21,29.397610562657977,26.232091787752697,32.48546684167705
2028-07-22,29.24736036540224,26.115538023374565,31.93971079260334
2028-07-23,29.258539040170653,26.29064970756067,32.414306322324705
2028-07-24,29.444461230036183,26.39100624905857,32.58293260220394
2028-07-25,29.40199924020854,26.470709803440215,32.37656442672397
2028-07-26,29.255883086650556,26.179053177441553,32.2624606951412
2028-07-27,29.218866074817115,26.124154660891257,32.23797351678551
2028-07-28,29.830629282368285,26.80592082971103,32.75298670416338
2028-07-29,29.80481606494392,26.885766020037146,32.87230424018615
2028-07-30,29.927681290776405,27.002034584418027,32.94782938008981
2028-07-31,30.210885680007678,27.271380117731095,33.54818590014598
2028-08-01,30.24996691366529,27.21839284631285,33.348968106030455
2028-08-02,30.168663520322824,26.872981806801665,32.900650273042785
2028-08-03,30.17909591061409,27.21037282018703,33.49931424967089
2028-08-04,30.820677680577525,27.561034589573804,33.64797790078348
2028-08-05,30.807148272021028,27.60756037962288,33.757124938663466
2028-08-06,30.9252118845479,27.63333316500381,33.824867408373855
2028-08-07,31.187313416238634,28.081973616576132,34.162752763094545
2028-08-08,31.190083697603388,28.330286977933476,34.2341569414869
2028-08-09,31.058630806747686,28.147057727921588,34.1629892684547
2028-08-10,31.006682772890017,28.176414910647615,33.997466225330065
2028-08-11,31.575455856248432,28.554150138191105,34.38632431624359
2028-08-12,31.480640659502253,28.570044616631616,34.74888450690025
2028-08-13,31.510992200190568,28.37479309504062,34.576305200314664
2028-08-14,31.68105598957221,28.691989653644644,34.84977205614392
2028-08-15,31.589563651105387,28.80354797626352,34.488012023482206
2028-08-16,31.363676101203705,28.390788561010208,34.3285137174035
2028-08-17,31.219080768392722,28.104230867091154,34.40768890679525
2028-08-18,31.698818112291946,28.456511889200883,34.77742909668032
2028-08-19,31.520230648714524,28.40507680355848,34.37642038847668
2028-08-20,31.473521416213035,28.246246020677276,34.45637339827938
2028-08-21,31.574454571904866,28.532978544588232,34.68349162509163
2028-08-22,31.422732114545216,28.514469651798354,34.2950448440926
2028-08-23,31.146225036411035,28.07141689029286,34.22693147493862
2028-08-24,30.96106546966099,27.927024668656877,33.88254377485117
2028-08-25,31.410474990733793,28.509950330792304,34.59688821306876
2028-08-26,31.211722011035754,28.114913875051283,34.092366078222554
2028-08-27,31.154694742783363,28.208990497031685,34.0960330815571
2028-08-28,31.254621829433688,28.485485608289213,34.176412093135546
2028-08-29,31.11047390867179,28.16595761284584,33.92496869596939
2028-08-30,30.849223571259166,27.648574802789046,33.67689317475483
2028-08-31,30.68596936111078,27.940718864069083,33.44233300058927
2028-09-01,31.162798005546236,28.044672149923223,34.266802285889575
2028-09-02,30.99577680373053,27.93996277243237,33.86164372791209
2028-09-03,30.973561665149703,27.766335196599634,33.8898492862667
2028-09-04,31.110151921818815,28.14520083514398,34.135576262520246
2028-09-05,31.003324274128236,28.126762593557007,34.084749000782914
2028-09-06,30.778922507678633,27.848159595817357,33.59790197644133
2028-09-07,30.65100790378313,27.378940401202808,33.47374599724673
2028-09-08,31.16074393106026,28.100233179936605,34.00991263861207
2028-09-09,31.02340667968403,28.138630057921468,33.8708513133339
2028-09-10,31.027006208310784,28.206628015808295,34.089001458791856
2028-09-11,31.185049755423574,28.1838725143493,34.03618184543599
2028-09-12,31.094979153476384,28.24479788867716,34.375337869413094
2028-09-13,30.882459208311793,27.820213393528373,33.857575552914646
2028-09-14,30.761522230187797,27.72657376159651,33.68706048190166
2028-09-15,31.273442694058893,28.355199077282307,34.18574516409959
2028-09-16,31.133733991891432,27.949346880282338,34.1408436785229
2028-09-17,31.13075304083816,28.154304555660893,34.034908282981725
2028-09-18,31.27844436450882,28.333918389779146,34.56406328381896
2028-09-19,31.174756700507597,28.091911699243095,34.103846490233465
2028-09-20,30.94590963718071,27.99250388519862,34.1005562229606
2028-09-21,30.806516208527583,27.87183871020278,33.682095940212854
2028-09-22,31.29843614631389,28.198670977164525,33.93735210133846
2028-09-23,31.13775243043366,28.16610440346735,34.10952036962755
2028-09-24,31.113357516238928,28.12848422096097,34.000781578611
2028-09-25,31.239681389867542,28.182734722808068,34.41896751679207
2028-09-26,31.115094942590368,28.019157441914256,34.02289791725273
2028-09-27,30.86616649760966,27.697406713116905,33.96979945542208
2028-09-28,30.7077776334332,27.723554966743805,33.79765230553674
2028-09-29,31.181973098832866,28.116120419908764,33.92457740864512
2028-09-30,31.004937436904925,28.02538455344066,33.94175932757858
2028-10-01,30.96558455775307,27.959182803914793,33.854839517521405
2028-10-02,31.07829216313262,28.205020458718487,34.08416876745243
2028-10-03,30.941314168663663,27.861581096696007,33.80592525330963
2028-10-04,30.681048527519003,27.64416293185853,33.72657311614984
2028-10-05,30.5121661022362,27.497131281682627,33.43547923707388
2028-10-06,30.976474832223165,28.02754953168979,34.03134013125252
2028-10-07,30.789911236692944,27.768761865025958,33.96824103797721
2028-10-08,30.741144904277885,27.566606866779345,33.60925051528163
2028-10-09,30.844327294335226,27.891461893553508,34.00521600268199
2028-10-10,30.69751744661943,27.784136049776645,33.75808309445545
2028-10-11,30.42696150202115,27.387114375314667,33.57919414672418
2028-10-12,30.24723124419552,26.96060399378267,33.170605663730065
2028-10-13,30.700095551440384,27.606962916767348,33.61865135409316
2028-10-14,30.50151653031611,27.401284464373,33.546392188377304
2028-10-15,30.440255812671165,27.409524525301208,33.38104963639948
2028-10-16,30.53062227487809,27.469216717510125,33.46930381563002
2028-10-17,30.370893814917764,27.463849653621036,33.44785006184345
2028-10-18,30.087590232175305,26.916861814104042,33.09151669488484
2028-10-19,29.895602659658888,26.787113167660635,32.84899006555323
2028-10-20,30.337053767100766,27.26448065307372,33.133303216367445
2028-10-21,30.12828091331574,27.006767299027608,32.88471139818729
2028-10-22,30.058428199714402,27.197222076894736,33.0671368425068
2028-10-23,30.142179201691278,27.271931946310836,33.2933510809077
2028-10-24,29.97816356097264,26.95950346746551,33.12975308375628
2028-10-25,29.693215042324375,26.53683310812906,32.60695440364
2028-10-26,29.50248705485715,26.45725117541994,32.77841168070995
2028-10-27,29.948300380123847,26.67919144699423,33.15650515855593
2028-10-28,29.74711576429873,26.557929053781027,32.51441705720763
2028-10-29,29.68811774422588,26.663232772194544,32.47159862723189
2028-10-30,29.785941826034446,26.793702516438376,32.862722147060026
2028-10-31,29.639078453796056,26.82955826496206,32.72599680446966
2028-11-01,29.374131528961005,26.27356826968729,32.57707942666991
2028-11-02,29.20593753514255,26.164485133501785,32.301000294491274
2028-11-03,29.6764199590334,26.63767671510968,32.53650458161266
2028-11-04,29.50157150825204,26.54801135233869,32.59842302193347
2028-11-05,29.470050238564173,26.54386658349051,32.43212549117881
2028-11-06,29.595921358353845,26.327806157674274,32.676232263048085
2028-11-07,29.47707771408884,26.48138416195544,32.42515128423601
2028-11-08,29.239516214130227,26.326174629569813,31.991611535817796
2028-11-09,29.09747568806454,26.163744014973517,32.141389899606864
2028-11-10,29.592310278409542,26.634411825219455,32.631109916131216
2028-11-11,29.439490253850096,26.41256385751599,32.61692677268522
2028-11-12,29.42721574652058,26.317980137069757,32.3271041225282
2028-11-13,29.56917459274256,26.417966451963345,32.45655827151187
2028-11-14,29.46297673294048,26.64711326241168,32.50851259267838
2028-11-15,29.23444193863347,26.034477988823625,32.221805063227926
2028-11-16,29.09774594896578,26.025993651761464,32.15226192485111
2028-11-17,29.594298787835854,26.594813480593107,32.65214493679608
2028-11-18,29.43974692528648,26.20714404675283,32.521981497475856
2028-11-19,29.422584668867096,26.339230132194118,32.428121184662324
2028-11-20,29.556905961317703,26.66202320766704,32.49028764486985
2028-11-21,29.440829152500104,26.33959188315051,32.62029216090261
2028-11-22,29.200771738914554,26.284801758239453,32.586348296110266
2028-11-23,29.051580486396404,26.063984860177516,31.96553633782898
2028-11-24,29.535391138892738,26.568395456975725,32.689275589356036
2028-11-25,29.36860989536358,26.535476398594525,32.45677422225989
2028-11-26,29.34050263069314,26.273161146479413,32.15366908313361
2028-11-27,29.465923681496015,26.491444416676075,32.81949398297418
2028-11-28,29.34371744473909,26.373441285887157,32.254545875638144
2028-11-29,29.100970477509374,26.08012969776153,32.109648161921726
2028-11-30,28.953120202575676,25.813625008319125,31.855904100836767
2028-12-01,29.44279508470769,26.520365477131516,32.27949952754694
2028-12-02,29.28677907460301,26.114384758869832,32.17888466172128
2028-12-03,29.27458684453075,26.328383282382607,32.4460120612887
2028-12-04,29.421182101218342,26.42388355686805,32.63785997543692
2028-12-05,29.325372589776503,26.162127908709532,32.38266843188844
2028-12-06,29.114059732284684,26.01207412092873,31.964015037446586
2028-12-07,29.00234914146912,26.074538593133433,32.01537048859474
2028-12-08,29.532396885418684,26.722036657002835,32.63937760405792
2028-12-09,29.420384184853383,26.30683892915233,32.487597940576
2028-12-10,29.45510682756945,26.623351829072156,32.24204188573014
2028-12-11,29.650711227774714,26.692252889001253,32.40503160792269
2028-12-12,29.605110277712765,26.408061978100378,32.659034040133776
2028-12-13,29.444256372771978,26.63797496002836,32.25431014887016
2028-12-14,29.382277208015424,26.34608677220293,32.33426997879167
2028-12-15,29.96034851776012,26.772698083072164,33.57773274054675
2028-12-16,29.89369569370587,26.776544428577356,32.86005309258488
2028-12-17,29.970209800276102,26.68112506260549,32.864439134398935
2028-12-18,30.203209151277616,27.240418817463926,33.24408660627685
2028-12-19,30.189878856346787,27.05573755133784,33.44479057600579
2028-12-20,30.05556502607099,27.171661585438624,33.079052598887856
2028-12-21,30.01392860854901,27.212582317138356,33.00841005408001
2028-12-22,30.60583248962861,27.72588169303012,33.643775023230994
2028-12-23,30.54635335512703,27.503404757610653,33.847026187241795
2028-12-24,30.623403511867387,27.671992086184737,33.63696303049341
2028-12-25,30.850493635339554,27.86441273157164,33.85092983775767
2028-12-26,30.825168787966852,27.518169678672734,33.73649276997996
2028-12-27,30.67329446677053,27.403226536658483,33.78375467074237
2028-12-28,30.609197856002506,27.699456325539774,33.630550503204745
2028-12-29,31.174538247472558,28.241229608575676,34.156849067614104
2028-12-30,31.08529857586379,28.118381605977245,34.0815207099781
2028-12-31,31.130383820826317,28.141453747653483,34.136301015883326
2029-01-01,31.324357888804233,28.384753256864887,34.31475359826905
2029-01-02,31.265852035496895,28.144682544324173,34.39819565118904
2029-01-03,31.081822355829978,28.101236496407935,34.1735860638493
2029-01-04,30.9876623141613,27.878208186056188,34.04278333267297
2029-01-05,31.52604508055418,28.47345135141554,34.660295472125995
2029-01-06,31.413888406297854,28.602425099794825,34.409822073461704
2029-01-07,31.44092853623969,28.381871747570298,34.27552884814047
2029-01-08,31.622435454965654,28.807322389477132,34.618603030604405
2029-01-09,31.557603130158213,28.573733138393866,34.59914575754021
2029-01-10,31.373792783340633,28.212806556494993,34.398403473822675
2029-01-11,31.286635550279343,28.044131569738443,34.07590428657931
2029-01-12,31.838869561409,28.76978024653843,34.90976240976693
2029-01-13,31.747304307235794,28.554759389733636,35.05561331416418
2029-01-14,31.80139878174337,28.788971878763736,34.82726059988349
2029-01-15,32.01598555997606,28.98237511037278,35.008605221078035
2029-01-16,31.98967420054007,29.083567022485834,35.05896452641815
2029-01-17,31.84911160673128,28.862145891586337,34.92111023031105
2029-01-18,31.809105200210727,28.769573556620156,34.82689630223517
2029-01-19,32.41148333225801,29.26968393086891,35.39129068389565
2029-01-20,32.372085113315336,29.21162164870953,35.48004458817436
2029-01-21,32.47936541076928,29.273653903754557,35.387178696089414
2029-01-22,32.747146391382124,29.798222006429402,35.82681582706451
2029-01-23,32.77304820542406,29.604622941858814,35.86636493661162
2029-01-24,32.68277566223128,29.65044052974624,35.73869926152646
2029-01-25,32.690265999700415,29.646091569313228,35.66046016264275
2029-01-26,33.336571476108254,30.426131730303222,36.125588986867164
2029-01-27,33.336868343405115,30.032461964466535,36.47096238032063
2029-01-28,33.4790774236883,30.55417899872994,36.68523275402063
2029-01-29,33.7766272455283,30.804117676261992,36.63871642671987
2029-01-30,33.82689203813065,30.762587543280432,36.814790128452984
2029-01-31,33.75548126313119,30.625817096605648,36.97417964244728
2029-02-01,33.77638575015132,30.796361648176006,36.73488150196368
2029-02-02,34.430854262404246,31.367051899104258,37.3751420816256
2029-02-03,34.43439228014526,31.348098074981102,37.51319220144417
2029-02-04,34.57536857562018,31.76517157525835,37.66159619560654
2029-02-05,34.86776100048937,31.827850722851597,37.78223541333792
2029-02-06,34.90957434592833,31.889347745462704,37.93733657604987
2029-02-07,34.82710759778937,32.00785413189097,37.688333235334625
2029-02-08,34.83507635652025,31.831417393492497,37.798976678653354
2029-02-09,35.47546499079829,32.61904031442983,38.370998051269964
2029-02-10,35.4645010719118,32.33924868276161,38.44158560044623
2029-02-11,35.591238415244774,32.595629615570175,38.78500980574492
2029-02-12,35.87028087291801,32.93019454011201,39.07973363100877
2029-02-13,35.9001804093354,32.84760648129199,39.14667912487444
2029-02-14,35.80768738177676,32.78719201275616,38.852826005136436
2029-02-15,35.80785930517751,32.81576100606287,38.6476947027774
2029-02-16,36.442903074150706,33.329063103733276,39.6495432138812
2029-02-17,36.42914347562603,33.54957459306107,39.66721463465435
2029-02-18,36.55560447843279,33.444148645563004,39.561091676984645
2029-02-19,36.83673547304299,33.90486891365791,39.80114396959096
2029-02-20,36.8708158905953,33.628298124136116,39.77566193475724
2029-02-21,36.784215892388545,33.711355763825324,39.62234261791638
2029-02-22,36.79151905713194,33.70033322006742,39.837857492505854
2029-02-23,37.43438157700202,34.50494866986949,40.515168684681576
2029-02-24,37.4285202383649,33.99819375322691,40.2508027519512
2029-02-25,37.56231503778392,34.52181676511809,40.5419215409346
2029-02-26,37.8495579122728,34.616313613310545,40.797348108093985
2029-02-27,37.8878802819998,34.927175410014634,41.023614052811
2029-02-28,37.80303635167115,34.74989762025517,40.88889119019543
2029-03-01,37.809047362170794,34.81192830700485,40.67433251394931
2029-03-02,38.44708060024173,35.741283374534476,41.55197397489598
2029-03-03,38.43245479313324,35.46763473969046,41.79592695762456
2029-03-04,38.55325716489078,35.45843188821296,41.49233702704189
2029-03-05,38.82310315246526,35.87064808937582,42.015852999267445
2029-03-06,38.83957110756816,35.59153786258761,41.93839649804363
2029-03-07,38.72848867891324,35.67622756434258,41.917304438797544
2029-03-08,38.70407594391737,35.8430332586726,41.97013582411976
2029-03-09,39.3078191085974,36.26920654237801,42.40691286260627
2029-03-10,39.25546654746864,36.15382393035742,42.2168924542559
2029-03-11,39.33563273496742,36.44169952739191,42.30643760890363
2029-03-12,39.562541463627305,36.64641965798751,42.60615026888185
2029-03-13,39.53444118248225,36.39015648241548,42.50652840022162
2029-03-14,39.37786975321721,36.337028268110565,42.501530059897156
2029-03-15,39.30777437306338,36.36618498423491,42.2803601225872
2029-03-16,39.86636121955403,36.990799660159816,42.78845108625965
2029-03-17,39.77006735904641,36.69992920178772,42.76923436787226
2029-03-18,39.80814125065374,36.93949104891374,42.78337607174615
2029-03-19,39.995364006633494,36.91699939197703,42.95782917807573
2029-03-20,39.930444970210985,36.91104873030382,42.866276597648046
2029-03-21,39.74026957446485,36.739918752582895,42.50266657867256
2029-03-22,39.64000581482528,36.459582629454324,42.441789653515535
2029-03-23,40.17194437212084,37.047720546847245,43.22298490699217
2029-03-24,40.05246529238187,37.0299918764141,42.85472710553401
2029-03-25,40.070617789188276,36.869869762809,43.371374671472715
2029-03-26,40.24084542503143,37.2921047627964,43.37589817221913
2029-03-27,40.161390184845196,37.14896116586719,43.019432487150695
2029-03-28,39.95855321425661,37.09717971096711,42.90965077901746
2029-03-29,39.84681822488712,36.81771415599983,42.6694130517997
2029-03-30,40.367712143003544,37.16433972155345,43.32615349444536
2029-03-31,40.236795329161616,37.13853849687053,43.3074596589364
2029-04-01,40.24226725451453,37.15546794010243,43.49832895623427
2029-04-02,40.397719128223265,37.58524031459937,43.1998363248057
2029-04-03,40.300566167387444,37.29681031787269,43.13929311679434
2029-04-04,40.076336424974386,36.92560392554989,43.063003098758024
2029-04-05,39.93882131132363,37.006887984566355,43.19586386522431
2029-04-06,40.4289615352535,37.36803486133278,43.230121927522134
2029-04-07,40.261859984697885,37.06944183725204,43.24523209553169
2029-04-08,40.2254066923296,37.27567470437672,43.27980521255188
2029-04-09,40.33304673111038,37.36328121906409,43.30400553045974
2029-04-10,40.18222319323674,37.18490760541881,43.3187643419873
2029-04-11,39.89867175909696,36.85351419814891,42.99328061599108
2029-04-12,39.69657172604417,36.54127940426631,42.53050020492816
2029-04-13,40.11742711020611,37.11428557040193,43.20043695971732
2029-04-14,39.877069386604134,36.81182238086455,42.89136246222619
2029-04-15,39.76426721742965,36.65462215112633,42.837789862739506
2029-04-16,39.793474372661194,36.84528410705982,42.81293107118675
2029-04-17,39.56324850190566,36.57249195521853,42.45867096012952
2029-04-18,39.20051790255209,36.23760673691244,42.22911275299617
2029-04-19,38.92070190828815,36.1090268183663,41.85220543845603
2029-04-20,39.26655936026271,36.131351031289455,42.12494462911338
2029-04-21,38.955157646292136,35.80658309878234,42.08109181591254
2029-04-22,38.776448622623164,35.82038557786219,41.738646494349986
2029-04-23,38.74598360386804,35.73901926352361,41.942912321522165
2029-04-24,38.46330104949606,35.5060119173179,41.487794266894724
2029-04-25,38.05616502071693,34.91931414121067,40.832683441107946
2029-04-26,37.74066089211374,34.60280569904986,40.64904629893535
2029-04-27,38.06002354607161,35.19952780871508,41.20898586874661
2029-04-28,37.73159118290116,34.81364159487379,40.934793420580846
2029-04-29,37.5453715701746,34.36970526345809,40.55253411647002
2029-04-30,37.51675327071217,34.67506987580471,40.639957567299795
2029-05-01,37.24489566405309,34.07206219928299,40.28950201616632
2029-05-02,36.85697584698854,33.964899464962976,39.80399860640277
2029-05-03,36.568298732034435,33.67031152332059,39.46154536874599
2029-05-04,36.921145231918636,34.150519304780644,39.81685532375363
2029-05-05,36.631751156504826,33.535447370771024,39.599393682352954
2029-05-06,36.48890298526554,33.66241853522809,39.509483288426054
2029-05-07,36.50668225799107,33.535436343147516,39.382220849039264
2029-05-08,36.28289148693145,33.09924796608615,39.27750916213828
2029-05-09,35.94333867452466,32.91167693381797,38.94050014055887
2029-05-10,35.701985692399845,32.716787354308764,38.89305022791283
2029-05-11,36.09983431485319,33.178568608055244,38.984590271752374
2029-05-12,35.851941437845426,32.66575781244144,39.00989692918411
2029-05-13,35.74604858257635,32.62384230311609,38.53407316382468
2029-05-14,35.795356424470334,32.820762280120476,38.920122788170104
2029-05-15,35.596976340830174,32.570591060413825,38.46386496121725
2029-05-16,35.27623527050641,32.11332287774429,38.277348745979054
2029-05-17,35.0468384936775,32.25094393669787,38.10251034855856
2029-05-18,35.449763640781036,32.50143994074903,38.421886384174755
2029-05-19,35.200277156758396,32.13111873030246,38.08796708183404
2029-05-20,35.08655820465022,32.311834353708,38.233725705307286
2029-05-21,35.122460829801035,32.285133781280024,38.48166220499605
2029-05-22,34.90594665361891,32.063261929520706,37.794040876157716
2029-05-23,34.563364855441314,31.684181308380936,37.35248186202816
2029-05-24,34.30958469424131,31.320087122927013,37.336782674999675
2029-05-25,34.68685468486334,31.80892305461413,37.62292870418236
2029-05-26,34.41178060139978,31.285826862826738,37.3227988983774
2029-05-27,34.27390835373873,31.314681987594778,37.31647677848948
2029-05-28,34.28844370706918,31.213594157660523,37.41099008427951
2029-05-29,34.05464231668483,31.274884991130886,37.09777589553342
2029-05-30,33.700048061520924,30.793162424892483,36.84938354256627
2029-05-31,33.4405861398962,30.282711635559302,36.531085124541086
2029-06-01,33.81938620647751,30.912785751181907,36.96942108080721
2029-06-02,33.55372880647819,30.159586501460584,36.86725858398747
2029-06-03,33.43360212428185,30.428804899669082,36.50180720741588
2029-06-04,33.47440184645225,30.45702169956296,36.40097034492389
2029-06-05,33.27530827603299,30.45657615372856,36.382022289356655
2029-06-06,32.963519159736066,29.82866044879511,35.98909529123746
2029-06-07,32.75434496817549,30.046008886981706,35.827189475962115
2029-06-08,33.190041973200586,30.32425688230902,36.047737367320025
2029-06-09,32.986776227777526,29.854137539904123,35.78023101075531
2029-06-10,32.933205101265926,30.064475050577425,35.943563370394926
2029-06-11,33.043208599850026,30.070826996178003,36.314948911167036
2029-06-12,32.91430384650073,29.756920865851793,35.71541926556474
2029-06-13,32.67192024654916,29.51593341840323,35.677591039491865
2029-06-14,32.52954099429889,29.44886745725242,35.52375610172683
2029-06-15,33.02758505941769,30.04700018193135,36.1902724813592
2029-06-16,32.88042146450968,30.106781509240367,35.91350944036051
2029-06-17,32.87500115849251,29.940594253737686,36.19912493144928
2029-06-18,33.02363734978068,30.197727759010586,36.07571260990789
2029-06-19,32.922466327186186,29.800803838393787,35.89395588484715
2029-06-20,32.69576500459259,29.779292796321165,35.617677779132386
2029-06-21,32.556129646719825,29.597531462110528,35.68851955144957
2029-06-22,33.04338884180809,29.869112053533726,36.11924180006685
2029-06-23,32.87164161511107,30.008257628759804,36.07159739106747
2029-06-24,32.82790525174736,29.82067351317194,35.83468004711855
2029-06-25,32.924903159406504,29.926068097636932,35.80591369659944
2029-06-26,32.75952448407802,29.49309210136676,35.784099569648355
2029-06-27,32.45713162856281,29.238182627401102,35.70418696463347
2029-06-28,32.231720277389634,29.060064230273696,35.143930143892796
2029-06-29,32.62480537040605,29.63966027466345,35.61834983832249
2029-06-30,32.35242451682959,29.46146084194364,35.227790166210916
2029-07-01,32.20374422317923,29.071709541067378,35.11101103574308
2029-07-02,32.19380025708667,29.320210193642037,35.029836266854936
2029-07-03,31.92190501288115,28.774956582341606,34.83755984896658
2029-07-04,31.515899313067287,28.447492314892628,34.54236394066017
2029-07-05,31.19225463174048,28.040261962448188,34.13514715676673
2029-07-06,31.49490062664989,28.152979601700068,34.50477105029329
2029-07-07,31.142170940455237,28.25217904396928,34.224654321908154
2029-07-08,30.925354098781465,27.68591911722331,33.73471483388109
2029-07-09,30.861382228837396,27.93152957131287,33.829945858272694
2029-07-10,30.551191776671743,27.424776882897618,33.75970528043098
2029-07-11,30.12393484537894,27.095976328347028,33.163533668696715
2029-07-12,29.79704817329321,26.993723406201784,32.733373022132824
2029-07-13,30.115055489560643,27.22585900161984,33.10619440968355
2029-07-14,29.79649685367055,26.704866288359412,32.74648225947254
2029-07-15,29.6324722314056,26.401404183869605,32.39081042970914
2029-07-16,29.639332223435517,26.57923889391046,32.54940496561195
2029-07-17,29.417050080282213,26.411952288293364,32.47063532364012
2029-07-18,29.09345334619236,25.926283786422935,31.878411974264882
2029-07-19,28.884321643680273,25.99952556224675,31.860241385356826
2029-07-20,29.332225615094796,26.11797925512603,32.24202251432912
2029-07-21,29.153499712497606,26.22003367933034,32.0037230185758
2029-07-22,29.13683500315115,26.290117641943095,32.18612913894281
2029-07-23,29.296023680777353,26.435776930688462,32.35515443377695
2029-07-24,29.22838808174437,26.462526431568513,32.31859430770234
2029-07-25,29.05907114085633,25.966131111625234,32.15658574885237
2029-07-26,29.00119335416174,26.17815514949837,32.01966633014259
2029-07-27,29.594749822068852,26.557312517449187,32.40007647429719
2029-07-28,29.553638659478427,26.76136607322383,32.643927579283734
2029-07-29,29.66430561026549,26.595620276655783,32.625342288838326
2029-07-30,29.938535334753695,26.894592131523943,32.883128783754344
2029-07-31,29.971921086876332,27.007883796044414,33.043623302585694
2029-08-01,29.88818879901902,26.77334577420663,32.88302715961926
2029-08-02,29.899379913213064,26.85957075082276,32.99794422636242
2029-08-03,30.544766007918575,27.570214589841623,33.73468116052589
2029-08-04,30.537886199165666,27.56769754229581,33.617829019486805
2029-08-05,30.665192066908592,27.618645679284622,33.56313298982261
2029-08-06,30.938830709723195,28.174086591519316,34.235645880599705
2029-08-07,30.955097993593164,27.807757574674667,33.93067764570367
2029-08-08,30.83873856439291,27.954197309170475,33.810293636676185
2029-08-09,30.803097699555675,27.85541729289127,33.766330797314204
2029-08-10,31.388998948308092,28.47640302900189,34.44016788508882
2029-08-11,31.311739576395638,28.548539461127753,34.46028727633431
2029-08-12,31.359689711251754,28.498824505813175,34.48794207301241
2029-08-13,31.547027011532293,28.578295801885947,34.478502089956706
2029-08-14,31.472140190142785,28.365592997002352,34.45023735602106
2029-08-15,31.261879232008706,28.42974807788601,34.30133704321844
2029-08-16,31.13165862839082,28.07501995124217,34.06449203246561
2029-08-17,31.624288765381255,28.775942534367537,34.50261984044789
2029-08-18,31.456928582517534,28.3076379096946,34.51199206023748
2029-08-19,31.419646381352624,28.365995724921596,34.43045057852084
2029-08-20,31.528121452144727,28.558710862377335,34.48709590722541
2029-08-21,31.3820205324338,28.22038980999774,34.381803565248454
2029-08-22,31.109227449002674,28.224523128463794,34.15143545397888
2029-08-23,30.92593259088118,28.00148196863592,33.921170064209946
2029-08-24,31.37545748796908,28.240082725411042,34.171133990310096
2029-08-25,31.175207559703512,28.34755501965579,34.09045269550505
2029-08-26,31.11523967970524,28.05830807079041,34.16511076472918
2029-08-27,31.210976818813275,28.097246657522053,34.23541439763496
2029-08-28,31.061603218122592,27.773379177973887,34.0439428153879
2029-08-29,30.79431774431478,27.890911758836598,34.06111979381204
2029-08-30,30.62445126140877,27.62225820494625,34.099194704693
2029-08-31,31.094322391133876,28.182990605413355,34.13205652570547
2029-09-01,30.92022376269807,28.080762054896194,34.06910936503155
2029-09-02,30.891024401281005,27.999529115960655,33.978844051300825
2029-09-03,31.02091951722339,28.033554968266134,33.90503149935514
2029-09-04,30.907860171366217,28.156647743801134,33.86554363653094
2029-09-05,30.677839544000932,27.664439346227272,33.80571675024455
2029-09-06,30.545040792940334,27.855411710016526,33.76326719586677
2029-09-07,31.05072012261168,27.960700173054775,34.042501570733585
2029-09-08,30.910216531628528,28.061551457290133,33.99106334160003
2029-09-09,30.91157338693406,27.976812110667627,33.98958213209395
2029-09-10,31.068302727792528,28.22564742074232,34.1435912444164
2029-09-11,30.977824565455418,27.96076697248154,34.185040129733366
2029-09-12,30.76575784701538,27.731024438794062,33.60945493671233
2029-09-13,30.646068158001974,27.582707252253208,33.58508480280556
2029-09-14,31.159946015640145,28.213769110241167,34.26352767415931
2029-09-15,31.022807580120954,27.955995908019258,34.109577262761064
2029-09-16,31.022903407061065,28.044118327401755,34.21937226894609
2029-09-17,31.17406671699606,28.264639685232112,34.417397631918405
2029-09-18,31.07413409731922,28.26065956419447,33.836199663854956
2029-09-19,30.849216009834365,27.868981014284817,33.93266303400155
2029-09-20,30.713822914765128,27.80353674602785,33.56588005757035
2029-09-21,31.209721607404948,28.228423983847886,34.259175837361354
2029-09-22,31.05291432359772,28.15998615548639,34.058814464942365
2029-09-23,31.03222692825661,28.25860600279384,34.25529459832509
2029-09-24,31.162038295235742,28.19688248904705,34.3700574161528
2029-09-25,31.040684349585042,27.97426858933929,33.847956519846505
2029-09-26,30.794714608385778,27.68740233253552,34.02229175277906
2029-09-27,30.63900738921971,27.543540118880575,33.56759058548245
2029-09-28,31.115618526999835,28.122785237232506,33.85646904514463
2029-09-29,30.940756281270232,27.898344275770583,33.97531060427462
2029-09-30,30.903368754338743,27.72051997450212,33.76891821553216
2029-10-01,31.017875817729475,27.91935052471557,34.08812482721219
2029-10-02,30.88257879654013,27.76556327108474,33.80053396612833
2029-10-03,30.62392542574333,27.68615581009483,33.59122917053715
2029-10-04,30.45663583758163,27.458144880147834,33.54950788871368
2029-10-05,30.92256393862808,27.97391892298724,33.923638288671775
2029-10-06,30.73768632193934,27.95127117887974,33.87991783233814
2029-10-07,30.690704462565414,27.587617439633608,33.736109357916284
2029-10-08,30.795791606362386,27.774436866887427,33.5822758325673
2029-10-09,30.651017019020014,27.663578978646022,33.64109140457916
2029-10-10,30.38262455127849,27.38904312195894,33.37423869405894
2029-10-11,30.20517076469249,27.04903594654356,33.21341746806991
2029-10-12,30.660396522201612,27.478606518998994,33.65155687951586
2029-10-13,30.46422380984414,27.55308487290231,33.677345767623635
2029-10-14,30.405363246231804,27.482981883765817,33.56613488737555
2029-10-15,30.498063494906514,27.402503733420627,33.33051204023426
2029-10-16,30.34053515410288,27.36274678277008,33.299720728319485
2029-10-17,30.059226092648707,27.01667330271985,33.191282730971146
2029-10-18,29.86895359308873,26.86711617379101,32.96330198127604
2029-10-19,30.311767422398972,27.336911008863375,33.22078546177562
2029-10-20,30.103935904457654,27.156013220540423,33.06590457738896
2029-10-21,30.034540839494625,26.8785660652715,33.184665767057886
2029-10-22,30.118212941510286,27.007529118419647,33.10363136536308
2029-10-23,29.95354087580452,26.97335955081511,32.859261414495975
2029-10-24,29.66733140709963,26.584212971823106,32.54498437144905
2029-10-25,29.47472657690735,26.52005084842953,32.63702453566522
2029-10-26,29.918052584847302,26.95409475656517,33.02199323320934
2029-10-27,29.71379298016201,26.5869001655372,32.66653463205918
2029-10-28,29.65117250047923,26.643323106438736,32.57844510753403
2029-10-29,29.74488366332684,26.793561024699823,32.82699674345141
2029-10-30,29.593489554762503,26.61047313626198,32.545259355074904
2029-10-31,29.32368060286881,26.262526716244846,32.047023305220755
2029-11-01,29.150391437059316,26.055152647286384,32.23527192511675
2029-11-02,29.61565258834624,26.649776257378594,32.748345399430846
2029-11-03,29.43556961197168,26.493065665481733,32.41516109728209
2029-11-04,29.39891583889579,26.4212976601527,32.52751945117912
2029-11-05,29.51987062901674,26.436855410723847,32.57415559964415
2029-11-06,29.396436242110415,26.409783544858815,32.455367368073006
2029-11-07,29.154710700119153,26.28801513257126,31.942973698286284
2029-11-08,29.009022254365362,26.147129393635854,32.14587991660573
2029-11-09,29.50079966740241,26.49504548820035,32.3963505768826
2029-11-10,29.345570304345244,26.24411925990229,32.22413499370767
2029-11-11,29.33157163119227,26.260929319841164,32.29971630010581
2029-11-12,29.47250738076249,26.497821942337232,32.53512021679779
2029-11-13,29.365980906637915,26.38958652341368,32.46022829596195
2029-11-14,29.137782538819046,26.13075003405132,32.01262851230146
2029-11-15,29.002036049002726,25.82218425330668,32.067504623086215
2029-11-16,29.50007800035473,26.459216176005253,32.45838164532483
2029-11-17,29.347461627431294,26.229576119261242,32.276078604684656
2029-11-18,29.332570592283396,26.21390123997057,32.457977645397584
2029-11-19,29.469373732783033,26.534329813639403,32.40143196393885
2029-11-20,29.355853291761893,26.44908012316731,32.33642499004703
2029-11-21,29.11828352414366,25.977679024249316,32.350383714660005
2029-11-22,28.971364987453413,25.786651988706762,32.10517730433597
2029-11-23,29.457088597550605,26.2172050455344,32.26827094988129
2029-11-24,29.291721503359835,26.045476440010944,32.183907683076704
2029-11-25,29.26440062473124,26.249829353864815,32.126735695696446
2029-11-26,29.389865543180502,26.329152267451498,32.422926864699555
2029-11-27,29.266863866807306,26.484563140944086,32.56454327750701
2029-11-28,29.022406639542737,25.826120910805717,31.79330673368945
2029-11-29,28.8718797933454,25.972741329891328,31.961930107918896
2029-11-30,29.35788641764239,26.305282913131048,32.30753699792998
2029-12-01,29.197212570638655,26.197240441113546,32.069591270279986
2029-12-02,29.179403105000198,26.142629240798556,32.26881998235402
2029-12-03,29.31947976431244,26.261856143429974,32.335700005172086
2029-12-04,29.216335158600838,26.301761727730124,32.05371412129158
2029-12-05,28.996980580901454,25.63349855443587,31.95177801764954
2029-12-06,28.8766539473651,25.630869859523497,31.82202360037346
2029-12-07,29.397662801553118,26.68031034358913,32.448255109453385
2029-12-08,29.27635514993062,26.338755254564322,32.48508756828524
2029-12-09,29.301704517356967,26.266638526348245,32.356912334681724
2029-12-10,29.488041270025544,26.419293447264817,32.53530123959166
2029-12-11,29.43346348519857,26.49665573986712,32.32384269061454
2029-12-12,29.264104889394105,26.138358046170048,32.3772114044119
2029-12-13,29.19426560770516,26.243464226114295,32.37670715917198
2029-12-14,29.76528004081286,26.795912916256487,32.78348878437879
2029-12-15,29.692513946018146,26.432402698963074,32.73989288738828
2029-12-16,29.7639763734904,26.652498118424347,32.85487824416526
2029-12-17,29.993077742162782,26.976731552452836,32.83210042595955
2029-12-18,29.977066568312495,26.91308240583801,32.94858377754597
2029-12-19,29.8413216212668,26.791119781741173,33.10207324433631
2029-12-20,29.79950454302156,26.884769978338518,32.78407683698987
2029-12-21,30.392446604486437,27.417530362907033,33.435168563770766
2029-12-22,30.33516111225343,27.19118939902816,33.31368414249969
2029-12-23,30.41546665295415,27.555168851957873,33.668277965611445
2029-12-24,30.646752107899104,27.5442096448986,33.71808365207798
2029-12-25,30.626415722587662,27.57432012758553,33.69061711404828
2029-12-26,30.480154907750787,27.228297368471388,33.46788907192124
2029-12-27,30.42211184492707,27.44141506279135,33.46074495471203
2029-12-28,30.993748739294936,27.94864147885349,33.94415063295959
2029-12-29,30.910844532865283,27.690964787182857,33.941894238554006
2029-12-30,30.96209868554168,28.05055426049667,33.89238399729009
2029-12-31,31.161873486581378,27.967055179549078,34.052660624530446
2030-01-01,31.10860780524833,27.663319564092305,34.15861236426873
2030-01-02,30.92907965815388,28.03938646478055,34.085676010189076
2030-01-03,30.83852342364474,27.517441961668695,33.771207363519096
2030-01-04,31.37947633791101,28.41804675008624,34.07833031042404
2030-01-05,31.268746889800436,28.243144294184056,34.23624953413533
2030-01-06,31.295991514161205,28.14638379005496,34.247988020287416
2030-01-07,31.476431804119983,28.4502287112437,34.589999689943895
2030-01-08,31.409245852577246,28.325715394452217,34.203746594874275
2030-01-09,31.221811724981187,28.437472677669422,34.30401647048992
2030-01-10,31.129809423328446,28.334729436786674,34.04909718963642
2030-01-11,31.67605639527945,28.621478013505577,34.51635791880704
2030-01-12,31.577469501993093,28.44478490251915,34.471360393827986
2030-01-13,31.623640009993892,28.697959657010532,34.8105863368609
2030-01-14,31.82955385715095,28.94895602715415,34.7888348187461
2030-01-15,31.793990696019485,28.689175479288554,34.734552766115314
2030-01-16,31.643779476318134,28.627982771635082,34.53462129698592
2030-01-17,31.59391656003583,28.589510334403908,34.39772220301366
2030-01-18,32.18642094133682,29.18588115432203,35.02548594676037
2030-01-19,32.137318902233766,29.206851496595156,35.310295873341126
2030-01-20,32.235244002998414,29.072648111143778,34.98946828293877
2030-01-21,32.49418392701679,29.293436912304855,35.39051444607746
2030-01-22,32.51190691061573,29.556332822730408,35.63899034978353
2030-01-23,32.414244727262115,29.605211691063385,35.34952500044527
2030-01-24,32.41523743099753,29.320830910440936,35.312138933187256
2030-01-25,33.05601366962893,30.300261042672503,36.05798809218316
2030-01-26,33.05179818632044,30.03937721290177,36.165393694585866
2030-01-27,33.19053176640893,30.291896446336743,36.10202227503621
2030-01-28,33.48563459602961,30.16730521687081,36.315658252864914
2030-01-29,33.534445314969346,30.43420528551585,36.44789246413297
2030-01-30,33.46251240294252,30.643037148964655,36.7112130778443
2030-01-31,33.48374290137899,30.46878780144566,36.41895613774808
2030-02-01,34.13928221126099,31.188169750475566,37.33362471094564
2030-02-02,34.144516650146244,31.227183238091563,37.133215335337304
2030-02-03,34.28768422169465,31.401372611930675,37.28579856220876
2030-02-04,34.58262488634425,31.81578337383443,37.5918354759482
2030-02-05,34.62720305293911,31.613197728461596,37.46444577448871
2030-02-06,34.54757946981345,31.45839588429659,37.44148052140118
2030-02-07,34.55833814165358,31.68040309957778,37.66416044925718
2030-02-08,35.201342702963416,32.20257630385763,38.33837586822478
2030-02-09,35.19271466628244,32.15925377622367,38.20840049694959
2030-02-10,35.32141975569927,32.30150830066216,38.2087157376065
2030-02-11,35.60199437082922,32.46750079416232,38.567200991047834
2030-02-12,35.63294563365362,32.59747740087656,38.78348313652756
2030-02-13,35.54100288313445,32.566103057269984,38.72635823993021
2030-02-14,35.54122686343354,32.381917021024435,38.6629954480726
2030-02-15,36.175851570152666,33.275160430646224,38.899092943587426
2030-02-16,36.16125160443534,33.27969103554906,39.2681513545865
2030-02-17,36.28652156222176,33.373947501571955,39.2417859683834
2030-02-18,36.566199695981425,33.54887682703588,39.71109738449113
2030-02-19,36.59866936340913,33.53233395781346,39.40555240892036
2030-02-20,36.51041605814324,33.50128795035826,39.690812980015245
2030-02-21,36.516146068969356,33.573278923345526,39.67134079548118
2030-02-22,37.1576414093618,34.299338206817595,40.11771871868898
2030-02-23,37.150743431536704,34.229538200553506,39.95592099580978
2030-02-24,37.28395111715951,34.45941268701247,40.32486123785565
2030-02-25,37.57116566405511,34.43730686923308,40.56453097146546
2030-02-26,37.610114201875575,34.61685018403007,41.2089609493952
2030-02-27,37.526629707902195,34.42387117569958,40.63291845871318
2030-02-28,37.53479242580367,34.50879278024262,40.54624483006225
2030-03-01,38.17580668903553,35.23322962456925,41.173241022476866
2030-03-02,38.16500484954022,35.08569057944308,41.16241788312618
2030-03-03,38.29046363935173,35.11317962401908,41.35855954527229
2030-03-04,38.565763990026646,35.31684418813816,41.59796292134017
2030-03-05,38.588426637126425,35.5521992227762,41.568823881716284
2030-03-06,38.48420018032238,35.58127580753616,41.4536461546127
2030-03-07,38.46720661922807,35.58408017476366,41.32000604377459
2030-03-08,39.078818111284384,35.771552844253904,41.82046899941197
2030-03-09,39.03465662973419,35.85784189352099,41.92701305824254
2030-03-10,39.12320196095628,36.0266935926693,42.045263236551456
2030-03-11,39.35853930890691,36.41058779791339,42.53466581889402
2030-03-12,39.338779201445796,36.388265819073595,42.35642331533361
2030-03-13,39.19032685029468,36.30086708835951,42.229739222174835
2030-03-14,39.128006565354596,36.078461913136834,42.32487143586604
2030-03-15,39.69391563226165,36.47686558066468,42.84552576696022
2030-03-16,39.604400055532956,36.486300327430214,42.531074335193914
2030-03-17,39.648638370409444,36.72821029862171,42.624639748547786
2030-03-18,39.841365571076885,36.82098500278368,43.17739541689977
2030-03-19,39.78127062168108,36.802992875789386,42.721712599682924
2030-03-20,39.59524544116107,36.57883976617696,42.599974513299124
2030-03-21,39.4984916462075,36.50590790910509,42.2826225518175
2030-03-22,40.033360067259096,36.95141796914515,42.978174324281234
2030-03-23,39.91631594877779,36.828810706981436,42.972998876960965
2030-03-24,39.936516431917475,37.01698587621556,42.8624349296868
2030-03-25,40.108532634908606,37.011581690337074,43.21851724116914
2030-03-26,40.03074992824021,36.92833129301482,43.12830373161224
2030-03-27,39.829624283892294,36.71680225231046,42.68084292298808
2030-03-28,39.71980082737095,36.511401058728765,42.679986919393535
2030-03-29,40.24296931143163,37.24534624907354,43.16204077531664
2030-03-30,40.11484899364479,37.07159612193005,43.177268785214665
2030-03-31,40.12378896544361,37.18528040339128,43.150489118718156
2030-04-01,40.28351559153849,37.382687935630614,43.395254025121915
2030-04-02,40.19155991325138,37.1742812521657,42.93892578764316
2030-04-03,39.97354208594843,36.79041539955557,43.05660852630198
2030-04-04,39.843318128760615,36.94022904811816,42.8363052255244
2030-04-05,40.34186283869025,37.23009365104445,43.19694298321186
2030-04-06,40.18428049438204,37.27013059613687,43.089674088777635
2030-04-07,40.15842857648716,37.312093097901474,43.2797954004131
2030-04-08,40.27768540411787,37.27962744227169,43.123830281380314
2030-04-09,40.13939386672985,37.109742532165555,43.162802789433535
2030-04-10,39.86915775399451,36.88830631231721,42.82639543368067
2030-04-11,39.68099551925075,36.924147087618394,42.676332603868275
2030-04-12,40.11622502599798,37.13761384820086,43.107410958052135
2030-04-13,39.890470750992314,37.031630406449636,42.85762445227697
2030-04-14,39.79227867639879,36.56655280571905,42.814646500539496
2030-04-15,39.835869935387095,36.894780203995914,42.84070132986221
2030-04-16,39.61956571159194,36.54409346793577,42.79445509273178
2030-04-17,39.27006036501009,36.49597253921101,42.29503037895895
2030-04-18,39.00254822655625,36.22480589424011,42.20098469530274
2030-04-19,39.3595783378684,36.25736149667337,42.46003996372813
2030-04-20,39.05802943744347,36.0656072201772,41.89922311362904
2030-04-21,38.88769133028719,35.775277536690744,42.02274475153779
2030-04-22,38.86398466152393,35.96595637337348,42.03273346633383
2030-04-23,38.586352574403996,35.510693355548796,41.59420093186353
2030-04-24,38.182502200348736,35.02351629248712,41.077448109479725
2030-04-25,37.868502364925,34.799190756839366,40.70691380391162
2030-04-26,38.18761266628299,35.0784599705106,41.01119089269867
2030-04-27,37.857237018798585,34.92142093446463,40.78790264562147
2030-04-28,37.6674884782878,34.65291084395018,40.75348737737342
2030-04-29,37.63389791457065,34.713048411179436,40.520096522678905
2030-04-30,37.35580040569829,34.3602199719058,40.13898757842602
2030-05-01,36.96057753075432,33.80320110237428,40.20656496434202
2030-05-02,36.663762000922006,33.647210658226705,39.48098073617645
2030-05-03,37.0078796640817,34.09132022521545,39.892362885105044
2030-05-04,36.709421678897186,33.581022174448336,39.89621852981487
2030-05-05,36.55743320880609,33.690919152319,39.77351500958229
2030-05-06,36.5662505783211,33.42605731212161,39.46935834432901
2030-05-07,36.33392000149164,33.175175608156266,39.34310044614211
2030-05-08,35.986475174209914,33.22239249033985,38.85406130635773
2030-05-09,35.73807918860188,32.57900135894559,38.76707602081841
2030-05-10,36.129904754272026,32.992568157487376,39.09831404481019
2030-05-11,35.87714443246436,32.87789390320832,38.89811691237798
2030-05-12,35.767636135367596,32.60213973222964,38.84470045424532
2030-05-13,35.81463475815321,32.6531038132149,38.8404517427854
2030-05-14,35.615262033283244,32.69481079326079,38.79684904198589
2030-05-15,35.29481096326459,32.272915999693275,38.48487944128905
2030-05-16,35.066909467057435,32.15176141331308,37.9033659096645
2030-05-17,35.4724165394527,32.62236666123122,38.5203317719781
2030-05-18,35.226442102844516,32.4086584376131,38.152758213252774
2030-05-19,35.116975452662736,32.231299137752934,38.318764194064045
2030-05-20,35.157653000869054,32.1392155390159,38.28164853760853
2030-05-21,34.94619743842663,32.11574276354122,38.056913495863995
2030-05-22,34.608704900062406,31.85669221109929,37.48530061321336
2030-05-23,34.35978518524161,31.347939656497815,37.331309040573686
2030-05-24,34.74142893501939,31.960075173614023,37.89058504117733
2030-05-25,34.46999371113056,31.368283200571355,37.55994147980272
2030-05-26,34.33479479208478,31.230245207810334,37.37526451320848
2030-05-27,34.35083242634418,31.331898637056764,37.45075256537044
2030-05-28,34.11718879325928,31.126571071772037,37.18451654049857
2030-05-29,33.76127244787196,30.789941659120647,36.84567889047736
2030-05-30,33.498916526195934,30.666783479257237,36.573286173555445
2030-05-31,33.87320582892546,30.78053846425772,36.45940143726884
2030-06-01,33.60142590928481,30.426283558855,36.67481389461871
2030-06-02,33.4736210864912,30.479802773848963,36.45141456559107
2030-06-03,33.50529412688727,30.48226606522219,36.687158798550776
2030-06-04,33.29578171138455,30.280096714179564,36.27525319717737
2030-06-05,32.97248417334095,30.032995653718487,35.99195459965664
2030-06-06,32.75095630993066,29.584515265140684,35.638756864387545
2030-06-07,33.17373471315051,29.93155602245684,35.94939783930982
2030-06-08,32.95729486476591,29.731729901067613,36.09196454061938
2030-06-09,32.89062481999969,29.960533624827843,35.88976937010423
2030-06-10,32.987947910704776,30.10416956782283,35.9123758737134
2030-06-11,32.847128066772534,29.908035163241852,35.90033481295945
2030-06-12,32.593935523950535,29.393997860708712,35.62886149104006
2030-06-13,32.44217882673355,29.363277868350664,35.3343202464325
2030-06-14,32.93257752255777,29.83583682054757,35.8534213165121
2030-06-15,32.7797676135584,29.757478633816344,35.806692284025964
2030-06-16,32.77092531568832,29.8618798854912,35.875352034689314
2030-06-17,32.91854021786819,29.786978003806198,35.959663520973116
2030-06-18,32.81887007511536,29.97549777380933,35.8412384403579
2030-06-19,32.596253649008965,29.632309286665848,35.70569691099127
2030-06-20,32.463286196650635,29.4499735371478,35.56733091497275
2030-06-21,32.959730780021914,29.999122180074686,35.91938760179962
2030-06-22,32.79955635479791,29.738882406607214,35.53653703060747
2030-06-23,32.76958722949719,30.027841091035814,35.839916805947524
2030-06-24,32.882294203951105,29.88175356247562,35.89623228712226
2030-06-25,32.73425903520912,29.856696636320883,35.691261353204965
2030-06-26,32.45048827364804,29.331511181115623,35.26559610111369
2030-06-27,32.244580926387876,29.305607346967744,35.15341792693025
2030-06-28,32.65762320806136,29.826730057304935,35.64392741674069
2030-06-29,32.40520165751094,29.425904136196003,35.43243810868832
2030-06-30,32.276019754885716,29.146486218167865,35.407374702645484
2030-07-01,32.28464910301518,29.32015170363349,35.34940560109041
2030-07-02,32.02994776816186,28.900811982975736,34.85605460475241
2030-07-03,31.639322937983515,28.902104793315907,34.94945067618324
2030-07-04,31.328843608267924,28.09029138074677,34.37439761812411
2030-07-05,31.642077919689733,28.56152245940502,34.599727494763684
2030-07-06,31.297047855582218,28.419640734271916,34.150428166219164
2030-07-07,31.08478790149673,27.95916399609003,34.12853858425659
2030-07-08,31.022040191860725,27.979380402914888,34.08328678745677
2030-07-09,30.70962015724513,27.87459425415789,33.658314762070056
2030-07-10,30.276631167976337,27.548791285814907,33.26549868908739
2030-07-11,29.94053510792957,27.01023816091409,32.84966311171299
2030-07-12,30.245954574281207,27.25523977107031,33.21091333115463
2030-07-13,29.911600312681422,26.933429639748816,32.804899215170444
2030-07-14,29.7288111877241,26.778704247961123,33.04354197504894
2030-07-15,29.71423969532652,26.59999041556265,32.64936813447538
2030-07-16,29.468217281847455,26.40534407373179,32.4970956041744
2030-07-17,29.118977980594202,26.180080744080257,32.371537868720424
2030-07-18,28.882747078153997,25.951936364537477,31.889589811128367
2030-07-19,29.302570054845585,26.53139910913162,32.14433996123322
2030-07-20,29.0952747396047,26.274767161348006,32.130354734089906
2030-07-21,29.050053110253856,26.14570394451656,32.32389050399357
2030-07-22,29.181194700607428,26.21480520951848,32.13389762749062
2030-07-23,29.086504685416397,25.923681034850425,32.0384092840067
2030-07-24,28.891583843214256,25.968644503543846,31.825715343277423
2030-07-25,28.80997571650789,25.853094338270918,31.945328109013907
2030-07-26,29.3820547748981,26.213096067834304,32.327830461875315
2030-07-27,29.322047074502834,26.402113680624264,32.430068857432175
2030-07-28,29.41666842699297,26.441913585874907,32.34896256195265
2030-07-29,29.677910687814308,26.715521885864113,32.75955504749702
2030-07-30,29.701507982957338,26.85749592794635,32.839634796742914
2030-07-31,29.611258954402125,26.634286874062422,32.66551035591186
2030-08-01,29.619209383341097,26.78064912202719,32.60388100972941
2030-08-02,30.264568219217754,27.07297551482856,33.29496315190788
2030-08-03,30.260747931430625,27.46344236728233,33.16247197504395
2030-08-04,30.39401383435854,27.560658666611154,33.32808785756527
2030-08-05,30.67627285318817,27.69462943661158,33.64938314167972
2030-08-06,30.703533629557384,27.736288139746165,33.60033027487946
2030-08-07,30.600214343476864,27.500944277425646,33.67642436415432
2030-08-08,30.57930311300131,27.62197284259109,33.699431414169
2030-08-09,31.181244692105214,28.380812353179685,34.10369618496199
2030-08-10,31.120945245241515,28.13375617809636,34.04955647678103
2030-08-11,31.186380854743565,28.16732434415908,34.11868620254838
2030-08-12,31.391341349611576,28.28873625625913,34.356316429174505
2030-08-13,31.333842559626973,28.385692210648514,34.30661086927542
2030-08-14,31.140384627180087,28.204618380557815,34.144663149383376
2030-08-15,31.02606251108034,28.21707206405981,33.939167775560215
2030-08-16,31.533403658520417,28.415340321032176,34.47442240774791
2030-08-17,31.37932582943226,28.297309937433006,34.42396471784456
2030-08-18,31.353701854157396,28.61810262961515,34.37021753525936
2030-08-19,31.472063928269993,28.468292257257378,34.4991484911145
2030-08-20,31.333981429711763,28.220817076025032,34.33579162431654
2030-08-21,31.0672906167115,28.22547519686443,34.014343923382114
2030-08-22,30.888182895736488,27.65164174501194,33.82319408637026
2030-08-23,31.340027008299426,28.425767569106515,34.230676289045995
2030-08-24,31.140318305090318,28.009261529978605,34.27408601804153
2030-08-25,31.07924188367283,27.998750971655674,34.13353835509378
2030-08-26,31.172382004445318,28.078076864502847,34.13773821885348
2030-08-27,31.019111405931366,28.097190960305788,34.134887901768025
2030-08-28,30.746838353199518,27.770723836527285,33.821081751211224
2030-08-29,30.571117441689825,27.418395550969944,33.2799623825911
2030-08-30,31.034498717978096,27.84003374763392,34.079470173584625
2030-08-31,30.85350740336932,27.833510849559783,34.00926346728974
2030-09-01,30.817240045479497,27.95217185420245,33.73959041389598
2030-09-02,30.9401085214869,27.7757358919573,33.737553907461105
2030-09-03,30.82026451194742,27.70005411807503,33.87661262229783
2030-09-04,30.583881294123252,27.54957094657649,33.545792554749475
2030-09-05,30.44529793703524,27.22093657045907,33.46866698124213
2030-09-06,30.945899589912862,27.872812528277855,34.18768274645415
2030-09-07,30.801125373120414,27.835102817604255,33.637744503536936
2030-09-08,30.799089032649167,27.848264821523323,33.87599816104154
2030-09-09,30.953343246391743,27.70086901164969,33.974986652456515
2030-09-10,30.86131980600943,27.732757679643985,33.698225443166415
2030-09-11,30.648622276112356,27.306053428711717,33.55398684643581
2030-09-12,30.52917611641484,27.448673287733282,33.620823848066316
2030-09-13,31.044110011083013,28.115453366101246,33.79615953668874
2030-09-14,30.90876011002934,27.950394661911076,33.89617347264749
2030-09-15,30.911282671892607,27.971756045988037,34.12163737606784
2030-09-16,31.065406444787566,28.02065047058913,33.84858954345795
2030-09-17,30.968857558607294,27.815544025547275,33.835781276084816
2030-09-18,30.74763416298765,27.51828718202407,33.77106997376665
2030-09-19,30.61613648960369,27.617889266051847,33.7173743171265
2030-09-20,31.1160268136438,28.361662094812235,34.08076317579627
2030-09-21,30.963211763662997,27.968996994947233,33.78631114080834
2030-09-22,30.946433204459954,28.14449873474726,33.836740197654244
2030-09-23,31.079999731481134,28.197816931917394,34.15017521210582
2030-09-24,30.962192199562395,28.0124081858557,34.06144299075255
2030-09-25,30.719521096446506,27.550698276123327,33.669128886212235
2030-09-26,30.56684192727955,27.490941420638688,33.41070026534746
2030-09-27,31.0462034702572,28.063477378174902,34.06121291036341
2030-09-28,30.873821626253797,27.86402566476386,33.735656524725535
2030-09-29,30.838665242853523,27.8620956185739,33.77270030308638
2030-09-30,30.955185987339924,28.072165355259525,34.031635237303526
2030-10-01,30.821725609348043,27.7692235985695,33.94371212366831
2030-10-02,30.564778209079478,27.736803376039457,33.630101990605176
2030-10-03,30.399113379163772,27.412991967501533,33.3851493822344
2030-10-04,30.866634691041845,27.732623276798936,33.90149156385562
2030-10-05,30.68336578298928,27.73560652111399,33.49856116156375
2030-10-06,30.638049905444532,27.77904280532459,33.92935707861785
2030-10-07,30.744894433066968,27.61300559853111,33.83011949018092
2030-10-08,30.60199309865638,27.463562949097973,33.576534678213825
2030-10-09,30.335602979078168,27.28204588515312,33.27041172370234
2030-10-10,30.160281535237353,26.92906796836639,33.231490557759216
2030-10-11,30.617757649682886,27.728064214628134,33.65618852512624
2030-10-12,30.423928448086283,27.401654247150876,33.43053006785958
2030-10-13,30.367467361038184,27.219312625954633,33.292264919847355
2030-10-14,30.46257462114668,27.390519192937102,33.62671110259084
2030-10-15,30.30740273084875,27.188393184140583,33.332446213722
2030-10-16,30.028333812680444,27.01146996030547,33.02255137141411
2030-10-17,29.840114130519957,26.76639137025546,32.73819659844802
2030-10-18,30.284719816400514,27.307511893833478,33.213511845632326
2030-10-19,30.07834578098327,26.930480640465507,33.1230855561466
2030-10-20,30.01000354998389,26.991684849417087,32.843408544565975
2030-10-21,30.09425959107424,27.03030940260134,33.179275721599026
2030-10-22,29.929647107124254,26.907059252218716,32.89211909081163
2030-10-23,29.642928703807794,26.56149853305244,32.600995929775785
2030-10-24,29.449215754965216,26.172130133201424,32.51878890714972
2030-10-25,29.89081905574121,26.775279173303275,32.84873740380993
2030-10-26,29.68422329850203,26.849605542669202,32.653641521186756
2030-10-27,29.618671653204984,26.5789448258876,32.664015062798825
2030-10-28,29.708892520306794,26.60901755665712,32.83944774915407
2030-10-29,29.55350188238542,26.67459402864695,32.59132200911343
2030-10-30,29.279259044085602,26.39516637432907,32.22216051163493
2030-10-31,29.101181883351934,26.12187455935794,32.29415044381499
2030-11-01,29.561396410746564,26.386081623370142,32.64794604306275
2030-11-02,29.376113278258597,26.48430787182356,32.57110477624342
2030-11-03,29.33421752088719,26.495444666517514,32.35471551444695
2030-11-04,29.45000349478001,26.47468135423644,32.57920437161569
2030-11-05,29.321588230505473,26.517073975613314,32.27638240278545
2030-11-06,29.075180685829245,26.119950835546245,31.881897283705186
2030-11-07,28.925212627183495,25.94847336703821,31.832186670901304
2030-11-08,29.413205466271624,26.30815688916292,32.49976593977673
2030-11-09,29.254765160718975,26.423874085552235,32.425871965692274
2030-11-10,29.23819088412211,26.41365920551986,32.071450584370275
2030-11-11,29.377228824100115,26.494806279261255,32.221120460776355
2030-11-12,29.269503713632886,26.349063312363125,32.12569773767943
2030-11-13,29.0408049784766,26.043064557221356,32.07034423569921
2030-11-14,28.90523265923894,26.025364031258643,31.778839757284256
2030-11-15,29.404076913664507,26.47209788651187,32.190824328986224
2030-11-16,29.252822754062983,26.472621987840178,32.25177914851979
2030-11-17,29.239765353361083,26.38851488206116,32.191651976640465
2030-11-18,29.378767001484,26.398837717106055,32.27137203798305
2030-11-19,29.26768814538864,26.114969140155598,32.22910342810263
2030-11-20,29.032669335164567,25.93218526529508,32.12911868416104
2030-11-21,28.888269289394746,25.936902453657307,31.797541605043484
2030-11-22,29.376333054629566,26.49697025325238,32.33102577629066
2030-11-23,29.21298219410677,26.10027090598914,32.34957579224543
2030-11-24,29.187212722992946,26.063741308165614,32.284760011722184
2030-11-25,29.313632348686454,26.128097180993585,32.30029536646454
2030-11-26,29.190870005789264,26.34966891224014,32.41011246801723
2030-11-27,28.94583512778034,25.980010701846375,31.907003174972612
2030-11-28,28.79383253337237,25.864590534566872,31.963982226689428
2030-11-29,29.27740759245531,26.433021444483916,32.648415569941704
2030-11-30,29.113314301431082,26.078619042007684,32.0602766309096
2030-12-01,29.09109266340667,26.082424896703746,31.83055152175756
2030-12-02,29.22578757264958,26.202375318809686,32.357368484692785
2030-12-03,29.116342776755207,26.292137958939016,32.22719407998323
2030-12-04,28.88984786701262,25.78512110508946,31.900898898910015
2030-12-05,28.761644591869576,25.623033787753293,31.622293623325906
2030-12-06,29.274167470335602,26.531473373785765,32.38339564320731
2030-12-07,29.143911531537288,26.04151052207535,31.947083449161017
2030-12-08,29.160013649676177,26.32645716456466,32.3942841158783
2030-12-09,29.336979621648897,26.35280104923343,32.367387446487065
2030-12-10,29.27309038278368,26.253316688341435,32.32400072423025
2030-12-11,29.094665011608345,25.98317625765598,31.97904272731881
2030-12-12,29.01618640503967,26.31554637066271,32.01069689616875
2030-12-13,29.579164084591497,26.496502098988376,32.721456773524615
2030-12-14,29.49912635525812,26.445295171086943,32.384594684993466
2030-12-15,29.56422761046775,26.511298195245097,32.56321562969028
2030-12-16,29.78800220257069,26.717166120108754,32.799323407596674
2030-12-17,29.767797515593728,26.729652202156004,32.657840539813215
2030-12-18,29.62906312354856,26.509418881819247,32.772985086057375
2030-12-19,29.585501161628077,26.65581004477541,32.90808817245362
2030-12-20,30.177951652659765,27.199458471684046,33.31953518699035
2030-12-21,30.121404349193558,26.903802884141296,32.97063606675054
2030-12-22,30.203622300191125,27.172645302023433,33.20195046805378
2030-12-23,30.43790807160514,27.22908478550179,33.31845272957136
2030-12-24,30.42154487659952,27.256373059558875,33.489291392569186
2030-12-25,30.280089238607843,27.22960099168565,33.17491849281342
2030-12-26,30.227520183627732,27.23408242999766,33.32366438943312
2030-12-27,30.805118706716474,27.54115030416428,33.8820040117596
2030-12-28,30.728469209893518,27.65825991697052,33.69883134796176
2030-12-29,30.78606838794203,27.622870116017673,33.88095927494895
2030-12-30,30.99207288248992,27.857687408093245,33.87206712719919
2030-12-31,30.944718463903527,27.82678470245369,33.88027747541342
2031-01-01,30.77058796636792,27.752374229309243,33.94792544273575
2031-01-02,30.68473365604029,27.687788464091476,33.65181782954544
2031-01-03,31.229528522447843,28.288155694093273,34.4817298817228
2031-01-04,31.12163897575035,28.320566324075713,34.16855613752853
2031-01-05,31.150605229458527,28.393048085856595,34.064034111372216
2031-01-06,31.331561486337144,28.40701319288996,34.42202273698776
2031-01-07,31.263629455661036,28.37786668860063,34.27094797473468
2031-01-08,31.074163144743473,28.083488541771814,34.189952845203834
2031-01-09,30.97885125022965,28.080172482000407,33.99751958837262
2031-01-10,31.520552194206886,28.508295916656873,34.58280287912085
2031-01-11,31.416254735869916,28.509625176698915,34.41386896761737
2031-01-12,31.455650766488066,28.463581838373912,34.34636259469609
2031-01-13,31.65385260434695,28.691702632166486,34.723770479424424
2031-01-14,31.609788381617555,28.66428731314732,34.6187988676852
2031-01-15,31.450453393110596,28.53712677218386,34.35466888256892
2031-01-16,31.391023524896436,28.36708765503503,34.42673947199342
2031-01-17,31.973705472052668,29.051080067887575,34.95539072678657
2031-01-18,31.914716222140825,29.024996028531174,34.77605825523282
2031-01-19,32.00287785328858,29.06078389129462,34.990181680379926
2031-01-20,32.25235931630909,29.043857273610403,35.074192270252794
2031-01-21,32.26109807653486,29.136674109168126,35.20711643193403
2031-01-22,32.15507872108138,29.207157787774157,35.14657597032224
2031-01-23,32.148473859852075,29.282668403131893,35.34439729794509
2031-01-24,32.782521237811714,29.609010500838306,35.8151986796364
2031-01-25,32.77252876459692,29.602487971261866,35.70958622084964
2031-01-26,32.90649278362191,29.810700807218236,35.90734196342917
2031-01-27,33.197860588620216,30.21029048612316,35.98381350856506
2031-01-28,33.243969486281706,30.227252513593665,36.31112328172622
2031-01-29,33.17033903495238,30.11150055331761,36.11987584743517
2031-01-30,33.190821427085496,30.37596779364649,36.2077921468103
2031-01-31,33.846483697601876,30.715186513760635,36.714267109971786
2031-02-01,33.852613360757815,30.870485215896007,37.02162097202304
2031-02-02,33.997332828651885,30.844842982658268,36.940813888716455
2031-02-03,34.29435378323415,31.224093312661935,37.282273970808276
2031-02-04,34.34140409191996,31.316204926903175,37.719392932457936
2031-02-05,34.26450430657641,31.117610845941176,37.286537015060844
2031-02-06,34.27809922873008,31.290500356273096,37.39681831542493
2031-02-07,34.923918827965636,31.94631242237343,38.08531453336682
2031-02-08,34.91796079175433,31.677135357421243,37.93627801740424
2031-02-09,35.04908078573807,31.974381220010606,38.14022005283001
2031-02-10,35.33172235016798,31.946389927260583,38.25324551710635
2031-02-11,35.36431978152038,32.45550397644187,38.270123249278306
2031-02-12,35.27355177965433,32.07650878724651,38.35649371035314
2031-02-13,35.2744520434701,32.3662052979869,38.24026963912255
2031-02-14,35.90925174001389,32.92099281418388,39.19227061361565
2031-02-15,35.894346682021755,32.67237777276551,38.93046741119315
2031-02-16,36.018875751446956,32.864001059615376,39.12015193556337
2031-02-17,36.297442841169214,33.29286095704462,39.00675279003511
2031-02-18,36.328515887877344,33.541415663414035,39.32360229693315
2031-02-19,36.23868087149338,33.32754601234856,39.23945231042467
2031-02-20,36.24275692705872,33.28334581236467,39.215290863736165
2031-02-21,36.88264732667997,34.07554224051844,39.72384497784386
2031-02-22,36.87431887394388,33.89209306911234,39.77856270545629
2031-02-23,37.00639583975571,34.062415369704745,40.180164396506115
2031-02-24,37.29290020015234,34.12081016040867,40.31721691229693
2031-02-25,37.33167115004676,34.40298075100321,40.362242645166866
2031-02-26,37.248641100692915,34.15194016884442,40.20025759080355
2031-02-27,37.257973591485104,34.11435820067406,40.351866200509946
2031-02-28,37.90093713275895,35.080597010950896,40.9495698390438
2031-03-01,37.89290677880726,34.850586004594696,41.048622897189574
2031-03-02,38.021978837768636,34.856673100564585,41.08128436824129
2031-03-03,38.30172980006836,35.10417375338676,41.31447792874344
2031-03-04,38.32965184560149,35.210474111653426,41.2621232736406
2031-03-05,38.23144160791445,35.161503023395234,41.22124351256624
2031-03-06,38.221147197719795,35.29021694729508,41.28537874172178
2031-03-07,38.840047189253674,35.79145990307975,41.668332168643815
2031-03-08,38.80365318077361,35.59265515401878,41.95217370455212
2031-03-09,38.90032127979749,35.9071731107103,41.83125600571111
2031-03-10,39.14400367292192,36.31799999084248,42.29447123232041
2031-03-11,39.13267285096415,36.014147457046086,42.086739551015135
2031-03-12,38.99259550488329,35.95945189392764,42.08105713480174
2031-03-13,38.93846154882484,35.95320057386055,41.69570084967818
2031-03-14,39.51224253105138,36.49902135163486,42.58644056870791
2031-03-15,39.43017168798376,36.46539204304587,42.48210907509251
2031-03-16,39.4813317027437,36.39253781641446,42.42403779248646
2031-03-17,39.68038208427327,36.5810634918604,42.61089768015397
2031-03-18,39.62595951584045,36.51515958609539,42.74460952071986
2031-03-19,39.44492896444865,36.47349119083136,42.59831504002891
2031-03-20,39.35249175705584,36.3927464258358,42.1270139188561
2031-03-21,39.89102558401903,36.905641630044855,42.85850245112229
2031-03-22,39.77704931229493,36.620200612734145,42.813324891008754
2031-03-23,39.79979920472349,36.6622862532909,42.939245724128945
2031-03-24,39.97394888626267,36.720828487380714,42.96988004126724
2031-03-25,39.89800670661372,36.963061544849296,42.94592173964341
2031-03-26,39.69856845627449,36.605066019040606,42.818360037836506
2031-03-27,39.59043166609319,36.54633784737595,42.68883481643321
2031-03-28,40.11544633097616,37.11806667543553,42.89656176317862
2031-03-29,39.98949467884706,36.85661983600146,43.10364540881203
2031-03-30,40.00108618443335,36.72195404397861,43.05755494963496
2031-03-31,40.164099647312504,36.96948108485665,43.11609001458722
2031-04-01,40.07620535205488,37.10753979645762,43.02909344893311
2031-04-02,39.86314454383472,36.96633651580159,42.83546042061481
2031-04-03,39.73887165470753,36.70721900619763,42.910510507845
2031-04-04,40.24443327871398,37.201030233332155,43.279465559206294
2031-04-05,40.09497565171332,36.971642053237815,43.226159339086756
2031-04-06,40.07836597371634,36.92090032194511,43.07711119664718
2031-04-07,40.20795856097844,37.20661608075755,43.12796035260344
2031-04-08,40.08103806866972,36.9531817423337,42.970560615118025
2031-04-09,39.82311631987534,36.776586181797086,42.85769339012447
2031-04-10,39.648087580012955,36.53343416093819,42.73976346160934
2031-04-11,40.097115799386636,37.362335497032035,43.10076193273787
2031-04-12,39.885645241018956,36.90366826962885,42.957954270993646
2031-04-13,39.802019641259605,36.58829628351355,42.77823835149673
2031-04-14,39.86024085630972,37.128117686488196,43.07287735066441
2031-04-15,39.65839936059731,36.59922955606009,42.806191851893416
2031-04-16,39.32295341533878,36.28785061650967,42.371274802727264
2031-04-17,39.06886218006298,35.9861955292507,41.850516738096054
2031-04-18,39.4384468637547,36.15985517443336,42.445223560501155
2031-04-19,39.1483720313873,36.10370402483807,41.95166109338552
2031-04-20,38.9882330179284,35.94716437661579,42.011126180110914
2031-04-21,38.97328129065296,35.91388545182293,41.941668286431636
2031-04-22,38.702821071490085,35.490295855939614,41.95363931146904
2031-04-23,38.30445501437989,35.28259573787217,41.35707898935363
2031-04-24,37.994185189498815,35.02875865211818,40.98827630322459
2031-04-25,38.31524442359948,35.194968787617206,41.12833422204417
2031-04-26,37.985051010287414,34.930046683461484,41.05704752761128
2031-04-27,37.7937735583579,34.66485511277783,41.06040837230127
2031-04-28,37.757038528471135,34.8158326903396,40.85843395562039
2031-04-29,37.474314350496385,34.376827280373796,40.49540295796649
2031-04-30,37.07315034967709,33.98756760797245,40.1071652862642
2031-05-01,36.76927700485294,33.505896280009615,39.59413842244724
2031-05-02,37.10544268775578,34.27990850566219,40.075373873204626
2031-05-03,36.798379820219694,33.67370936661965,39.747115671100794
2031-05-04,36.637386964120566,33.53610509654886,39.481046544792136
2031-05-05,36.63705896978002,33.48683415884823,39.503614985037146
2031-05-06,36.395698489791904,33.4089054246367,39.57799334191572
2031-05-07,36.0395863554442,32.98345680670403,38.99226341525087
2031-05-08,35.78311648184657,32.65005055729617,38.79728732703449
2031-05-09,36.16766949085338,33.18794604321065,39.04757140881777
2031-05-10,35.908616952765634,32.86759564378017,38.81724377411231
2031-05-11,35.79394167865021,32.74366246727908,38.65325715328249
2031-05-12,35.83700508997555,32.7913561490775,38.928257786699426
2031-05-13,35.634993888869936,32.75262123776618,38.72556828338668
2031-05-14,35.31322248938503,32.05141843327141,38.427246127863505
2031-05-15,35.085295916411425,31.893490217595282,38.04177636367569
2031-05-16,35.49200650777238,32.7690694181237,38.87814095535418
2031-05-17,35.24835559841929,32.398915092451766,38.172087468745566
2031-05-18,35.14218505051051,32.028442593795305,38.17282324817275
2031-05-19,35.18694925983105,32.06032565759925,37.901173556575635
2031-05-20,34.98015965090207,31.906289392632907,38.01946075041281
2031-05-21,34.64767810354654,31.510344416165157,37.6064231074577
2031-05-22,34.40386419596078,31.619836476847638,37.40309717639921
2031-05-23,34.79044997133306,31.463104009179972,37.807189487600446
2031-05-24,34.523533963075764,31.548890604533415,37.585003919097836
2031-05-25,34.39218006946663,31.3460732002189,37.405344621785616
2031-05-26,34.411152787113174,31.598529670684453,37.48864434348922
2031-05-27,34.179321823244386,31.41013795727382,37.38636610850464
2031-05-28,33.82391363863259,30.737222997610537,36.92652990631066
2031-05-29,33.560615986266924,30.490058898436722,36.335242441675305
2031-05-30,33.932410371229494,30.7828096009105,36.842815406731134
2031-05-31,33.656525389484685,30.83265341552559,36.80345195695695
2031-06-01,33.522997728644015,30.795332197843454,36.58758512028095
2031-06-02,33.54737346809898,30.497263870332166,36.439209176325086
2031-06-03,33.32908372953951,30.210971939475094,36.400876511576115
2031-06-04,32.99567313371287,29.763444903373458,36.0310102965151
2031-06-05,32.7628878787596,29.88965064944958,35.707755696710436
2031-06-06,33.17349893917946,30.38607523206141,36.0409306928009
2031-06-07,32.944253722172625,29.988409878018167,35.87579102058034
2031-06-08,32.864443136152325,29.93268767721447,35.97361494235846
2031-06-09,32.948616666201744,29.963084499474146,36.111358804907795
2031-06-10,32.794979249425424,29.742831021770268,36.06947419470587
2031-06-11,32.5296479374182,29.63749724872457,35.46064536440693
2031-06-12,32.36677449278847,29.49760096358534,35.462229190061485
2031-06-13,32.84740856702925,29.728117644486023,35.69582903729055
2031-06-14,32.686493783072045,29.7839922306187,35.56998281956689
2031-06-15,32.67148252852957,29.715857443227257,35.69191256852161
2031-06-16,32.815100800489276,29.98841419979978,35.89420334096517
2031-06-17,32.71379556925568,29.77839692729255,36.12693066967222
2031-06-18,32.49204128664438,29.436748971292275,35.5546387370494
2031-06-19,32.362510324966344,29.256054435997413,35.53008251127096
2031-06-20,32.8649806712477,29.551503912305513,35.7145686360927
2031-06-21,32.71337195161035,29.794337259126156,35.59856780767171
2031-06-22,32.69439445226736,29.937045568343024,35.56312393023324
2031-06-23,32.82034147936817,29.87094914416954,35.976716561499465
2031-06-24,32.68755669520135,29.57953348652649,35.69816458571399
2031-06-25,32.42075241930886,29.324791007639018,35.16884820037921
2031-06-26,32.23318325489128,29.239781037170832,35.10121059199626
2031-06-27,32.66554816361249,29.789302138157705,35.58623335062144
2031-06-28,32.43301209367522,29.495786715868487,35.48753603146545
2031-06-29,32.323832089691685,29.30043509817387,35.3887609756332
2031-06-30,32.352118715147654,29.345539310527226,35.365567161968286
2031-07-01,32.11626512864565,28.811172363401667,35.02016966700797
2031-07-02,31.74322070343025,28.659575982401943,34.83335359248338
2031-07-03,31.44861462620689,28.365502537982156,34.423755379098516
2031-07-04,31.77560382088658,28.84766187069249,34.84885954756996
2031-07-05,31.441837639818583,28.42121557574439,34.61369726726836
2031-07-06,31.238025669183155,28.175123752769995,34.16012871422806
2031-07-07,31.180640940716053,28.188294555182317,34.26402467666289
2031-07-08,30.870292357207568,27.93935005836311,33.65816619520561
2031-07-09,30.43594465405286,27.440695620118476,33.40510094817107
2031-07-10,30.09499269426086,27.169080934020077,33.291748559446376
2031-07-11,30.392065696861728,27.2654758353184,33.605934615137414
2031-07-12,30.045954955619976,27.122875153654192,33.03781013056938
2031-07-13,29.848152339538984,26.813630864390234,32.81952665169361
2031-07-14,29.815532618226428,26.72386072790078,33.10783185982564
2031-07-15,29.548713956719276,26.562289739706973,32.5352731113886
2031-07-16,29.176275211671765,26.014537322184236,32.23384302301503
2031-07-17,28.91483690056807,25.726482256797816,31.770875568461296
2031-07-18,29.307881281280032,26.06734543846099,32.47107504677449
2031-07-19,29.072704703928945,26.090581670132874,32.06658809917108
2031-07-20,28.998988910365938,26.099224505001793,32.12324669292983
2031-07-21,29.101523503356074,26.107862548958927,32.05435814273751
2031-07-22,28.978612926529532,26.013807754037135,32.07149153269612
2031-07-23,28.756345427495575,25.55850072623115,31.716178010971912
2031-07-24,28.64872959126194,25.711216773552067,31.96047341765974
2031-07-25,29.1965725054944,26.043776515856585,32.22983064777493
2031-07-26,29.114491288817963,26.19821798571326,32.14021368705773
2031-07-27,29.189543209053213,26.187943819074015,32.15405124387642
2031-07-28,29.434005185029744,26.485243720497245,32.39357011444353
2031-07-29,29.443834641383212,26.43693772079474,32.24393052146552
2031-07-30,29.342987908962264,26.335509930653934,32.35560509099474
2031-07-31,29.343600602350293,26.288016122746615,32.233908720579045
2031-08-01,29.984903033448337,27.229185690282357,33.03376659083624
2031-08-02,29.9802615671174,26.958255750150034,32.794158552343376
2031-08-03,30.11583051764523,27.156025567357876,33.274816463264074
2031-08-04,30.403344962599313,27.38221946365936,33.34082747997959
2031-08-05,30.43858624599151,27.346290216455753,33.58345396130595
2031-08-06,30.345696387782,27.058098016753753,33.29415525554129
2031-08-07,30.33734607420027,27.25071506356136,33.41890076035839
2031-08-08,30.95362973995505,27.79732692372661,33.64439276644318
2031-08-09,30.909079295078893,27.73718617222052,33.7933321668837
2031-08-10,30.991281916598783,28.100964064117935,33.93550279398991
2031-08-11,31.21363325380835,28.17182439076623,34.19756485927078
2031-08-12,31.173758913991243,28.243811551835726,34.18762124589226
2031-08-13,30.99778163269728,27.942994533464336,34.05676421362427
2031-08-14,30.900440049349317,28.037716244886397,33.968177994564336
2031-08-15,31.423933871090437,28.20905980800716,34.365709763271944
2031-08-16,31.284888240660006,28.201815374301468,34.416395040178
2031-08-17,31.27292394984674,28.14409315539167,34.27499809038936
2031-08-18,31.40336599497869,28.422015481058853,34.274966634537826
2031-08-19,31.275624386506045,28.390721346579603,34.46490674863187
2031-08-20,31.017425533606268,27.98957182010769,33.96752715688935
2031-08-21,30.84490089118009,28.02989322049623,33.8576288481918
2031-08-22,31.301408251109724,28.301621547242302,34.3052881453962
2031-08-23,31.104478912637784,28.158960559221285,34.18916474514732
2031-08-24,31.044377604945865,28.139823297743327,33.84948091608661
2031-08-25,31.136807700765658,28.071683065392843,33.9415686779314
2031-08-26,30.981295489332478,27.969532487145916,33.8513700641544
2031-08-27,30.70543150808798,27.780544051161044,33.79489919980876
2031-08-28,30.52497513440892,27.193747070278462,33.69944126718165
2031-08-29,30.98269718591735,28.006786268191085,33.88673216407076
2031-08-30,30.795353004757985,27.764265064558867,33.830253917603315
2031-08-31,30.75227203772996,27.92856723621833,33.80774594746611
2031-09-01,30.86809551451684,27.76424277616038,33.92617595911067
2031-09-02,30.741195008591646,27.752520408156034,33.60726305067853
2031-09-03,30.497948878121043,27.712212178209615,33.49826505927197
2031-09-04,30.352881796334188,27.328970539568495,33.49046198882596
2031-09-05,30.847541166197548,28.025766408165577,33.76897670691273
2031-09-06,30.69750200507592,27.902977377640493,33.76484560418766
2031-09-07,30.690985509242104,27.855987427132494,33.81235778422015
2031-09-08,30.841622206599045,27.85728820842515,34.016664234586095
2031-09-09,30.746891913247918,27.819940393942872,33.83270917149381
2031-09-10,30.532417060228596,27.43778011265688,33.51578620159975
2031-09-11,30.412114315242597,27.22423780538114,33.3362237777262
2031-09-12,30.927078159929028,27.938958631740913,33.93773989509654
2031-09-13,30.792588024091646,27.993291300531236,33.895250160920554
2031-09-14,30.7967243473917,27.794879284955716,33.70385612815521
2031-09-15,30.95312477340828,28.071217734314825,33.966013734503946
2031-09-16,30.85941311130727,28.06369032330941,34.22827299934003
2031-09-17,30.641478157598648,27.85272584608187,33.53411647538711
2031-09-18,30.513607916566524,27.397041162258567,33.57046857660816
2031-09-19,31.01735355992328,27.931294387872533,33.96979826309694
2031-09-20,30.868515450504386,27.772202427243727,33.9967489631677
2031-09-21,30.855737343739154,27.774906404413752,33.86914222234726
2031-09-22,30.99324071128706,27.982281178434626,34.01136170478963
2031-09-23,30.879232534642473,27.729538366380318,33.72421328211369
2031-09-24,30.640164325458798,27.63897455954351,33.566636021365184
2031-09-25,30.490848507335876,27.38971354944057,33.64787307491292
2031-09-26,30.973307010690064,27.6713524743535,33.97727549374324
2031-09-27,30.803744817488887,27.68195212422788,33.64828285527181
2031-09-28,30.77113487182418,27.68851634238089,33.96878002612053
2031-09-29,30.889946486298268,27.977053781866093,34.00867424986139
2031-09-30,30.75855065800626,27.751920135118333,33.7940312147586
2031-10-01,30.50347999791677,27.31601512629954,33.284182522644166
2031-10-02,30.339549241239155,27.302744357722514,33.56044770040157
2031-10-03,30.808710917174892,28.008011218610008,33.96088433876507
2031-10-04,30.627038546992303,27.765624711133313,33.806027965696735
2031-10-05,30.58332333828423,27.58338801261335,33.72509350456341
2031-10-06,30.691815993661155,27.632557783949874,33.612731240063766
2031-10-07,30.550646490803175,27.394501552426327,33.60070635488144
2031-10-08,30.286098955308766,27.478658072203228,33.2782166557633
2031-10-09,30.112747006344005,26.886660798206186,33.25532181627049
2031-10-10,30.572323580649012,27.524185865419206,33.79279658557252
2031-10-11,30.380717065205026,27.432691124588406,33.36622293946532
2031-10-12,30.326579219841108,26.968705743932045,33.245964691302554
2031-10-13,30.42407608963377,27.613974256007456,33.58128154233598
2031-10-14,30.271314427300165,27.288654207544486,33.25402405551763
2031-10-15,29.994620502865192,27.055674729541074,32.987573681428344
2031-10-16,29.808676536423086,26.832054430549025,32.638355142366436
2031-10-17,30.255388719707565,27.202717420594706,33.33248908965278
2031-10-18,30.050878721834742,27.098043308520257,33.11173323176978
2031-10-19,29.984084327681284,26.950913971994716,32.79928710727569
2031-10-20,30.0695006719381,26.991607738907618,33.173504256081266
2031-10-21,29.905594938733742,27.065391081752374,33.14217275505355
2031-10-22,29.619071828210707,26.456051622927173,32.760371553324035
2031-10-23,29.424995509706587,26.492975811475073,32.508709155910324
2031-10-24,29.865642554151602,26.85463364230683,33.17759515711964
2031-10-25,29.657478293110316,26.391517291087727,32.46759116816291
2031-10-26,29.589742811253487,26.52654842532503,32.78784536762183
2031-10-27,29.677178580805407,26.66961962423601,32.55270204470521
2031-10-28,29.518433122095136,26.472484792890537,32.523003640498494
2031-10-29,29.240314456705605,26.17621499257485,32.35045876056994
2031-10-30,29.057905473008642,25.993451626718283,32.285564141905944
2031-10-31,29.513412017897522,26.410758030797368,32.537910553924675
2031-11-01,29.323137392918625,26.45514176690612,32.42341781935159
2031-11-02,29.27606959368137,26.147731583120013,32.15736147214455
2031-11-03,29.386613329089514,26.58371505045733,32.40075043431419
2031-11-04,29.253000126618467,26.402250534841905,32.23479324223986
2031-11-05,29.00155410794513,25.7569235876962,31.836151947248712
2031-11-06,28.846819273164066,25.87260963579433,31.724294261206346
2031-11-07,29.330422734723694,26.377623816040316,32.29318574213044
2031-11-08,29.16806612686544,26.08396463044976,32.367942771613734
2031-11-09,29.14813101092391,26.188186860108008,31.943534927931125
2031-11-10,29.284429744883287,26.393153767043678,32.27334153115355
2031-11-11,29.174634523201707,25.92456380998315,32.14008095183378
2031-11-12,28.944561558169873,26.016555960643938,31.73455754664265
2031-11-13,28.808315634645513,25.77018688860877,31.88597439876493
2031-11-14,29.307168899203127,26.04251823204348,32.238827594375934
2031-11-15,29.15656557441547,25.8918147260943,32.1935677016285
2031-11-16,29.144737946491766,25.99979889760058,32.083683552921144
2031-11-17,29.285464700861546,26.11194015046436,32.13883462662041
2031-11-18,29.176504010136142,25.92222415035451,32.274548742150834
2031-11-19,28.943878146659117,25.835707901490082,31.915876391465407
2031-11-20,28.802014762833103,25.726949139015563,31.775595751836327
2031-11-21,29.29261872596365,26.330391318443322,32.168616124771994
2031-11-22,29.13166633922959,26.227985153025312,32.12364475446626
2031-11-23,29.108007549984872,26.06276939369551,32.181591762607326
2031-11-24,29.23610757879328,26.299732668893785,32.22956615258753
2031-11-25,29.11446082831053,26.06892976352366,32.004166281511175
2031-11-26,28.869854382115246,25.95072991223438,32.05258597646769
2031-11-27,28.71748684205327,25.820366176869555,31.81481352132244
2031-11-28,29.199817046175244,26.011386457119865,32.1400184685065
2031-11-29,29.033535184495072,26.035142728427044,32.21997209641617
2031-11-30,29.008142609296257,26.06454455515901,32.0385791223862
2031-12-01,29.138672457643523,26.046338838852414,32.21344168351128
2031-12-02,29.024084597318858,25.878007632869316,31.853764710812033
2031-12-03,28.791512806189825,25.840116847145573,31.844414029283573
2031-12-04,28.656370462460757,25.847435973101,31.54114658879541
2031-12-05,29.161189729052964,26.248327913216706,32.037240235599974
2031-12-06,29.02258708867938,25.93219560276808,32.1464918532401
2031-12-07,29.029841752367,25.83466955697822,32.14892540157371
2031-12-08,29.197619164049055,26.0576079979386,32.154251396563325
2031-12-09,29.12437309188869,26.140843596180577,32.35970446633944
2031-12-10,28.936604069544593,26.119301631397352,31.995091782254466
2031-12-11,28.84898019509252,25.867832342935586,31.475097015387412
2031-12-12,29.403194884927544,26.474304962903037,32.07671117799808
2031-12-13,29.314953947346577,26.31289914485832,32.27088128340632
2031-12-14,29.37257791467936,26.360004105617318,32.267908389301866
2031-12-15,29.589751196756957,26.441799601199573,32.686057927223814
2031-12-16,29.56395082966835,26.657423240574936,32.580404789386584
2031-12-17,29.42073183001657,26.5798833306167,32.48552002007242
2031-12-18,29.373874394851597,26.184132024471094,32.40831341868534
2031-12-19,29.964266785068567,26.983846295666755,32.96003139410943
2031-12-20,29.906915527757477,26.909718554296976,32.89041325402572
2031-12-21,29.989568198891035,26.804283582629445,32.77852474678046
2031-12-22,30.225479743822547,27.22157039448657,33.26048261329112
2031-12-23,30.21185459425133,27.373478622352696,33.37536576657294
2031-12-24,30.074141182366184,26.92596699056297,33.16840841888433
2031-12-25,30.02618380114609,27.052316200582435,32.85671748245502
2031-12-26,30.609105484775124,27.749910174197822,33.467493003184146
2031-12-27,30.53831351368124,27.547871002570428,33.493789951617536
2031-12-28,30.602112909044738,27.659540069961157,33.386742862263716
2031-12-29,30.814459109563057,27.814829198225958,33.916197147110566
2031-12-30,30.773382450289724,27.95988089896712,33.61520010579413
2031-12-31,30.605261521027064,27.72442570898713,33.63483115312105
2032-01-01,30.524950932329567,27.376700573572208,33.46991395494675
2032-01-02,31.074637828027424,28.151728193553975,34.155295847879216
2032-01-03,30.97081948045496,27.8983404814539,33.7623523039504
2032-01-04,31.002888110708145,28.115549288891,34.07946759399996
2032-01-05,31.18585492757307,28.06012263893603,34.255753360744194
2032-01-06,31.118746805881187,28.111422931395268,34.26716850674855
2032-01-07,30.928853459741195,27.896905158192265,33.94784427362055
2032-01-08,30.831831371058293,27.793898383591273,33.727774951287394
2032-01-09,31.370539477642765,28.42174446790856,34.40362547417497
2032-01-10,31.26199953634447,28.32507484440767,34.21781436456368
2032-01-11,31.29596777964878,28.106517417306872,34.09428520803551
2032-01-12,31.487650218556023,28.617878007476996,34.64309665374386
2032-01-13,31.436095244464244,28.459300222545263,34.24474846857163
2032-01-14,31.268441483377337,28.315236298421844,34.30580618532552
2032-01-15,31.200027124019893,28.270347121181874,33.994672482681125
2032-01-16,31.773235549862218,28.781382572881114,34.71009573856297
2032-01-17,31.704469885971108,28.70741620990466,34.690293616641625
2032-01-18,31.78274265343122,28.96961749607114,34.762167146280056
2032-01-19,32.022412350057856,29.07991998918424,35.09214584102087
2032-01-20,32.0215999832382,28.886156877027666,35.19815874825507
2032-01-21,31.906462807316746,29.04556619159582,34.8669397989011
2032-01-22,31.891330732758664,28.675164899773666,34.66345167624464
2032-01-23,32.5175794516364,29.70405551958765,35.70386500519724
2032-01-24,32.50063209693776,29.310435951807037,35.65070409636657
2032-01-25,32.62857485042415,29.413865182229017,35.62431710949122
2032-01-26,32.91491757807186,30.028269169545048,35.92216767969228
2032-01-27,32.95703183918165,29.93655110916957,36.19859028702445
2032-01-28,32.88044292178241,29.68216309057065,35.882802010225895
2032-01-29,32.898980869093876,29.997378972037765,35.946254009168186
2032-01-30,33.55366415104746,30.432978014893365,36.65574799179365
2032-01-31,33.55970753095075,30.577550404127674,36.575989021100156
2032-02-01,33.705139405177384,30.88850843903202,36.765056752176825
2032-02-02,34.00355969221246,30.90219865049212,36.9818020291712
2032-02-03,34.052570748257914,31.20675229717751,37.00206249184532
2032-02-04,33.97805822224691,31.01776835484406,37.01138368003661
2032-02-05,33.99432719632637,31.08112012926447,36.92578339036093
2032-02-06,34.6429677560332,31.867478204206076,37.76190954287081
2032-02-07,34.639842124249185,31.50408776171694,37.61635051323014
2032-02-08,34.77367929665948,31.65883428624586,37.71200652485972
2032-02-09,35.05880897040989,32.31342266028193,38.20585936292992
2032-02-10,35.09356799213363,32.334568183634765,37.98411412501579
2032-02-11,35.004556998022075,32.04317935953683,38.05539457513656
2032-02-12,35.006753339361694,32.08141324254997,37.89304239293316
2032-02-13,35.64235514998217,32.52912079431497,38.68225024644524
2032-02-14,35.627749345201124,32.6200625654974,38.46709029239238
2032-02-15,35.75209006864448,32.656157742731686,38.530721933562695
2032-02-16,36.030019863210555,33.014653330553884,38.97612133076173
2032-02-17,36.06006716791552,33.10380417912187,38.98783033936161
2032-02-18,35.968898068733495,33.08756489982784,39.016495543359135
2032-02-19,35.971428524435396,32.75478198727888,38.71259627769534
2032-02-20,36.60967191995094,33.376305893188274,39.508610228471596
2032-02-21,36.599714601655364,33.63831622167825,39.671821265139904
2032-02-22,36.730305649023556,33.446449200046054,39.63361607417087
2032-02-23,37.015592778232914,34.239778365538015,40.113469717271954
2032-02-24,37.0535374922207,34.078068920168,40.0261680165406
2032-02-25,36.97018682642596,34.00431879413929,39.942835174552464
2032-02-26,36.979807258961635,33.73465634008455,39.82224324882774
2032-02-27,37.62375493227106,34.6076578146,40.63411219708475
2032-02-28,37.61747410399875,34.62773221510469,40.62005430647066
2032-02-29,37.749109336768,34.845315741792206,40.833694541238835
2032-03-01,38.03226259266239,34.72872932678205,41.21777007682191
2032-03-02,38.0644276552104,35.230384682785825,40.85064158032387
2032-03-03,37.971278596115646,35.151484740064895,41.174742942589866
2032-03-04,37.96681730317956,34.675302027182205,40.88841136278786
2032-03-05,38.59225376148072,35.42945308536058,41.65932235189175
2032-03-06,38.56301066251836,35.50072573359143,41.622847982900026
2032-03-07,38.66733763093326,35.7239385442806,41.63244173702557
2032-03-08,38.9190661453213,36.14707802977225,41.972354510509746
2032-03-09,38.91603762043566,36.07061766571649,42.06116189552301
2032-03-10,38.78438154592528,35.487223838337,41.83323727211356
2032-03-11,38.73864900435734,35.66975873627395,41.49186738071758
2032-03-12,39.32067568650603,36.4366490589698,42.43304980677736
2032-03-13,39.24656651150165,36.06344342956192,42.3110002850398
2032-03-14,39.30528776548208,36.1103879228364,42.337917372209894
2032-03-15,39.51139853125598,36.42743201531354,42.287142843895
2032-03-16,39.463454623298,36.416967334311515,42.16035425302131
2032-03-17,39.288262698102876,36.19186079165719,42.46231634439126
2032-03-18,39.20099064142934,36.18930128920709,42.12793162119761
2032-03-19,39.74400910892273,36.81548445180566,42.71292104206385
2032-03-20,39.63385704193054,36.55461074910878,42.51728025240817
2032-03-21,39.659817719580566,36.70812075425718,42.610382513840584
2032-03-22,39.83663767937783,37.080538525374116,42.86847450468516
2032-03-23,39.76292217449802,36.79794336129994,43.03646833609096
2032-03-24,39.5653851705509,36.56939678211433,42.68992959219984
2032-03-25,39.45896018348933,36.44094656878608,42.329707657216105
2032-03-26,39.98564689498932,36.9424693743618,43.05417216194465
2032-03-27,39.86148628335762,37.02908543370216,42.828483455967685
2032-03-28,39.87515060455267,36.705646653895975,42.85640022974062
2032-03-29,40.04068019183858,36.950928588272276,43.48257408311546
2032-03-30,39.95590025073666,36.87853943023003,42.99251777184888
2032-03-31,39.74669504648343,36.42483824763941,42.60193491635991
2032-04-01,39.62714508309723,36.61470136338352,42.56430673784086
2032-04-02,40.13840143124073,37.08667393523008,43.301266866768366
2032-04-03,39.99568911002344,37.251804316394704,43.106253782418804
2032-04-04,39.9869249953901,37.053824696593445,43.06369240134994
2032-04-05,40.12548135852977,37.08208005397999,43.214229697602995
2032-04-06,40.00862736893124,36.862450189026525,42.87035141117295
2032-04-07,39.761825166140994,36.86307683633534,42.71164788841103
2032-04-08,39.59888537970808,36.8559093285708,42.62091306108588
2032-04-09,40.0608556310885,37.082895865560836,42.78204911407367
2032-04-10,39.863033415392366,36.99095837400607,42.71549245016443
2032-04-11,39.79358846145619,36.84930347482116,43.00403248338924
2032-04-12,39.8663254453265,36.79679511393428,42.82302556730662
2032-04-13,39.67911931821756,36.63336289650867,42.53885523381249
2032-04-14,39.35819993823423,36.42964905512526,42.383327383811704
2032-04-15,39.11829112900769,36.02703952072443,42.15281186302139
2032-04-16,39.501478095765194,36.38343172899553,42.31477154090987
2032-04-17,39.22419513687168,36.0666458971126,42.14276926259931
2032-04-18,39.07581941841226,36.11219968818688,41.95129710692435
2032-04-19,39.07140246703417,35.99232059960528,42.025276225689964
2032-04-20,38.81007251122028,35.30780999669886,41.79760971058471
2032-04-21,38.419285294113614,35.206899037348784,41.2072656589331
2032-04-22,38.11492945256785,34.92041601046224,41.250588116239896
2032-04-23,38.44016137408614,35.32178455640154,41.375588277873916
2032-04-24,38.11236243165802,35.160371173729374,41.187849691444136
2032-04-25,37.921705278296336,34.704826387413796,40.80330061311967
2032-04-26,37.88386169546057,34.902276154782236,40.7017240861911
2032-04-27,37.59838586391143,34.524339980573394,40.44863522004079
2032-04-28,37.192951294704926,34.06022252908862,40.251672026177125
2032-04-29,36.88344798661919,33.92520529930105,39.80122606688168
2032-04-30,37.21281503464501,34.198574763811834,40.2935642609075
2032-05-01,36.89800173278697,33.82158888935617,39.91121014943349
2032-05-02,36.728543820454206,33.665669821846784,39.56993772958335
2032-05-03,36.71928715709138,33.64796096793941,39.671706750662935
2032-05-04,36.468792311020316,33.3870098294832,39.39686638803795
2032-05-05,36.10359775388646,32.99681506895113,39.176288856418445
2032-05-06,35.83834753071144,32.733534305400184,38.66457685173962
2032-05-07,36.21465780250273,33.41929569773477,39.278616218085304
2032-05-08,35.94811436816248,33.09007856386279,38.93633404734828
2032-05-09,35.82688679534861,32.92235119773824,38.740011634076986
2032-05-10,35.864490370943074,32.90574158080645,38.75418778795964
2032-05-11,35.658228259169185,32.698276270596985,38.719883365058394
2032-05-12,35.33349046821675,32.066725564562255,38.34845353115814
2032-05-13,35.1039144440079,32.26458431263546,37.913853883194236
2032-05-14,35.510280706497966,32.36748467834202,38.40166283564154
2032-05-15,35.26753475262983,32.3932877086328,38.30223121552971
2032-05-16,35.16342009847777,32.010477298194004,38.0294148100699
2032-05-17,35.211253062792444,32.14921988929706,38.33637376739351
2032-05-18,35.0083712393258,31.91575848845144,38.0397321560489
2032-05-19,34.68043200059592,31.670249271911068,37.719846003802665
2032-05-20,34.441565785264274,31.555033570974057,37.29206296398996
2032-05-21,34.833257713986455,31.946874638063555,37.794707727327676
2032-05-22,34.57134908167568,31.348183674853168,37.58700764384594
2032-05-23,34.444644109794936,31.395117174237633,37.46352247451488
2032-05-24,34.46765324674257,31.484169398728756,37.37902084875124
2032-05-25,34.23900580673028,31.258774554826722,37.233352916896116
2032-05-26,33.88570926768292,30.881407232268185,36.74688322578808
2032-05-27,33.62326106677028,30.300606001531815,36.53956084976926
2032-05-28,33.99448760375298,30.940237068726606,36.81276553926099
2032-05-29,33.716503212042305,30.654507798147176,36.705058724049486
2032-05-30,33.57927570592059,30.554587887853828,36.542175667364596
2032-05-31,33.5983309950787,30.56425409333847,36.919811136183924
2032-06-01,33.373130704045764,30.52541826219593,36.36942072367522
2032-06-02,33.031301175218154,30.159408677758048,36.21247301667168
2032-06-03,32.788720632576705,29.679987701765278,35.751578479301465
2032-06-04,33.188340007206236,30.22976816655718,36.16031300221094
2032-06-05,32.94713080419441,29.962958510964956,35.96859498487553
2032-06-06,32.85464704842906,29.91000709158575,35.67702489954924
2032-06-07,32.92573402489139,30.02062196314878,35.84904805343148
2032-06-08,32.758917762328416,29.813112247252327,35.75888695604226
2032-06-09,32.480653434592135,29.38025060267919,35.46358273283113
2032-06-10,32.30543903993862,29.30118634671355,35.202427005826024
2032-06-11,32.774669239641895,29.787265063309366,35.90248910906644
2032-06-12,32.603621927722656,29.56090737269417,35.6494332059525
2032-06-13,32.58006359403569,29.49451907102112,35.5504293328895
2032-06-14,32.71700507866524,29.726987195546084,35.65461033692711
2032-06-15,32.611140435838486,29.706224026371178,35.828412550700904
2032-06-16,32.38714577077014,29.41782627911054,35.7038623234488
2032-06-17,32.25784305366793,29.295434060216877,35.10925842387778
2032-06-18,32.763102427765105,29.881246693627812,35.808519737765664
2032-06-19,32.61687424749744,29.582533993523477,35.695867720679
2032-06-20,32.605835638680155,29.72100383428525,35.70243122475137
2032-06-21,32.7421820088192,29.66959581071086,35.90137206156318
2032-06-22,32.62209518909725,29.540302137644673,35.64101246987808
2032-06-23,32.370064196929434,29.310490404985373,35.40372454045674
2032-06-24,32.19906293614083,29.257653240557875,35.261978801238236
2032-06-25,32.649457871592084,29.843916849036788,35.72124820451788
2032-06-26,32.4360366559228,29.536384309322063,35.49449715430296
2032-06-27,32.346642472117054,29.19114015855582,35.16960210286998
2032-06-28,32.39494472427905,29.508106353603786,35.537823725331336
2032-06-29,32.1788781909764,29.312749334964423,35.13861957391887
2032-06-30,31.824927281380283,28.812400785054876,34.856639968373045
2032-07-01,31.548260564795214,28.553237589375996,34.6084950527599
2032-07-02,31.891589644819202,28.96259050720372,34.93771226885183
2032-07-03,31.57214454440969,28.516136692336193,34.54243502852844
2032-07-04,31.38025167761797,28.48947950333752,34.38292933922134
2032-07-05,31.33204644183743,28.522841411327082,34.47947510581544
2032-07-06,31.02785399903734,28.01179211504959,33.93320240609513
2032-07-07,30.596416354877093,27.561652166659073,33.42642117242107
2032-07-08,30.254972351023262,27.138210700296703,33.340834014476975
2032-07-09,30.54806602458104,27.498006499498057,33.52274972203057
2032-07-10,30.194476785256057,27.292170457210535,33.30791586180635
2032-07-11,29.985758638194046,27.128989917925974,33.185052632291644
2032-07-12,29.938921476083987,26.998554514225255,32.94208098003512
2032-07-13,29.654788810418825,26.545798600425847,32.75612301191821
2032-07-14,29.26221064290953,26.269004564768817,32.290360979457
2032-07-15,28.978138459879023,25.94129896936169,32.158655171687364
2032-07-16,29.346437937050847,26.19857648792632,32.371106517700866
2032-07-17,29.084832701687713,25.919595112939316,32.01889523312609
2032-07-18,28.983466042459195,25.929656651697105,32.12162298266049
2032-07-19,29.057613028374114,25.91549247960102,31.872507981639416
2032-07-20,28.906076635011406,25.888390266389926,31.976183409309687
2032-07-21,28.655445618850543,25.642271557257185,31.6658011601359
2032-07-22,28.520219999242176,25.231251540785763,31.492564712577295
2032-07-23,29.041678479087658,25.878253816337303,31.94095988495098
2032-07-24,28.9348797949397,25.867650434855896,31.997108764601794
2032-07-25,28.987283466370766,25.967614850515265,31.902938755854787
2032-07-26,29.211520958408077,26.132520362327032,32.233619250662066
2032-07-27,29.203849418355098,26.069606362275263,32.237432597467645
2032-07-28,29.08846433856148,26.2859375025902,31.99618252149126
2032-07-29,29.0776756987837,26.043364196392364,31.919095722431727
2032-07-30,29.71082072969339,26.543711981988803,32.832174694780456
2032-07-31,29.70130424491101,26.635364294842557,32.69704216213972
2032-08-01,29.8352511398287,26.79821565646778,32.90859225730925
2032-08-02,30.124301392080657,27.20596211994536,33.391397956859805
2032-08-03,30.164079254150167,27.190056133030364,33.239078345879065
2032-08-04,30.078512736770673,27.066744909250723,33.01731776420063
2032-08-05,30.080007905858416,27.17384283072973,33.138433193753166
2032-08-06,30.708351323464676,27.41117317855434,33.531159292883096
2032-08-07,30.677731981141754,27.730788141256255,33.76607510827843
2032-08-08,30.775367923765344,27.69892392654653,33.900792577142774
2032-08-09,31.014268678505537,28.126660266287985,34.13376431543091
2032-08-10,30.99166611642678,28.069551151480134,33.86758655561074
2032-08-11,30.833290912440653,27.7016120031893,34.036081810421805
2032-08-12,30.75350029334238,27.704557000903442,33.980313015525645
2032-08-13,31.294131639107444,28.333976126374537,34.392201191089384
2032-08-14,31.171474554476664,28.12415683646872,34.34706129750882
2032-08-15,31.174847877268473,28.138076233971475,34.122337777327346
2032-08-16,31.319313972960476,27.921728049028122,34.258021298212675
2032-08-17,31.20406411193003,28.098510765476515,34.26326170417534
2032-08-18,30.956653168484976,28.00517616477365,33.9079841670065
2032-08-19,30.793090282552743,27.837138716098952,33.901524115723404
2032-08-20,31.25666085512849,28.357348630162395,34.16410942002524
2032-08-21,31.064873136807766,27.959450662129743,33.91557261790391
2032-08-22,31.008016340707805,27.930733857729454,33.74020861240572
2032-08-23,31.101862908168894,28.052796950199784,34.11586714666957
2032-08-24,30.94604881319693,27.90246692192387,33.93450057633536
2032-08-25,30.668310046926777,27.631131403437635,33.657371303097186
2032-08-26,30.484581644875362,27.39206993312762,33.204747101850444
2032-08-27,30.93783418170003,28.069808753456098,33.921825557610795
2032-08-28,30.745040394337956,27.677102266773115,33.640003744415765
2032-08-29,30.69575813483474,27.478706555326426,33.862595271288484
2032-08-30,30.80486144301636,27.873010055960087,33.96969619010014
2032-08-31,30.670952704647046,27.44603938914783,33.90505482159894
2032-09-01,30.420633061738634,27.46271287756924,33.302252915032575
2032-09-02,30.268636437569416,27.29116142891664,33.28345277105834
2032-09-03,30.756701104065886,27.760410080266336,33.99874427226551
2032-09-04,30.60057048672159,27.618456962753665,33.53730998286766
2032-09-05,30.588608500290754,27.647443748299874,33.75523274638472
2032-09-06,30.73456037943759,27.806978119381288,33.75393001871653
2032-09-07,30.635991247320643,27.61571512147372,33.86015982713605
2032-09-08,30.418578987254698,27.436105489435363,33.55237370606543
2032-09-09,30.296266313522416,27.29663360802633,33.5100644352642
2032-09-10,30.810145647227497,27.854342450195546,33.642839241844
2032-09-11,30.675468320327102,27.706783719052225,33.78622823014589
2032-09-12,30.6802633796393,27.737453581782503,33.81185943230612
2032-09-13,30.838097080068994,28.01379798504221,33.72516865945443
2032-09-14,30.74650557372326,27.646138338475044,33.83800798632397
2032-09-15,30.53127775025025,27.608638826211532,33.43260330040187
2032-09-16,30.406593625730086,27.37795983905753,33.337933687116994
2032-09-17,30.91389247975321,27.711310457550265,33.801986959849074
2032-09-18,30.768862929412126,27.64803802170725,33.65365184952122
2032-09-19,30.760040926670005,27.91597040417435,33.73452712450684
2032-09-20,30.901547508938688,27.918621429221982,34.01879794569213
2032-09-21,30.791499552064437,27.941329344651987,33.778281157408905
2032-09-22,30.556271202507535,27.361819774849625,33.46958421435673
2032-09-23,30.410612064272925,27.374447124354937,33.36831158435903
2032-09-24,30.896496955156213,27.74853194249412,33.77994582821297
2032-09-25,30.730099954770683,27.609231593134794,33.85936805210955
2032-09-26,30.700379168752193,27.451851617547433,33.56007459886908
2032-09-27,30.821804369367413,27.624408911438184,33.88097056905981
2032-09-28,30.69276097697128,27.824931501466793,33.744048148271766
2032-09-29,30.439808155025666,27.29432752052426,33.449915005344806
2032-09-30,30.277797070743205,27.020487270840288,33.13318056286182
2032-10-01,30.74872399666897,27.627316735763117,34.090369426098746
2032-10-02,30.568710728035505,27.612631257004924,33.57737516151583
2032-10-03,30.52659839482573,27.278187315600583,33.65134735548839
2032-10-04,30.63668639927766,27.739390509495948,33.69179509858966
2032-10-05,30.497149445772298,27.46674096743748,33.50455700615699
2032-10-06,30.234309888415737,27.052269769400784,33.37213285166054
2032-10-07,30.062770870531885,27.158009732025903,33.085738096096804
2032-10-08,30.52428434319408,27.41420555435868,33.59469213297324
2032-10-09,30.334745859239256,27.30595584520837,33.240629138751636
2032-10-10,30.282801672781492,27.43392176763919,33.38209625425667
2032-10-11,30.382599373778024,27.325787847015672,33.394922234224424
2032-10-12,30.23221458773296,27.108051649010175,33.45897319628304
2032-10-13,29.957930607634015,26.9639011560694,32.928248409411786
2032-10-14,29.774376164155466,26.927945814837656,32.804412732915495
2032-10-15,30.2233952515883,27.163500900929815,33.185022233190644
2032-10-16,30.021040839780085,26.894165152722135,32.73028811055595
2032-10-17,29.956178041080435,26.813846840240892,32.76219628480217
2032-10-18,30.043228103934297,26.8221183189091,32.895838641537935
2032-10-19,29.880586003195102,26.840832861164902,32.82673082876339
2032-10-20,29.594888823294802,26.61241130560459,32.599346638098936
2032-10-21,29.40114054715487,26.155668092468574,32.08129587169644
2032-10-22,29.84156763863142,26.98636737640977,32.93964081712297
2032-10-23,29.63259776659471,26.454524877219605,32.733356441961284
2032-10-24,29.563447787134354,26.404091193133272,32.73144836090303
2032-10-25,29.64885291408223,26.526778821622162,32.66519648875997
2032-10-26,29.487470398394116,26.68878722850428,32.48932738722954
2032-10-27,29.20613543631691,26.25656837938162,32.08875364378464
2032-10-28,29.01997539813897,26.048996412218084,32.072902840508036
2032-10-29,29.471257183142065,26.445744553914743,32.55004632508468
2032-10-30,29.276360390939022,26.29133579295126,32.27802574326835
2032-10-31,29.224362679957924,26.117832820006157,32.2783508143106
2032-11-01,29.329769400717247,26.289038029279315,32.336373797095355
2032-11-02,29.190920878679414,26.32208267811348,32.319392639191584
2032-11-03,28.934255015226444,25.848843753811188,31.859669527647192
2032-11-04,28.774431142091697,25.87337989509727,31.63638702212556
2032-11-05,29.253189677480922,26.095630840003224,32.30342161334479
2032-11-06,29.086339923256293,25.887384898596242,32.070361673108685
2032-11-07,29.062361940251556,26.108725458560045,31.954056734064302
2032-11-08,29.19515408588859,26.208590516881035,32.30964582520635
2032-11-09,29.082459031601513,26.156350118827234,31.9863839618946
2032-11-10,28.85014533460277,25.936193019389844,31.771780057768478
2032-11-11,28.71234988768895,25.808302938263008,31.525875388073985
2032-11-12,29.210355185437592,26.18256501393463,32.33629832594943
2032-11-13,29.059593157646468,26.020816660534567,32.191865848304154
2032-11-14,29.048260959102905,26.238607790140197,32.147201561493084
2032-11-15,29.190079810390788,26.257836402459468,32.242096244903635
2032-11-16,29.082729292502187,26.208608721444065,32.075902981226434
2032-11-17,28.85213384402811,25.910063832916457,31.856832294749886
2032-11-18,28.712606559125522,25.699765369654404,31.76915466833474
2032-11-19,29.20572410778401,26.112743894357617,32.34461925215156
2032-11-20,29.047324526220958,26.10746606586544,32.019986032263425
2032-11-21,29.02611337866253,26.062627178167958,32.07253121948628
2032-11-22,29.156409610671933,26.279578853559865,32.35268888024672
2032-11-23,29.036563829934074,25.949000607531453,31.80875588006954
2032-11-24,28.793226195086067,25.798154630302964,31.870950491487807
2032-11-25,28.641469529203324,25.55924205173364,31.488586898934297
2032-11-26,29.123642069609957,26.10129235870687,31.97906573497348
2032-11-27,28.956342246399565,25.83848285880857,31.731516258646636
2032-11-28,28.929001670902654,25.986182242202812,32.04986874809156
2032-11-29,29.056608349267275,26.071266811192928,32.05085242106087
2032-11-30,28.938103546112227,25.98785934499971,31.905961686670867
2032-12-01,28.70063014090062,25.480608627300896,31.554904401478073
2032-12-02,28.559638708440655,25.519079894461928,31.615901683482058
2032-12-03,29.057726283446492,26.062905975758643,31.888835123280106
2032-12-04,28.911600666121355,25.808353062604475,31.822079070867655
2032-12-05,28.910656815938328,25.82751805078722,31.87264332559018
2032-12-06,29.069697604043142,26.028590584513843,32.09908371398377
2032-12-07,28.987332485005695,26.161048520684297,32.02929756172649
2032-12-08,28.79023194161081,25.650480518363086,31.89836537765188
2032-12-09,28.693243818693787,25.660136307175456,31.60508833701669
2032-12-10,29.23824626648634,26.114294737387773,32.44259895575709
2032-12-11,29.14112979267895,25.95474111296572,31.899315456727262
2032-12-12,29.190394503875808,26.193462954496173,32.07673918398627
2032-12-13,29.399894244528973,26.409348551944806,32.62442664271343
2032-12-14,29.367260551552143,26.542588096535837,32.46950584884394
2032-12-15,29.218183573953066,26.07503648625416,32.40685572510675
2032-12-16,29.16655532754455,26.297141432064148,32.250021151598204
2032-12-17,29.75334923919138,26.608788305762957,32.9504245609266
2032-12-18,29.69362771618074,26.66755033105507,32.882423029076996
2032-12-19,29.775163082509685,26.570718959319404,32.76367727049591
2032-12-20,30.011202897829175,27.21621767250085,32.95982847970458
2032-12-21,29.998911952085102,26.7509821487188,32.75072770665312
2032-12-22,29.863667545822736,26.814962023536513,32.965544656883985
2032-12-23,29.81921298896565,26.829046856237717,32.77061210835783
2032-12-24,30.40654295078407,27.288110423386975,33.28060917986734
2032-12-25,30.340912200242986,27.500264391683412,33.40907446351614
2032-12-26,30.410453014129736,27.409226443637642,33.31302907844054
2032-12-27,30.628932338527832,27.764939287907072,33.87156681739693
2032-12-28,30.59418119953805,27.49507530897352,33.66552647696458
2032-12-29,30.43237330366471,27.237153637622193,33.40764976647107
2032-12-30,30.358158209702886,27.415759916743045,33.365844469155235
2032-12-31,30.913523259742153,27.809408293259832,34.01259309198488
2033-01-01,30.81477645370662,27.7927604245096,33.960330906362984
2033-01-02,30.851136261659455,27.863908447892182,33.91142516318709
2033-01-03,31.03746022758886,28.381924835005744,33.91201054970611
2033-01-04,30.97264565769863,27.931605016272577,34.0284317828339
2033-01-05,30.78388013674843,28.034816314247134,33.62507862552332
2033-01-06,30.686748040136457,27.807438633366843,33.59358276350804
2033-01-07,31.224067975156316,28.20751082061178,34.235366217049304
2033-01-08,31.112854019869204,27.94632617333767,34.02552176590925
2033-01-09,31.14288735632024,28.189228724934324,34.31499052774368
2033-01-10,31.3294306550982,28.360670399257327,34.32103269170921
2033-01-11,31.271618893816193,28.3436000685253,34.135026509467494
2033-01-12,31.096704617600274,28.12137784451384,34.11953405199683
2033-01-13,31.02016394107471,27.905439752501906,34.0402046983493
2033-01-14,31.584538220658292,28.62743148847274,34.683957334461894
2033-01-15,31.506404124879577,28.524447399510795,34.362321730423616
2033-01-16,31.57495842670268,28.664459340172257,34.458166941559696
2033-01-17,31.804749478488972,28.69864323742893,35.20390203891051
2033-01-18,31.79408854374749,28.679442556596687,34.75210194951445
2033-01-19,31.669318388451543,28.68703436953162,34.673567004684095
2033-01-20,31.64494474715459,28.71216634838749,34.58793486500297
2033-01-21,32.26250484968637,29.140625997505108,35.29137903391576
2033-01-22,32.237564956285425,29.26760488254942,35.25855586767237
2033-01-23,32.358332431585374,29.309644413710043,35.238971308234674
2033-01-24,32.63841353398938,29.72877596879952,35.502574277190845
2033-01-25,32.67524934323863,29.693271418692397,35.75429254324222
2033-01-26,32.594406532302145,29.426163018726168,35.41041501972605
2033-01-27,32.60972797724349,29.552353981586283,35.87424779412317
2033-01-28,33.262216862605236,30.49707117443895,36.459019240537835
2033-01-29,33.26704581043145,30.35116695233393,36.170711375143
2033-01-30,33.41217626429329,30.43369534209743,36.55889998989764
2033-01-31,33.711119134888996,30.940783774092598,36.805161703656715
2033-02-01,33.76136909368761,30.791416833076056,36.906580519168806
2033-02-02,33.68868931859622,30.879492554609993,36.61109436526764
2033-02-03,33.70725191398425,30.600325169031365,36.69025044963938
2033-02-04,34.358508014536696,31.200167817943495,37.46561244041945
2033-02-05,34.358179565393336,31.133259471362454,37.23883536998447
2033-02-06,34.49485857208937,31.473790462794213,37.350589576910224
2033-02-07,34.78274546954643,31.808220340834573,37.931371708663576
2033-02-08,34.820059700057875,31.713803873224666,37.90967055528537
2033-02-09,34.733300046991474,31.85767481635904,37.557626665004165
2033-02-10,34.737360705751406,31.62807395167156,37.68392357377331
2033-02-11,35.37437785416227,32.39696990218499,38.57553104526788
2033-02-12,35.36069943782072,32.17333778641594,38.28727393357355
2033-02-13,35.48546463549861,32.36572718713071,38.57761677919839
2033-02-14,35.76332525353438,32.593576491832785,38.49819432151532
2033-02-15,35.79284264871383,32.898647138539346,38.86269696492321
2033-02-16,35.70073813034443,32.57620130120194,38.660252067549195
2033-02-17,35.70200310946472,32.91657474010962,38.5419668414169
2033-02-18,36.33874391735014,33.425105046398095,39.34955638745124
2033-02-19,36.32715403794672,33.33405042726892,39.37000461547029
2033-02-20,36.456100116756346,33.547310123929556,39.53511945281523
2033-02-21,36.73985376414676,33.76973486794954,39.653089956190954
2033-02-22,36.77650240066867,33.64545193108548,39.71453493951847
2033-02-23,36.69221663319433,33.74012866188823,39.6622178064726
2033-02-24,36.70137987220563,33.53751040122635,39.8885649472571
2033-02-25,37.34545447670028,34.1291491210395,40.28132093474609
2033-02-26,37.33997647717641,34.30586601528726,40.06985611817614
2033-02-27,37.47316450816205,34.49483384413816,40.43609921664676
2033-02-28,37.758674223427505,34.77901674504844,40.7323238706101
2033-03-01,37.794030705707286,34.71702219719491,40.734814719470705
2033-03-02,37.70491565643477,34.81531028765435,40.708973530054095
2033-03-03,37.70531442697187,34.85041194184271,40.90411549899114
2033-03-04,38.33639660380789,35.177884710203,41.2246508546791
2033-03-05,38.31352171736802,35.46900713143039,41.088408033959155
2033-03-06,38.42485533373042,35.3695133160656,41.25562619318206
2033-03-07,38.684126550671905,35.793912464293584,41.76592181482292
2033-03-08,38.68905928745453,35.795219274997805,41.74208375252198
2033-03-09,38.56565416479018,35.7492654519274,41.685661254934104
2033-03-10,38.528326181307946,35.60531418533108,41.62447365377121
2033-03-11,39.11877217388455,36.23952763378299,42.140797854443015
2033-03-12,39.05296002853067,36.03088840679193,42.091190122128545
2033-03-13,39.119725408644925,36.13047866437594,42.05445811656378
2033-03-14,39.33350762497444,36.395688160271064,42.21597720389295
2033-03-15,39.292757716599645,36.45432107858853,42.36105370522671
2033-03-16,39.12419627574619,36.037534777816596,42.146101105201346
2033-03-17,39.04292699288577,35.84005925191866,42.028517421741206
2033-03-18,39.591280689568244,36.670776034027554,42.51571119426629
2033-03-19,39.485782571536824,36.623424964152804,42.31428825175981
2033-03-20,39.51572919637218,36.57622076087105,42.506038905273336
2033-03-21,39.69590744622233,36.99342621796197,42.761123923843584
2033-03-22,39.62498915836286,36.50693791934616,42.71948858268571
2033-03-23,39.429779428315065,36.60524491222735,42.58065477587985
2033-03-24,39.325324926221974,36.11210750140952,42.32048344011539
2033-03-25,39.85375722810513,36.848746627932044,42.69636646386486
2033-03-26,39.73126398993472,36.7744909527376,42.50047123271777
2033-03-27,39.74667441100879,36.62189003451159,42.68798393728283
2033-03-28,39.91419108601456,37.053874663296284,43.21053561622944
2033-03-29,39.83180156842334,36.931079522741655,43.176928356822344
2033-03-30,39.62554719919597,36.73248064310498,42.661663149775585
2033-03-31,39.5096549629994,36.59323444291344,42.440381970156466
2033-04-01,40.025406693430035,37.05356473582061,43.062184516067674
2033-04-02,39.88813769312601,36.802480142150294,43.0639420269988
2033-04-03,39.88585039354927,36.82617333979206,43.01556343847404
2033-04-04,40.031974296732784,36.8409592430553,43.17029830416933
2033-04-05,39.923804654859964,36.99614855895673,43.17714773234169
2033-04-06,39.686796591446836,36.67841953425597,42.690653193835736
2033-04-07,39.534719618537366,36.52390281917804,42.597503283272395
2033-04-08,40.008546131246526,36.96466917684222,43.14518203735812
2033-04-09,39.823465296014305,36.67014158625868,43.038365149906
2033-04-10,39.767507419400026,36.46585172344936,42.496676409966085
2033-04-11,39.85430963085387,36.76937527628387,42.66640914069581
2033-04-12,39.68155506958125,36.70176783561483,42.58540196564426
2033-04-13,39.37526216639859,36.46043513489964,42.40292287835142
2033-04-14,39.149929020442755,36.29863608549237,41.974380713025226
2033-04-15,39.54740665634558,36.71800209800071,42.81431272630397
2033-04-16,39.283892937563934,36.36681441721674,42.42341147013163
2033-04-17,39.14853272806846,36.009894408025744,42.05824402650324
2033-04-18,39.15615577431109,36.030072664345504,42.117030382381934
2033-04-19,38.90568525182371,35.80768948081248,41.81118012196874
2033-04-20,38.5243944164563,35.32927667691357,41.315539944964655
2033-04-21,38.22801728013183,35.06558584027116,41.121689135048534
2033-04-22,38.55958806153965,35.61880313067409,41.90640777536475
2033-04-23,38.236402168771136,35.22671332313177,41.243026730256815
2033-04-24,38.04858527565826,35.06992330506592,41.074703561591136
2033-04-25,38.01180289247422,35.218987846824085,41.52062354464343
2033-04-26,37.72564423565063,34.776669438711195,40.679006599026444
2033-04-27,37.317858602263385,34.241108821677955,40.203801113166925
2033-04-28,37.004450816740324,33.888144603804314,40.009669643196595
2033-04-29,37.32851100909141,34.269936726176276,40.11065003698922
2033-04-30,37.00717183561455,33.91163859154516,40.10130099629096
2033-05-01,36.83017989021556,33.742237670523394,39.88683064305478
2033-05-02,36.81261371874806,33.745570123578005,40.02337274637015
2033-05-03,36.55328207557122,33.799803949969096,39.754729566477955
2033-05-04,36.17898028811211,33.4260843344565,39.053067127796496
2033-05-05,35.90461079034405,32.882521678627896,38.95309239975834
2033-05-06,36.272042424181926,33.2329022946616,39.11690115772394
2033-05-07,35.99710082289414,32.60991730177816,39.04153652550165
2033-05-08,35.868175713093876,32.985450687478625,38.940760851159474
2033-05-09,35.89897654628195,32.67848005500264,38.694519353177554
2033-05-10,35.686969035936166,32.66557064231228,38.58247370624309
2033-05-11,35.35766937104735,32.48452026748607,38.557250444337704
2033-05-12,35.12480107168415,32.20714651520257,38.202065043673265
2033-05-13,35.52918802149264,32.45206236683664,38.43186135616764
2033-05-14,35.28577498937353,32.12206754361603,38.10086026767521
2033-05-15,35.18226056699266,32.032853217744,38.03216922793011
2033-05-16,35.23187314226529,31.949229468054103,38.29723355500181
2033-05-17,35.03182183721378,31.912752733146007,38.028750420295914
2033-05-18,34.70759869697399,31.822655208461082,37.80522685528116
2033-05-19,34.47313679059832,31.379721412854593,37.50938868285384
2033-05-20,34.86969764356737,31.78318306002416,37.966963983999804
2033-05-21,34.61287939470378,31.60744370235714,37.57692368449843
2033-05-22,34.49123087978117,31.301963688289657,37.52278489015282
2033-05-23,34.51900272719907,31.340108171068728,37.396616827827664
2033-05-24,34.29456803777894,31.069913018544007,37.219982111688736
2033-05-25,33.94468974105773,31.002976234469557,36.92517440162073
2033-05-26,33.6846402352384,30.843222424943544,36.74651490549003
2033-05-27,34.05704779265513,30.94025482338566,37.03985586068975
2033-05-28,33.77886227197387,30.61881865560879,36.86879642997762
2033-05-29,33.639926542847206,30.534503437691203,36.58784887017292
2033-05-30,33.655685933277766,30.603957920141564,36.568705033286925
2033-05-31,33.425569483432064,30.301523762834652,36.27712234868307
2033-06-01,33.07722126266951,30.09177675691943,36.293684556593256
2033-06-02,32.82658844031781,29.744012976260766,35.93622871986711
2033-06-03,33.216741563198056,30.027547329286595,36.17882009041464
2033-06-04,32.96482041135593,29.61764885684558,36.05355166947795
2033-06-05,32.8605925021955,29.65956325502274,35.98858663913149
2033-06-06,32.91915703149301,30.115500200526103,35.83970274952822
2033-06-07,32.739328311712725,29.737786871624166,35.792068820150895
2033-06-08,32.44787702939377,29.206835968361226,35.526303556166944
2033-06-09,32.25963586161715,29.327700411284333,35.1325709867406
2033-06-10,32.71634454018301,29.675310309846417,35.53669571247693
2033-06-11,32.533627164753604,29.299336485733257,35.65148334605828
2033-06-12,32.499588072663684,29.464967993675792,35.7583963812183
2033-06-13,32.62755811830651,29.553247465488873,35.78992382639611
2033-06-14,32.51452433783482,29.570726080472568,35.64402733152934
2033-06-15,32.28542011561121,29.20994457809447,35.2511974095907
2033-06-16,32.15328109834728,29.144498777518788,35.19797085442021
2033-06-17,32.65814059740817,29.60286639702684,35.52646433948543
2033-06-18,32.51405591468399,29.646040100793375,35.694823645960845
2033-06-19,32.507750553347954,29.5546044736795,35.436378213398655
2033-06-20,32.65140287635075,29.507652862204047,35.35417892240457
2033-06-21,32.54111299025649,29.444473916948585,35.73501111843287
2033-06-22,32.30122389800041,29.424006580360313,35.51774234009372
2033-06-23,32.14450124895171,28.99595869348347,35.14521753954572
2033-06-24,32.61104469066347,29.58163225737096,35.57940871237317
2033-06-25,32.41532172431091,29.549258271575027,35.36874923991363
2033-06-26,32.34480871024002,29.481101957724153,35.46660726349509
2033-06-27,32.41276950031915,29.279418267642598,35.46004272559123
2033-06-28,32.21670362092659,29.350657985420273,35.236378716267815
2033-06-29,31.882640426598506,28.94130058623485,34.92426316735532
2033-06-30,31.625284150667838,28.843510808476907,34.92404467280959
2033-07-01,31.986883662095707,28.659053018795074,34.96217631970218
2033-07-02,31.68421882198873,28.480193810701266,34.56078049938718
2033-07-03,31.507189239043242,28.560846884130324,34.64929306908548
2033-07-04,31.471537184826392,28.31218375460732,34.383085973313804
2033-07-05,31.17723797527688,28.19331467349458,34.0373001603021
2033-07-06,30.752735682844648,27.84412126940856,33.76277860435776
2033-07-07,30.41503057429452,27.516300420557965,33.700492123229424
2033-07-08,30.708493537698274,27.71297922301373,33.710709807853
2033-07-09,30.35180079374212,27.38464938931198,33.37599020123672
2033-07-10,30.13647600283406,26.989849714229248,33.197828253781026
2033-07-11,30.079572717136365,27.096442096849614,33.09641432839944
2033-07-12,29.78203151682979,26.766550520364085,32.86526736984652
2033-07-13,29.372890545752284,26.27261086610915,32.23429762877172
2033-07-14,29.069356487509907,26.195398361761363,32.12108719068619
2033-07-15,29.41561167032095,26.524061565158714,32.79366579164987
2033-07-16,29.12975078833839,25.969248964858135,31.99484805266883
2033-07-17,29.002334306443558,26.08366638440851,32.30957960952159
2033-07-18,29.049091217950142,25.785563627819556,31.919786824364582
2033-07-19,28.869304987217586,25.81297128604579,32.10538096601066
2033-07-20,28.590060671288647,25.664339185122042,31.66280542762415
2033-07-21,28.4263593463367,25.37981135596117,31.43888566705266
2033-07-22,28.91997444206804,26.044208847833048,31.942418659012827
2033-07-23,28.786442245680252,25.72406227323171,31.644089080944525
2033-07-24,28.813672307908156,25.853892273635704,31.81390110704237
2033-07-25,29.01470901261451,25.81797173668343,31.652668613379177
2033-07-26,28.986176697697744,25.83211991423298,31.933086948949093
2033-07-27,28.85258487826124,25.78544955134176,31.691603989460837
2033-07-28,28.82649829331673,25.838027715551565,31.877890540890814
2033-07-29,29.447445049180434,26.38345990791496,32.36396087067718
2033-07-30,29.428953899656523,26.303071199381584,32.20602596045179
2033-07-31,29.557205313038565,26.561594525217735,32.52529507419443
2033-08-01,29.843826670777197,26.713258800010415,32.909862541229465
2033-08-02,29.884363256749403,26.67209464017017,33.04812996708322
2033-08-03,29.8026010641118,26.6296801626229,32.76347403506528
2033-08-04,29.810745833004503,26.70092542072741,32.76995411117932
2033-08-05,30.448331505825685,27.521851934844204,33.529103942345
2033-08-06,30.429249274626827,27.49091236659202,33.58639302723714
2033-08-07,30.54038221975489,27.44314014951267,33.55129192374361
2033-08-08,30.794376436150102,27.74204241067451,33.77483011515366
2033-08-09,30.788081043093886,27.703699276738156,33.872716256061736
2033-08-10,30.646834004500484,27.66472107413711,33.67688666081004
2033-08-11,30.584599210234753,27.592719049776285,33.510812473285355
2033-08-12,31.14282915016689,28.132156975744817,34.091904443397496
2033-08-13,31.037445576435196,28.126791581553476,34.07655854355725
2033-08-14,31.05742441630595,28.1524826343578,34.257889142817795
2033-08-15,31.217517103767605,28.324177171793696,34.549373623202314
2033-08-16,31.116641971926402,27.949819825351234,33.987820451020845
2033-08-17,30.882123821574748,27.87849609560793,33.74243964823162
2033-08-18,30.729788216356663,27.69063854894818,33.97410296659157
2033-08-19,31.202785820269213,28.130758889293702,34.17866285772487
2033-08-20,31.018540017047794,27.983882470675503,33.85787098895631
2033-08-21,30.96730475859583,27.999843066013977,34.03143451098408
2033-08-22,31.064865320760052,28.027454377766393,34.13798407896707
2033-08-23,30.91091593441814,27.883163266866067,33.7242249803832
2033-08-24,30.633292544162384,27.871267066635195,33.79903030881724
2033-08-25,30.448067193543025,27.31055747317068,33.471475860305674
2033-08-26,30.898379118622096,27.90195522245515,33.9861237732476
2033-08-27,30.70139538371561,27.66796264625713,33.54341764688351
2033-08-28,30.646887444285433,27.73700216328396,33.53065135151373
2033-08-29,30.749955616074185,27.671130389623663,33.653183840646435
2033-08-30,30.60943460494571,27.596326634221754,33.6321706391567
2033-08-31,30.352157447327578,27.458763864020042,33.4612272528848
2033-09-01,30.193083396537133,27.351378700319362,33.13578264608946
2033-09-02,30.674163840197753,27.55095981442738,33.69030088724224
2033-09-03,30.5113380821267,27.55591326242399,33.537811862087715
2033-09-04,30.493144397528845,27.270146870328112,33.35422281668631
2033-09-05,30.633477415758747,27.631237331206616,33.48781835831361
2033-09-06,30.530024136476854,27.332132891452133,33.44227514711731
2033-09-07,30.30855517880513,27.172934681903303,33.36081677370203
2033-09-08,30.18307616546771,27.064811087023187,33.26885140039524
2033-09-09,30.69471282585059,27.774648998099607,33.80571328446767
2033-09-10,30.5587212926967,27.680146161955722,33.57401287746049
2033-09-11,30.563108791617967,27.59608600695826,33.5420942547935
2033-09-12,30.721395718772342,27.539781915508073,33.780549782929825
2033-09-13,30.631051501538174,27.53289327824956,33.61922825992833
2033-09-14,30.417781071833094,27.42719447864144,33.349911176620026
2033-09-15,30.295667213959387,27.387800596281046,33.10654004250584
2033-09-16,30.806042845978425,27.949089171461047,33.910634160407795
2033-09-17,30.66448528189888,27.43653193798109,34.00661586773827
2033-09-18,30.659418323481365,27.39968090267429,33.5263489770084
2033-09-19,30.804853881592482,27.7566597803613,33.928551247735136
2033-09-20,30.698806258302916,27.499534784692766,33.69322785878097
2033-09-21,30.467556663598454,27.30725327602813,33.60342794708599
2033-09-22,30.325773957436862,27.18701957228448,33.383383890515205
2033-09-23,30.815366367173052,27.721287008379036,33.67142057059493
2033-09-24,30.65245686014024,27.771454462273343,33.96497689190418
2033-09-25,30.62596857574769,27.518301098037025,33.527428492424406
2033-09-26,30.750352480142713,27.656800854116767,33.63629009771774
2033-09-27,30.62399073275571,27.578956674706635,33.58978404671324
2033-09-28,30.373453583191687,27.263468367919845,33.482134521597416
2033-09-29,30.213615915108218,27.38708086084309,33.1855872326675
2033-09-30,30.686508193253637,27.767137457006086,33.70620411759657
2033-10-01,30.508294382632958,27.50613554380509,33.371449071272394
2033-10-02,30.467863022702012,27.246492570756324,33.67249923786895
2033-10-03,30.57956329750043,27.656490077748092,33.54451981095676
2033-10-04,30.44161918111872,27.335314693992014,33.24692216833447
2033-10-05,30.180398994821264,27.09055852499888,33.33766491237872
2033-10-06,30.010545955779403,27.03803829265076,32.93247661543632
2033-10-07,30.473843901482937,27.23597652888475,33.44846536716839
2033-10-08,30.28621017126581,26.925425761260932,33.330338033672746
2033-10-09,30.23630124518309,27.414155818947357,33.09151379257349
2033-10-10,30.338262423035985,27.428161434552422,33.35171927287047
2033-10-11,30.19015410822885,27.26714611396684,32.954223727833075
2033-10-12,29.91823157839493,26.910315269816127,32.71213992720589
2033-10-13,29.737083443682238,26.531949036321734,32.623404739642545
2033-10-14,30.18850268514771,27.060174234454593,33.069048483400486
2033-10-15,29.988482059809673,27.049822269731205,32.91018745909725
2033-10-16,29.925819380264663,26.68166163566233,33.157280569548995
2033-10-17,30.014863964407244,26.932883632440767,32.95409690396118
2033-10-18,29.85393693662527,26.780413085276997,32.841123576266114
2033-10-19,29.569602478592163,26.491491537684475,32.69783904383175
2033-10-20,29.376795538298456,26.51573997573381,32.43593814887473
2033-10-21,29.817680278410712,26.68260285073324,32.775656180076055
2033-10-22,29.608631506414472,26.601805260778573,32.663574170262315
2033-10-23,29.538825101966744,26.598824956871688,32.575090699331575
2033-10-24,29.622969278856097,26.61914082062581,32.80939016141326
2033-10-25,29.45970992044422,26.472504173092737,32.36925352854553
2033-10-26,29.175887641039683,26.562978607048898,32.27629590913217
2033-10-27,28.986652614000874,25.99525215815292,31.74368429383343
2033-10-28,29.43431193939524,26.61915988249293,32.39246396984757
2033-10-29,29.23530222822902,26.09116591276125,32.21413377831375
2033-10-30,29.178773780924903,26.03033344527423,32.13955974639048
2033-10-31,29.279318474627615,26.2158463686009,32.31840227739764
2033-11-01,29.135374780595797,26.142327432508434,31.94694629153064
2033-11-02,28.873487644540848,25.795566702897364,31.87139199468032
2033-11-03,28.708429245809967,25.7052081949835,31.676055486314286
2033-11-04,29.18205527781274,26.319130001952523,32.15192566599823
2033-11-05,29.010289193920343,25.833395864119474,31.794087317294345
2033-11-06,28.981720468273128,26.102167960520596,32.04600460994594
2033-11-07,29.110348571876795,26.01558454141416,32.25257926646158
2033-11-08,28.99400559790142,25.96958485871793,32.15283169704404
2033-11-09,28.758634723593993,25.94115299728592,31.57336929869079
2033-11-10,28.618429938184875,25.547805760957473,31.429681376225624
2033-11-11,29.11471107010709,26.271393186156217,31.97912822603043
2033-11-12,28.962925945665457,25.93125204370921,31.9299590881204
2033-11-13,28.9512651327994,25.954072575053843,32.20864740971566
2033-11-14,29.093420410576787,26.192938816709784,32.25343761131185
2033-11-15,28.98701939254,25.91184588127406,31.96156276312917
2033-11-16,28.757913056548393,25.818489937742427,31.933294483672682
2033-11-17,28.620321261270412,25.420760134102466,31.61451133992097
2033-11-18,29.1157100312002,26.26474609517386,32.22833012673764
2033-11-19,28.95979229768576,25.966394190801157,31.85754655630555
2033-11-20,28.941137517924425,25.90498474948812,31.810062611336154
2033-11-21,29.07392139590178,26.124270872135924,32.04779527732237
2033-11-22,28.956348330990753,25.818976468004717,31.95920481573307
2033-11-23,28.71492365374254,25.779394180347655,31.6493943149976
2033-11-24,28.56458113719803,25.694589895854183,31.713817076895143
2033-11-25,29.047540063646963,26.066040892746535,32.0552295266863
2033-11-26,28.880284108083195,25.888606318866795,32.00195245091608
2033-11-27,28.852148092969404,25.88021589309865,31.970218832061924
2033-11-28,28.97804451130184,26.035178476483726,31.911112173854878
2033-11-29,28.85686313688153,26.014702321610923,31.813852670926305
2033-11-30,28.615721473835407,25.623456051688024,31.526458267257908
2033-12-01,28.47007220447856,25.238992547698764,31.411043000704836
2033-12-02,28.962542543917124,26.000723020953878,32.20934438961068
2033-12-03,28.809898329216026,25.897563550308398,31.67813274274307
2033-12-04,28.80161938476293,25.60120743937901,31.70761298955276
2033-12-05,28.952618452658825,25.893433776786015,31.994349826338777
2033-12-06,28.8616372909033,25.84615649530878,31.86227760308669
2033-12-07,28.655497857746813,25.567335330035093,31.81426553394471
2033-12-08,28.549214783769926,25.459613361674442,31.634664403741624
2033-12-09,29.084843956273925,26.026047091809584,32.32814115630171
2033-12-10,28.978459834929104,26.095316109858963,32.13592350820161
2033-12-11,29.01874771136181,26.167235052362837,31.947573629268092
2033-12-12,29.21974276115172,26.374637744120324,32.30512237296682
2033-12-13,29.17924895124073,26.099548517323036,31.974711613905107
2033-12-14,29.023115097006258,26.007470540251852,31.906435591587083
2033-12-15,28.965373579857392,25.782349056373025,31.947149448835276
2033-12-16,29.5471158124071,26.56653066250573,32.60095116545215
2033-12-17,29.48349630706596,26.61118027164988,32.65213865773338
2033-12-18,29.56235079447416,26.401536991196565,32.51408004031493
2033-12-19,29.79695949302461,26.879789710976898,32.913871555476284
2033-12-20,29.784487886558672,26.920505590011295,32.742290334312074
2033-12-21,29.650281660679006,26.555774074797462,32.79305975310593
2033-12-22,29.60802074609329,26.827873040613614,32.51269988514639
2033-12-23,30.198606091871174,27.097568717585784,33.2043318149091
2033-12-24,30.137170672803073,26.942693170902917,33.196094792825946
2033-12-25,30.211699948750695,27.114624233920175,33.143229825925786
2033-12-26,30.435792779507388,27.179975014983004,33.45411636159193
2033-12-27,30.40709518846419,27.492051817644807,33.22391805077885
2033-12-28,30.25158379548832,27.09885546592595,33.144536969235276
2033-12-29,30.18370416670335,27.26590605991745,33.17680291493689
2033-12-30,30.745238124458425,27.908647844545172,33.63290134948378
2033-12-31,30.65229205148449,27.65222222627509,33.70853266351651
2034-01-01,30.693892031410904,27.761787969628273,33.80776088689942
2034-01-02,30.88471752991185,27.88295956849458,34.00918842511356
2034-01-03,30.823506767181204,28.040057880483513,33.861221589736175
2034-01-04,30.63731139410404,27.628027874312473,33.90677338387962
2034-01-05,30.541606523640013,27.47559369548307,33.52819389911086
2034-01-06,31.079130953077986,28.04940184694484,34.01566308501845
2034-01-07,30.96685036902421,27.907407990816704,33.88290795261059
2034-01-08,30.994530078740244,28.17043183376807,34.076962313570284
2034-01-09,31.177449596738366,28.182359938088233,34.26181261560637
2034-01-10,31.114792766864703,27.892282091110065,34.17592914136405
2034-01-11,30.93389145147236,28.050885645352277,33.98593706389685
2034-01-12,30.850329135831885,27.95300058284554,33.906994162843056
2034-01-13,31.406779448909646,28.56703857377728,34.48210697553675
2034-01-14,31.319972422053883,28.324331943286527,34.354218043548435
2034-01-15,31.37927492218191,28.361487905938866,34.229765299615494
2034-01-16,31.599417348076432,28.817834298578966,34.50085249213381
2034-01-17,31.578899903573483,28.611251521316937,34.45691045875678
2034-01-18,31.44425599752963,28.219118243872938,34.313135636325796
2034-01-19,31.410178536073257,28.440483739550398,34.40538020744461
2034-01-20,32.01838344191525,28.847007107258587,35.04385852095112
2034-01-21,31.984602491920807,29.218648268158198,34.993498262212064
2034-01-22,32.09719113677871,29.019389490957188,35.01007801836991
2034-01-23,32.36988259901961,29.360255451439436,35.187164537254574
2034-01-24,32.40022077453258,29.1202721735091,35.51792641155033
2034-01-25,32.31384872582089,29.326160019808633,35.398263323064256
2034-01-26,32.32465782015903,29.05608197582814,35.2294180572429
2034-01-27,32.97367120532359,29.80031550517249,35.953207381883026
2034-01-28,32.976053160933326,30.096474071120802,36.09198199821966
2034-01-29,33.11972954113164,30.252010381731953,36.08282441895537
2034-01-30,33.41815027469958,30.333759233218892,36.32059108182411
2034-01-31,33.4687262449162,30.46185284609866,36.27950048152378
2034-02-01,33.397117267455116,30.449313003297704,36.38082013345986
2034-02-02,33.41737628398662,30.469240070770095,36.30494606348821
2034-02-03,34.07082366061212,30.94191614204495,37.01590301844875
2034-02-04,34.07304345124723,31.057598724204293,36.96279110673077
2034-02-05,34.21248727910265,31.179400023396752,37.200115605752146
2034-02-06,34.50321734157124,31.456708869563172,37.38958477601634
2034-02-07,34.54332148518846,31.49377795268635,37.69957233807663
2034-02-08,34.459177759156795,31.242524412881902,37.52648823474473
2034-02-09,34.46557430012079,31.624367065645163,37.66126758622906
2034-02-10,35.10455919461479,31.88321033889876,37.973817832728464
2034-02-11,35.09241293573273,32.04495460094073,38.01717947065947
2034-02-12,35.21822985981605,32.314677393506514,38.156567730609
2034-02-13,35.4966407548921,32.57069407530155,38.37625883377678
2034-02-14,35.52621020697026,32.35707808120209,38.62786875106769
2034-02-15,35.433686626345846,32.557173909510006,38.579630038580135
2034-02-16,35.434111238273914,32.265577351790625,38.31684370995486
2034-02-17,36.06966100113823,33.0467077240483,39.074345560541744
2034-02-18,36.056618260885614,32.960682456916416,38.870878871037135
2034-02-19,36.183953589571374,33.434909725599546,39.17830297834616
2034-02-20,36.46605392990015,33.267045069629106,39.39638750673953
2034-02-21,36.50112941250514,33.461809233802256,39.66501818837775
2034-02-22,36.415476465554136,33.35055712809278,39.538212813580124
2034-02-23,36.423603065376014,33.47185061722464,39.56744942339563
2034-02-24,37.0670905560751,33.989243610369385,40.2323477378214
2034-02-25,37.061584228957194,33.938073225983054,40.148052381568135
2034-02-26,37.19539842803836,33.94204959350448,40.250105381396665
2034-02-27,37.48226757966026,34.599489039985926,40.641025384441846
2034-02-28,37.51977576934044,34.37016694348222,40.41954018822848
2034-03-01,37.43364174523018,34.205156460467364,40.102326965825036
2034-03-02,37.43786448337843,34.63210736633617,40.54386051809002
2034-03-03,38.07360307826895,34.898539653277176,41.163643118063874
2034-03-04,38.0561825549305,35.093569179422715,41.06457124268106
2034-03-05,38.17371086328743,35.18282105075059,41.07970881516041
2034-03-06,38.43983805208038,35.457922941607606,41.297535471798454
2034-03-07,38.45218996276541,35.73901265734992,41.4652943033244
2034-03-08,38.336653167477365,35.15212295354747,41.21567798753984
2034-03-09,38.30751626357425,35.26967863499698,41.38462871853457
2034-03-10,38.906341399872645,35.98079334297202,41.84368509053179
2034-03-11,38.84895787380958,35.85684453984273,41.87897325998877
2034-03-12,38.924063427607635,35.93255140262847,42.01942696540776
2034-03-13,39.14596472205206,36.1017641095924,41.91706244794528
2034-03-14,39.1129899088918,36.24537703638782,41.93605724155629
2034-03-15,38.951750688455185,36.26474846785852,42.0558633776947
2034-03-16,38.87725968937234,35.92864536425193,41.89875090748268
2034-03-17,39.43177780932611,36.45889581943114,42.538417256870105
2034-03-18,39.33178413597958,36.38642322336364,42.319110272476756
2034-03-19,39.3665548478434,36.50566261721962,42.40614197942444
2034-03-20,39.55088331291946,36.47232711364878,42.833579494228665
2034-03-21,39.483474989744714,36.47821166301328,42.58391355688682
2034-03-22,39.29119512345253,36.16946745224403,42.19429944663291
2034-03-23,39.18917558261613,36.06450213507865,41.91228621128682
2034-03-24,39.71965587083458,36.626864847359066,42.64350707070719
2034-03-25,39.59895119981258,36.59567479618476,42.75840051894211
2034-03-26,39.61603415440243,36.65067014831075,42.59465730149305
2034-03-27,39.785262155649484,36.88193200518502,42.797753059872264
2034-03-28,39.704784170906876,36.79825241933152,42.58154896303763
2034-03-29,39.50080436762427,36.614057758034164,42.41432597327971
2034-03-30,39.387708627484585,36.42411234488167,42.42127461809311
2034-03-31,39.90692840436048,36.965874435282856,42.892131555868
2034-04-01,39.773934156441804,36.75748944097755,42.73636542314775
2034-04-02,39.77684413941367,36.72751034240705,42.63489545808147
2034-04-03,39.92917995770579,37.034949869942395,42.98646068941153
2034-04-04,39.828301472298506,36.92373338253435,43.00864106727893
2034-04-05,39.599697894883846,36.636012059799235,42.67666059771208
2034-04-06,39.457140128221795,36.44505356768147,42.38656253451511
2034-04-07,39.94156801540398,37.16639847277238,42.95091891219322
2034-04-08,39.76810396902197,37.02077348746435,42.75806535634321
2034-04-09,39.72467809289315,36.77857922027652,42.571830852069574
2034-04-10,39.82479562575215,36.639385792262615,42.94743054510086
2034-04-11,39.66597886278742,36.63680802093273,42.73405734792437
2034-04-12,39.3740600821913,36.253005045684205,42.315287227016064
2034-04-13,39.163330384829564,36.11656119045215,42.18328688243846
2034-04-14,39.5754181153153,36.56209102223945,42.684858472609974
2034-04-15,39.3262885002899,36.62571867496128,42.67691010668548
2034-04-16,39.2048499377547,36.13939203691052,41.998980653783576
2034-04-17,39.2256982367677,36.044572826013535,42.117656252152635
2034-04-18,38.98753157009277,36.10031477185076,41.88770870436528
2034-04-19,38.61741339406133,35.59327244004477,41.663434939543144
2034-04-20,38.33088907128326,35.37086709547789,41.61070784616409
2034-04-21,38.67083076920382,35.56328086281987,41.61928209348372
2034-04-22,38.35440322642928,35.1305663618931,41.360008344247476
2034-04-23,38.1716368005668,35.2501432099041,41.0851026388281
2034-04-24,38.13814007210527,35.179331460527614,41.250410555368845
2034-04-25,37.85348570846279,34.92686049310864,40.818555183569714
2034-04-26,37.44544772247614,34.47276134158924,40.50949340730643
2034-04-27,37.130096652636745,34.33321682227431,40.24704561200016
2034-04-28,37.450627917203946,34.45163580705334,40.54808487394392
2034-04-29,37.124316479473435,33.974139850562345,40.32760698170162
2034-04-30,36.941084631860676,33.863124065983214,40.051115090864535
2034-05-01,36.9162154025118,33.80658936323251,39.97484270316689
2034-05-02,36.6487453444581,33.572123124619885,39.64361018809964
2034-05-03,36.265714720274914,33.4449889015944,39.13005918331588
2034-05-04,35.982281312736596,32.76647206607893,38.999091942870585
2034-05-05,36.340572647722404,33.22242659648677,39.27844839431988
2034-05-06,36.05666914322567,33.136529029367736,39.04152632688795
2034-05-07,35.91920422765435,32.75079995656315,39.02456125213542
2034-05-08,35.942113045967076,32.90879698175754,39.033452957897865
2034-05-09,35.72306253213814,32.6846658547982,38.641725974850566
2034-05-10,35.387739810464325,32.25238674440621,38.349384086339796
2034-05-11,35.15000406630316,32.05515620755683,38.163171620026716
2034-05-12,35.55077557428418,32.52752944539216,38.289683508206586
2034-05-13,35.30505332305576,32.06533345936076,38.47780576817462
2034-05-14,35.20054625944558,32.2666104789928,38.32922726217129
2034-05-15,35.250448835023626,32.26264107470321,38.12347317080237
2034-05-16,35.05189281059474,32.186007281498185,38.15453273179868
2034-05-17,34.730251595646976,31.571551454844954,37.70789746827539
2034-05-18,34.499301736683854,31.537121318842754,37.51173975483905
2034-05-19,34.900114891579285,31.91370998222714,37.90146506260489
2034-05-20,34.64807156577376,31.660969612958937,37.67786192783754
2034-05-21,34.531481664589336,31.428919183105833,37.62835630407023
2034-05-22,34.564342771819994,31.590746614112845,37.6770659059211
2034-05-23,34.344768528777315,31.30019868691128,37.490693254547104
2034-05-24,33.99926399121069,31.12744358754065,36.84206564282437
2034-05-25,33.742853344968886,30.695434850508995,36.54945006955926
2034-05-26,34.11793423100038,31.183447663459443,36.9264790401027
2034-05-27,33.84125099124751,30.926826892487707,36.77387949877998
2034-05-28,33.702473019421866,30.594871989190455,36.83217530514963
2034-05-29,33.716910319630244,30.497440086518676,36.79300875937947
2034-05-30,33.483899869732625,30.76406980750764,36.46673913815264
2034-05-31,33.13104088511905,30.048367175880255,35.89985162922055
2034-06-01,32.87428554312468,29.997655747874774,36.142643672009925
2034-06-02,33.256760525408374,30.167582784579707,36.145009421532194
2034-06-03,32.995712691790786,29.925005030957948,35.96049948756955
2034-06-04,32.8810659375466,29.94960233781406,36.084048311179565
2034-06-05,32.92812204509867,29.92989304638902,35.84331187816677
2034-06-06,32.73593965346633,29.616132569401238,35.54371378677618
2034-06-07,32.43156976934322,29.440981003139747,35.34890834874639
2034-06-08,32.23015449860412,29.115738406344516,35.270770714047934
2034-06-09,32.6737642589158,29.625373994206033,35.52446045806793
2034-06-10,32.47836647560777,29.423350889320872,35.60616951423266
2034-06-11,32.43241229293459,29.259965833493904,35.36429901004838
2034-06-12,32.54957339570887,29.477980139388624,35.79798362859781
2034-06-13,32.42716217026977,29.46044326490649,35.610504594201856
2034-06-14,32.19041257875044,29.22635384606649,35.20240261281149
2034-06-15,32.05262724739728,29.00248367449548,35.18807005902206
2034-06-16,32.55406475460445,29.377733128884177,35.75529452415927
2034-06-17,32.40895878277233,29.374005744965075,35.393013953042775
2034-06-18,32.40415430127691,29.345771250923406,35.46856731888696
2034-06-19,32.55189152076574,29.541823086555837,35.367186269826924
2034-06-20,32.44826954018816,29.234362198727574,35.31658506906269
2034-06-21,32.21756583621569,29.265884637104968,35.309721086398255
2034-06-22,32.072415988637125,29.241140503042942,35.158032839024415
2034-06-23,32.55272666841456,29.549075694727335,35.307277914674884
2034-06-24,32.37271276885312,29.347340457539072,35.515150896974
2034-06-25,32.31954326137175,29.17559169760382,35.28894212530316
2034-06-26,32.40612614540698,29.621939217862344,35.675500618941214
2034-06-27,32.22956426992401,29.32113111831747,35.38402399417676
2034-06-28,31.9154582642554,28.618324526002297,35.010230878569324
2034-06-29,31.678061291350136,28.528619338757892,34.60642054126553
2034-06-30,32.05915919380255,29.168696373786645,34.92511819641882
2034-07-01,31.775067667918496,28.821208597317955,34.78019589875361
2034-07-02,31.615231994323914,28.49162907047927,34.55755178968421
2034-07-03,31.5949608097413,28.47105826753181,34.77528289375782
2034-07-04,31.313826951804757,28.252943546340266,34.42562088079284
2034-07-05,30.899912975883346,28.16167630008495,34.08547790118129
2034-07-06,30.56990748942219,27.766831407522858,33.38628218200852
2034-07-07,30.86792734041265,27.672806086263318,33.72944072264012
2034-07-08,30.512458756765643,27.302537931166366,33.501798900467975
2034-07-09,30.294904383406763,27.112701946908174,33.40717654222215
2034-07-10,30.23226903973222,27.223464610749332,33.45585097341826
2034-07-11,29.92551845146638,26.94969453325507,33.06935802149415
2034-07-12,29.50378963047423,26.466996457788213,32.478181326534376
2034-07-13,29.184459946521695,25.9710685012438,32.29114505265666
2034-07-14,29.511950626640804,26.312308635350377,32.68233467651028
2034-07-15,29.20465826022885,26.22199140869988,32.35283383616074
2034-07-16,29.053501508010484,26.054117165202157,32.12846687502235
2034-07-17,29.074615852352423,26.151324874324537,31.883867997093432
2034-07-18,28.86773042169092,25.792656945778432,31.849704950518703
2034-07-19,28.5604051110392,25.551273991448653,31.691845770778613
2034-07-20,28.368134373443414,25.369676944889235,31.301374058865335
2034-07-21,28.833192549170857,25.9653450619811,31.713879251838055
2034-07-22,28.671613265511425,25.56592734543012,31.703703367535216
2034-07-23,28.67178891157889,25.98831183906533,31.692674612129963
2034-07-24,28.847221714971617,25.785853307774783,31.540813375717864
2034-07-25,28.79495906004422,25.528268561592032,31.57744271107192
2034-07-26,28.639889831090617,25.851308543143965,31.584726022523856
2034-07-27,28.594906708341984,25.60233614542917,31.483903123365174
2034-07-28,29.19980786591008,26.130345166906793,32.15288527589174
2034-07-29,29.168329252717623,26.029428245725544,31.902573308864813
2034-07-30,29.286792209119284,26.387940762641822,32.25581854054801
2034-07-31,29.566896826159645,26.711932066358433,32.77077457189124
2034-08-01,29.604192726878946,26.565018472420814,32.43644557050868
2034-08-02,29.52240327541064,26.58862750225918,32.715979140380654
2034-08-03,29.53360756527041,26.64213564870129,32.72138887084764
2034-08-04,30.17715327327551,27.393021594200576,33.212638769240385
2034-08-05,30.166691418091414,27.271661712970698,33.237578847540966
2034-08-06,30.288817855720907,27.165676994874055,33.22665635969985
2034-08-07,30.55585221523475,27.56988870011168,33.5959396450138
2034-08-08,30.564286456537342,27.433025004033357,33.56599920384025
2034-08-09,30.439079748298095,27.24896334968278,33.45912034804587
2034-08-10,30.393804879079124,27.257604853633012,33.357416523708125
2034-08-11,30.969520293659027,27.957167977678495,33.9449245886497
2034-08-12,30.881759914514646,27.936212124170115,33.870445136012975
2034-08-13,30.91912678578878,27.797328769135266,34.057108442645315
2034-08-14,31.09602249893805,27.97208059587684,34.24767252484844
2034-08-15,31.011045854616956,27.976282206980738,34.016433861680675
2034-08-16,30.791238714712822,27.69173086240237,33.920586495077075
2034-08-17,30.652185463272474,27.568063038780952,33.57916442804982
2034-08-18,31.136841293074227,28.21604550837053,34.20439784987359
2034-08-19,30.962482493174438,27.82773141110732,34.00019192773366
2034-08-20,30.919265655874927,27.679836853563454,33.8591168000407
2034-08-21,31.02292848846825,28.103449138019677,34.06702228178872
2034-08-22,30.87316623927383,27.89080763390507,33.92240067822054
2034-08-23,30.59786206449226,27.59159556265819,33.454470931895244
2034-08-24,30.413177938928875,27.35903014354143,33.410658784416086
2034-08-25,30.862381322588433,28.024487015123448,34.034501464255165
2034-08-26,30.662800569348278,27.502828920059205,33.81250058613842
2034-08-27,30.604395632094125,27.377865127779835,33.53988992070689
2034-08-28,30.702476224958374,27.573715055716427,33.78414631212534
2034-08-29,30.55610078522586,27.46074006035383,33.50577013773656
2034-08-30,30.292333774172118,27.343587110793745,33.18353250225511
2034-08-31,30.126367037209278,27.118344425677922,33.16158779176158
2034-09-01,30.600379484396193,27.67471121106296,33.60770719579676
2034-09-02,30.430527086391063,27.30348909190661,33.25154659183159
2034-09-03,30.40554873811056,27.345341952435,33.48874868314457
2034-09-04,30.539519165880588,27.548910029886912,33.60821866461499
2034-09-05,30.43028128057139,27.418818024606654,33.633960712933565
2034-09-06,30.20373464610498,27.24817137045608,33.19791752600787
2034-09-07,30.073985006959358,27.083761562024442,33.0097916393673
2034-09-08,30.582228471564974,27.645628936803423,33.696803946274635
2034-09-09,30.44376181129429,27.273979188016618,33.384064501437365
2034-09-10,30.44660403217186,27.509076217850186,33.55189904114246
2034-09-11,30.604260147871386,27.538020557394443,33.49764685659966
2034-09-12,30.514159459952154,27.50828035549277,33.29609165351767
2034-09-13,30.30194506727706,27.19794899718895,33.1643577216294
2034-09-14,30.181619743867657,27.031827107867944,33.25571698944562
2034-09-15,30.69442211080913,27.718060437252163,34.00735287973836
2034-09-16,30.555825009691095,27.520847340885428,33.55154921396739
2034-09-17,30.55414178476965,27.836434793301773,33.66818442666815
2034-09-18,30.703272034745037,27.517732472410618,33.64838585685624
2034-09-19,30.601119833140444,27.666062568919664,33.620447085876464
2034-09-20,30.373861869834798,27.459481977370487,33.55031191487512
2034-09-21,30.236071397501814,27.08441875152894,33.241922530467036
2034-09-22,30.729572643375043,27.884530015007385,33.92272797213706
2034-09-23,30.57041829638437,27.47767958783082,33.307604984363394
2034-09-24,30.547476425724785,27.678178653730647,33.47114550666166
2034-09-25,30.675158968204666,27.533373094406716,33.591094859856305
2034-09-26,30.551825270816217,27.574823312120216,33.59641593299773
2034-09-27,30.304038526450583,27.281367087819962,33.30845917105456
2034-09-28,30.146681260093214,27.099626226491715,33.12110822213751
2034-09-29,30.621804681770705,27.78523253114099,33.648753751917965
2034-09-30,30.445604552242955,27.66509133338134,33.52691187975909
2034-10-01,30.407009835509918,27.4343335226656,33.53493779239868
2034-10-02,30.52041608083733,27.52896770759684,33.687205216060285
2034-10-03,30.38409672270186,27.487754456096713,33.267016968826916
2034-10-04,30.12446974723628,27.22878685325756,33.36179844502793
2034-10-05,29.956225416827845,26.77348362232126,32.934331058218554
2034-10-06,30.421189344361224,27.49717982112745,33.45856188112633
2034-10-07,30.235312997969906,27.068769329010642,33.22742535899376
2034-10-08,30.187277324818762,27.14196419240811,33.290529038493254
2034-10-09,30.291240850836807,27.200305827914686,33.26567847560961
2034-10-10,30.145264878773734,27.266753476790324,33.21758712343772
2034-10-11,29.87559270587544,26.8807794964123,32.81491389854427
2034-10-12,29.696788081925607,26.40044509593343,32.77415151413768
2034-10-13,30.150606799954236,27.258460226451174,33.08700787011196
2034-10-14,29.952993186050442,26.952597531542718,32.966493323199494
2034-10-15,29.892686957010564,26.85133557340551,33.01260854120322
2034-10-16,29.983971684437673,26.90589582233522,32.925658245684616
2034-10-17,29.82509747405724,26.946947104723833,32.86037613204003
2034-10-18,29.542554872594177,26.48804321935877,32.52752353702177
2034-10-19,29.35120541482268,26.354238507163192,32.3335846761345
2034-10-20,29.793142988901067,26.744322742544693,32.700527168339214
2034-10-21,29.584678155977805,26.543488856290146,32.572686525349376
2034-10-22,29.514931333286995,26.43840993403558,32.68067832351804
2034-10-23,29.598566575565027,26.52942357035044,32.64619739186257
2034-10-24,29.43419909850138,26.266765903567283,32.575280012645194
2034-10-25,29.148654111935116,26.10677265664594,32.44736081572319
2034-10-26,28.957082932341226,25.790396554161887,32.059536479058934
2034-10-27,29.401811092121946,26.411678824897873,32.229339034317206
2034-10-28,29.199311085210194,26.337761478207273,32.006478630009624
2034-10-29,29.138786108547237,26.313017464380138,32.20013272326842
2034-10-30,29.234896915843585,26.398358131382604,32.42211909502788
2034-10-31,29.086165226888742,25.83331107649548,32.00864108449362
2034-11-01,28.81923146693926,25.691074925717277,31.68949201955087
2034-11-02,28.64897291209892,25.71377603166896,31.59473588015607
2034-11-03,29.117356959803292,26.041982601467097,32.06923597443658
2034-11-04,28.940422059684344,25.764783006636755,32.0998832695994
2034-11-05,28.906872456667415,25.86564748096844,31.81549660304707
2034-11-06,29.0308185575855,25.889278201519126,31.842996568863224
2034-11-07,28.910195970720462,25.799913316715543,31.880179331486953
2034-11-08,28.671040522464633,25.640905131030017,31.770555554482367
2034-11-09,28.5276247945573,25.413455668357113,31.719153470898544
2034-11-10,29.021330323038903,26.194549824876106,32.23701447869066
2034-11-11,28.867647389002506,25.92118954702706,31.952894471710344
2034-11-12,28.854787939795713,25.85829688185144,31.862914866432796
2034-11-13,28.99644285023511,26.02165416959978,32.079261635046755
2034-11-14,28.890216002775855,25.838245482618884,31.807311590232846
2034-11-15,28.661911969857524,25.643387178542955,31.654858327045297
2034-11-16,28.525682387902027,25.481678837215288,31.41377201811209
2034-11-17,29.022904792278116,26.054665175514863,32.03885254122003
2034-11-18,28.869185566387863,25.786480689491146,31.858857139181048
2034-11-19,28.852972371551136,25.858418814390383,31.567852307841274
2034-11-20,28.988307206921977,25.848162743070592,31.966228114614598
2034-11-21,28.873252632931123,25.97007788471614,31.712169108858767
2034-11-22,28.634168110821747,25.728015969864536,31.705392499209772
2034-11-23,28.485841827946004,25.590243843968864,31.49208807829776
2034-11-24,28.970352161907712,26.023473845803835,31.926476137481213
2034-11-25,28.80405091358978,25.6983901923238,31.855435504843676
2034-11-26,28.776154231950656,26.000224747768904,31.966458875579143
2034-11-27,28.90147299953798,26.21318799490046,31.70153246256717
2034-11-28,28.778815876910098,25.640451125717828,31.713846414325932
2034-11-29,28.53524264864855,25.632678045116936,31.571950053884684
2034-11-30,28.386173935271128,25.472527886308335,31.424959432498554
2034-12-01,28.874232102323603,25.821828554148503,31.883751461493926
2034-12-02,28.716206137553186,25.888747193234504,31.90360650406667
2034-12-03,28.701627002918816,25.675419356337038,31.609072939084996
2034-12-04,28.845485738770375,25.58352286453014,31.800454859822562
2034-12-05,28.746627935405726,25.790558479897264,31.742749149921494
2034-12-06,28.532002526528252,25.508434770499363,31.49377859013329
2034-12-07,28.416771165375103,25.446375551896658,31.409978466667393
2034-12-08,28.9431530885917,25.948722771328786,31.904174295340997
2034-12-09,28.827398186551687,25.693642971109668,31.90171936749255
2034-12-10,28.858374608945596,26.04213107524274,31.997350117474127
2034-12-11,29.05030288336667,26.205641430317012,31.75534999592268
2034-12-12,29.001169748576146,26.024633346226295,31.987650451623836
2034-12-13,28.83699914078496,25.696129662053963,31.691928209645837
2034-12-14,28.771985989097118,25.6595028653916,31.73221386366503
2034-12-15,29.347367049384523,26.476273280488748,32.44185230220475
2034-12-16,29.27842076747443,26.43763611396939,32.29611618143152
2034-12-17,29.353081741757222,26.24856676879353,32.37863668727895
2034-12-18,29.584700995305603,26.23606156229055,32.716103021174234
2034-12-19,29.570484505164565,26.42640993912499,32.358868424847834
2034-12-20,29.435786708852596,26.207806471430075,32.525752364515945
2034-12-21,29.394263983032086,26.25516152061812,32.39849870380984
2034-12-22,29.98676173910633,26.95597242362146,33.110645349014774
2034-12-23,29.928326636508046,26.955919090427894,33.161334527007654
2034-12-24,30.006829102762417,27.105394549769365,33.23740013692991
2034-12-25,30.235727110366057,27.376936648755365,33.4150691532119
2034-12-26,30.21250352716361,26.895999042894886,33.06862987165573
2034-12-27,30.062953762910034,26.97516273418432,33.04617341133306
2034-12-28,30.001328843732175,26.983945012774356,33.25045784039747
2034-12-29,30.569207826858623,27.54104491924211,33.42900177633311
2034-12-30,30.48249144739347,27.344272011315944,33.25397966690128
2034-12-31,30.530002690065146,27.3770797486614,33.683627235222446
2035-01-01,30.726225838125433,27.552510640412347,33.69444780320722
2035-01-02,30.6697169995776,27.596144020018862,33.6495179619847
2035-01-03,30.48736357863998,27.411514209693827,33.34304599874066
2035-01-04,30.39449860958978,27.57598024183637,33.45758134446498
2035-01-05,30.93374466837453,27.94739574333178,33.969646194203335
2035-01-06,30.821980051239763,27.685561410701162,33.956683799595254
2035-01-07,30.848913681823824,27.517169018017537,33.7742369628018
2035-01-08,31.029801016502557,27.99802826367826,34.13719293925141
2035-01-09,30.963834593767004,27.637309570739877,33.79644539387023
2035-01-10,30.77838725040072,27.90054490714583,33.86622468231208
2035-01-11,30.689114369708598,27.662219024315046,33.64639480002495
2035-01-12,31.238790205404868,28.326779425547574,34.3544427391996
2035-01-13,31.14427116925038,28.137196240504956,34.08558682064635
2035-01-14,31.195072607779462,27.924509872763174,34.15124668431021
2035-01-15,31.406091264868156,28.438741856008303,34.49504931889764
2035-01-16,31.376006868432846,28.35322443034562,34.500596455508145
2035-01-17,31.23154052824625,28.127039844630964,34.234314161844864
2035-01-18,31.187575855979937,28.25823060056187,34.19775495015314
2035-01-19,31.78601729220534,28.986934578593395,34.956044933880754
2035-01-20,31.742777881212593,28.890310486178073,34.86975773554882
2035-01-21,31.84638230269757,28.82582354164894,34.925479740602846
2035-01-22,32.110716592839,29.045632334545644,35.37915686991159
2035-01-23,32.13345720338884,29.141631903897217,34.92117957057771
2035-01-24,32.04035629400521,29.206438827270755,35.04823094691791
2035-01-25,32.04538839843625,29.034138999246387,35.28562093319932
2035-01-26,32.68963222253934,29.558203693704343,35.96117658676185
2035-01-27,32.68827915352342,29.690865037111582,35.772316202661976
2035-01-28,32.82925371244298,29.884682518299936,35.822748924596674
2035-01-29,33.12597690671052,30.245280558381715,36.1396810953637
2035-01-30,33.17580477062357,30.39430426423002,36.35286262665132
2035-01-31,33.10431875379549,30.15326701700956,36.041162078118894
2035-02-01,33.125472994596876,30.19156576898041,36.12476641787865
2035-02-02,33.780472267568676,30.770334550326613,36.537924853182474
2035-02-03,33.784772348137736,30.804061838438326,36.30300178777107
2035-02-04,33.92668831808253,30.99263080810309,37.0122922286151
2035-02-05,34.220142178332914,31.136564145677262,37.24923758882835
2035-02-06,34.26308257226634,31.301764225862808,37.32879197843664
2035-02-07,34.18175388415797,31.26413890392495,37.08139392758718
2035-02-08,34.19082042559363,31.027337704939946,37.37844575969488
2035-02-09,34.83222022465468,31.9287693388622,37.84622796507701
2035-02-10,34.82214091507199,31.73142070668811,37.88216581534493
2035-02-11,34.94960400768178,31.70554430524179,37.91956765470407
2035-02-12,35.22918965141158,32.052438342893765,38.304096175827326
2035-02-13,35.25943538700772,32.11072784727254,38.098321414732176
2035-02-14,35.167086796207,32.194015636579884,38.28111079103647
2035-02-15,35.167206315861606,32.09755311246436,38.087597372804005
2035-02-16,35.80201519036452,32.81342696618654,38.86352566598125
2035-02-17,35.78786140607198,32.84815552470242,38.61550113841067
2035-02-18,35.91380011404057,33.047215076678235,39.102265561045705
2035-02-19,36.19431874325099,33.26760427272136,39.09486248213305
2035-02-20,36.22774027059459,33.24378972987267,39.14600424356085
2035-02-21,36.140482382873984,33.372507440268116,39.174083521086615
2035-02-22,36.14717850778171,32.91980496801203,39.335633658956034
2035-02-23,36.78953527867296,34.10486925627936,39.863841002044325
2035-02-24,36.783318765055974,33.93400341516519,39.70777757288883
2035-02-25,36.91695537620838,33.86344057778116,39.93882483450028
2035-02-26,37.20427897245128,34.0402148676678,39.896915749027954
2035-02-27,37.24295693502202,34.21063988761128,40.33078136006081
2035-02-28,37.15877218895104,34.146783701208825,40.13092870591401
2035-03-01,37.16576641264816,33.97075899721122,40.0797568628522
2035-03-02,37.805118276685185,34.54923943897898,40.83293327911437
2035-03-03,37.792148364971986,35.00015583106538,40.91608918180132
2035-03-04,37.914936071763755,34.93910790261786,41.184185704339924
2035-03-05,38.18707947967122,35.27226299234657,41.19047796360886
2035-03-06,38.20613054125622,35.077096300319134,41.208544414279565
2035-03-07,38.09788224544659,35.29922812810013,41.04841042254354
2035-03-08,38.076512814612265,35.28752619113469,41.041998803100654
2035-03-09,38.68346071871264,35.68681805749247,41.788221389468674
2035-03-10,38.63442223782441,35.70249906219013,41.45486242254285
2035-03-11,38.71795707712651,35.78565121427328,41.771890319993396
2035-03-12,38.94823337664162,35.870501328550446,41.99956282853414
2035-03-13,38.92344489236173,35.85267583582922,41.84395185819204
2035-03-14,38.770077587246455,35.88088263882735,41.70790233454808
2035-03-15,38.7030313218231,35.84073694737775,41.67221544744696
2035-03-16,39.26447114166087,36.54215662430656,42.2562347208385
2035-03-17,39.17080064917709,36.24614000111413,41.91075697310866
2035-03-18,39.21124374200312,36.18632607223917,42.39249090474323
2035-03-19,39.40056683620623,36.425305243726264,42.328148056592795
2035-03-20,39.33747510059176,36.32441550541184,42.46484075928974
2035-03-21,39.14886064021103,36.18688554492979,42.04010397199006
2035-03-22,39.0499089461344,36.0757310997683,42.10936449759137
2035-03-23,39.58293864363819,36.73681919629794,42.54413649819438
2035-03-24,39.464367451165764,36.41259558374598,42.460324874198186
2035-03-25,39.48329093277524,36.39489887593652,42.593250038652144
2035-03-26,39.65420632803209,36.85549919226499,42.6073250846223
2035-03-27,39.57541500963062,36.38764312218487,42.512967742164854
2035-03-28,39.37328138717011,36.278204078365206,42.40294762973792
2035-03-29,39.262354312685844,36.26327453564434,42.3422453361438
2035-03-30,39.78422562335022,36.58578122133814,42.895103615278295
2035-03-31,39.6545182122153,36.576810754039776,42.67814074108265
2035-04-01,39.66148957821865,36.71713169907119,42.6886500951974
2035-04-02,39.81878241559278,36.648803662067714,42.8183584826569
2035-04-03,39.7238549982439,36.65865804020997,42.53317356655637
2035-04-04,39.502268334906326,36.520282207251,42.468776047719174
2035-04-05,39.367835285551415,36.47524698419352,42.52406469264339
2035-04-06,39.86150541263196,36.95554762343164,42.618393740213
2035-04-07,39.69837712588122,36.646859358383736,42.538598595889844
2035-04-08,39.66632229483165,36.70452069965757,42.510611350048116
2035-04-09,39.77875419163442,36.68405268326303,42.83892857308291
2035-04-10,39.63307092354925,36.66171714125572,42.65110855336836
2035-04-11,39.35495085557969,36.466611948504145,42.59198822876498
2035-04-12,39.15850487485832,36.01723708753943,42.07297334165125
2035-04-13,39.58515908017637,36.467052433744016,42.42552760641318
2035-04-14,39.35065942121315,36.278379248189566,42.277447232749196
2035-04-15,39.24368358675982,36.46256157429383,42.25734406030787
2035-04-16,39.27859128709558,36.467895705119936,42.27644986071284
2035-04-17,39.05384552360102,35.95015739458757,42.239540941403334
2035-04-18,38.69628191994693,35.86294859358376,41.64007157854684
2035-04-19,38.42123166522606,35.426052181032446,41.499793783194974
2035-04-20,38.77137245684406,35.734638848849166,41.90397580314312
2035-04-21,38.46369985555555,35.51537658080398,41.611260862264004
2035-04-22,38.28810529765281,34.99656930739368,41.28597196834916
2035-04-23,38.26009288613947,35.464263847717284,41.318267180147586
2035-04-24,37.97916853303436,34.994760347207816,40.97417406119096
2035-04-25,37.57307947979298,34.68498656266121,40.511168524250174
2035-04-26,37.257910644126945,34.24546348902448,40.3858878451169
2035-04-27,37.57691299727427,34.65713986634696,40.605272489745204
2035-04-28,37.247457093374095,34.19843788078676,40.17117680628809
2035-04-29,37.05959857665888,34.01489251160645,40.24555988496375
2035-04-30,37.02878822143431,34.08582897256461,40.0911420811779
2035-05-01,36.75426034838968,33.95249744676771,39.838853094348025
2035-05-02,36.36327774394915,33.3896234741316,39.59437512217539
2035-05-03,36.07123945405883,33.03423652017029,39.17111797343419
2035-05-04,36.42052640303714,33.42250885076586,39.49146858897986
2035-05-05,36.12747753468237,33.19501704371223,39.12168635510526
2035-05-06,35.980982715954354,32.84525681213707,38.74352956853569
2035-05-07,35.995224227204126,33.06087763871273,38.974695477726954
2035-05-08,35.76809982538347,32.642446849496736,38.76570644726818
2035-05-09,35.42550454704691,32.52562838945457,38.48365081929936
2035-05-10,35.18147658660477,32.09176144014022,38.27007721083812
2035-05-11,35.577081117566735,32.4384463470102,38.633230324286075
2035-05-12,35.32742365487884,32.270121737199716,38.37004516019701
2035-05-13,35.22027811503287,31.77970436284749,38.18460454246428
2035-05-14,35.268860361142494,32.45208683750857,38.31168365998805
2035-05-15,35.0702792599478,32.21628305254103,38.46474666602249
2035-05-16,34.74984156396615,31.6493160111169,37.77542668404609
2035-05-17,34.52121523225836,31.47884033873384,37.46666806349326
2035-05-18,34.92532448942707,31.96661311287714,38.048955671939325
2035-05-19,34.67736782473595,31.596218990040967,37.76241949199594
2035-05-20,34.56544387706453,31.59734783710574,37.56314919642563
2035-05-21,34.603315975303204,31.590852405733475,37.613354781824704
2035-05-22,34.38884753949706,31.48006594906596,37.29901095693165
2035-05-23,34.048285027525814,30.86959488666237,37.18565453822866
2035-05-24,33.79639359691575,30.751339513283423,36.89815668451919
2035-05-25,34.17531950838428,30.697986804245843,36.97489269501915
2035-05-26,33.901571352015914,30.89056377972067,37.06533143780997
2035-05-27,33.76460604940723,30.71627819965552,36.611461820623134
2035-05-28,33.779551510390526,30.787355294529636,37.0023508598808
2035-05-29,33.5455993298045,30.452350317258134,36.651386866191906
2035-05-30,33.190245427423385,30.165677940670495,36.34795566761827
2035-05-31,32.929385023324016,30.1948619136073,36.148217090227874
2035-06-01,33.30613716756052,30.408322642342615,36.293823424539546
2035-06-02,33.03779203300389,29.739592768904245,36.04780930051705
2035-06-03,32.91436795570187,29.903402052577533,36.09946462674874
2035-06-04,32.95131100546971,29.902039097211155,36.18863189951354
2035-06-05,32.74787122229564,29.56285677355845,35.84460589498727
2035-06-06,32.43133399537128,29.48252007481255,35.339067345450644
2035-06-07,32.217113356010366,29.154252301875133,35.24440365988683
2035-06-08,32.64758257506758,29.789580893563446,35.68688238625397
2035-06-09,32.43903523110531,29.527904310995403,35.43025759359359
2035-06-10,32.38026347558733,29.343592422834075,35.435626393586304
2035-06-11,32.485285809175245,29.565187987333566,35.41121521276473
2035-06-12,32.35175783632544,29.597637822050388,35.30733097090659
2035-06-13,32.10524362322205,29.36603696105046,35.18299325795683
2035-06-14,31.95935341691215,28.841695000536447,34.928639400657644
2035-06-15,32.45462196744679,29.44896134479423,35.45229577337033
2035-06-16,32.30551936539263,29.291610884432984,35.294491591538225
2035-06-17,32.29907979541883,29.26898433649825,35.65069996051879
2035-06-18,32.44767915840189,29.46680941108367,35.3475662026066
2035-06-19,32.34749366850224,29.28702120424101,35.36207181121399
2035-06-20,32.12281572744134,29.07110787991963,35.35848310085016
2035-06-21,31.986231585448113,28.879756331418786,35.0806176846839
2035-06-22,32.47753389118329,29.41368023654166,35.42450823777545
2035-06-23,32.31076004427143,29.12667326570292,35.4027228793263
2035-06-24,32.272840921363255,29.050384636776005,35.45733066989141
2035-06-25,32.376390291067075,29.37358897184139,35.50400319518173
2035-06-26,32.21816659842795,29.361331715154755,35.041151673237074
2035-06-27,31.923383219805572,28.775871613787555,34.862678883887064
2035-06-28,31.705871727515973,28.651136743433362,34.76448169647315
2035-06-29,32.106971528607815,29.023857479507534,35.12821328919462
2035-06-30,31.84253728005234,29.010757530021756,34.90979510683794
2035-07-01,31.70154935480771,28.51547124332488,34.7539584950902
2035-07-02,31.698858575186623,28.776372890011608,34.594277303580476
2035-07-03,31.433597969743957,28.518384472072604,34.44484426752863
2035-07-04,31.033438877078805,28.176626394515388,34.049943967299214
2035-07-05,30.714697273657077,27.457764444822487,33.68792611538113
2035-07-06,31.021165108099723,28.033945208190413,33.989856660897814
2035-07-07,30.67105950561797,27.73919545929222,33.84744792255684
2035-07-08,30.45557658336989,27.361760476009394,33.65847573262269
2035-07-09,30.391582525812087,27.432676005505037,33.31567503342101
2035-07-10,30.07997603779746,26.916646946417924,32.92327434229378
2035-07-11,29.649900753056226,26.49418434205368,32.72471257320652
2035-07-12,29.318814589459123,26.18403875227222,32.33686700904295
2035-07-13,29.631291778455722,26.72959294375938,32.568316701247774
2035-07-14,29.305951183129974,26.245898967053193,32.306550483764006
2035-07-15,29.13399818288182,25.864148057820877,32.02195904529793
2035-07-16,29.13191308342947,26.101373753779136,32.237780585945565
2035-07-17,28.899820244104372,26.009880339728205,31.920707751600453
2035-07-18,28.56571633747157,25.818734224550315,31.784185785352516
2035-07-19,28.345564337768526,25.5422894410947,31.21761540973158
2035-07-20,28.782128349280995,25.715262992856783,31.91833427136248
2035-07-21,28.59194206825904,25.787202335269562,31.628610538753687
2035-07-22,28.56389715269119,25.28927847109499,31.623624197220522
2035-07-23,28.71198329925327,25.71775330644419,31.876242211028636
2035-07-24,28.633712934799302,25.69826836745625,31.62864106978731
2035-07-25,28.45440756168808,25.515188723212496,31.434748615096336
2035-07-26,28.38735092265675,25.220959751331684,31.463668952502584
2035-07-27,28.97268264797014,26.074010818281806,31.98918018006432
2035-07-28,28.924423749932565,25.97631471283887,31.959594137264975
2035-07-29,29.029118867545186,25.947498506096874,32.03032430746481
2035-07-30,29.298625780720524,26.241606880748403,32.13733781495203
2035-07-31,29.328583945887786,26.275021115111898,32.0861015659399
2035-08-01,29.242738089640618,26.036109910887827,32.23740971684407
2035-08-02,29.25312120095587,26.232696580685104,32.38370910865914
2035-08-03,29.898969956560084,26.92699743849383,33.14449457110317
2035-08-04,29.893763527502024,26.76009514252545,32.67814126330595
2035-08-05,30.023870472153646,27.316160234579062,33.2259865348148
2035-08-06,30.301334259540376,27.285395906459385,33.130980455208615
2035-08-07,30.322329417736483,27.298564123698775,33.30801430117893
2035-08-08,30.21146479614817,27.163010110069916,33.16635491743105
2035-08-09,30.181938928918168,26.947639132811457,33.27094117342026
2035-08-10,30.774421355515877,27.592593744592232,33.98036209036261
2035-08-11,30.704051818711832,27.646238122938318,33.677927059973115
2035-08-12,30.759043140153313,27.694973500164597,33.63852163290392
2035-08-13,30.953419504454562,28.04016328419131,34.17369328612917
2035-08-14,30.885423392887432,27.925125493192198,33.989940711654825
2035-08-15,30.681768927284217,27.579613917289855,33.719738197291996
2035-08-16,30.557747874499277,27.53188318840926,33.697000751948295
2035-08-17,31.05606338876352,28.072949125925508,34.010975716585016
2035-08-18,30.893784559881365,27.98030179296997,33.98155730285103
2035-08-19,30.860908612669185,27.857240210915933,33.72545366832571
2035-08-20,30.973063405365437,27.904433233687975,33.944412941777934
2035-08-21,30.829884234715657,27.81996222748544,33.805280520099245
2035-08-22,30.55924330730301,27.61495511344722,33.70531797954772
2035-08-23,30.377338546477247,27.34740651835418,33.40318444950013
2035-08-24,30.82751704386249,27.596483475666847,33.91454239264327
2035-08-25,30.627226265668853,27.68101603879688,33.873879439790066
2035-08-26,30.566579715494758,27.480702633793403,33.59526203855665
2035-08-27,30.661069379845614,27.891786040325428,33.50228245547223
2035-08-28,30.509958477945837,27.397038946259343,33.45588462792696
2035-08-29,30.24053224211042,27.14421659225997,33.30833049576606
2035-08-30,30.06821263859777,26.89871370298508,33.22555299844648
2035-08-31,30.535411476646825,27.406905236685073,33.484773090082705
2035-09-01,30.35851407942155,27.30377952985125,33.40324606606522
2035-09-02,30.32647923475463,27.385636865003494,33.335991898932576
2035-09-03,30.453586749877584,27.583372271862107,33.51571667718884
2035-09-04,30.337865139871525,27.45453990351676,33.20973389567093
2035-09-05,30.10537622239082,26.9991393298059,33.11576544050982
2035-09-06,29.970361638913765,27.070993300768222,32.867924405827836
2035-09-07,30.474124948158714,27.47249285139916,33.36236028961453
2035-09-08,30.332040771502164,27.453953949456803,33.322006304718215
2035-09-09,30.332176139410386,27.353377374774066,33.59069228750877
2035-09-10,30.488054931986255,27.597065368643904,33.499590531884394
2035-09-11,30.397097658778844,27.506734814645053,33.41070145049711
2035-09-12,30.18491321612215,27.128722773704787,33.34502619198029
2035-09-13,30.065447657930996,26.98221752579258,32.9727547054878
2035-09-14,30.579863786308316,27.601990046876615,33.714610291757346
2035-09-15,30.443543338312587,27.54067096005474,33.32692507217788
2035-09-16,30.444697337470018,27.3278025709738,33.12078417474302
2035-09-17,30.597116029355814,27.59393596214684,33.636092119479706
2035-09-18,30.49859126010287,27.5418200636174,33.497600333355464
2035-09-19,30.27518861611599,27.147628665598777,33.3185683384978
2035-09-20,30.141375084342783,27.283125289867026,33.131780608311416
2035-09-21,30.638876782655267,27.58970927588873,33.48793558204313
2035-09-22,30.48365927619007,27.41835379283454,33.570500393216854
2035-09-23,30.464516760804656,27.414641986137926,33.53189916497226
2035-09-24,30.59580219721694,27.62056668223206,33.76356257532003
2035-09-25,30.475831850873412,27.406958792295683,33.32641381517197
2035-09-26,30.231142066883454,27.221228649028525,33.25474225635841
2035-09-27,30.076604451328134,27.201216129859667,33.24476036647753
2035-09-28,30.554274310740734,27.53221911523254,33.627590521658924
2035-09-29,30.380365051202606,27.42559268786061,33.697608048101735
2035-09-30,30.343834884169024,27.44784834120233,33.553952239960736
2035-10-01,30.459117869673978,27.508611689448994,33.634012501103165
2035-10-02,30.324532584775234,27.3949564611084,33.21852208818245
2035-10-03,30.066545973366672,26.977678056133254,33.04675489377175
2035-10-04,29.89989818083053,26.766272859683905,32.88605107683669
2035-10-05,30.366462777199352,27.341740237876294,33.33841910040511
2035-10-06,30.18223455856482,27.106371934002382,33.20547288368894
2035-10-07,30.135930716965312,27.118660169634342,33.223180947368576
2035-10-08,30.24173682706691,27.401129470649224,33.18653435481693
2035-10-09,30.097730349881058,27.112993252504747,33.33039848960923
2035-10-10,29.83015863684295,26.623063564462637,32.658236898961476
2035-10-11,29.65357669904498,26.390706666011056,32.44383199756421
2035-10-12,30.109718658758368,27.204643281531336,32.96129464754501
2035-10-13,29.91449465453739,26.87550245869477,32.85546812010541
2035-10-14,29.85659865346322,26.81344537063628,32.78437787223564
2035-10-15,29.950258374622692,26.7626576668154,33.06777446079772
2035-10-16,29.79365987995927,26.833014908709234,32.75838704275103
2035-10-17,29.513223775900688,26.618375054551436,32.4883571531575
2035-10-18,29.323738355672557,26.320849967344127,32.35236694232911
2035-10-19,29.767223766597056,26.88831216056143,32.72413008741391
2035-10-20,29.55991923684123,26.717773977660183,32.494723978912276
2035-10-21,29.490879164895738,26.506420888634075,32.514957873651035
2035-10-22,29.574709699969315,26.515782099756635,32.31845996499131
2035-10-23,29.409978853242936,26.332360016883335,32.38705628836418
2035-10-24,29.12347761034455,26.06806255648272,32.00204650776736
2035-10-25,28.930337926949075,25.86209767781689,31.91799029430734
2035-10-26,29.372882250169575,26.4214636967174,32.498579178191676
2035-10-27,29.16759714570936,26.153068689146295,32.23090132242326
2035-10-28,29.10371734825736,25.870947133202662,31.879488717468995
2035-10-29,29.195952328462155,26.093409722013845,32.161546282264965
2035-10-30,29.042888816545222,25.60702344743808,32.10477778255686
2035-10-31,28.771247074089665,25.76160522118297,31.77139799210373
2035-11-01,28.595997026757455,25.85745899154884,31.52842868355844
2035-11-02,29.05920903259727,25.792753114214648,31.98834463756449
2035-11-03,28.877031893991596,25.833358259743665,31.828455303799586
2035-11-04,28.838284352780992,25.775879057829805,31.792351148326972
2035-11-05,28.957191979704046,26.101146845130764,31.8349368967652
2035-11-06,28.831802616700582,25.845748689845042,31.624251832948012
2035-11-07,28.58825779091817,25.741259711660486,31.499801772878836
2035-11-08,28.440925760703884,25.386538201535732,31.38493256733532
2035-11-09,28.931270449840934,25.98858842859003,32.18907633759089
2035-11-10,28.774848309787064,25.946511582394976,31.85857674821018
2035-11-11,28.75991874936319,25.619718174373684,31.67867060196402
2035-11-12,28.90019942992759,25.87538100977436,31.949248141706956
2035-11-13,28.793298978182705,25.569563852079916,31.773569875406437
2035-11-14,28.565003955394626,25.56611440572525,31.8129686830616
2035-11-15,28.429425208255324,25.220678148339626,31.403393112116337
2035-11-16,28.9278773854065,26.03111224712854,32.15227728387643
2035-11-17,28.775883265764474,25.76090094426896,31.684650137274172
2035-11-18,28.761788236297846,25.690398574225796,31.8971174565046
2035-11-19,28.89951601841687,25.95420218252741,31.841481204769575
2035-11-20,28.78699810637023,25.553931920245617,31.51377142014538
2035-11-21,28.550453782157145,25.581373254095514,31.47825364931359
2035-11-22,28.404525973069056,25.56867691735813,31.6057731056739
2035-11-23,28.89114698890185,25.66532311923307,31.77825338946934
2035-11-24,28.726526143695907,25.660849272439354,31.983081154562488
2035-11-25,28.699745054473226,25.655437810451197,31.952220712589614
2035-11-26,28.825492253873584,25.916797628454162,31.959340902700305
2035-11-27,28.70247018559047,25.86981233762567,31.62222611915229
2035-11-28,28.45765210236905,25.42670332141438,31.287582871273127
2035-11-29,28.30639481833365,25.05089034831814,31.28564138379965
2035-11-30,28.79128204821323,25.793733116196474,31.778069171273803
2035-12-01,28.629091022545914,25.679570536545754,31.643681258121497
2035-12-02,28.60936882348104,25.58260277613482,31.62520934618065
2035-12-03,28.74715067794874,25.979491551339194,31.835111384498624
2035-12-04,28.641353805996733,25.749127807708415,31.559540436212984
2035-12-05,28.419024785245686,25.554539599287267,31.311801145769156
2035-12-06,28.295446722518896,25.30391787133152,31.18674407007647
2035-12-07,28.81298119128389,25.88268135800598,31.861040505465354
2035-12-08,28.68803772895256,25.57957181917438,31.818849328541813
2035-12-09,28.709657318050873,25.48209393741684,31.49762552690265
2035-12-10,28.892241941301844,26.053403695988095,31.784553147051806
2035-12-11,28.833963538630538,25.654048689539824,31.603721891979287
2035-12-12,28.66102994112088,25.496378308261722,31.42917244580434
2035-12-13,28.587813581186076,25.727480335914034,31.556494664706985
2035-12-14,29.15571735359627,26.279662434024736,32.07534220086426
2035-12-15,29.08016976166056,26.28822830843378,32.34840572538107
2035-12-16,29.14923505583187,25.916953514442962,32.06119070808514
2035-12-17,29.3763697017744,26.21987682378117,32.460703838294194
2035-12-18,29.35885773838774,26.172392394194983,32.33500460102752
2035-12-19,29.22210184126164,25.9504497708739,32.20513384522211
2035-12-20,29.17977516159495,26.16820643970868,32.14825436999621
2035-12-21,29.772707637807713,26.67072627611551,32.581806048444044
2035-12-22,29.7158983087256,26.722681522403,32.668705535168684
2035-12-23,29.79713882041332,26.481533773194677,32.718945104937475
2035-12-24,30.02977905412368,26.907565208399834,33.01547066403741
2035-12-25,30.011167144682872,26.803618175670202,33.13472564360298
2035-12-26,29.86694054096744,26.674404991918145,32.79520182830915
2035-12-27,29.811173147521462,26.849087712217553,32.927694601568525
2035-12-28,30.385252347961778,27.24093337336218,33.453029189310776
2035-12-29,30.304877674467505,27.32355241896936,33.34155315208884
2035-12-30,30.358666676452906,27.20005057688843,33.310305454575925
2035-12-31,30.560899392783927,27.482842884355602,33.780113657098816
2036-01-01,30.509934275866744,27.529555716873112,33.397848933480724
2036-01-02,30.332472884220707,27.473647026687477,33.36998632056963
2036-01-03,30.243679114293286,27.23313551224326,33.070771330939685
2036-01-04,30.786027549623576,27.659034553328784,33.74229030826166
2036-01-05,30.676273492476344,27.545526663742564,33.58300837607291
2036-01-06,30.70403103204391,27.795582882588786,33.729204604294495
2036-01-07,30.884491331499014,28.00090350631981,33.9828958506331
2036-01-08,30.81681471459464,27.929623666435656,33.69008228765268
2036-01-09,30.62837453383568,27.71900995506367,33.591947188030915
2036-01-10,30.53485917018415,27.39702544802144,33.40930251870281
2036-01-11,31.07910721856532,28.0837216108847,34.24406848943765
2036-01-12,30.978068783459936,28.016943273820345,34.05443290457809
2036-01-13,31.021379470627014,27.94720597533457,33.84286762776432
2036-01-14,31.22407935513456,28.224026311621124,34.20728535171598
2036-01-15,31.18501046755566,28.393659519694005,34.1207931615964
2036-01-16,31.03107060605484,28.038047826037708,34.10387845303843
2036-01-17,30.977329519809985,27.91690837443687,33.9890683364038
2036-01-18,31.56588209234707,28.689517950105756,34.52022364865419
2036-01-19,31.51283091496039,28.653405778456932,34.37355121696002
2036-01-20,31.606884209400732,28.769052948866733,34.45228511004328
2036-01-21,31.862100679075112,28.698106024088286,34.8254504217121
2036-01-22,31.876314076296314,29.035045929978054,34.81941029909511
2036-01-23,31.775414507830977,28.92805243371567,34.92555326466506
2036-01-24,31.77349173077739,28.743939751251443,34.721180209471086
2036-01-25,32.41171428934105,29.350266275850647,35.43616023896984
2036-01-26,32.4053361429757,29.301353934018582,35.55914467361095
2036-01-27,32.54231606534467,29.424752975213742,35.38124039488673
2036-01-28,32.83608079353997,29.789588155250076,35.81593776360171
2036-01-29,32.88396421262874,29.833458315422043,35.87068019508903
2036-01-30,32.81149920723913,29.854096217731716,35.83161394562835
2036-01-31,32.832567164789396,29.501216959835677,35.88544883272526
2036-02-01,33.48827884409208,30.396020490187574,36.54334035001377
2036-02-02,33.49397825711557,30.383182733904576,36.465238519849834
2036-02-03,33.63785497442028,30.83045530042092,36.870922517265186
2036-02-04,33.93369609400395,30.836350787468263,37.13421401061119
2036-02-05,33.97931053986355,30.949646735309845,36.870630620932516
2036-02-06,33.90080281222728,30.87900304984767,36.66234062123309
2036-02-07,33.91270175808819,30.937118765758235,36.95304110720213
2036-02-08,34.556818735576535,31.49153375858786,37.63428257660625
2036-02-09,34.54922753531357,31.450506621843942,37.43744930570462
2036-02-10,34.678852218297216,31.53110267439541,37.798678159762474
2036-02-11,34.96019486978014,31.924009868609623,38.136241466571235
2036-02-12,34.9917366828968,32.08839673987599,38.17293434058838
2036-02-13,34.900190206175346,31.967924680136775,37.78578097081626
2036-02-14,34.900608979039234,31.74909176421722,37.89154667300085
2036-02-15,35.53522950756016,32.595938530129565,38.41647441389962
2036-02-16,35.52043842811382,32.47966296483875,38.66487511709544
2036-02-17,35.64535139407785,32.72221691261438,38.64733639989288
2036-02-18,35.92453594049134,33.160888658463186,39.14040820748387
2036-02-19,35.95641186797206,33.09476537202944,38.91426913918778
2036-02-20,35.86750697614388,33.030125473508704,38.92107368183635
2036-02-21,35.872574235494,32.88010399361266,38.874774238286534
2036-02-22,36.51344508794004,33.59014837826845,39.50263818694853
2036-02-23,36.506011343137054,33.60467133971808,39.60040531934499
2036-02-24,36.638821718381664,33.4961430032976,39.63206405881009
2036-02-25,36.925824698182986,33.710268200888194,40.023305911524396
2036-02-26,36.96479060249952,33.91354950565778,39.959082041578725
2036-02-27,36.88158998846338,33.98718313176417,39.905675604081644
2036-02-28,36.89033373783778,33.92182472166753,39.87720913767151
2036-02-29,37.53224877568357,34.4498750507168,40.53319084948387
2036-03-01,37.522681157564804,34.70008302466275,40.69458704925459
2036-03-02,37.64971188137326,34.54866375136133,40.71533951896383
2036-03-03,37.926916467874,35.04775618991319,41.008123453190805
2036-03-04,37.951800646716094,35.03397385751694,41.059709637005085
2036-03-05,37.850088817674745,34.838748535596416,41.002384206617506
2036-03-06,37.83587029635665,34.59679972880222,40.645340468396036
2036-03-07,38.450477069850486,35.462798430955495,41.50283089297224
2036-03-08,38.40948471022493,35.45905032339013,41.57457317345856
2036-03-09,38.501321846596625,35.543777276116,41.4676361343826
2036-03-10,38.740019417683335,35.65048815161629,41.57944914547049
2036-03-11,38.72363234789416,35.72436434987681,41.803461342601125
2036-03-12,38.578510742698825,35.45960982451207,41.62026355743435
2036-03-13,38.51942614534195,35.76214008050134,41.3807829988033
2036-03-14,39.088427204398414,36.12341469190424,42.2242757645527
2036-03-15,39.00181709615998,36.00921967858916,42.012719920509745
2036-03-16,39.048738849459916,35.948532978661554,42.22215185256587
2036-03-17,39.243900569859164,35.99803360926623,42.07578673718437
2036-03-18,39.185973984966424,36.214831175489415,42.249836195044246
2036-03-19,39.00184416511603,36.10574977046869,41.92394379984421
2036-03-20,38.9067166757701,35.927963102646196,42.025467087403534
2036-03-21,39.44295715849757,36.241446518467235,42.25222468681609
2036-03-22,39.32705624428042,36.26021209835985,42.20999943215788
2036-03-23,39.34820640066043,36.413642190508156,42.48840620178367
2036-03-24,39.521023042309224,36.33080621598373,42.43518887135675
2036-03-25,39.443943527026406,36.23768614302246,42.32546320186527
2036-03-26,39.24348195118258,36.14019645539011,42.37716508131417
2036-03-27,39.13434591719628,36.281582086767514,42.02759050219226
2036-03-28,39.65829004346976,36.66998737550529,42.7507205042223
2036-03-29,39.531098756742644,36.44423023771229,42.55990171768398
2036-03-30,39.54118447689913,36.72425722985473,42.54215380545578
2036-03-31,39.70233291824088,36.63092453300258,42.681905515658194
2036-04-01,39.61212842663369,36.78006166010832,42.613305936217316
2036-04-02,39.39623648743331,36.78294669688569,42.370543279531645
2036-04-03,39.268548743862475,36.155609096963,42.42775381001078
2036-04-04,39.77006443430705,36.7763776903828,42.715038915297576
2036-04-05,39.615899923433155,36.602971295541174,42.59608172490298
2036-04-06,39.59391159509392,36.60387161944217,42.86620711140575
2036-04-07,39.717463037898355,36.837790832863256,42.43642977287226
2036-04-08,39.583868723245835,36.62293344493508,42.68560939271801
2036-04-09,39.31869068728189,36.13901878376624,42.32336921665622
2036-04-10,39.13589304923192,36.087580748076675,42.075282369168036
2036-04-11,39.5767279003728,36.59668346410362,42.56060431775912
2036-04-12,39.35674401023057,36.32905848311415,42.41782331950578
2036-04-13,39.26440354438083,36.15019238021663,41.983253433215054
2036-04-14,39.31383780999223,36.28687221140636,42.460129799650005
2036-04-15,39.10327447254434,36.23802387252746,42.14097153318603
2036-04-16,38.7593131519578,35.548269551514814,41.84560087151613
2036-04-17,38.49705477070903,35.38154456710478,41.42922304548251
2036-04-18,38.858958857328496,36.02927031043697,41.62952120334607
2036-04-19,38.56182103193683,35.351656862557626,41.618961082654806
2036-04-20,38.395356737382045,35.40248583429556,41.305226338394114
2036-04-21,38.37492316587133,35.32916410631723,41.507193619479544
2036-04-22,38.099912796104206,35.13737990931527,40.98190528753091
2036-04-23,37.69799643027905,34.665913680347366,40.49944768582169
2036-04-24,37.38522206549796,34.38007042815388,40.550847919394066
2036-04-25,37.70484471721278,34.51931740905707,40.65779920510032
2036-04-26,37.37428026036571,34.55807363193427,40.4637993431432
2036-04-27,37.18367009007427,34.143591040192184,40.00493326128387
2036-04-28,37.1485891664613,34.11353154011104,40.27552317589714
2036-04-29,36.86843133015663,33.85274254802238,39.83330591583648
2036-04-30,36.47065009083764,33.5738959632339,39.495286092184365
2036-05-01,36.170861366625054,33.165560481637804,39.27140567622732
2036-05-02,36.5116832593701,33.420821950915595,39.52504660631686
2036-05-03,36.209705721994126,33.249539043139215,39.21710190054528
2036-05-04,36.054076537182766,33.001337122296526,38.939135289897294
2036-05-05,36.05923562564539,33.10178140639301,39.19912897655669
2036-05-06,35.82333087424736,32.89035451779653,38.88315652190973
2036-05-07,35.47249285869678,32.6745096350492,38.45509965781885
2036-05-08,35.22097400200232,32.16157375145439,38.26807643382851
2036-05-09,35.61002623426509,32.49498592786522,38.783805916020405
2036-05-10,35.354908935847554,32.392857739041084,38.27359350021607
2036-05-11,35.24351248533216,32.406677472987425,38.264572078647646
2036-05-12,35.28912833997394,32.140491995320104,38.23173463839319
2036-05-13,35.08889778754412,32.05428487517201,38.135756726076266
2036-05-14,34.768115762690215,31.660366268507577,37.70686918756896
2036-05-15,34.54039438646879,31.590651856116914,37.3589360031257
2036-05-16,34.94655953739432,31.885591794454328,37.88391449875904
2036-05-17,34.70167162769484,31.830429011639048,37.84809076619601
2036-05-18,34.593655465488204,31.49255514334294,37.514174776928535
2036-05-19,34.636069872354966,31.50362997275814,37.55143590724525
2036-05-20,34.42654912880133,31.26832393372859,37.377400932388035
2036-05-21,34.09109277018054,31.262151544592186,37.143855019157876
2036-05-22,33.844208715514625,31.007793666075877,37.048559334459746
2036-05-23,34.22778354871137,31.35850876499225,37.30547639720698
2036-05-24,33.95807181164591,30.830014287172794,37.081214983792265
2036-05-25,33.82429003289313,30.855725266992273,36.83371772974834
2036-05-26,33.84134713944013,30.7094410471783,36.9744746680744
2036-05-27,33.60824441030651,30.450101690019892,36.5273973935898
2036-05-28,33.252322659944106,30.27635746604519,36.23716449395577
2036-05-29,32.989362845880834,30.247650399076193,35.909329938038596
2036-05-30,33.36241514483567,30.371889848252653,36.365171378147615
2036-05-31,33.0887495599818,30.19488316499603,36.04398603013365
2036-06-01,32.95841493020789,29.975578420369683,35.89897857768188
2036-06-02,32.98693904697633,29.819990925319363,35.96674419715194
2036-06-03,32.77370397611313,29.75743369110052,35.65958896734558
2036-06-04,32.44617506339959,29.179192934293937,35.39770585239536
2036-06-05,32.21999043803425,29.19129790363563,35.08255503451904
2036-06-06,32.63778648734619,29.6950409568429,35.92198405353777
2036-06-07,32.4161525897943,29.66862908070235,35.47148821828064
2036-06-08,32.344201988490276,29.144716978087207,35.27069931304034
2036-06-09,32.43629130634983,29.428655105958367,35.561994042987564
2036-06-10,32.29042238347657,29.212167302538205,35.394865805215616
2036-06-11,32.03250429583615,28.963473418419632,35.09293225046725
2036-06-12,31.876481561561004,29.11949602787008,34.975466849232134
2036-06-13,32.36320303295226,29.153857599200403,35.40877671129252
2036-06-14,32.207423643568305,29.300498991932038,35.339832628583295
2036-06-15,32.19642466200084,29.015970884795056,35.05830880779264
2036-06-16,32.342783642528815,29.22349599412454,35.43435802527499
2036-06-17,32.242826397204084,29.155079098761043,35.241498548297976
2036-06-18,32.02093748395768,29.113916557502964,35.10715581234283
2036-06-19,31.889733881336486,28.939511122666715,34.97025883559651
2036-06-20,32.3889750775964,29.42080289496738,35.25798273380343
2036-06-21,32.232600573723026,29.06583206773252,35.24141952675884
2036-06-22,32.207379415259204,29.27722799446136,35.36473090567203
2036-06-23,32.325702068686276,29.22611930707724,35.53966017548446
2036-06-24,32.18404627967819,29.356507967008536,35.15727199163914
2036-06-25,31.907292927785704,28.985946259611016,34.8877611415014
2036-06-26,31.708896289762084,28.487143477208733,34.57057487114996
2036-06-27,32.12978191103423,29.03551947709393,35.29238150524933
2036-06-28,31.885363289182933,28.82456030228425,34.868945038665615
2036-06-29,31.7641624171391,28.702467216696665,34.78224491690606
2036-06-30,31.780565153137374,28.901520937828447,34.84964470540591
2036-07-01,31.533243908331237,28.46425344682991,34.56519518979109
2036-07-02,31.14942470101292,28.06626825498453,34.092508308349544
2036-07-03,30.845004178249038,27.80165234433661,33.75313110591084
2036-07-04,31.16339111653491,28.17445501349102,34.08831936063826
2036-07-05,30.822465006740558,27.789878132927157,33.79248394349723
2036-07-06,30.613138225199833,27.49710055507519,33.6635505988437
2036-07-07,30.55205422663485,27.59231072153378,33.725929092108174
2036-07-08,30.239955694560166,27.305288471328787,33.377227107044035
2036-07-09,29.805901080774284,26.76399918554456,33.08086581525919
2036-07-10,29.46733641909613,26.302686955542313,32.59277308887073
2036-07-11,29.768898077109974,26.58016875092723,32.62481014164635
2036-07-12,29.42934004098901,26.303362838218032,32.39064874556273
2036-07-13,29.240073036580576,26.245169398824046,32.19862668608654
2036-07-14,29.21784851466557,26.47596073534296,32.450209646438736
2036-07-15,28.963121803416218,25.894603823185165,32.04870990386621
2036-07-16,28.604272993243647,25.626034921994634,31.31803178704012
2036-07-17,28.357692335525776,25.433021243566394,31.57527773339886
2036-07-18,28.766605481376203,25.796712247289722,31.588278793929103
2036-07-19,28.54803159327653,25.44365014677903,31.52041492664496
2036-07-20,28.49136086117435,25.44740867802774,31.462664716571798
2036-07-21,28.61108349060891,25.799536237418152,31.439405665283623
2036-07-22,28.50520334277917,25.52981081996787,31.35045528250346
2036-07-23,28.299513535280536,25.134965275339113,31.23441325384506
2036-07-24,28.20773942877865,24.99977779706613,31.208469884174917
2036-07-25,28.770422905287866,25.715717773915056,31.735672395494156
2036-07-26,28.701939523311683,25.628795074894366,31.801492053127422
2036-07-27,28.78913364451764,25.76259493619539,32.018771662767215
2036-07-28,29.044102210319096,26.20174396043731,32.14719551063793
2036-07-29,29.062659042319623,25.978590684544585,32.16536242997228
2036-07-30,28.968655785885627,26.019807926586086,31.983841123600737
2036-07-31,28.97416387875039,25.980934762913364,32.17100152892623
2036-08-01,29.618390578742954,26.563543411918346,32.39294515888558
2036-08-02,29.61471995698402,26.810908470306096,32.685770113052534
2036-08-03,29.749363480311423,26.68929852583066,32.69101061235735
2036-08-04,30.03415060852842,27.00608467137728,32.91942796717345
2036-08-05,30.064991249396286,27.24458712943029,33.12682241401749
2036-08-06,29.966186379657593,26.85129262462821,33.21818055497864
2036-08-07,29.950591614981693,26.818649838540516,33.10157347266527
2036-08-08,30.558507362682366,27.50769798840599,33.53467083645312
2036-08-09,30.504687243408817,27.683721292328965,33.31929008375332
2036-08-10,30.576950342590507,27.455757799897793,33.50352247231411
2036-08-11,30.78892878419864,27.84352417995439,34.02516984111045
2036-08-12,30.738483636878705,27.72328560775731,33.83188323335783
2036-08-13,30.55196669530004,27.574478350587185,33.496681959841915
2036-08-14,30.444334188314432,27.464436174534352,33.41159205530923
2036-08-15,30.957987316183996,27.704141414626566,33.93110772454883
2036-08-16,30.809732537863383,27.896553171390096,33.92333118992724
2036-08-17,30.789348338091813,27.890473371088095,33.72278778682127
2036-08-18,30.91229104024364,27.932265771438676,33.774017152068026
2036-08-19,30.778073626089192,27.784564578722662,33.77429946417372
2036-08-20,30.514495911321966,27.630674430183753,33.50367205191407
2036-08-21,30.337732770648216,27.298505622181715,33.25129884347057
2036-08-22,30.791155779624653,28.005730611308685,33.859386421726015
2036-08-23,30.592281473073335,27.537061691836904,33.66540261234391
2036-08-24,30.5313330393602,27.394198672149585,33.51701586308144
2036-08-25,30.623947918683736,27.650351594682213,33.54059049610761
2036-08-26,30.469564988412188,27.603851198072157,33.66588375098622
2036-08-27,30.19566923789304,27.086105745088233,33.04079391410009
2036-08-28,30.017900028176552,26.982414931148497,32.817113099086306
2036-08-29,30.478897573750533,27.329714750463218,33.48074696216971
2036-08-30,30.295280007918787,27.252085927607126,33.67482846048127
2036-08-31,30.25623693080977,27.387872264179055,33.43997419791362
2036-09-01,30.376270933497242,27.452494743914357,33.31575905142003
2036-09-02,30.253619781105172,27.160644712990944,33.42478052706421
2036-09-03,30.014536160259603,27.024199514866304,33.0154577759461
2036-09-04,29.8734301205602,26.721957317621378,32.9534439812599
2036-09-05,30.371747939207296,27.328293152390852,33.516863338883454
2036-09-06,30.224978944341323,26.86392604127524,33.21070373861491
2036-09-07,30.221275473481704,27.3572928277489,33.245869892299716
2036-09-08,30.374216859012545,27.08220915968046,33.352813243572804
2036-09-09,30.2812496570601,27.202663985271677,33.38124639654431
2036-09-10,30.067980703419146,26.974330158722164,32.991826224024045
2036-09-11,29.9483279541664,26.90880330618962,33.01224658540372
