ds,yhat,yhat_lower,yhat_upper
2026-09-07,50.0,50.0,50.0
2026-09-08,50.0,50.0,50.0
2026-09-09,50.0,50.0,50.0
2026-09-10,50.0,50.0,50.0
2026-09-11,50.0,50.0,50.0
2026-09-12,50.0,50.0,50.0
2026-09-13,50.0,50.0,50.0
2026-09-14,50.0,50.0,50.0
2026-09-15,50.0,50.0,50.0
2026-09-16,50.0,50.0,50.0
2026-09-17,50.0,50.0,50.0
2026-09-18,50.0,50.0,50.0
2026-09-19,50.0,50.0,50.0
2026-09-20,50.0,50.0,50.0
2026-09-21,50.0,50.0,50.0
2026-09-22,50.0,50.0,50.0
2026-09-23,50.0,50.0,50.0
2026-09-24,50.0,50.0,50.0
2026-09-25,50.0,50.0,50.0
2026-09-26,50.0,50.0,50.0
2026-09-27,50.0,50.0,50.0
2026-09-28,50.0,50.0,50.0
2026-09-29,50.0,50.0,50.0
2026-09-30,50.0,50.0,50.0
2026-10-01,50.0,50.0,50.0
2026-10-02,50.0,50.0,50.0
2026-10-03,50.0,50.0,50.0
2026-10-04,50.0,50.0,50.0
2026-10-05,50.0,50.0,50.0
2026-10-06,50.0,50.0,50.0
2026-10-07,50.0,50.0,50.0
2026-10-08,50.0,50.0,50.0
2026-10-09,50.0,50.0,50.0
2026-10-10,50.0,50.0,50.0
2026-10-11,50.0,50.0,50.0
2026-10-12,50.0,50.0,50.0
2026-10-13,50.0,50.0,50.0
2026-10-14,50.0,50.0,50.0
2026-10-15,50.0,50.0,50.0
2026-10-16,50.0,50.0,50.0
2026-10-17,50.0,50.0,50.0
2026-10-18,50.0,50.0,50.0
2026-10-19,50.0,50.0,50.0
2026-10-20,50.0,50.0,50.0
2026-10-21,50.0,50.0,50.0
2026-10-22,50.0,50.0,50.0
2026-10-23,50.0,50.0,50.0
2026-10-24,50.0,50.0,50.0
2026-10-25,50.0,50.0,50.0
2026-10-26,50.0,50.0,50.0
2026-10-27,50.0,50.0,50.0
2026-10-28,50.0,50.0,50.0
2026-10-29,50.0,50.0,50.0
2026-10-30,50.0,50.0,50.0
2026-10-31,50.0,50.0,50.0
2026-11-01,50.0,50.0,50.0
2026-11-02,50.0,50.0,50.0
2026-11-03,50.0,50.0,50.0
2026-11-04,50.0,50.0,50.0
2026-11-05,50.0,50.0,50.0
2026-11-06,50.0,50.0,50.0
2026-11-07,50.0,50.0,50.0
2026-11-08,50.0,50.0,50.0
2026-11-09,50.0,50.0,50.0
2026-11-10,50.0,50.0,50.0
2026-11-11,50.0,50.0,50.0
2026-11-12,50.0,50.0,50.0
2026-11-13,50.0,50.0,50.0
2026-11-14,50.0,50.0,50.0
2026-11-15,50.0,50.0,50.0
2026-11-16,50.0,50.0,50.0
2026-11-17,50.0,50.0,50.0
2026-11-18,50.0,50.0,50.0
2026-11-19,50.0,50.0,50.0
2026-11-20,50.0,50.0,50.0
2026-11-21,50.0,50.0,50.0
2026-11-22,50.0,50.0,50.0
2026-11-23,50.0,50.0,50.0
2026-11-24,50.0,50.0,50.0
2026-11-25,50.0,50.0,50.0
2026-11-26,50.0,50.0,50.0
2026-11-27,50.0,50.0,50.0
2026-11-28,50.0,50.0,50.0
2026-11-29,50.0,50.0,50.0
2026-11-30,50.0,50.0,50.0
2026-12-01,50.0,50.0,50.0
2026-12-02,50.0,50.0,50.0
2026-12-03,50.0,50.0,50.0
2026-12-04,50.0,50.0,50.0
2026-12-05,50.0,50.0,50.0
2026-12-06,50.0,50.0,50.0
2026-12-07,50.0,50.0,50.0
2026-12-08,50.0,50.0,50.0
2026-12-09,50.0,50.0,50.0
2026-12-10,50.0,50.0,50.0
2026-12-11,50.0,50.0,50.0
2026-12-12,50.0,50.0,50.0
2026-12-13,50.0,50.0,50.0
2026-12-14,50.0,50.0,50.0
2026-12-15,50.0,50.0,50.0
2026-12-16,50.0,50.0,50.0
2026-12-17,50.0,50.0,50.0
2026-12-18,50.0,50.0,50.0
2026-12-19,50.0,50.0,50.0
2026-12-20,50.0,50.0,50.0
2026-12-21,50.0,50.0,50.0
2026-12-22,50.0,50.0,50.0
2026-12-23,50.0,50.0,50.0
2026-12-24,50.0,50.0,50.0
2026-12-25,50.0,50.0,50.0
2026-12-26,50.0,50.0,50.0
2026-12-27,50.0,50.0,50.0
2026-12-28,50.0,50.0,50.0
2026-12-29,50.0,50.0,50.0
2026-12-30,50.0,50.0,50.0
2026-12-31,50.0,50.0,50.0
2027-01-01,50.0,50.0,50.0
2027-01-02,50.0,50.0,50.0
2027-01-03,50.0,49.72498261059767,50.0
2027-01-04,50.0,49.1093457842052,50.0
2027-01-05,49.880477397159176,48.22393823878086,50.0
2027-01-06,49.204396037345234,47.61131836146559,50.0
2027-01-07,48.601742493362536,47.047064628793876,50.0
2027-01-08,48.06221604102279,46.40418152922679,49.54247209846071
2027-01-09,47.68057360525571,46.09963514493022,49.32330854416926
2027-01-10,47.16200021142121,45.5067227226565,48.78773347203683
2027-01-11,47.0017151023115,45.37129785243883,48.50981918708112
2027-01-12,46.7473540673865,45.19756092211623,48.32669847941323
2027-01-13,46.58491071474275,44.91497037774348,48.20388066253563
2027-01-14,46.49928712307857,44.98045794754505,48.133767652429164
2027-01-15,46.471160839849446,44.832067759309645,47.88927071778829
2027-01-16,46.58661030956484,45.05032021335607,48.25467529810303
2027-01-17,46.542670180502775,44.90711102690937,48.15272592895371
2027-01-18,46.82710723615111,45.179932464552344,48.3359811757778
2027-01-19,46.98095352062998,45.334839255549134,48.63346675554969
2027-01-20,47.18457592912179,45.70481284932749,48.75021751294662
2027-01-21,47.418329844260256,45.88052573980834,48.90869333987368
2027-01-22,47.65950160051309,46.06597706527019,49.14439384563367
2027-01-23,47.99198039910263,46.35227851997592,49.63791231090489
2027-01-24,48.11183041433636,46.469492580273,49.733828952150404
2027-01-25,48.50705389512865,46.90270846295712,50.0
2027-01-26,48.72008264406486,47.20367910580525,50.0
2027-01-27,48.93377868426241,47.386116683354075,50.0
2027-01-28,49.131993912089555,47.648643799609495,50.0
2027-01-29,49.296396346686244,47.675915572761774,50.0
2027-01-30,49.51600695809884,47.93660381477473,50.0
2027-01-31,49.49262160940754,47.93600570336456,50.0
2027-02-01,49.72041304100201,48.10793201601782,50.0
2027-02-02,49.7482546202154,48.05018153797745,50.0
2027-02-03,49.765551106205606,48.00096468073596,50.0
2027-02-04,49.76263064746041,48.12972660480213,50.0
2027-02-05,49.72740990470603,48.057657416487366,50.0
2027-02-06,49.7547803133825,48.19245821657469,50.0
2027-02-07,49.5518937000583,47.85144408068286,50.0
2027-02-08,49.6176454135136,48.03552620292329,50.0
2027-02-09,49.504899400138825,48.000313825206945,50.0
2027-02-10,49.40624258944855,47.87295281415706,50.0
2027-02-11,49.314324285002805,47.76655226911041,50.0
2027-02-12,49.21849326399378,47.69855463204108,50.0
2027-02-13,49.21418073191542,47.63471066578081,50.0
2027-02-14,49.00820680867412,47.36034191708282,50.0
2027-02-15,49.09830752469909,47.45051103798411,50.0
2027-02-16,49.0354249739925,47.383773478751245,50.0
2027-02-17,49.009545666005764,47.40968127100431,50.0
2027-02-18,49.010139980011886,47.53708637758377,50.0
2027-02-19,49.022912251241536,47.394478606051614,50.0
2027-02-20,49.13930617338849,47.53079213773167,50.0
2027-02-21,49.06193954536175,47.38322502169952,50.0
2027-02-22,49.284261610552726,47.74610522782321,50.0
2027-02-23,49.35297192875444,47.75140570197924,50.0
2027-02-24,49.453982242545486,47.916801279929075,50.0
2027-02-25,49.57297088627695,47.96437431517099,50.0
2027-02-26,49.69223622608627,48.02133590115956,50.0
2027-02-27,49.9002911690893,48.34148447687236,50.0
2027-02-28,49.89737058492449,48.25870333685937,50.0
2027-03-01,50.0,48.6238311186936,50.0
2027-03-02,50.0,48.68418832208405,50.0
2027-03-03,50.0,48.817098399203395,50.0
2027-03-04,50.0,48.849378866862274,50.0
2027-03-05,50.0,49.12166829182135,50.0
2027-03-06,50.0,49.23063597622657,50.0
2027-03-07,50.0,49.11836162920405,50.0
2027-03-08,50.0,49.339694426638786,50.0
2027-03-09,50.0,49.29897690653377,50.0
2027-03-10,50.0,49.4779968252025,50.0
2027-03-11,50.0,49.24082050981258,50.0
2027-03-12,50.0,49.399534566870756,50.0
2027-03-13,50.0,49.44867482817915,50.0
2027-03-14,50.0,49.23354502094802,50.0
2027-03-15,50.0,49.356335537772566,50.0
2027-03-16,50.0,49.36014277884585,50.0
2027-03-17,50.0,49.27576932464626,50.0
2027-03-18,50.0,49.209699172654325,50.0
2027-03-19,50.0,49.247625799847285,50.0
2027-03-20,50.0,49.35789252138058,50.0
2027-03-21,50.0,49.1702586913383,50.0
2027-03-22,50.0,49.193803548402066,50.0
2027-03-23,50.0,49.1351822698351,50.0
2027-03-24,50.0,49.306653234647364,50.0
2027-03-25,50.0,49.11940779730172,50.0
2027-03-26,50.0,49.27026637295996,50.0
2027-03-27,50.0,49.39176091715612,50.0
2027-03-28,50.0,49.22231988777389,50.0
2027-03-29,50.0,49.52691031842454,50.0
2027-03-30,50.0,49.50715120902495,50.0
2027-03-31,50.0,49.547685336144994,50.0
2027-04-01,50.0,49.591251621367824,50.0
2027-04-02,50.0,49.71328504639371,50.0
2027-04-03,50.0,49.9979340033233,50.0
2027-04-04,50.0,49.9236186312604,50.0
2027-04-05,50.0,50.0,50.0
2027-04-06,50.0,50.0,50.0
2027-04-07,50.0,50.0,50.0
2027-04-08,50.0,50.0,50.0
2027-04-09,50.0,50.0,50.0
2027-04-10,50.0,50.0,50.0
2027-04-11,50.0,50.0,50.0
2027-04-12,50.0,50.0,50.0
2027-04-13,50.0,50.0,50.0
2027-04-14,50.0,50.0,50.0
2027-04-15,50.0,50.0,50.0
2027-04-16,50.0,50.0,50.0
2027-04-17,50.0,50.0,50.0
2027-04-18,50.0,50.0,50.0
2027-04-19,50.0,50.0,50.0
2027-04-20,50.0,50.0,50.0
2027-04-21,50.0,50.0,50.0
2027-04-22,50.0,50.0,50.0
2027-04-23,50.0,50.0,50.0
2027-04-24,50.0,50.0,50.0
2027-04-25,50.0,50.0,50.0
2027-04-26,50.0,50.0,50.0
2027-04-27,50.0,50.0,50.0
2027-04-28,50.0,50.0,50.0
2027-04-29,50.0,50.0,50.0
2027-04-30,50.0,50.0,50.0
2027-05-01,50.0,50.0,50.0
2027-05-02,50.0,50.0,50.0
2027-05-03,50.0,50.0,50.0
2027-05-04,50.0,50.0,50.0
2027-05-05,50.0,50.0,50.0
2027-05-06,50.0,50.0,50.0
2027-05-07,50.0,50.0,50.0
2027-05-08,50.0,50.0,50.0
2027-05-09,50.0,50.0,50.0
2027-05-10,50.0,50.0,50.0
2027-05-11,50.0,50.0,50.0
2027-05-12,50.0,50.0,50.0
2027-05-13,50.0,50.0,50.0
2027-05-14,50.0,50.0,50.0
2027-05-15,50.0,50.0,50.0
2027-05-16,50.0,50.0,50.0
2027-05-17,50.0,50.0,50.0
2027-05-18,50.0,50.0,50.0
2027-05-19,50.0,50.0,50.0
2027-05-20,50.0,50.0,50.0
2027-05-21,50.0,50.0,50.0
2027-05-22,50.0,50.0,50.0
2027-05-23,50.0,50.0,50.0
2027-05-24,50.0,50.0,50.0
2027-05-25,50.0,50.0,50.0
2027-05-26,50.0,50.0,50.0
2027-05-27,50.0,50.0,50.0
2027-05-28,50.0,50.0,50.0
2027-05-29,50.0,50.0,50.0
2027-05-30,50.0,50.0,50.0
2027-05-31,50.0,50.0,50.0
2027-06-01,50.0,50.0,50.0
2027-06-02,50.0,50.0,50.0
2027-06-03,50.0,50.0,50.0
2027-06-04,50.0,50.0,50.0
2027-06-05,50.0,50.0,50.0
2027-06-06,50.0,50.0,50.0
2027-06-07,50.0,50.0,50.0
2027-06-08,50.0,50.0,50.0
2027-06-09,50.0,50.0,50.0
2027-06-10,50.0,50.0,50.0
2027-06-11,50.0,50.0,50.0
2027-06-12,50.0,50.0,50.0
2027-06-13,50.0,50.0,50.0
2027-06-14,50.0,50.0,50.0
2027-06-15,50.0,50.0,50.0
2027-06-16,50.0,50.0,50.0
2027-06-17,50.0,50.0,50.0
2027-06-18,50.0,50.0,50.0
2027-06-19,50.0,50.0,50.0
2027-06-20,50.0,50.0,50.0
2027-06-21,50.0,50.0,50.0
2027-06-22,50.0,50.0,50.0
2027-06-23,50.0,50.0,50.0
2027-06-24,50.0,50.0,50.0
2027-06-25,50.0,50.0,50.0
2027-06-26,50.0,50.0,50.0
2027-06-27,50.0,50.0,50.0
2027-06-28,50.0,50.0,50.0
2027-06-29,50.0,50.0,50.0
2027-06-30,50.0,50.0,50.0
2027-07-01,50.0,50.0,50.0
2027-07-02,50.0,50.0,50.0
2027-07-03,50.0,50.0,50.0
2027-07-04,50.0,50.0,50.0
2027-07-05,50.0,50.0,50.0
2027-07-06,50.0,50.0,50.0
2027-07-07,50.0,50.0,50.0
2027-07-08,50.0,50.0,50.0
2027-07-09,50.0,50.0,50.0
2027-07-10,50.0,50.0,50.0
2027-07-11,50.0,50.0,50.0
2027-07-12,50.0,50.0,50.0
2027-07-13,50.0,50.0,50.0
2027-07-14,50.0,50.0,50.0
2027-07-15,50.0,50.0,50.0
2027-07-16,50.0,50.0,50.0
2027-07-17,50.0,50.0,50.0
2027-07-18,50.0,50.0,50.0
2027-07-19,50.0,50.0,50.0
2027-07-20,50.0,50.0,50.0
2027-07-21,50.0,50.0,50.0
2027-07-22,50.0,50.0,50.0
2027-07-23,50.0,50.0,50.0
2027-07-24,50.0,50.0,50.0
2027-07-25,50.0,50.0,50.0
2027-07-26,50.0,50.0,50.0
2027-07-27,50.0,50.0,50.0
2027-07-28,50.0,50.0,50.0
2027-07-29,50.0,50.0,50.0
2027-07-30,50.0,50.0,50.0
2027-07-31,50.0,50.0,50.0
2027-08-01,50.0,50.0,50.0
2027-08-02,50.0,50.0,50.0
2027-08-03,50.0,50.0,50.0
2027-08-04,50.0,50.0,50.0
2027-08-05,50.0,50.0,50.0
2027-08-06,50.0,50.0,50.0
2027-08-07,50.0,50.0,50.0
2027-08-08,50.0,50.0,50.0
2027-08-09,50.0,50.0,50.0
2027-08-10,50.0,50.0,50.0
2027-08-11,50.0,50.0,50.0
2027-08-12,50.0,50.0,50.0
2027-08-13,50.0,50.0,50.0
2027-08-14,50.0,50.0,50.0
2027-08-15,50.0,50.0,50.0
2027-08-16,50.0,50.0,50.0
2027-08-17,50.0,50.0,50.0
2027-08-18,50.0,50.0,50.0
2027-08-19,50.0,50.0,50.0
2027-08-20,50.0,50.0,50.0
2027-08-21,50.0,50.0,50.0
2027-08-22,50.0,50.0,50.0
2027-08-23,50.0,50.0,50.0
2027-08-24,50.0,50.0,50.0
2027-08-25,50.0,50.0,50.0
2027-08-26,50.0,50.0,50.0
2027-08-27,50.0,50.0,50.0
2027-08-28,50.0,50.0,50.0
2027-08-29,50.0,50.0,50.0
2027-08-30,50.0,50.0,50.0
2027-08-31,50.0,50.0,50.0
2027-09-01,50.0,50.0,50.0
2027-09-02,50.0,50.0,50.0
2027-09-03,50.0,50.0,50.0
2027-09-04,50.0,50.0,50.0
2027-09-05,50.0,50.0,50.0
2027-09-06,50.0,50.0,50.0
2027-09-07,50.0,50.0,50.0
2027-09-08,50.0,50.0,50.0
2027-09-09,50.0,50.0,50.0
2027-09-10,50.0,50.0,50.0
2027-09-11,50.0,50.0,50.0
2027-09-12,50.0,50.0,50.0
2027-09-13,50.0,50.0,50.0
2027-09-14,50.0,50.0,50.0
2027-09-15,50.0,50.0,50.0
2027-09-16,50.0,50.0,50.0
2027-09-17,50.0,50.0,50.0
2027-09-18,50.0,50.0,50.0
2027-09-19,50.0,50.0,50.0
2027-09-20,50.0,50.0,50.0
2027-09-21,50.0,50.0,50.0
2027-09-22,50.0,50.0,50.0
2027-09-23,50.0,50.0,50.0
2027-09-24,50.0,50.0,50.0
2027-09-25,50.0,50.0,50.0
2027-09-26,50.0,50.0,50.0
2027-09-27,50.0,50.0,50.0
2027-09-28,50.0,50.0,50.0
2027-09-29,50.0,50.0,50.0
2027-09-30,50.0,50.0,50.0
2027-10-01,50.0,50.0,50.0
2027-10-02,50.0,50.0,50.0
2027-10-03,50.0,50.0,50.0
2027-10-04,50.0,50.0,50.0
2027-10-05,50.0,50.0,50.0
2027-10-06,50.0,50.0,50.0
2027-10-07,50.0,50.0,50.0
2027-10-08,50.0,50.0,50.0
2027-10-09,50.0,50.0,50.0
2027-10-10,50.0,50.0,50.0
2027-10-11,50.0,50.0,50.0
2027-10-12,50.0,50.0,50.0
2027-10-13,50.0,50.0,50.0
2027-10-14,50.0,50.0,50.0
2027-10-15,50.0,50.0,50.0
2027-10-16,50.0,50.0,50.0
2027-10-17,50.0,50.0,50.0
2027-10-18,50.0,50.0,50.0
2027-10-19,50.0,50.0,50.0
2027-10-20,50.0,50.0,50.0
2027-10-21,50.0,50.0,50.0
2027-10-22,50.0,50.0,50.0
2027-10-23,50.0,50.0,50.0
2027-10-24,50.0,50.0,50.0
2027-10-25,50.0,50.0,50.0
2027-10-26,50.0,50.0,50.0
2027-10-27,50.0,50.0,50.0
2027-10-28,50.0,50.0,50.0
2027-10-29,50.0,50.0,50.0
2027-10-30,50.0,50.0,50.0
2027-10-31,50.0,50.0,50.0
2027-11-01,50.0,50.0,50.0
2027-11-02,50.0,50.0,50.0
2027-11-03,50.0,50.0,50.0
2027-11-04,50.0,50.0,50.0
2027-11-05,50.0,50.0,50.0
2027-11-06,50.0,50.0,50.0
2027-11-07,50.0,50.0,50.0
2027-11-08,50.0,50.0,50.0
2027-11-09,50.0,50.0,50.0
2027-11-10,50.0,50.0,50.0
2027-11-11,50.0,50.0,50.0
2027-11-12,50.0,50.0,50.0
2027-11-13,50.0,50.0,50.0
2027-11-14,50.0,50.0,50.0
2027-11-15,50.0,50.0,50.0
2027-11-16,50.0,50.0,50.0
2027-11-17,50.0,50.0,50.0
2027-11-18,50.0,50.0,50.0
2027-11-19,50.0,50.0,50.0
2027-11-20,50.0,50.0,50.0
2027-11-21,50.0,50.0,50.0
2027-11-22,50.0,50.0,50.0
2027-11-23,50.0,50.0,50.0
2027-11-24,50.0,50.0,50.0
2027-11-25,50.0,50.0,50.0
2027-11-26,50.0,50.0,50.0
2027-11-27,50.0,50.0,50.0
2027-11-28,50.0,50.0,50.0
2027-11-29,50.0,50.0,50.0
2027-11-30,50.0,50.0,50.0
2027-12-01,50.0,50.0,50.0
2027-12-02,50.0,50.0,50.0
2027-12-03,50.0,50.0,50.0
2027-12-04,50.0,50.0,50.0
2027-12-05,50.0,50.0,50.0
2027-12-06,50.0,50.0,50.0
2027-12-07,50.0,50.0,50.0
2027-12-08,50.0,50.0,50.0
2027-12-09,50.0,50.0,50.0
2027-12-10,50.0,50.0,50.0
2027-12-11,50.0,50.0,50.0
2027-12-12,50.0,50.0,50.0
2027-12-13,50.0,50.0,50.0
2027-12-14,50.0,50.0,50.0
2027-12-15,50.0,50.0,50.0
2027-12-16,50.0,50.0,50.0
2027-12-17,50.0,50.0,50.0
2027-12-18,50.0,50.0,50.0
2027-12-19,50.0,50.0,50.0
2027-12-20,50.0,50.0,50.0
2027-12-21,50.0,50.0,50.0
2027-12-22,50.0,50.0,50.0
2027-12-23,50.0,50.0,50.0
2027-12-24,50.0,50.0,50.0
2027-12-25,50.0,50.0,50.0
2027-12-26,50.0,50.0,50.0
2027-12-27,50.0,50.0,50.0
2027-12-28,50.0,50.0,50.0
2027-12-29,50.0,50.0,50.0
2027-12-30,50.0,50.0,50.0
2027-12-31,50.0,50.0,50.0
2028-01-01,50.0,50.0,50.0
2028-01-02,50.0,50.0,50.0
2028-01-03,50.0,50.0,50.0
2028-01-04,50.0,49.450712753318854,50.0
2028-01-05,50.0,48.653965923361305,50.0
2028-01-06,49.57003206064054,47.951482857382764,50.0
2028-01-07,48.942276353442224,47.46272662196456,50.0
2028-01-08,48.468230997407744,46.88579313875823,50.0
2028-01-09,47.854779189641754,46.31642588426888,49.43961521300055
2028-01-10,47.59885228218179,46.074457619750575,49.16674392954518
2028-01-11,47.249774267608004,45.58224214778489,48.76813471618111
2028-01-12,46.995166224237096,45.283482754115646,48.608101239563666
2028-01-13,46.82146204758617,45.26042037996149,48.198279837085266
2028-01-14,46.71074326857888,45.11571657184894,48.26035400122714
2028-01-15,46.75033580022025,45.0633907987396,48.25294159831981
2028-01-16,46.638340723291776,44.9114987184862,48.19754917989438
2028-01-17,46.863390407709474,45.26156782251966,48.42743637114854
2028-01-18,46.967166963831644,45.43387197607533,48.587738751604235
2028-01-19,47.130462584528345,45.69897268223217,48.68955726573796
2028-01-20,47.33382950719282,45.882966975019784,48.87035578847208
2028-01-21,47.55452438190488,45.95210987188081,49.141338194487155
2028-01-22,47.87618752981539,46.29147082628328,49.50814538168688
2028-01-23,47.994427556482975,46.36669071815669,49.642445018606466
2028-01-24,48.39660171907702,46.752002992662064,49.996511146767844
2028-01-25,48.62432890810331,46.92972975914816,50.0
2028-01-26,48.85951543058464,47.2514401943406,50.0
2028-01-27,49.084942685445355,47.53151678844936,50.0
2028-01-28,49.281123570434445,47.64594790272923,50.0
2028-01-29,49.53587078769569,47.86689902089882,50.0
2028-01-30,49.549750747845565,47.99155446347924,50.0
2028-01-31,49.815717166659425,48.25529463374104,50.0
2028-02-01,49.88146526731841,48.13946526426992,50.0
2028-02-02,49.935291072821414,48.266222296777634,50.0
2028-02-03,49.966509305390524,48.31674861224262,50.0
2028-02-04,49.96214116772904,48.412249333343404,50.0
2028-02-05,50.0,48.35137533943491,50.0
2028-02-06,49.835589118652976,48.19950724304178,50.0
2028-02-07,49.918400203357784,48.25970531914836,50.0
2028-02-08,49.817339004522026,48.219648963777644,50.0
2028-02-09,49.72488319328773,48.27545020400559,50.0
2028-02-10,49.63373764395413,48.11573688791576,50.0
2028-02-11,49.53346356306856,47.797942085360695,50.0
2028-02-12,49.51984943857301,47.87889353470238,50.0
2028-02-13,49.30020191547053,47.74942863659218,50.0
2028-02-14,49.37285409645249,47.716599014987274,50.0
2028-02-15,49.289434508084696,47.77005794918311,50.0
2028-02-16,49.24068242423246,47.69956086200991,50.0
2028-02-17,49.21686313726993,47.67441732561382,50.0
2028-02-18,49.20449341053515,47.54109120075256,50.0
2028-02-19,49.29582249824501,47.70374052204807,50.0
2028-02-20,49.19424344019308,47.65293577125469,50.0
2028-02-21,49.393928518153615,47.828680117806165,50.0
2028-02-22,49.44222839480628,47.913955288780166,50.0
2028-02-23,49.52561690441807,47.831097899481755,50.0
2028-02-24,49.63023146460028,47.97522073753598,50.0
2028-02-25,49.738715922181825,48.11302854655834,50.0
2028-02-26,49.93980809194887,48.35360623604803,50.0
2028-02-27,49.9338439436991,48.30922669265585,50.0
2028-02-28,50.0,48.727639039448526,50.0
2028-02-29,50.0,48.58676760114479,50.0
2028-03-01,50.0,48.94819718392772,50.0
2028-03-02,50.0,48.88735282093518,50.0
2028-03-03,50.0,49.17388040748007,50.0
2028-03-04,50.0,49.256739281692276,50.0
2028-03-05,50.0,49.31724197980975,50.0
2028-03-06,50.0,49.30797937231738,50.0
2028-03-07,50.0,49.414772737570914,50.0
2028-03-08,50.0,49.6443767083598,50.0
2028-03-09,50.0,49.54506128728156,50.0
2028-03-10,50.0,49.46947857857719,50.0
2028-03-11,50.0,49.6028922605585,50.0
2028-03-12,50.0,49.47476082753068,50.0
2028-03-13,50.0,49.55817457547072,50.0
2028-03-14,50.0,49.48177020537289,50.0
2028-03-15,50.0,49.59457059635591,50.0
2028-03-16,50.0,49.583170449722154,50.0
2028-03-17,50.0,49.40423369998806,50.0
2028-03-18,50.0,49.547112966038455,50.0
2028-03-19,50.0,49.21112924185283,50.0
2028-03-20,50.0,49.39694943074248,50.0
2028-03-21,50.0,49.41042340069557,50.0
2028-03-22,50.0,49.49246108946121,50.0
2028-03-23,50.0,49.35422881274961,50.0
2028-03-24,50.0,49.41044629434861,50.0
2028-03-25,50.0,49.43264050728059,50.0
2028-03-26,50.0,49.406017432387316,50.0
2028-03-27,50.0,49.5811492720073,50.0
2028-03-28,50.0,49.66680163553856,50.0
2028-03-29,50.0,49.72342401179027,50.0
2028-03-30,50.0,49.721870324301314,50.0
2028-03-31,50.0,49.91550298190018,50.0
2028-04-01,50.0,50.0,50.0
2028-04-02,50.0,49.927212511732755,50.0
2028-04-03,50.0,50.0,50.0
2028-04-04,50.0,50.0,50.0
2028-04-05,50.0,50.0,50.0
2028-04-06,50.0,50.0,50.0
2028-04-07,50.0,50.0,50.0
2028-04-08,50.0,50.0,50.0
2028-04-09,50.0,50.0,50.0
2028-04-10,50.0,50.0,50.0
2028-04-11,50.0,50.0,50.0
2028-04-12,50.0,50.0,50.0
2028-04-13,50.0,50.0,50.0
2028-04-14,50.0,50.0,50.0
2028-04-15,50.0,50.0,50.0
2028-04-16,50.0,50.0,50.0
2028-04-17,50.0,50.0,50.0
2028-04-18,50.0,50.0,50.0
2028-04-19,50.0,50.0,50.0
2028-04-20,50.0,50.0,50.0
2028-04-21,50.0,50.0,50.0
2028-04-22,50.0,50.0,50.0
2028-04-23,50.0,50.0,50.0
2028-04-24,50.0,50.0,50.0
2028-04-25,50.0,50.0,50.0
2028-04-26,50.0,50.0,50.0
2028-04-27,50.0,50.0,50.0
2028-04-28,50.0,50.0,50.0
2028-04-29,50.0,50.0,50.0
2028-04-30,50.0,50.0,50.0
2028-05-01,50.0,50.0,50.0
2028-05-02,50.0,50.0,50.0
2028-05-03,50.0,50.0,50.0
2028-05-04,50.0,50.0,50.0
2028-05-05,50.0,50.0,50.0
2028-05-06,50.0,50.0,50.0
2028-05-07,50.0,50.0,50.0
2028-05-08,50.0,50.0,50.0
2028-05-09,50.0,50.0,50.0
2028-05-10,50.0,50.0,50.0
2028-05-11,50.0,50.0,50.0
2028-05-12,50.0,50.0,50.0
2028-05-13,50.0,50.0,50.0
2028-05-14,50.0,50.0,50.0
2028-05-15,50.0,50.0,50.0
2028-05-16,50.0,50.0,50.0
2028-05-17,50.0,50.0,50.0
2028-05-18,50.0,50.0,50.0
2028-05-19,50.0,50.0,50.0
2028-05-20,50.0,50.0,50.0
2028-05-21,50.0,50.0,50.0
2028-05-22,50.0,50.0,50.0
2028-05-23,50.0,50.0,50.0
2028-05-24,50.0,50.0,50.0
2028-05-25,50.0,50.0,50.0
2028-05-26,50.0,50.0,50.0
2028-05-27,50.0,50.0,50.0
2028-05-28,50.0,50.0,50.0
2028-05-29,50.0,50.0,50.0
2028-05-30,50.0,50.0,50.0
2028-05-31,50.0,50.0,50.0
2028-06-01,50.0,50.0,50.0
2028-06-02,50.0,50.0,50.0
2028-06-03,50.0,50.0,50.0
2028-06-04,50.0,50.0,50.0
2028-06-05,50.0,50.0,50.0
2028-06-06,50.0,50.0,50.0
2028-06-07,50.0,50.0,50.0
2028-06-08,50.0,50.0,50.0
2028-06-09,50.0,50.0,50.0
2028-06-10,50.0,50.0,50.0
2028-06-11,50.0,50.0,50.0
2028-06-12,50.0,50.0,50.0
2028-06-13,50.0,50.0,50.0
2028-06-14,50.0,50.0,50.0
2028-06-15,50.0,50.0,50.0
2028-06-16,50.0,50.0,50.0
2028-06-17,50.0,50.0,50.0
2028-06-18,50.0,50.0,50.0
2028-06-19,50.0,50.0,50.0
2028-06-20,50.0,50.0,50.0
2028-06-21,50.0,50.0,50.0
2028-06-22,50.0,50.0,50.0
2028-06-23,50.0,50.0,50.0
2028-06-24,50.0,50.0,50.0
2028-06-25,50.0,50.0,50.0
2028-06-26,50.0,50.0,50.0
2028-06-27,50.0,50.0,50.0
2028-06-28,50.0,50.0,50.0
2028-06-29,50.0,50.0,50.0
2028-06-30,50.0,50.0,50.0
2028-07-01,50.0,50.0,50.0
2028-07-02,50.0,50.0,50.0
2028-07-03,50.0,50.0,50.0
2028-07-04,50.0,50.0,50.0
2028-07-05,50.0,50.0,50.0
2028-07-06,50.0,50.0,50.0
2028-07-07,50.0,50.0,50.0
2028-07-08,50.0,50.0,50.0
2028-07-09,50.0,50.0,50.0
2028-07-10,50.0,50.0,50.0
2028-07-11,50.0,50.0,50.0
2028-07-12,50.0,50.0,50.0
2028-07-13,50.0,50.0,50.0
2028-07-14,50.0,50.0,50.0
2028-07-15,50.0,50.0,50.0
2028-07-16,50.0,50.0,50.0
2028-07-17,50.0,50.0,50.0
2028-07-18,50.0,50.0,50.0
2028-07-19,50.0,50.0,50.0
2028-07-20,50.0,50.0,50.0
2028-07-21,50.0,50.0,50.0
2028-07-22,50.0,50.0,50.0
2028-07-23,50.0,50.0,50.0
2028-07-24,50.0,50.0,50.0
2028-07-25,50.0,50.0,50.0
2028-07-26,50.0,50.0,50.0
2028-07-27,50.0,50.0,50.0
2028-07-28,50.0,50.0,50.0
2028-07-29,50.0,50.0,50.0
2028-07-30,50.0,50.0,50.0
2028-07-31,50.0,50.0,50.0
2028-08-01,50.0,50.0,50.0
2028-08-02,50.0,50.0,50.0
2028-08-03,50.0,50.0,50.0
2028-08-04,50.0,50.0,50.0
2028-08-05,50.0,50.0,50.0
2028-08-06,50.0,50.0,50.0
2028-08-07,50.0,50.0,50.0
2028-08-08,50.0,50.0,50.0
2028-08-09,50.0,50.0,50.0
2028-08-10,50.0,50.0,50.0
2028-08-11,50.0,50.0,50.0
2028-08-12,50.0,50.0,50.0
2028-08-13,50.0,50.0,50.0
2028-08-14,50.0,50.0,50.0
2028-08-15,50.0,50.0,50.0
2028-08-16,50.0,50.0,50.0
2028-08-17,50.0,50.0,50.0
2028-08-18,50.0,50.0,50.0
2028-08-19,50.0,50.0,50.0
2028-08-20,50.0,50.0,50.0
2028-08-21,50.0,50.0,50.0
2028-08-22,50.0,50.0,50.0
2028-08-23,50.0,50.0,50.0
2028-08-24,50.0,50.0,50.0
2028-08-25,50.0,50.0,50.0
2028-08-26,50.0,50.0,50.0
2028-08-27,50.0,50.0,50.0
2028-08-28,50.0,50.0,50.0
2028-08-29,50.0,50.0,50.0
2028-08-30,50.0,50.0,50.0
2028-08-31,50.0,50.0,50.0
2028-09-01,50.0,50.0,50.0
2028-09-02,50.0,50.0,50.0
2028-09-03,50.0,50.0,50.0
2028-09-04,50.0,50.0,50.0
2028-09-05,50.0,50.0,50.0
2028-09-06,50.0,50.0,50.0
2028-09-07,50.0,50.0,50.0
2028-09-08,50.0,50.0,50.0
2028-09-09,50.0,50.0,50.0
2028-09-10,50.0,50.0,50.0
2028-09-11,50.0,50.0,50.0
2028-09-12,50.0,50.0,50.0
2028-09-13,50.0,50.0,50.0
2028-09-14,50.0,50.0,50.0
2028-09-15,50.0,50.0,50.0
2028-09-16,50.0,50.0,50.0
2028-09-17,50.0,50.0,50.0
2028-09-18,50.0,50.0,50.0
2028-09-19,50.0,50.0,50.0
2028-09-20,50.0,50.0,50.0
2028-09-21,50.0,50.0,50.0
2028-09-22,50.0,50.0,50.0
2028-09-23,50.0,50.0,50.0
2028-09-24,50.0,50.0,50.0
2028-09-25,50.0,50.0,50.0
2028-09-26,50.0,50.0,50.0
2028-09-27,50.0,50.0,50.0
2028-09-28,50.0,50.0,50.0
2028-09-29,50.0,50.0,50.0
2028-09-30,50.0,50.0,50.0
2028-10-01,50.0,50.0,50.0
2028-10-02,50.0,50.0,50.0
2028-10-03,50.0,50.0,50.0
2028-10-04,50.0,50.0,50.0
2028-10-05,50.0,50.0,50.0
2028-10-06,50.0,50.0,50.0
2028-10-07,50.0,50.0,50.0
2028-10-08,50.0,50.0,50.0
2028-10-09,50.0,50.0,50.0
2028-10-10,50.0,50.0,50.0
2028-10-11,50.0,50.0,50.0
2028-10-12,50.0,50.0,50.0
2028-10-13,50.0,50.0,50.0
2028-10-14,50.0,50.0,50.0
2028-10-15,50.0,50.0,50.0
2028-10-16,50.0,50.0,50.0
2028-10-17,50.0,50.0,50.0
2028-10-18,50.0,50.0,50.0
2028-10-19,50.0,50.0,50.0
2028-10-20,50.0,50.0,50.0
2028-10-21,50.0,50.0,50.0
2028-10-22,50.0,50.0,50.0
2028-10-23,50.0,50.0,50.0
2028-10-24,50.0,50.0,50.0
2028-10-25,50.0,50.0,50.0
2028-10-26,50.0,50.0,50.0
2028-10-27,50.0,50.0,50.0
2028-10-28,50.0,50.0,50.0
2028-10-29,50.0,50.0,50.0
2028-10-30,50.0,50.0,50.0
2028-10-31,50.0,50.0,50.0
2028-11-01,50.0,50.0,50.0
2028-11-02,50.0,50.0,50.0
2028-11-03,50.0,50.0,50.0
2028-11-04,50.0,50.0,50.0
2028-11-05,50.0,50.0,50.0
2028-11-06,50.0,50.0,50.0
2028-11-07,50.0,50.0,50.0
2028-11-08,50.0,50.0,50.0
2028-11-09,50.0,50.0,50.0
2028-11-10,50.0,50.0,50.0
2028-11-11,50.0,50.0,50.0
2028-11-12,50.0,50.0,50.0
2028-11-13,50.0,50.0,50.0
2028-11-14,50.0,50.0,50.0
2028-11-15,50.0,50.0,50.0
2028-11-16,50.0,50.0,50.0
2028-11-17,50.0,50.0,50.0
2028-11-18,50.0,50.0,50.0
2028-11-19,50.0,50.0,50.0
2028-11-20,50.0,50.0,50.0
2028-11-21,50.0,50.0,50.0
2028-11-22,50.0,50.0,50.0
2028-11-23,50.0,50.0,50.0
2028-11-24,50.0,50.0,50.0
2028-11-25,50.0,50.0,50.0
2028-11-26,50.0,50.0,50.0
2028-11-27,50.0,50.0,50.0
2028-11-28,50.0,50.0,50.0
2028-11-29,50.0,50.0,50.0
2028-11-30,50.0,50.0,50.0
2028-12-01,50.0,50.0,50.0
2028-12-02,50.0,50.0,50.0
2028-12-03,50.0,50.0,50.0
2028-12-04,50.0,50.0,50.0
2028-12-05,50.0,50.0,50.0
2028-12-06,50.0,50.0,50.0
2028-12-07,50.0,50.0,50.0
2028-12-08,50.0,50.0,50.0
2028-12-09,50.0,50.0,50.0
2028-12-10,50.0,50.0,50.0
2028-12-11,50.0,50.0,50.0
2028-12-12,50.0,50.0,50.0
2028-12-13,50.0,50.0,50.0
2028-12-14,50.0,50.0,50.0
2028-12-15,50.0,50.0,50.0
2028-12-16,50.0,50.0,50.0
2028-12-17,50.0,50.0,50.0
2028-12-18,50.0,50.0,50.0
2028-12-19,50.0,50.0,50.0
2028-12-20,50.0,50.0,50.0
2028-12-21,50.0,50.0,50.0
2028-12-22,50.0,50.0,50.0
2028-12-23,50.0,50.0,50.0
2028-12-24,50.0,50.0,50.0
2028-12-25,50.0,50.0,50.0
2028-12-26,50.0,50.0,50.0
2028-12-27,50.0,50.0,50.0
2028-12-28,50.0,50.0,50.0
2028-12-29,50.0,50.0,50.0
2028-12-30,50.0,50.0,50.0
2028-12-31,50.0,50.0,50.0
2029-01-01,50.0,50.0,50.0
2029-01-02,50.0,50.0,50.0
2029-01-03,50.0,49.84072414480804,50.0
2029-01-04,50.0,48.97537527458957,50.0
2029-01-05,49.93177649834703,48.298152147478966,50.0
2029-01-06,49.37080538945383,47.77102718506919,50.0
2029-01-07,48.665836255368795,47.05966005616916,50.0
2029-01-08,48.315489190832565,46.79652080972353,49.8651366813417
2029-01-09,47.87080038074666,46.31352703017114,49.57936144197052
2029-01-10,47.52108859084548,45.9251952522043,49.06170308701632
2029-01-11,47.25443373311276,45.727620209672025,48.83458202805464
2029-01-12,47.054476206169255,45.37954824142778,48.651247467370915
2029-01-13,47.009980702501466,45.431295405018425,48.553547803070764
2029-01-14,46.820337371815434,45.20945272123916,48.45460899359076
2029-01-15,46.97529232501144,45.32173615538552,48.62360290928398
2029-01-16,47.01744505274007,45.468305701593124,48.5772843464821
2029-01-17,47.12829277677091,45.497644129160456,48.733137893951486
2029-01-18,47.28886978770857,45.67217222838653,48.953899787170634
2029-01-19,47.4766867392597,46.02632683471585,49.100774347373694
2029-01-20,47.775410423330385,46.13841854197492,49.43449825308609
2029-01-21,47.88045438752616,46.35075534722829,49.48165818084456
2029-01-22,48.27877055160149,46.81226854782475,49.785749520728565
2029-01-23,48.51137830977215,46.98135852866649,50.0
2029-01-24,48.759410812055165,47.25053293775597,50.0
2029-01-25,49.00472691592499,47.46081641806536,50.0
2029-01-26,49.226794959489375,47.654681178917755,50.0
2029-01-27,49.51229076584153,47.894015825883535,50.0
2029-01-28,49.560582772473765,47.821531134518715,50.0
2029-01-29,49.863397547412916,48.163045027254924,50.0
2029-01-30,49.967205768529425,48.31993966784166,50.0
2029-01-31,50.0,48.61842838491406,50.0
2029-02-01,50.0,48.527689021374506,50.0
2029-02-02,50.0,48.55666063885757,50.0
2029-02-03,50.0,48.66544026107653,50.0
2029-02-04,50.0,48.50136566734006,50.0
2029-02-05,50.0,48.67916889253511,50.0
2029-02-06,50.0,48.52322932740126,50.0
2029-02-07,50.0,48.43999309823647,50.0
2029-02-08,49.951341823394735,48.39555878660388,50.0
2029-02-09,49.853183595247415,48.306015160628036,50.0
2029-02-10,49.836402286963995,48.244352842412255,50.0
2029-02-11,49.60862694362977,47.988754602607884,50.0
2029-02-12,49.66864652420221,48.06654752756013,50.0
2029-02-13,49.56866089040587,48.083804004627254,50.0
2029-02-14,49.500075507095175,48.00735177082524,50.0
2029-02-15,49.453894082135186,47.9114574383558,50.0
2029-02-16,49.41742005868133,47.86781691823383,50.0
2029-02-17,49.483713047830946,48.01243741875088,50.0
2029-02-18,49.35697561306965,47.624704800644125,50.0
2029-02-19,49.532164980206886,47.82094648994715,50.0
2029-02-20,49.55736984416363,47.99133769326093,50.0
2029-02-21,49.619734838515406,47.944862898719606,50.0
2029-02-22,49.70598316417719,48.14519724972323,50.0
2029-02-23,49.799244634071286,48.208095603009056,50.0
2029-02-24,49.98863174210617,48.47262519926691,50.0
2029-02-25,49.97473595906188,48.41676551814714,50.0
2029-02-26,50.0,48.68823088680298,50.0
2029-02-27,50.0,48.72522223456284,50.0
2029-02-28,50.0,48.88490696464588,50.0
2029-03-01,50.0,49.10110634087313,50.0
2029-03-02,50.0,49.17111168644795,50.0
2029-03-03,50.0,49.286142883287674,50.0
2029-03-04,50.0,49.298480311168234,50.0
2029-03-05,50.0,49.54028414646073,50.0
2029-03-06,50.0,49.5804493005866,50.0
2029-03-07,50.0,49.55611518977704,50.0
2029-03-08,50.0,49.68978719389286,50.0
2029-03-09,50.0,49.644082155804554,50.0
2029-03-10,50.0,49.79808067001735,50.0
2029-03-11,50.0,49.776970286601674,50.0
2029-03-12,50.0,49.76720770648022,50.0
2029-03-13,50.0,49.8488769375118,50.0
2029-03-14,50.0,49.754981737298564,50.0
2029-03-15,50.0,49.75294379541025,50.0
2029-03-16,50.0,49.62001317995571,50.0
2029-03-17,50.0,49.70731452039067,50.0
2029-03-18,50.0,49.66129911425474,50.0
2029-03-19,50.0,49.67104541128087,50.0
2029-03-20,50.0,49.593479512581254,50.0
2029-03-21,50.0,49.59915726292324,50.0
2029-03-22,50.0,49.53572027459773,50.0
2029-03-23,50.0,49.57172315306614,50.0
2029-03-24,50.0,49.66319200758062,50.0
2029-03-25,50.0,49.59644842644722,50.0
2029-03-26,50.0,49.63334992971888,50.0
2029-03-27,50.0,49.89749368377233,50.0
2029-03-28,50.0,49.95102800106397,50.0
2029-03-29,50.0,49.84997840824728,50.0
2029-03-30,50.0,50.0,50.0
2029-03-31,50.0,50.0,50.0
2029-04-01,50.0,50.0,50.0
2029-04-02,50.0,50.0,50.0
2029-04-03,50.0,50.0,50.0
2029-04-04,50.0,50.0,50.0
2029-04-05,50.0,50.0,50.0
2029-04-06,50.0,50.0,50.0
2029-04-07,50.0,50.0,50.0
2029-04-08,50.0,50.0,50.0
2029-04-09,50.0,50.0,50.0
2029-04-10,50.0,50.0,50.0
2029-04-11,50.0,50.0,50.0
2029-04-12,50.0,50.0,50.0
2029-04-13,50.0,50.0,50.0
2029-04-14,50.0,50.0,50.0
2029-04-15,50.0,50.0,50.0
2029-04-16,50.0,50.0,50.0
2029-04-17,50.0,50.0,50.0
2029-04-18,50.0,50.0,50.0
2029-04-19,50.0,50.0,50.0
2029-04-20,50.0,50.0,50.0
2029-04-21,50.0,50.0,50.0
2029-04-22,50.0,50.0,50.0
2029-04-23,50.0,50.0,50.0
2029-04-24,50.0,50.0,50.0
2029-04-25,50.0,50.0,50.0
2029-04-26,50.0,50.0,50.0
2029-04-27,50.0,50.0,50.0
2029-04-28,50.0,50.0,50.0
2029-04-29,50.0,50.0,50.0
2029-04-30,50.0,50.0,50.0
2029-05-01,50.0,50.0,50.0
2029-05-02,50.0,50.0,50.0
2029-05-03,50.0,50.0,50.0
2029-05-04,50.0,50.0,50.0
2029-05-05,50.0,50.0,50.0
2029-05-06,50.0,50.0,50.0
2029-05-07,50.0,50.0,50.0
2029-05-08,50.0,50.0,50.0
2029-05-09,50.0,50.0,50.0
2029-05-10,50.0,50.0,50.0
2029-05-11,50.0,50.0,50.0
2029-05-12,50.0,50.0,50.0
2029-05-13,50.0,50.0,50.0
2029-05-14,50.0,50.0,50.0
2029-05-15,50.0,50.0,50.0
2029-05-16,50.0,50.0,50.0
2029-05-17,50.0,50.0,50.0
2029-05-18,50.0,50.0,50.0
2029-05-19,50.0,50.0,50.0
2029-05-20,50.0,50.0,50.0
2029-05-21,50.0,50.0,50.0
2029-05-22,50.0,50.0,50.0
2029-05-23,50.0,50.0,50.0
2029-05-24,50.0,50.0,50.0
2029-05-25,50.0,50.0,50.0
2029-05-26,50.0,50.0,50.0
2029-05-27,50.0,50.0,50.0
2029-05-28,50.0,50.0,50.0
2029-05-29,50.0,50.0,50.0
2029-05-30,50.0,50.0,50.0
2029-05-31,50.0,50.0,50.0
2029-06-01,50.0,50.0,50.0
2029-06-02,50.0,50.0,50.0
2029-06-03,50.0,50.0,50.0
2029-06-04,50.0,50.0,50.0
2029-06-05,50.0,50.0,50.0
2029-06-06,50.0,50.0,50.0
2029-06-07,50.0,50.0,50.0
2029-06-08,50.0,50.0,50.0
2029-06-09,50.0,50.0,50.0
2029-06-10,50.0,50.0,50.0
2029-06-11,50.0,50.0,50.0
2029-06-12,50.0,50.0,50.0
2029-06-13,50.0,50.0,50.0
2029-06-14,50.0,50.0,50.0
2029-06-15,50.0,50.0,50.0
2029-06-16,50.0,50.0,50.0
2029-06-17,50.0,50.0,50.0
2029-06-18,50.0,50.0,50.0
2029-06-19,50.0,50.0,50.0
2029-06-20,50.0,50.0,50.0
2029-06-21,50.0,50.0,50.0
2029-06-22,50.0,50.0,50.0
2029-06-23,50.0,50.0,50.0
2029-06-24,50.0,50.0,50.0
2029-06-25,50.0,50.0,50.0
2029-06-26,50.0,50.0,50.0
2029-06-27,50.0,50.0,50.0
2029-06-28,50.0,50.0,50.0
2029-06-29,50.0,50.0,50.0
2029-06-30,50.0,50.0,50.0
2029-07-01,50.0,50.0,50.0
2029-07-02,50.0,50.0,50.0
2029-07-03,50.0,50.0,50.0
2029-07-04,50.0,50.0,50.0
2029-07-05,50.0,50.0,50.0
2029-07-06,50.0,50.0,50.0
2029-07-07,50.0,50.0,50.0
2029-07-08,50.0,50.0,50.0
2029-07-09,50.0,50.0,50.0
2029-07-10,50.0,50.0,50.0
2029-07-11,50.0,50.0,50.0
2029-07-12,50.0,50.0,50.0
2029-07-13,50.0,50.0,50.0
2029-07-14,50.0,50.0,50.0
2029-07-15,50.0,50.0,50.0
2029-07-16,50.0,50.0,50.0
2029-07-17,50.0,50.0,50.0
2029-07-18,50.0,50.0,50.0
2029-07-19,50.0,50.0,50.0
2029-07-20,50.0,50.0,50.0
2029-07-21,50.0,50.0,50.0
2029-07-22,50.0,50.0,50.0
2029-07-23,50.0,50.0,50.0
2029-07-24,50.0,50.0,50.0
2029-07-25,50.0,50.0,50.0
2029-07-26,50.0,50.0,50.0
2029-07-27,50.0,50.0,50.0
2029-07-28,50.0,50.0,50.0
2029-07-29,50.0,50.0,50.0
2029-07-30,50.0,50.0,50.0
2029-07-31,50.0,50.0,50.0
2029-08-01,50.0,50.0,50.0
2029-08-02,50.0,50.0,50.0
2029-08-03,50.0,50.0,50.0
2029-08-04,50.0,50.0,50.0
2029-08-05,50.0,50.0,50.0
2029-08-06,50.0,50.0,50.0
2029-08-07,50.0,50.0,50.0
2029-08-08,50.0,50.0,50.0
2029-08-09,50.0,50.0,50.0
2029-08-10,50.0,50.0,50.0
2029-08-11,50.0,50.0,50.0
2029-08-12,50.0,50.0,50.0
2029-08-13,50.0,50.0,50.0
2029-08-14,50.0,50.0,50.0
2029-08-15,50.0,50.0,50.0
2029-08-16,50.0,50.0,50.0
2029-08-17,50.0,50.0,50.0
2029-08-18,50.0,50.0,50.0
2029-08-19,50.0,50.0,50.0
2029-08-20,50.0,50.0,50.0
2029-08-21,50.0,50.0,50.0
2029-08-22,50.0,50.0,50.0
2029-08-23,50.0,50.0,50.0
2029-08-24,50.0,50.0,50.0
2029-08-25,50.0,50.0,50.0
2029-08-26,50.0,50.0,50.0
2029-08-27,50.0,50.0,50.0
2029-08-28,50.0,50.0,50.0
2029-08-29,50.0,50.0,50.0
2029-08-30,50.0,50.0,50.0
2029-08-31,50.0,50.0,50.0
2029-09-01,50.0,50.0,50.0
2029-09-02,50.0,50.0,50.0
2029-09-03,50.0,50.0,50.0
2029-09-04,50.0,50.0,50.0
2029-09-05,50.0,50.0,50.0
2029-09-06,50.0,50.0,50.0
2029-09-07,50.0,50.0,50.0
2029-09-08,50.0,50.0,50.0
2029-09-09,50.0,50.0,50.0
2029-09-10,50.0,50.0,50.0
2029-09-11,50.0,50.0,50.0
2029-09-12,50.0,50.0,50.0
2029-09-13,50.0,50.0,50.0
2029-09-14,50.0,50.0,50.0
2029-09-15,50.0,50.0,50.0
2029-09-16,50.0,50.0,50.0
2029-09-17,50.0,50.0,50.0
2029-09-18,50.0,50.0,50.0
2029-09-19,50.0,50.0,50.0
2029-09-20,50.0,50.0,50.0
2029-09-21,50.0,50.0,50.0
2029-09-22,50.0,50.0,50.0
2029-09-23,50.0,50.0,50.0
2029-09-24,50.0,50.0,50.0
2029-09-25,50.0,50.0,50.0
2029-09-26,50.0,50.0,50.0
2029-09-27,50.0,50.0,50.0
2029-09-28,50.0,50.0,50.0
2029-09-29,50.0,50.0,50.0
2029-09-30,50.0,50.0,50.0
2029-10-01,50.0,50.0,50.0
2029-10-02,50.0,50.0,50.0
2029-10-03,50.0,50.0,50.0
2029-10-04,50.0,50.0,50.0
2029-10-05,50.0,50.0,50.0
2029-10-06,50.0,50.0,50.0
2029-10-07,50.0,50.0,50.0
2029-10-08,50.0,50.0,50.0
2029-10-09,50.0,50.0,50.0
2029-10-10,50.0,50.0,50.0
2029-10-11,50.0,50.0,50.0
2029-10-12,50.0,50.0,50.0
2029-10-13,50.0,50.0,50.0
2029-10-14,50.0,50.0,50.0
2029-10-15,50.0,50.0,50.0
2029-10-16,50.0,50.0,50.0
2029-10-17,50.0,50.0,50.0
2029-10-18,50.0,50.0,50.0
2029-10-19,50.0,50.0,50.0
2029-10-20,50.0,50.0,50.0
2029-10-21,50.0,50.0,50.0
2029-10-22,50.0,50.0,50.0
2029-10-23,50.0,50.0,50.0
2029-10-24,50.0,50.0,50.0
2029-10-25,50.0,50.0,50.0
2029-10-26,50.0,50.0,50.0
2029-10-27,50.0,50.0,50.0
2029-10-28,50.0,50.0,50.0
2029-10-29,50.0,50.0,50.0
2029-10-30,50.0,50.0,50.0
2029-10-31,50.0,50.0,50.0
2029-11-01,50.0,50.0,50.0
2029-11-02,50.0,50.0,50.0
2029-11-03,50.0,50.0,50.0
2029-11-04,50.0,50.0,50.0
2029-11-05,50.0,50.0,50.0
2029-11-06,50.0,50.0,50.0
2029-11-07,50.0,50.0,50.0
2029-11-08,50.0,50.0,50.0
2029-11-09,50.0,50.0,50.0
2029-11-10,50.0,50.0,50.0
2029-11-11,50.0,50.0,50.0
2029-11-12,50.0,50.0,50.0
2029-11-13,50.0,50.0,50.0
2029-11-14,50.0,50.0,50.0
2029-11-15,50.0,50.0,50.0
2029-11-16,50.0,50.0,50.0
2029-11-17,50.0,50.0,50.0
2029-11-18,50.0,50.0,50.0
2029-11-19,50.0,50.0,50.0
2029-11-20,50.0,50.0,50.0
2029-11-21,50.0,50.0,50.0
2029-11-22,50.0,50.0,50.0
2029-11-23,50.0,50.0,50.0
2029-11-24,50.0,50.0,50.0
2029-11-25,50.0,50.0,50.0
2029-11-26,50.0,50.0,50.0
2029-11-27,50.0,50.0,50.0
2029-11-28,50.0,50.0,50.0
2029-11-29,50.0,50.0,50.0
2029-11-30,50.0,50.0,50.0
2029-12-01,50.0,50.0,50.0
2029-12-02,50.0,50.0,50.0
2029-12-03,50.0,50.0,50.0
2029-12-04,50.0,50.0,50.0
2029-12-05,50.0,50.0,50.0
2029-12-06,50.0,50.0,50.0
2029-12-07,50.0,50.0,50.0
2029-12-08,50.0,50.0,50.0
2029-12-09,50.0,50.0,50.0
2029-12-10,50.0,50.0,50.0
2029-12-11,50.0,50.0,50.0
2029-12-12,50.0,50.0,50.0
2029-12-13,50.0,50.0,50.0
2029-12-14,50.0,50.0,50.0
2029-12-15,50.0,50.0,50.0
2029-12-16,50.0,50.0,50.0
2029-12-17,50.0,50.0,50.0
2029-12-18,50.0,50.0,50.0
2029-12-19,50.0,50.0,50.0
2029-12-20,50.0,50.0,50.0
2029-12-21,50.0,50.0,50.0
2029-12-22,50.0,50.0,50.0
2029-12-23,50.0,50.0,50.0
2029-12-24,50.0,50.0,50.0
2029-12-25,50.0,50.0,50.0
2029-12-26,50.0,50.0,50.0
2029-12-27,50.0,50.0,50.0
2029-12-28,50.0,50.0,50.0
2029-12-29,50.0,50.0,50.0
2029-12-30,50.0,50.0,50.0
2029-12-31,50.0,50.0,50.0
2030-01-01,50.0,50.0,50.0
2030-01-02,50.0,50.0,50.0
2030-01-03,50.0,50.0,50.0
2030-01-04,50.0,49.4338703788882,50.0
2030-01-05,50.0,48.802268497624496,50.0
2030-01-06,49.59063745386621,48.03358852267304,50.0
2030-01-07,49.14976438862299,47.520701210020505,50.0
2030-01-08,48.61122087625857,47.04163297478709,50.0
2030-01-09,48.166035581201704,46.50452418154339,49.69296286287312
2030-01-10,47.803993259861485,46.28994981144296,49.49018326186892
2030-01-11,47.510396652051,45.893417614528865,49.12396542283584
2030-01-12,47.37559430630177,45.83218877250484,48.91935927210121
2030-01-13,47.1004480930396,45.44451662067283,48.65344991741507
2030-01-14,47.17603318859882,45.6065170956636,48.74100181571349
2030-01-15,47.14610881630802,45.59785855862812,48.73573123435989
2030-01-16,47.19314037108259,45.599772057085,48.7822340778387
2030-01-17,47.298921470170114,45.74798834129574,48.896741316247166
2030-01-18,47.44150125870176,45.75974164514837,49.069182218763956
2030-01-19,47.704857713874034,46.080540646946616,49.25314947045931
2030-01-20,47.78448738563792,46.15404839412908,49.41942126504605
2030-01-21,48.16720166283208,46.653573890377125,49.77923558715691
2030-01-22,48.39366584353763,46.79151689805783,50.0
2030-01-23,48.64446036101296,47.11116850413491,50.0
2030-01-24,48.900712191446125,47.428013437321354,50.0
2030-01-25,49.14100202023524,47.630086847099314,50.0
2030-01-26,49.45098890875979,47.84869807016607,50.0
2030-01-27,49.5289246134669,47.95542773445483,50.0
2030-01-28,49.86535002309852,48.32865131629514,50.0
2030-01-29,50.0,48.346137075002105,50.0
2030-01-30,50.0,48.570529553519975,50.0
2030-01-31,50.0,48.62139753112377,50.0
2030-02-01,50.0,48.73898458888495,50.0
2030-02-02,50.0,48.831588701094,50.0
2030-02-03,50.0,48.74292133316993,50.0
2030-02-04,50.0,48.78543075851582,50.0
2030-02-05,50.0,48.86441723536116,50.0
2030-02-06,50.0,48.801190536402466,50.0
2030-02-07,50.0,48.60204030974691,50.0
2030-02-08,50.0,48.58354449419122,50.0
2030-02-09,50.0,48.583607810895025,50.0
2030-02-10,49.92645164784309,48.27701096178418,50.0
2030-02-11,49.979545759538134,48.22637322309448,50.0
2030-02-12,49.868004334340874,48.260116823485134,50.0
2030-02-13,49.783777143094404,48.17377898774182,50.0
2030-02-14,49.71851242529213,48.18444978297024,50.0
2030-02-15,49.66023618970459,48.06415593787343,50.0
2030-02-16,49.70278495381079,48.03693785891565,50.0
2030-02-17,49.551168031494036,47.924796909228604,50.0
2030-02-18,49.70115464807917,48.07466806791431,50.0
2030-02-19,49.701626746992694,48.13403471228779,50.0
2030-02-20,49.740480715256275,48.15517135995541,50.0
2030-02-21,49.80512913590224,48.24095900505975,50.0
2030-02-22,49.87931036997854,48.27332346753053,50.0
2030-02-23,50.0,48.48606991468576,50.0
2030-02-24,50.0,48.41977182757802,50.0
2030-02-25,50.0,48.60090897945806,50.0
2030-02-26,50.0,48.821819342014834,50.0
2030-02-27,50.0,48.92480295234602,50.0
2030-02-28,50.0,49.16070058360408,50.0
2030-03-01,50.0,49.37825960307226,50.0
2030-03-02,50.0,49.561530826702636,50.0
2030-03-03,50.0,49.3732213971234,50.0
2030-03-04,50.0,49.78189795437738,50.0
2030-03-05,50.0,49.5937017832215,50.0
2030-03-06,50.0,49.82127640684064,50.0
2030-03-07,50.0,49.88686480242203,50.0
2030-03-08,50.0,49.87212189978334,50.0
2030-03-09,50.0,50.0,50.0
2030-03-10,50.0,49.876642664964486,50.0
2030-03-11,50.0,50.0,50.0
2030-03-12,50.0,50.0,50.0
2030-03-13,50.0,49.97594439497718,50.0
2030-03-14,50.0,49.91032730017765,50.0
2030-03-15,50.0,49.93907552354857,50.0
2030-03-16,50.0,49.93872027508907,50.0
2030-03-17,50.0,49.83943786968012,50.0
2030-03-18,50.0,49.74845841940066,50.0
2030-03-19,50.0,49.9426332880832,50.0
2030-03-20,50.0,49.777071538112715,50.0
2030-03-21,50.0,49.7467160712626,50.0
2030-03-22,50.0,49.818280569396514,50.0
2030-03-23,50.0,49.802199557467354,50.0
2030-03-24,50.0,49.80301861749084,50.0
2030-03-25,50.0,49.8138279160118,50.0
2030-03-26,50.0,50.0,50.0
2030-03-27,50.0,49.82874944443245,50.0
2030-03-28,50.0,49.9050387388884,50.0
2030-03-29,50.0,49.96799396205632,50.0
2030-03-30,50.0,50.0,50.0
2030-03-31,50.0,50.0,50.0
2030-04-01,50.0,50.0,50.0
2030-04-02,50.0,50.0,50.0
2030-04-03,50.0,50.0,50.0
2030-04-04,50.0,50.0,50.0
2030-04-05,50.0,50.0,50.0
2030-04-06,50.0,50.0,50.0
2030-04-07,50.0,50.0,50.0
2030-04-08,50.0,50.0,50.0
2030-04-09,50.0,50.0,50.0
2030-04-10,50.0,50.0,50.0
2030-04-11,50.0,50.0,50.0
2030-04-12,50.0,50.0,50.0
2030-04-13,50.0,50.0,50.0
2030-04-14,50.0,50.0,50.0
2030-04-15,50.0,50.0,50.0
2030-04-16,50.0,50.0,50.0
2030-04-17,50.0,50.0,50.0
2030-04-18,50.0,50.0,50.0
2030-04-19,50.0,50.0,50.0
2030-04-20,50.0,50.0,50.0
2030-04-21,50.0,50.0,50.0
2030-04-22,50.0,50.0,50.0
2030-04-23,50.0,50.0,50.0
2030-04-24,50.0,50.0,50.0
2030-04-25,50.0,50.0,50.0
2030-04-26,50.0,50.0,50.0
2030-04-27,50.0,50.0,50.0
2030-04-28,50.0,50.0,50.0
2030-04-29,50.0,50.0,50.0
2030-04-30,50.0,50.0,50.0
2030-05-01,50.0,50.0,50.0
2030-05-02,50.0,50.0,50.0
2030-05-03,50.0,50.0,50.0
2030-05-04,50.0,50.0,50.0
2030-05-05,50.0,50.0,50.0
2030-05-06,50.0,50.0,50.0
2030-05-07,50.0,50.0,50.0
2030-05-08,50.0,50.0,50.0
2030-05-09,50.0,50.0,50.0
2030-05-10,50.0,50.0,50.0
2030-05-11,50.0,50.0,50.0
2030-05-12,50.0,50.0,50.0
2030-05-13,50.0,50.0,50.0
2030-05-14,50.0,50.0,50.0
2030-05-15,50.0,50.0,50.0
2030-05-16,50.0,50.0,50.0
2030-05-17,50.0,50.0,50.0
2030-05-18,50.0,50.0,50.0
2030-05-19,50.0,50.0,50.0
2030-05-20,50.0,50.0,50.0
2030-05-21,50.0,50.0,50.0
2030-05-22,50.0,50.0,50.0
2030-05-23,50.0,50.0,50.0
2030-05-24,50.0,50.0,50.0
2030-05-25,50.0,50.0,50.0
2030-05-26,50.0,50.0,50.0
2030-05-27,50.0,50.0,50.0
2030-05-28,50.0,50.0,50.0
2030-05-29,50.0,50.0,50.0
2030-05-30,50.0,50.0,50.0
2030-05-31,50.0,50.0,50.0
2030-06-01,50.0,50.0,50.0
2030-06-02,50.0,50.0,50.0
2030-06-03,50.0,50.0,50.0
2030-06-04,50.0,50.0,50.0
2030-06-05,50.0,50.0,50.0
2030-06-06,50.0,50.0,50.0
2030-06-07,50.0,50.0,50.0
2030-06-08,50.0,50.0,50.0
2030-06-09,50.0,50.0,50.0
2030-06-10,50.0,50.0,50.0
2030-06-11,50.0,50.0,50.0
2030-06-12,50.0,50.0,50.0
2030-06-13,50.0,50.0,50.0
2030-06-14,50.0,50.0,50.0
2030-06-15,50.0,50.0,50.0
2030-06-16,50.0,50.0,50.0
2030-06-17,50.0,50.0,50.0
2030-06-18,50.0,50.0,50.0
2030-06-19,50.0,50.0,50.0
2030-06-20,50.0,50.0,50.0
2030-06-21,50.0,50.0,50.0
2030-06-22,50.0,50.0,50.0
2030-06-23,50.0,50.0,50.0
2030-06-24,50.0,50.0,50.0
2030-06-25,50.0,50.0,50.0
2030-06-26,50.0,50.0,50.0
2030-06-27,50.0,50.0,50.0
2030-06-28,50.0,50.0,50.0
2030-06-29,50.0,50.0,50.0
2030-06-30,50.0,50.0,50.0
2030-07-01,50.0,50.0,50.0
2030-07-02,50.0,50.0,50.0
2030-07-03,50.0,50.0,50.0
2030-07-04,50.0,50.0,50.0
2030-07-05,50.0,50.0,50.0
2030-07-06,50.0,50.0,50.0
2030-07-07,50.0,50.0,50.0
2030-07-08,50.0,50.0,50.0
2030-07-09,50.0,50.0,50.0
2030-07-10,50.0,50.0,50.0
2030-07-11,50.0,50.0,50.0
2030-07-12,50.0,50.0,50.0
2030-07-13,50.0,50.0,50.0
2030-07-14,50.0,50.0,50.0
2030-07-15,50.0,50.0,50.0
2030-07-16,50.0,50.0,50.0
2030-07-17,50.0,50.0,50.0
2030-07-18,50.0,50.0,50.0
2030-07-19,50.0,50.0,50.0
2030-07-20,50.0,50.0,50.0
2030-07-21,50.0,50.0,50.0
2030-07-22,50.0,50.0,50.0
2030-07-23,50.0,50.0,50.0
2030-07-24,50.0,50.0,50.0
2030-07-25,50.0,50.0,50.0
2030-07-26,50.0,50.0,50.0
2030-07-27,50.0,50.0,50.0
2030-07-28,50.0,50.0,50.0
2030-07-29,50.0,50.0,50.0
2030-07-30,50.0,50.0,50.0
2030-07-31,50.0,50.0,50.0
2030-08-01,50.0,50.0,50.0
2030-08-02,50.0,50.0,50.0
2030-08-03,50.0,50.0,50.0
2030-08-04,50.0,50.0,50.0
2030-08-05,50.0,50.0,50.0
2030-08-06,50.0,50.0,50.0
2030-08-07,50.0,50.0,50.0
2030-08-08,50.0,50.0,50.0
2030-08-09,50.0,50.0,50.0
2030-08-10,50.0,50.0,50.0
2030-08-11,50.0,50.0,50.0
2030-08-12,50.0,50.0,50.0
2030-08-13,50.0,50.0,50.0
2030-08-14,50.0,50.0,50.0
2030-08-15,50.0,50.0,50.0
2030-08-16,50.0,50.0,50.0
2030-08-17,50.0,50.0,50.0
2030-08-18,50.0,50.0,50.0
2030-08-19,50.0,50.0,50.0
2030-08-20,50.0,50.0,50.0
2030-08-21,50.0,50.0,50.0
2030-08-22,50.0,50.0,50.0
2030-08-23,50.0,50.0,50.0
2030-08-24,50.0,50.0,50.0
2030-08-25,50.0,50.0,50.0
2030-08-26,50.0,50.0,50.0
2030-08-27,50.0,50.0,50.0
2030-08-28,50.0,50.0,50.0
2030-08-29,50.0,50.0,50.0
2030-08-30,50.0,50.0,50.0
2030-08-31,50.0,50.0,50.0
2030-09-01,50.0,50.0,50.0
2030-09-02,50.0,50.0,50.0
2030-09-03,50.0,50.0,50.0
2030-09-04,50.0,50.0,50.0
2030-09-05,50.0,50.0,50.0
2030-09-06,50.0,50.0,50.0
2030-09-07,50.0,50.0,50.0
2030-09-08,50.0,50.0,50.0
2030-09-09,50.0,50.0,50.0
2030-09-10,50.0,50.0,50.0
2030-09-11,50.0,50.0,50.0
2030-09-12,50.0,50.0,50.0
2030-09-13,50.0,50.0,50.0
2030-09-14,50.0,50.0,50.0
2030-09-15,50.0,50.0,50.0
2030-09-16,50.0,50.0,50.0
2030-09-17,50.0,50.0,50.0
2030-09-18,50.0,50.0,50.0
2030-09-19,50.0,50.0,50.0
2030-09-20,50.0,50.0,50.0
2030-09-21,50.0,50.0,50.0
2030-09-22,50.0,50.0,50.0
2030-09-23,50.0,50.0,50.0
2030-09-24,50.0,50.0,50.0
2030-09-25,50.0,50.0,50.0
2030-09-26,50.0,50.0,50.0
2030-09-27,50.0,50.0,50.0
2030-09-28,50.0,50.0,50.0
2030-09-29,50.0,50.0,50.0
2030-09-30,50.0,50.0,50.0
2030-10-01,50.0,50.0,50.0
2030-10-02,50.0,50.0,50.0
2030-10-03,50.0,50.0,50.0
2030-10-04,50.0,50.0,50.0
2030-10-05,50.0,50.0,50.0
2030-10-06,50.0,50.0,50.0
2030-10-07,50.0,50.0,50.0
2030-10-08,50.0,50.0,50.0
2030-10-09,50.0,50.0,50.0
2030-10-10,50.0,50.0,50.0
2030-10-11,50.0,50.0,50.0
2030-10-12,50.0,50.0,50.0
2030-10-13,50.0,50.0,50.0
2030-10-14,50.0,50.0,50.0
2030-10-15,50.0,50.0,50.0
2030-10-16,50.0,50.0,50.0
2030-10-17,50.0,50.0,50.0
2030-10-18,50.0,50.0,50.0
2030-10-19,50.0,50.0,50.0
2030-10-20,50.0,50.0,50.0
2030-10-21,50.0,50.0,50.0
2030-10-22,50.0,50.0,50.0
2030-10-23,50.0,50.0,50.0
2030-10-24,50.0,50.0,50.0
2030-10-25,50.0,50.0,50.0
2030-10-26,50.0,50.0,50.0
2030-10-27,50.0,50.0,50.0
2030-10-28,50.0,50.0,50.0
2030-10-29,50.0,50.0,50.0
2030-10-30,50.0,50.0,50.0
2030-10-31,50.0,50.0,50.0
2030-11-01,50.0,50.0,50.0
2030-11-02,50.0,50.0,50.0
2030-11-03,50.0,50.0,50.0
2030-11-04,50.0,50.0,50.0
2030-11-05,50.0,50.0,50.0
2030-11-06,50.0,50.0,50.0
2030-11-07,50.0,50.0,50.0
2030-11-08,50.0,50.0,50.0
2030-11-09,50.0,50.0,50.0
2030-11-10,50.0,50.0,50.0
2030-11-11,50.0,50.0,50.0
2030-11-12,50.0,50.0,50.0
2030-11-13,50.0,50.0,50.0
2030-11-14,50.0,50.0,50.0
2030-11-15,50.0,50.0,50.0
2030-11-16,50.0,50.0,50.0
2030-11-17,50.0,50.0,50.0
2030-11-18,50.0,50.0,50.0
2030-11-19,50.0,50.0,50.0
2030-11-20,50.0,50.0,50.0
2030-11-21,50.0,50.0,50.0
2030-11-22,50.0,50.0,50.0
2030-11-23,50.0,50.0,50.0
2030-11-24,50.0,50.0,50.0
2030-11-25,50.0,50.0,50.0
2030-11-26,50.0,50.0,50.0
2030-11-27,50.0,50.0,50.0
2030-11-28,50.0,50.0,50.0
2030-11-29,50.0,50.0,50.0
2030-11-30,50.0,50.0,50.0
2030-12-01,50.0,50.0,50.0
2030-12-02,50.0,50.0,50.0
2030-12-03,50.0,50.0,50.0
2030-12-04,50.0,50.0,50.0
2030-12-05,50.0,50.0,50.0
2030-12-06,50.0,50.0,50.0
2030-12-07,50.0,50.0,50.0
2030-12-08,50.0,50.0,50.0
2030-12-09,50.0,50.0,50.0
2030-12-10,50.0,50.0,50.0
2030-12-11,50.0,50.0,50.0
2030-12-12,50.0,50.0,50.0
2030-12-13,50.0,50.0,50.0
2030-12-14,50.0,50.0,50.0
2030-12-15,50.0,50.0,50.0
2030-12-16,50.0,50.0,50.0
2030-12-17,50.0,50.0,50.0
2030-12-18,50.0,50.0,50.0
2030-12-19,50.0,50.0,50.0
2030-12-20,50.0,50.0,50.0
2030-12-21,50.0,50.0,50.0
2030-12-22,50.0,50.0,50.0
2030-12-23,50.0,50.0,50.0
2030-12-24,50.0,50.0,50.0
2030-12-25,50.0,50.0,50.0
2030-12-26,50.0,50.0,50.0
2030-12-27,50.0,50.0,50.0
2030-12-28,50.0,50.0,50.0
2030-12-29,50.0,50.0,50.0
2030-12-30,50.0,50.0,50.0
2030-12-31,50.0,50.0,50.0
2031-01-01,50.0,50.0,50.0
2031-01-02,50.0,50.0,50.0
2031-01-03,50.0,50.0,50.0
2031-01-04,50.0,50.0,50.0
2031-01-05,50.0,49.12812883079927,50.0
2031-01-06,50.0,48.600959226988785,50.0
2031-01-07,49.46850600112476,47.86160622448813,50.0
2031-01-08,48.93013851342977,47.338328324945024,50.0
2031-01-09,48.47286671351191,46.86684899028143,49.99684783157007
2031-01-10,48.08370299759565,46.47005205619122,49.71904707204233
2031-01-11,47.854672327014,46.235019994353586,49.51468514255416
2031-01-12,47.48824330954917,45.66402254315384,49.01672613236725
2031-01-13,47.476993872509205,45.80549957724395,49.03830059372387
2031-01-14,47.366050630838984,45.81331609320876,48.963885488733865
2031-01-15,47.339083312257706,45.72336904360373,48.96980432197103
2031-01-16,47.37890341782166,45.951276000167326,48.986165112305976
2031-01-17,47.46437296667823,45.83054265903658,48.94692462529679
2031-01-18,47.68006446085367,46.18603088107109,49.2091143724109
2031-01-19,47.72184276279236,46.22518805276009,49.39290035495259
2031-01-20,48.076659086888526,46.61257534247869,49.64066882609569
2031-01-21,48.28509335202048,46.71007364124069,49.85225551696917
2031-01-22,48.52742407292074,46.82772501672076,50.0
2031-01-23,48.78427350735939,47.11549308830927,50.0
2031-01-24,49.0335332005111,47.44058130601334,50.0
2031-01-25,49.360011119831455,47.71541518308134,50.0
2031-01-26,49.46097188622705,47.891304557436456,50.0
2031-01-27,49.82586184202911,48.33929871519056,50.0
2031-01-28,49.998757419850186,48.40255182354849,50.0
2031-01-29,50.0,48.530746662749785,50.0
2031-01-30,50.0,48.767321912483894,50.0
2031-01-31,50.0,48.79491700599737,50.0
2031-02-01,50.0,49.01963616834368,50.0
2031-02-02,50.0,48.86781857472022,50.0
2031-02-03,50.0,49.05185038135956,50.0
2031-02-04,50.0,48.9546731770911,50.0
2031-02-05,50.0,48.92409501375664,50.0
2031-02-06,50.0,48.94307282811465,50.0
2031-02-07,50.0,49.01734369337922,50.0
2031-02-08,50.0,48.94334489942712,50.0
2031-02-09,50.0,48.66047205299888,50.0
2031-02-10,50.0,48.770778136114295,50.0
2031-02-11,50.0,48.514931041550746,50.0
2031-02-12,50.0,48.491627084785925,50.0
2031-02-13,50.0,48.42952431792283,50.0
2031-02-14,49.92990959484888,48.35452023871573,50.0
2031-02-15,49.95126474940188,48.286049174317654,50.0
2031-02-16,49.776314216155086,48.18210528163483,50.0
2031-02-17,49.90162882377216,48.261118324687594,50.0
2031-02-18,49.87690348777153,48.249913700174254,50.0
2031-02-19,49.890834723648325,48.32760400024124,50.0
2031-02-20,49.93159928164537,48.26640006207682,50.0
2031-02-21,49.98364233153693,48.41074077876686,50.0
2031-02-22,50.0,48.53669654956156,50.0
2031-02-23,50.0,48.47926125933113,50.0
2031-02-24,50.0,48.69532191462722,50.0
2031-02-25,50.0,48.71331907629584,50.0
2031-02-26,50.0,48.99456735517568,50.0
2031-02-27,50.0,49.07876874740118,50.0
2031-02-28,50.0,49.308907350048464,50.0
2031-03-01,50.0,49.461893043470795,50.0
2031-03-02,50.0,49.38685879459309,50.0
2031-03-03,50.0,49.817887176493365,50.0
2031-03-04,50.0,49.76965867643206,50.0
2031-03-05,50.0,49.94906141476451,50.0
2031-03-06,50.0,49.87197040077888,50.0
2031-03-07,50.0,49.937912232878425,50.0
2031-03-08,50.0,50.0,50.0
2031-03-09,50.0,50.0,50.0
2031-03-10,50.0,50.0,50.0
2031-03-11,50.0,50.0,50.0
2031-03-12,50.0,50.0,50.0
2031-03-13,50.0,50.0,50.0
2031-03-14,50.0,50.0,50.0
2031-03-15,50.0,50.0,50.0
2031-03-16,50.0,50.0,50.0
2031-03-17,50.0,50.0,50.0
2031-03-18,50.0,50.0,50.0
2031-03-19,50.0,49.99395634964615,50.0
2031-03-20,50.0,50.0,50.0
2031-03-21,50.0,49.972936034079524,50.0
2031-03-22,50.0,50.0,50.0
2031-03-23,50.0,49.93126669338444,50.0
2031-03-24,50.0,50.0,50.0
2031-03-25,50.0,49.946691732471805,50.0
2031-03-26,50.0,50.0,50.0
2031-03-27,50.0,50.0,50.0
2031-03-28,50.0,50.0,50.0
2031-03-29,50.0,50.0,50.0
2031-03-30,50.0,50.0,50.0
2031-03-31,50.0,50.0,50.0
2031-04-01,50.0,50.0,50.0
2031-04-02,50.0,50.0,50.0
2031-04-03,50.0,50.0,50.0
2031-04-04,50.0,50.0,50.0
2031-04-05,50.0,50.0,50.0
2031-04-06,50.0,50.0,50.0
2031-04-07,50.0,50.0,50.0
2031-04-08,50.0,50.0,50.0
2031-04-09,50.0,50.0,50.0
2031-04-10,50.0,50.0,50.0
2031-04-11,50.0,50.0,50.0
2031-04-12,50.0,50.0,50.0
2031-04-13,50.0,50.0,50.0
2031-04-14,50.0,50.0,50.0
2031-04-15,50.0,50.0,50.0
2031-04-16,50.0,50.0,50.0
2031-04-17,50.0,50.0,50.0
2031-04-18,50.0,50.0,50.0
2031-04-19,50.0,50.0,50.0
2031-04-20,50.0,50.0,50.0
2031-04-21,50.0,50.0,50.0
2031-04-22,50.0,50.0,50.0
2031-04-23,50.0,50.0,50.0
2031-04-24,50.0,50.0,50.0
2031-04-25,50.0,50.0,50.0
2031-04-26,50.0,50.0,50.0
2031-04-27,50.0,50.0,50.0
2031-04-28,50.0,50.0,50.0
2031-04-29,50.0,50.0,50.0
2031-04-30,50.0,50.0,50.0
2031-05-01,50.0,50.0,50.0
2031-05-02,50.0,50.0,50.0
2031-05-03,50.0,50.0,50.0
2031-05-04,50.0,50.0,50.0
2031-05-05,50.0,50.0,50.0
2031-05-06,50.0,50.0,50.0
2031-05-07,50.0,50.0,50.0
2031-05-08,50.0,50.0,50.0
2031-05-09,50.0,50.0,50.0
2031-05-10,50.0,50.0,50.0
2031-05-11,50.0,50.0,50.0
2031-05-12,50.0,50.0,50.0
2031-05-13,50.0,50.0,50.0
2031-05-14,50.0,50.0,50.0
2031-05-15,50.0,50.0,50.0
2031-05-16,50.0,50.0,50.0
2031-05-17,50.0,50.0,50.0
2031-05-18,50.0,50.0,50.0
2031-05-19,50.0,50.0,50.0
2031-05-20,50.0,50.0,50.0
2031-05-21,50.0,50.0,50.0
2031-05-22,50.0,50.0,50.0
2031-05-23,50.0,50.0,50.0
2031-05-24,50.0,50.0,50.0
2031-05-25,50.0,50.0,50.0
2031-05-26,50.0,50.0,50.0
2031-05-27,50.0,50.0,50.0
2031-05-28,50.0,50.0,50.0
2031-05-29,50.0,50.0,50.0
2031-05-30,50.0,50.0,50.0
2031-05-31,50.0,50.0,50.0
2031-06-01,50.0,50.0,50.0
2031-06-02,50.0,50.0,50.0
2031-06-03,50.0,50.0,50.0
2031-06-04,50.0,50.0,50.0
2031-06-05,50.0,50.0,50.0
2031-06-06,50.0,50.0,50.0
2031-06-07,50.0,50.0,50.0
2031-06-08,50.0,50.0,50.0
2031-06-09,50.0,50.0,50.0
2031-06-10,50.0,50.0,50.0
2031-06-11,50.0,50.0,50.0
2031-06-12,50.0,50.0,50.0
2031-06-13,50.0,50.0,50.0
2031-06-14,50.0,50.0,50.0
2031-06-15,50.0,50.0,50.0
2031-06-16,50.0,50.0,50.0
2031-06-17,50.0,50.0,50.0
2031-06-18,50.0,50.0,50.0
2031-06-19,50.0,50.0,50.0
2031-06-20,50.0,50.0,50.0
2031-06-21,50.0,50.0,50.0
2031-06-22,50.0,50.0,50.0
2031-06-23,50.0,50.0,50.0
2031-06-24,50.0,50.0,50.0
2031-06-25,50.0,50.0,50.0
2031-06-26,50.0,50.0,50.0
2031-06-27,50.0,50.0,50.0
2031-06-28,50.0,50.0,50.0
2031-06-29,50.0,50.0,50.0
2031-06-30,50.0,50.0,50.0
2031-07-01,50.0,50.0,50.0
2031-07-02,50.0,50.0,50.0
2031-07-03,50.0,50.0,50.0
2031-07-04,50.0,50.0,50.0
2031-07-05,50.0,50.0,50.0
2031-07-06,50.0,50.0,50.0
2031-07-07,50.0,50.0,50.0
2031-07-08,50.0,50.0,50.0
2031-07-09,50.0,50.0,50.0
2031-07-10,50.0,50.0,50.0
2031-07-11,50.0,50.0,50.0
2031-07-12,50.0,50.0,50.0
2031-07-13,50.0,50.0,50.0
2031-07-14,50.0,50.0,50.0
2031-07-15,50.0,50.0,50.0
2031-07-16,50.0,50.0,50.0
2031-07-17,50.0,50.0,50.0
2031-07-18,50.0,50.0,50.0
2031-07-19,50.0,50.0,50.0
2031-07-20,50.0,50.0,50.0
2031-07-21,50.0,50.0,50.0
2031-07-22,50.0,50.0,50.0
2031-07-23,50.0,50.0,50.0
2031-07-24,50.0,50.0,50.0
2031-07-25,50.0,50.0,50.0
2031-07-26,50.0,50.0,50.0
2031-07-27,50.0,50.0,50.0
2031-07-28,50.0,50.0,50.0
2031-07-29,50.0,50.0,50.0
2031-07-30,50.0,50.0,50.0
2031-07-31,50.0,50.0,50.0
2031-08-01,50.0,50.0,50.0
2031-08-02,50.0,50.0,50.0
2031-08-03,50.0,50.0,50.0
2031-08-04,50.0,50.0,50.0
2031-08-05,50.0,50.0,50.0
2031-08-06,50.0,50.0,50.0
2031-08-07,50.0,50.0,50.0
2031-08-08,50.0,50.0,50.0
2031-08-09,50.0,50.0,50.0
2031-08-10,50.0,50.0,50.0
2031-08-11,50.0,50.0,50.0
2031-08-12,50.0,50.0,50.0
2031-08-13,50.0,50.0,50.0
2031-08-14,50.0,50.0,50.0
2031-08-15,50.0,50.0,50.0
2031-08-16,50.0,50.0,50.0
2031-08-17,50.0,50.0,50.0
2031-08-18,50.0,50.0,50.0
2031-08-19,50.0,50.0,50.0
2031-08-20,50.0,50.0,50.0
2031-08-21,50.0,50.0,50.0
2031-08-22,50.0,50.0,50.0
2031-08-23,50.0,50.0,50.0
2031-08-24,50.0,50.0,50.0
2031-08-25,50.0,50.0,50.0
2031-08-26,50.0,50.0,50.0
2031-08-27,50.0,50.0,50.0
2031-08-28,50.0,50.0,50.0
2031-08-29,50.0,50.0,50.0
2031-08-30,50.0,50.0,50.0
2031-08-31,50.0,50.0,50.0
2031-09-01,50.0,50.0,50.0
2031-09-02,50.0,50.0,50.0
2031-09-03,50.0,50.0,50.0
2031-09-04,50.0,50.0,50.0
2031-09-05,50.0,50.0,50.0
2031-09-06,50.0,50.0,50.0
2031-09-07,50.0,50.0,50.0
2031-09-08,50.0,50.0,50.0
2031-09-09,50.0,50.0,50.0
2031-09-10,50.0,50.0,50.0
2031-09-11,50.0,50.0,50.0
2031-09-12,50.0,50.0,50.0
2031-09-13,50.0,50.0,50.0
2031-09-14,50.0,50.0,50.0
2031-09-15,50.0,50.0,50.0
2031-09-16,50.0,50.0,50.0
2031-09-17,50.0,50.0,50.0
2031-09-18,50.0,50.0,50.0
2031-09-19,50.0,50.0,50.0
2031-09-20,50.0,50.0,50.0
2031-09-21,50.0,50.0,50.0
2031-09-22,50.0,50.0,50.0
2031-09-23,50.0,50.0,50.0
2031-09-24,50.0,50.0,50.0
2031-09-25,50.0,50.0,50.0
2031-09-26,50.0,50.0,50.0
2031-09-27,50.0,50.0,50.0
2031-09-28,50.0,50.0,50.0
2031-09-29,50.0,50.0,50.0
2031-09-30,50.0,50.0,50.0
2031-10-01,50.0,50.0,50.0
2031-10-02,50.0,50.0,50.0
2031-10-03,50.0,50.0,50.0
2031-10-04,50.0,50.0,50.0
2031-10-05,50.0,50.0,50.0
2031-10-06,50.0,50.0,50.0
2031-10-07,50.0,50.0,50.0
2031-10-08,50.0,50.0,50.0
2031-10-09,50.0,50.0,50.0
2031-10-10,50.0,50.0,50.0
2031-10-11,50.0,50.0,50.0
2031-10-12,50.0,50.0,50.0
2031-10-13,50.0,50.0,50.0
2031-10-14,50.0,50.0,50.0
2031-10-15,50.0,50.0,50.0
2031-10-16,50.0,50.0,50.0
2031-10-17,50.0,50.0,50.0
2031-10-18,50.0,50.0,50.0
2031-10-19,50.0,50.0,50.0
2031-10-20,50.0,50.0,50.0
2031-10-21,50.0,50.0,50.0
2031-10-22,50.0,50.0,50.0
2031-10-23,50.0,50.0,50.0
2031-10-24,50.0,50.0,50.0
2031-10-25,50.0,50.0,50.0
2031-10-26,50.0,50.0,50.0
2031-10-27,50.0,50.0,50.0
2031-10-28,50.0,50.0,50.0
2031-10-29,50.0,50.0,50.0
2031-10-30,50.0,50.0,50.0
2031-10-31,50.0,50.0,50.0
2031-11-01,50.0,50.0,50.0
2031-11-02,50.0,50.0,50.0
2031-11-03,50.0,50.0,50.0
2031-11-04,50.0,50.0,50.0
2031-11-05,50.0,50.0,50.0
2031-11-06,50.0,50.0,50.0
2031-11-07,50.0,50.0,50.0
2031-11-08,50.0,50.0,50.0
2031-11-09,50.0,50.0,50.0
2031-11-10,50.0,50.0,50.0
2031-11-11,50.0,50.0,50.0
2031-11-12,50.0,50.0,50.0
2031-11-13,50.0,50.0,50.0
2031-11-14,50.0,50.0,50.0
2031-11-15,50.0,50.0,50.0
2031-11-16,50.0,50.0,50.0
2031-11-17,50.0,50.0,50.0
2031-11-18,50.0,50.0,50.0
2031-11-19,50.0,50.0,50.0
2031-11-20,50.0,50.0,50.0
2031-11-21,50.0,50.0,50.0
2031-11-22,50.0,50.0,50.0
2031-11-23,50.0,50.0,50.0
2031-11-24,50.0,50.0,50.0
2031-11-25,50.0,50.0,50.0
2031-11-26,50.0,50.0,50.0
2031-11-27,50.0,50.0,50.0
2031-11-28,50.0,50.0,50.0
2031-11-29,50.0,50.0,50.0
2031-11-30,50.0,50.0,50.0
2031-12-01,50.0,50.0,50.0
2031-12-02,50.0,50.0,50.0
2031-12-03,50.0,50.0,50.0
2031-12-04,50.0,50.0,50.0
2031-12-05,50.0,50.0,50.0
2031-12-06,50.0,50.0,50.0
2031-12-07,50.0,50.0,50.0
2031-12-08,50.0,50.0,50.0
2031-12-09,50.0,50.0,50.0
2031-12-10,50.0,50.0,50.0
2031-12-11,50.0,50.0,50.0
2031-12-12,50.0,50.0,50.0
2031-12-13,50.0,50.0,50.0
2031-12-14,50.0,50.0,50.0
2031-12-15,50.0,50.0,50.0
2031-12-16,50.0,50.0,50.0
2031-12-17,50.0,50.0,50.0
2031-12-18,50.0,50.0,50.0
2031-12-19,50.0,50.0,50.0
2031-12-20,50.0,50.0,50.0
2031-12-21,50.0,50.0,50.0
2031-12-22,50.0,50.0,50.0
2031-12-23,50.0,50.0,50.0
2031-12-24,50.0,50.0,50.0
2031-12-25,50.0,50.0,50.0
2031-12-26,50.0,50.0,50.0
2031-12-27,50.0,50.0,50.0
2031-12-28,50.0,50.0,50.0
2031-12-29,50.0,50.0,50.0
2031-12-30,50.0,50.0,50.0
2031-12-31,50.0,50.0,50.0
2032-01-01,50.0,50.0,50.0
2032-01-02,50.0,50.0,50.0
2032-01-03,50.0,50.0,50.0
2032-01-04,50.0,50.0,50.0
2032-01-05,50.0,49.56233573282046,50.0
2032-01-06,50.0,48.926195973635906,50.0
2032-01-07,49.81019882584976,48.09514058465709,50.0
2032-01-08,49.260524105663904,47.71168924394221,50.0
2032-01-09,48.77648197581646,47.20967169048112,50.0
2032-01-10,48.451809506883734,46.93752632615778,50.0
2032-01-11,47.99066350977061,46.36648074718398,49.50305471608721
2032-01-12,47.88724938200365,46.20411714988195,49.41388047497823
2032-01-13,47.68822555534599,46.11618259388004,49.363609662864796
2032-01-14,47.578665740986814,45.967786561745406,49.0321598451906
2032-01-15,47.54262890847684,46.00681862422539,49.12196642031012
2032-01-16,47.560043509467064,45.83268360525484,49.022181390102496
2032-01-17,47.71634763241195,46.21392044545569,49.308159607751854
2032-01-18,47.708056205994225,46.16453870241481,49.33685996269576
2032-01-19,48.02254574229494,46.332222671438565,49.64278688242311
2032-01-20,48.20059301495285,46.659546440234614,49.85539497942639
2032-01-21,48.42244685431317,46.88395220288085,49.95246494418971
2032-01-22,48.66848063807207,47.057811058431135,50.0
2032-01-23,48.91613034265698,47.333104130398546,50.0
2032-01-24,49.249558943780094,47.63551453882908,50.0
2032-01-25,49.36521815026512,47.828048968444996,50.0
2032-01-26,49.75159858835148,48.22424041677233,50.0
2032-01-27,49.95170619320573,48.33253856646402,50.0
2032-01-28,50.0,48.69075682422493,50.0
2032-01-29,50.0,48.81853576423072,50.0
2032-01-30,50.0,48.809128023696374,50.0
2032-01-31,50.0,49.033541740122274,50.0
2032-02-01,50.0,49.02694161350292,50.0
2032-02-02,50.0,49.2966610105476,50.0
2032-02-03,50.0,49.21199877752397,50.0
2032-02-04,50.0,49.205923617927276,50.0
2032-02-05,50.0,49.23753439318253,50.0
2032-02-06,50.0,49.18753726275801,50.0
2032-02-07,50.0,49.26074073868982,50.0
2032-02-08,50.0,49.064693505394345,50.0
2032-02-09,50.0,49.09168214921127,50.0
2032-02-10,50.0,48.9882088732652,50.0
2032-02-11,50.0,48.765477993345876,50.0
2032-02-12,50.0,48.60060862232781,50.0
2032-02-13,50.0,48.633478180725405,50.0
2032-02-14,50.0,48.732117868596745,50.0
2032-02-15,50.0,48.49962169560425,50.0
2032-02-16,50.0,48.58424794526379,50.0
2032-02-17,50.0,48.44951736177743,50.0
2032-02-18,50.0,48.390549008847465,50.0
2032-02-19,50.0,48.48380798577218,50.0
2032-02-20,50.0,48.451996226987625,50.0
2032-02-21,50.0,48.697159102759535,50.0
2032-02-22,50.0,48.670863876811445,50.0
2032-02-23,50.0,48.800946584019414,50.0
2032-02-24,50.0,48.86839646564423,50.0
2032-02-25,50.0,49.172324337355306,50.0
2032-02-26,50.0,49.181630725863826,50.0
2032-02-27,50.0,49.181255611487884,50.0
2032-02-28,50.0,49.50103774441142,50.0
2032-02-29,50.0,49.59436883869492,50.0
2032-03-01,50.0,49.806242997819666,50.0
2032-03-02,50.0,49.73885857165923,50.0
2032-03-03,50.0,49.94937043762482,50.0
2032-03-04,50.0,49.97687763240526,50.0
2032-03-05,50.0,50.0,50.0
2032-03-06,50.0,50.0,50.0
2032-03-07,50.0,50.0,50.0
2032-03-08,50.0,50.0,50.0
2032-03-09,50.0,50.0,50.0
2032-03-10,50.0,50.0,50.0
2032-03-11,50.0,50.0,50.0
2032-03-12,50.0,50.0,50.0
2032-03-13,50.0,50.0,50.0
2032-03-14,50.0,50.0,50.0
2032-03-15,50.0,50.0,50.0
2032-03-16,50.0,50.0,50.0
2032-03-17,50.0,50.0,50.0
2032-03-18,50.0,50.0,50.0
2032-03-19,50.0,50.0,50.0
2032-03-20,50.0,50.0,50.0
2032-03-21,50.0,50.0,50.0
2032-03-22,50.0,50.0,50.0
2032-03-23,50.0,50.0,50.0
2032-03-24,50.0,50.0,50.0
2032-03-25,50.0,50.0,50.0
2032-03-26,50.0,50.0,50.0
2032-03-27,50.0,50.0,50.0
2032-03-28,50.0,50.0,50.0
2032-03-29,50.0,50.0,50.0
2032-03-30,50.0,50.0,50.0
2032-03-31,50.0,50.0,50.0
2032-04-01,50.0,50.0,50.0
2032-04-02,50.0,50.0,50.0
2032-04-03,50.0,50.0,50.0
2032-04-04,50.0,50.0,50.0
2032-04-05,50.0,50.0,50.0
2032-04-06,50.0,50.0,50.0
2032-04-07,50.0,50.0,50.0
2032-04-08,50.0,50.0,50.0
2032-04-09,50.0,50.0,50.0
2032-04-10,50.0,50.0,50.0
2032-04-11,50.0,50.0,50.0
2032-04-12,50.0,50.0,50.0
2032-04-13,50.0,50.0,50.0
2032-04-14,50.0,50.0,50.0
2032-04-15,50.0,50.0,50.0
2032-04-16,50.0,50.0,50.0
2032-04-17,50.0,50.0,50.0
2032-04-18,50.0,50.0,50.0
2032-04-19,50.0,50.0,50.0
2032-04-20,50.0,50.0,50.0
2032-04-21,50.0,50.0,50.0
2032-04-22,50.0,50.0,50.0
2032-04-23,50.0,50.0,50.0
2032-04-24,50.0,50.0,50.0
2032-04-25,50.0,50.0,50.0
2032-04-26,50.0,50.0,50.0
2032-04-27,50.0,50.0,50.0
2032-04-28,50.0,50.0,50.0
2032-04-29,50.0,50.0,50.0
2032-04-30,50.0,50.0,50.0
2032-05-01,50.0,50.0,50.0
2032-05-02,50.0,50.0,50.0
2032-05-03,50.0,50.0,50.0
2032-05-04,50.0,50.0,50.0
2032-05-05,50.0,50.0,50.0
2032-05-06,50.0,50.0,50.0
2032-05-07,50.0,50.0,50.0
2032-05-08,50.0,50.0,50.0
2032-05-09,50.0,50.0,50.0
2032-05-10,50.0,50.0,50.0
2032-05-11,50.0,50.0,50.0
2032-05-12,50.0,50.0,50.0
2032-05-13,50.0,50.0,50.0
2032-05-14,50.0,50.0,50.0
2032-05-15,50.0,50.0,50.0
2032-05-16,50.0,50.0,50.0
2032-05-17,50.0,50.0,50.0
2032-05-18,50.0,50.0,50.0
2032-05-19,50.0,50.0,50.0
2032-05-20,50.0,50.0,50.0
2032-05-21,50.0,50.0,50.0
2032-05-22,50.0,50.0,50.0
2032-05-23,50.0,50.0,50.0
2032-05-24,50.0,50.0,50.0
2032-05-25,50.0,50.0,50.0
2032-05-26,50.0,50.0,50.0
2032-05-27,50.0,50.0,50.0
2032-05-28,50.0,50.0,50.0
2032-05-29,50.0,50.0,50.0
2032-05-30,50.0,50.0,50.0
2032-05-31,50.0,50.0,50.0
2032-06-01,50.0,50.0,50.0
2032-06-02,50.0,50.0,50.0
2032-06-03,50.0,50.0,50.0
2032-06-04,50.0,50.0,50.0
2032-06-05,50.0,50.0,50.0
2032-06-06,50.0,50.0,50.0
2032-06-07,50.0,50.0,50.0
2032-06-08,50.0,50.0,50.0
2032-06-09,50.0,50.0,50.0
2032-06-10,50.0,50.0,50.0
2032-06-11,50.0,50.0,50.0
2032-06-12,50.0,50.0,50.0
2032-06-13,50.0,50.0,50.0
2032-06-14,50.0,50.0,50.0
2032-06-15,50.0,50.0,50.0
2032-06-16,50.0,50.0,50.0
2032-06-17,50.0,50.0,50.0
2032-06-18,50.0,50.0,50.0
2032-06-19,50.0,50.0,50.0
2032-06-20,50.0,50.0,50.0
2032-06-21,50.0,50.0,50.0
2032-06-22,50.0,50.0,50.0
2032-06-23,50.0,50.0,50.0
2032-06-24,50.0,50.0,50.0
2032-06-25,50.0,50.0,50.0
2032-06-26,50.0,50.0,50.0
2032-06-27,50.0,50.0,50.0
2032-06-28,50.0,50.0,50.0
2032-06-29,50.0,50.0,50.0
2032-06-30,50.0,50.0,50.0
2032-07-01,50.0,50.0,50.0
2032-07-02,50.0,50.0,50.0
2032-07-03,50.0,50.0,50.0
2032-07-04,50.0,50.0,50.0
2032-07-05,50.0,50.0,50.0
2032-07-06,50.0,50.0,50.0
2032-07-07,50.0,50.0,50.0
2032-07-08,50.0,50.0,50.0
2032-07-09,50.0,50.0,50.0
2032-07-10,50.0,50.0,50.0
2032-07-11,50.0,50.0,50.0
2032-07-12,50.0,50.0,50.0
2032-07-13,50.0,50.0,50.0
2032-07-14,50.0,50.0,50.0
2032-07-15,50.0,50.0,50.0
2032-07-16,50.0,50.0,50.0
2032-07-17,50.0,50.0,50.0
2032-07-18,50.0,50.0,50.0
2032-07-19,50.0,50.0,50.0
2032-07-20,50.0,50.0,50.0
2032-07-21,50.0,50.0,50.0
2032-07-22,50.0,50.0,50.0
2032-07-23,50.0,50.0,50.0
2032-07-24,50.0,50.0,50.0
2032-07-25,50.0,50.0,50.0
2032-07-26,50.0,50.0,50.0
2032-07-27,50.0,50.0,50.0
2032-07-28,50.0,50.0,50.0
2032-07-29,50.0,50.0,50.0
2032-07-30,50.0,50.0,50.0
2032-07-31,50.0,50.0,50.0
2032-08-01,50.0,50.0,50.0
2032-08-02,50.0,50.0,50.0
2032-08-03,50.0,50.0,50.0
2032-08-04,50.0,50.0,50.0
2032-08-05,50.0,50.0,50.0
2032-08-06,50.0,50.0,50.0
2032-08-07,50.0,50.0,50.0
2032-08-08,50.0,50.0,50.0
2032-08-09,50.0,50.0,50.0
2032-08-10,50.0,50.0,50.0
2032-08-11,50.0,50.0,50.0
2032-08-12,50.0,50.0,50.0
2032-08-13,50.0,50.0,50.0
2032-08-14,50.0,50.0,50.0
2032-08-15,50.0,50.0,50.0
2032-08-16,50.0,50.0,50.0
2032-08-17,50.0,50.0,50.0
2032-08-18,50.0,50.0,50.0
2032-08-19,50.0,50.0,50.0
2032-08-20,50.0,50.0,50.0
2032-08-21,50.0,50.0,50.0
2032-08-22,50.0,50.0,50.0
2032-08-23,50.0,50.0,50.0
2032-08-24,50.0,50.0,50.0
2032-08-25,50.0,50.0,50.0
2032-08-26,50.0,50.0,50.0
2032-08-27,50.0,50.0,50.0
2032-08-28,50.0,50.0,50.0
2032-08-29,50.0,50.0,50.0
2032-08-30,50.0,50.0,50.0
2032-08-31,50.0,50.0,50.0
2032-09-01,50.0,50.0,50.0
2032-09-02,50.0,50.0,50.0
2032-09-03,50.0,50.0,50.0
2032-09-04,50.0,50.0,50.0
2032-09-05,50.0,50.0,50.0
2032-09-06,50.0,50.0,50.0
2032-09-07,50.0,50.0,50.0
2032-09-08,50.0,50.0,50.0
2032-09-09,50.0,50.0,50.0
2032-09-10,50.0,50.0,50.0
2032-09-11,50.0,50.0,50.0
2032-09-12,50.0,50.0,50.0
2032-09-13,50.0,50.0,50.0
2032-09-14,50.0,50.0,50.0
2032-09-15,50.0,50.0,50.0
2032-09-16,50.0,50.0,50.0
2032-09-17,50.0,50.0,50.0
2032-09-18,50.0,50.0,50.0
2032-09-19,50.0,50.0,50.0
2032-09-20,50.0,50.0,50.0
2032-09-21,50.0,50.0,50.0
2032-09-22,50.0,50.0,50.0
2032-09-23,50.0,50.0,50.0
2032-09-24,50.0,50.0,50.0
2032-09-25,50.0,50.0,50.0
2032-09-26,50.0,50.0,50.0
2032-09-27,50.0,50.0,50.0
2032-09-28,50.0,50.0,50.0
2032-09-29,50.0,50.0,50.0
2032-09-30,50.0,50.0,50.0
2032-10-01,50.0,50.0,50.0
2032-10-02,50.0,50.0,50.0
2032-10-03,50.0,50.0,50.0
2032-10-04,50.0,50.0,50.0
2032-10-05,50.0,50.0,50.0
2032-10-06,50.0,50.0,50.0
2032-10-07,50.0,50.0,50.0
2032-10-08,50.0,50.0,50.0
2032-10-09,50.0,50.0,50.0
2032-10-10,50.0,50.0,50.0
2032-10-11,50.0,50.0,50.0
2032-10-12,50.0,50.0,50.0
2032-10-13,50.0,50.0,50.0
2032-10-14,50.0,50.0,50.0
2032-10-15,50.0,50.0,50.0
2032-10-16,50.0,50.0,50.0
2032-10-17,50.0,50.0,50.0
2032-10-18,50.0,50.0,50.0
2032-10-19,50.0,50.0,50.0
2032-10-20,50.0,50.0,50.0
2032-10-21,50.0,50.0,50.0
2032-10-22,50.0,50.0,50.0
2032-10-23,50.0,50.0,50.0
2032-10-24,50.0,50.0,50.0
2032-10-25,50.0,50.0,50.0
2032-10-26,50.0,50.0,50.0
2032-10-27,50.0,50.0,50.0
2032-10-28,50.0,50.0,50.0
2032-10-29,50.0,50.0,50.0
2032-10-30,50.0,50.0,50.0
2032-10-31,50.0,50.0,50.0
2032-11-01,50.0,50.0,50.0
2032-11-02,50.0,50.0,50.0
2032-11-03,50.0,50.0,50.0
2032-11-04,50.0,50.0,50.0
2032-11-05,50.0,50.0,50.0
2032-11-06,50.0,50.0,50.0
2032-11-07,50.0,50.0,50.0
2032-11-08,50.0,50.0,50.0
2032-11-09,50.0,50.0,50.0
2032-11-10,50.0,50.0,50.0
2032-11-11,50.0,50.0,50.0
2032-11-12,50.0,50.0,50.0
2032-11-13,50.0,50.0,50.0
2032-11-14,50.0,50.0,50.0
2032-11-15,50.0,50.0,50.0
2032-11-16,50.0,50.0,50.0
2032-11-17,50.0,50.0,50.0
2032-11-18,50.0,50.0,50.0
2032-11-19,50.0,50.0,50.0
2032-11-20,50.0,50.0,50.0
2032-11-21,50.0,50.0,50.0
2032-11-22,50.0,50.0,50.0
2032-11-23,50.0,50.0,50.0
2032-11-24,50.0,50.0,50.0
2032-11-25,50.0,50.0,50.0
2032-11-26,50.0,50.0,50.0
2032-11-27,50.0,50.0,50.0
2032-11-28,50.0,50.0,50.0
2032-11-29,50.0,50.0,50.0
2032-11-30,50.0,50.0,50.0
2032-12-01,50.0,50.0,50.0
2032-12-02,50.0,50.0,50.0
2032-12-03,50.0,50.0,50.0
2032-12-04,50.0,50.0,50.0
2032-12-05,50.0,50.0,50.0
2032-12-06,50.0,50.0,50.0
2032-12-07,50.0,50.0,50.0
2032-12-08,50.0,50.0,50.0
2032-12-09,50.0,50.0,50.0
2032-12-10,50.0,50.0,50.0
2032-12-11,50.0,50.0,50.0
2032-12-12,50.0,50.0,50.0
2032-12-13,50.0,50.0,50.0
2032-12-14,50.0,50.0,50.0
2032-12-15,50.0,50.0,50.0
2032-12-16,50.0,50.0,50.0
2032-12-17,50.0,50.0,50.0
2032-12-18,50.0,50.0,50.0
2032-12-19,50.0,50.0,50.0
2032-12-20,50.0,50.0,50.0
2032-12-21,50.0,50.0,50.0
2032-12-22,50.0,50.0,50.0
2032-12-23,50.0,50.0,50.0
2032-12-24,50.0,50.0,50.0
2032-12-25,50.0,50.0,50.0
2032-12-26,50.0,50.0,50.0
2032-12-27,50.0,50.0,50.0
2032-12-28,50.0,50.0,50.0
2032-12-29,50.0,50.0,50.0
2032-12-30,50.0,50.0,50.0
2032-12-31,50.0,50.0,50.0
2033-01-01,50.0,50.0,50.0
2033-01-02,50.0,50.0,50.0
2033-01-03,50.0,50.0,50.0
2033-01-04,50.0,49.70988215185056,50.0
2033-01-05,50.0,49.16515132899462,50.0
2033-01-06,50.0,48.44160324911449,50.0
2033-01-07,49.587539041542854,47.96957634879149,50.0
2033-01-08,49.16844641553491,47.66264198384078,50.0
2033-01-09,48.61168962291031,46.945997481233135,50.0
2033-01-10,48.41317174861174,46.875208661455986,50.0
2033-01-11,48.12119724087236,46.387441573064024,49.68398421508403
2033-01-12,47.92239867857718,46.403454502064704,49.51627575784341
2033-01-13,47.80227381075823,46.269041813932354,49.26895847756547
2033-01-14,47.74204015798993,46.21396554363412,49.2326226959047
2033-01-15,47.82824954971378,46.22168309684444,49.41338702953446
2033-01-16,47.758334294902426,46.22760188130139,49.43444948001125
2033-01-17,48.02037593453639,46.55169880548257,49.577813506808404
2033-01-18,48.15563329546858,46.59316928895096,49.67188935705034
2033-01-19,48.34460921166822,46.785358570097564,49.87380728028405
2033-01-20,48.567703531586055,46.88345024015748,50.0
2033-01-21,48.802157173701204,47.26886876507953,50.0
2033-01-22,49.13172777630499,47.53819232430745,50.0
2033-01-23,49.25226755193344,47.716860012910566,50.0
2033-01-24,49.651493969821814,48.183718090488284,50.0
2033-01-25,49.87149042368607,48.216904617345506,50.0
2033-01-26,50.0,48.46482993009835,50.0
2033-01-27,50.0,48.623341191686315,50.0
2033-01-28,50.0,48.8637639141925,50.0
2033-01-29,50.0,49.12459277011127,50.0
2033-01-30,50.0,49.085611504896576,50.0
2033-01-31,50.0,49.23186408309882,50.0
2033-02-01,50.0,49.47816390383725,50.0
2033-02-02,50.0,49.24310925931026,50.0
2033-02-03,50.0,49.41185201496476,50.0
2033-02-04,50.0,49.39417707257797,50.0
2033-02-05,50.0,49.417918803140076,50.0
2033-02-06,50.0,49.2525514022126,50.0
2033-02-07,50.0,49.33103014448214,50.0
2033-02-08,50.0,49.24152385771286,50.0
2033-02-09,50.0,49.123577061117906,50.0
2033-02-10,50.0,49.09305682756013,50.0
2033-02-11,50.0,48.9716017287311,50.0
2033-02-12,50.0,49.07509410744308,50.0
2033-02-13,50.0,48.55819315289012,50.0
2033-02-14,50.0,48.79388640726232,50.0
2033-02-15,50.0,48.90389026216043,50.0
2033-02-16,50.0,48.676920025795276,50.0
2033-02-17,50.0,48.68976092070449,50.0
2033-02-18,50.0,48.673805923901334,50.0
2033-02-19,50.0,48.789174836505524,50.0
2033-02-20,50.0,48.78295522494706,50.0
2033-02-21,50.0,48.84636259310197,50.0
2033-02-22,50.0,48.88181112697225,50.0
2033-02-23,50.0,49.066384309090445,50.0
2033-02-24,50.0,49.14812672913399,50.0
2033-02-25,50.0,49.27211226626824,50.0
2033-02-26,50.0,49.4556382937981,50.0
2033-02-27,50.0,49.493554601628034,50.0
2033-02-28,50.0,49.87827412214242,50.0
2033-03-01,50.0,49.93836651771359,50.0
2033-03-02,50.0,50.0,50.0
2033-03-03,50.0,50.0,50.0
2033-03-04,50.0,50.0,50.0
2033-03-05,50.0,50.0,50.0
2033-03-06,50.0,50.0,50.0
2033-03-07,50.0,50.0,50.0
2033-03-08,50.0,50.0,50.0
2033-03-09,50.0,50.0,50.0
2033-03-10,50.0,50.0,50.0
2033-03-11,50.0,50.0,50.0
2033-03-12,50.0,50.0,50.0
2033-03-13,50.0,50.0,50.0
2033-03-14,50.0,50.0,50.0
2033-03-15,50.0,50.0,50.0
2033-03-16,50.0,50.0,50.0
2033-03-17,50.0,50.0,50.0
2033-03-18,50.0,50.0,50.0
2033-03-19,50.0,50.0,50.0
2033-03-20,50.0,50.0,50.0
2033-03-21,50.0,50.0,50.0
2033-03-22,50.0,50.0,50.0
2033-03-23,50.0,50.0,50.0
2033-03-24,50.0,50.0,50.0
2033-03-25,50.0,50.0,50.0
2033-03-26,50.0,50.0,50.0
2033-03-27,50.0,50.0,50.0
2033-03-28,50.0,50.0,50.0
2033-03-29,50.0,50.0,50.0
2033-03-30,50.0,50.0,50.0
2033-03-31,50.0,50.0,50.0
2033-04-01,50.0,50.0,50.0
2033-04-02,50.0,50.0,50.0
2033-04-03,50.0,50.0,50.0
2033-04-04,50.0,50.0,50.0
2033-04-05,50.0,50.0,50.0
2033-04-06,50.0,50.0,50.0
2033-04-07,50.0,50.0,50.0
2033-04-08,50.0,50.0,50.0
2033-04-09,50.0,50.0,50.0
2033-04-10,50.0,50.0,50.0
2033-04-11,50.0,50.0,50.0
2033-04-12,50.0,50.0,50.0
2033-04-13,50.0,50.0,50.0
2033-04-14,50.0,50.0,50.0
2033-04-15,50.0,50.0,50.0
2033-04-16,50.0,50.0,50.0
2033-04-17,50.0,50.0,50.0
2033-04-18,50.0,50.0,50.0
2033-04-19,50.0,50.0,50.0
2033-04-20,50.0,50.0,50.0
2033-04-21,50.0,50.0,50.0
2033-04-22,50.0,50.0,50.0
2033-04-23,50.0,50.0,50.0
2033-04-24,50.0,50.0,50.0
2033-04-25,50.0,50.0,50.0
2033-04-26,50.0,50.0,50.0
2033-04-27,50.0,50.0,50.0
2033-04-28,50.0,50.0,50.0
2033-04-29,50.0,50.0,50.0
2033-04-30,50.0,50.0,50.0
2033-05-01,50.0,50.0,50.0
2033-05-02,50.0,50.0,50.0
2033-05-03,50.0,50.0,50.0
2033-05-04,50.0,50.0,50.0
2033-05-05,50.0,50.0,50.0
2033-05-06,50.0,50.0,50.0
2033-05-07,50.0,50.0,50.0
2033-05-08,50.0,50.0,50.0
2033-05-09,50.0,50.0,50.0
2033-05-10,50.0,50.0,50.0
2033-05-11,50.0,50.0,50.0
2033-05-12,50.0,50.0,50.0
2033-05-13,50.0,50.0,50.0
2033-05-14,50.0,50.0,50.0
2033-05-15,50.0,50.0,50.0
2033-05-16,50.0,50.0,50.0
2033-05-17,50.0,50.0,50.0
2033-05-18,50.0,50.0,50.0
2033-05-19,50.0,50.0,50.0
2033-05-20,50.0,50.0,50.0
2033-05-21,50.0,50.0,50.0
2033-05-22,50.0,50.0,50.0
2033-05-23,50.0,50.0,50.0
2033-05-24,50.0,50.0,50.0
2033-05-25,50.0,50.0,50.0
2033-05-26,50.0,50.0,50.0
2033-05-27,50.0,50.0,50.0
2033-05-28,50.0,50.0,50.0
2033-05-29,50.0,50.0,50.0
2033-05-30,50.0,50.0,50.0
2033-05-31,50.0,50.0,50.0
2033-06-01,50.0,50.0,50.0
2033-06-02,50.0,50.0,50.0
2033-06-03,50.0,50.0,50.0
2033-06-04,50.0,50.0,50.0
2033-06-05,50.0,50.0,50.0
2033-06-06,50.0,50.0,50.0
2033-06-07,50.0,50.0,50.0
2033-06-08,50.0,50.0,50.0
2033-06-09,50.0,50.0,50.0
2033-06-10,50.0,50.0,50.0
2033-06-11,50.0,50.0,50.0
2033-06-12,50.0,50.0,50.0
2033-06-13,50.0,50.0,50.0
2033-06-14,50.0,50.0,50.0
2033-06-15,50.0,50.0,50.0
2033-06-16,50.0,50.0,50.0
2033-06-17,50.0,50.0,50.0
2033-06-18,50.0,50.0,50.0
2033-06-19,50.0,50.0,50.0
2033-06-20,50.0,50.0,50.0
2033-06-21,50.0,50.0,50.0
2033-06-22,50.0,50.0,50.0
2033-06-23,50.0,50.0,50.0
2033-06-24,50.0,50.0,50.0
2033-06-25,50.0,50.0,50.0
2033-06-26,50.0,50.0,50.0
2033-06-27,50.0,50.0,50.0
2033-06-28,50.0,50.0,50.0
2033-06-29,50.0,50.0,50.0
2033-06-30,50.0,50.0,50.0
2033-07-01,50.0,50.0,50.0
2033-07-02,50.0,50.0,50.0
2033-07-03,50.0,50.0,50.0
2033-07-04,50.0,50.0,50.0
2033-07-05,50.0,50.0,50.0
2033-07-06,50.0,50.0,50.0
2033-07-07,50.0,50.0,50.0
2033-07-08,50.0,50.0,50.0
2033-07-09,50.0,50.0,50.0
2033-07-10,50.0,50.0,50.0
2033-07-11,50.0,50.0,50.0
2033-07-12,50.0,50.0,50.0
2033-07-13,50.0,50.0,50.0
2033-07-14,50.0,50.0,50.0
2033-07-15,50.0,50.0,50.0
2033-07-16,50.0,50.0,50.0
2033-07-17,50.0,50.0,50.0
2033-07-18,50.0,50.0,50.0
2033-07-19,50.0,50.0,50.0
2033-07-20,50.0,50.0,50.0
2033-07-21,50.0,50.0,50.0
2033-07-22,50.0,50.0,50.0
2033-07-23,50.0,50.0,50.0
2033-07-24,50.0,50.0,50.0
2033-07-25,50.0,50.0,50.0
2033-07-26,50.0,50.0,50.0
2033-07-27,50.0,50.0,50.0
2033-07-28,50.0,50.0,50.0
2033-07-29,50.0,50.0,50.0
2033-07-30,50.0,50.0,50.0
2033-07-31,50.0,50.0,50.0
2033-08-01,50.0,50.0,50.0
2033-08-02,50.0,50.0,50.0
2033-08-03,50.0,50.0,50.0
2033-08-04,50.0,50.0,50.0
2033-08-05,50.0,50.0,50.0
2033-08-06,50.0,50.0,50.0
2033-08-07,50.0,50.0,50.0
2033-08-08,50.0,50.0,50.0
2033-08-09,50.0,50.0,50.0
2033-08-10,50.0,50.0,50.0
2033-08-11,50.0,50.0,50.0
2033-08-12,50.0,50.0,50.0
2033-08-13,50.0,50.0,50.0
2033-08-14,50.0,50.0,50.0
2033-08-15,50.0,50.0,50.0
2033-08-16,50.0,50.0,50.0
2033-08-17,50.0,50.0,50.0
2033-08-18,50.0,50.0,50.0
2033-08-19,50.0,50.0,50.0
2033-08-20,50.0,50.0,50.0
2033-08-21,50.0,50.0,50.0
2033-08-22,50.0,50.0,50.0
2033-08-23,50.0,50.0,50.0
2033-08-24,50.0,50.0,50.0
2033-08-25,50.0,50.0,50.0
2033-08-26,50.0,50.0,50.0
2033-08-27,50.0,50.0,50.0
2033-08-28,50.0,50.0,50.0
2033-08-29,50.0,50.0,50.0
2033-08-30,50.0,50.0,50.0
2033-08-31,50.0,50.0,50.0
2033-09-01,50.0,50.0,50.0
2033-09-02,50.0,50.0,50.0
2033-09-03,50.0,50.0,50.0
2033-09-04,50.0,50.0,50.0
2033-09-05,50.0,50.0,50.0
2033-09-06,50.0,50.0,50.0
2033-09-07,50.0,50.0,50.0
2033-09-08,50.0,50.0,50.0
2033-09-09,50.0,50.0,50.0
2033-09-10,50.0,50.0,50.0
2033-09-11,50.0,50.0,50.0
2033-09-12,50.0,50.0,50.0
2033-09-13,50.0,50.0,50.0
2033-09-14,50.0,50.0,50.0
2033-09-15,50.0,50.0,50.0
2033-09-16,50.0,50.0,50.0
2033-09-17,50.0,50.0,50.0
2033-09-18,50.0,50.0,50.0
2033-09-19,50.0,50.0,50.0
2033-09-20,50.0,50.0,50.0
2033-09-21,50.0,50.0,50.0
2033-09-22,50.0,50.0,50.0
2033-09-23,50.0,50.0,50.0
2033-09-24,50.0,50.0,50.0
2033-09-25,50.0,50.0,50.0
2033-09-26,50.0,50.0,50.0
2033-09-27,50.0,50.0,50.0
2033-09-28,50.0,50.0,50.0
2033-09-29,50.0,50.0,50.0
2033-09-30,50.0,50.0,50.0
2033-10-01,50.0,50.0,50.0
2033-10-02,50.0,50.0,50.0
2033-10-03,50.0,50.0,50.0
2033-10-04,50.0,50.0,50.0
2033-10-05,50.0,50.0,50.0
2033-10-06,50.0,50.0,50.0
2033-10-07,50.0,50.0,50.0
2033-10-08,50.0,50.0,50.0
2033-10-09,50.0,50.0,50.0
2033-10-10,50.0,50.0,50.0
2033-10-11,50.0,50.0,50.0
2033-10-12,50.0,50.0,50.0
2033-10-13,50.0,50.0,50.0
2033-10-14,50.0,50.0,50.0
2033-10-15,50.0,50.0,50.0
2033-10-16,50.0,50.0,50.0
2033-10-17,50.0,50.0,50.0
2033-10-18,50.0,50.0,50.0
2033-10-19,50.0,50.0,50.0
2033-10-20,50.0,50.0,50.0
2033-10-21,50.0,50.0,50.0
2033-10-22,50.0,50.0,50.0
2033-10-23,50.0,50.0,50.0
2033-10-24,50.0,50.0,50.0
2033-10-25,50.0,50.0,50.0
2033-10-26,50.0,50.0,50.0
2033-10-27,50.0,50.0,50.0
2033-10-28,50.0,50.0,50.0
2033-10-29,50.0,50.0,50.0
2033-10-30,50.0,50.0,50.0
2033-10-31,50.0,50.0,50.0
2033-11-01,50.0,50.0,50.0
2033-11-02,50.0,50.0,50.0
2033-11-03,50.0,50.0,50.0
2033-11-04,50.0,50.0,50.0
2033-11-05,50.0,50.0,50.0
2033-11-06,50.0,50.0,50.0
2033-11-07,50.0,50.0,50.0
2033-11-08,50.0,50.0,50.0
2033-11-09,50.0,50.0,50.0
2033-11-10,50.0,50.0,50.0
2033-11-11,50.0,50.0,50.0
2033-11-12,50.0,50.0,50.0
2033-11-13,50.0,50.0,50.0
2033-11-14,50.0,50.0,50.0
2033-11-15,50.0,50.0,50.0
2033-11-16,50.0,50.0,50.0
2033-11-17,50.0,50.0,50.0
2033-11-18,50.0,50.0,50.0
2033-11-19,50.0,50.0,50.0
2033-11-20,50.0,50.0,50.0
2033-11-21,50.0,50.0,50.0
2033-11-22,50.0,50.0,50.0
2033-11-23,50.0,50.0,50.0
2033-11-24,50.0,50.0,50.0
2033-11-25,50.0,50.0,50.0
2033-11-26,50.0,50.0,50.0
2033-11-27,50.0,50.0,50.0
2033-11-28,50.0,50.0,50.0
2033-11-29,50.0,50.0,50.0
2033-11-30,50.0,50.0,50.0
2033-12-01,50.0,50.0,50.0
2033-12-02,50.0,50.0,50.0
2033-12-03,50.0,50.0,50.0
2033-12-04,50.0,50.0,50.0
2033-12-05,50.0,50.0,50.0
2033-12-06,50.0,50.0,50.0
2033-12-07,50.0,50.0,50.0
2033-12-08,50.0,50.0,50.0
2033-12-09,50.0,50.0,50.0
2033-12-10,50.0,50.0,50.0
2033-12-11,50.0,50.0,50.0
2033-12-12,50.0,50.0,50.0
2033-12-13,50.0,50.0,50.0
2033-12-14,50.0,50.0,50.0
2033-12-15,50.0,50.0,50.0
2033-12-16,50.0,50.0,50.0
2033-12-17,50.0,50.0,50.0
2033-12-18,50.0,50.0,50.0
2033-12-19,50.0,50.0,50.0
2033-12-20,50.0,50.0,50.0
2033-12-21,50.0,50.0,50.0
2033-12-22,50.0,50.0,50.0
2033-12-23,50.0,50.0,50.0
2033-12-24,50.0,50.0,50.0
2033-12-25,50.0,50.0,50.0
2033-12-26,50.0,50.0,50.0
2033-12-27,50.0,50.0,50.0
2033-12-28,50.0,50.0,50.0
2033-12-29,50.0,50.0,50.0
2033-12-30,50.0,50.0,50.0
2033-12-31,50.0,50.0,50.0
2034-01-01,50.0,50.0,50.0
2034-01-02,50.0,50.0,50.0
2034-01-03,50.0,50.0,50.0
2034-01-04,50.0,50.0,50.0
2034-01-05,50.0,49.58047444891053,50.0
2034-01-06,50.0,49.01543610385901,50.0
2034-01-07,50.0,48.35649111417024,50.0
2034-01-08,49.35211011841959,47.78770341103211,50.0
2034-01-09,49.058118738967124,47.39436798405373,50.0
2034-01-10,48.67075676762386,47.11044042597081,50.0
2034-01-11,48.378319124458834,46.7439985665868,49.98530730265051
2034-01-12,48.16788741455853,46.597620306643414,49.64977975483632
2034-01-13,48.02215087921433,46.38101192485718,49.47528401058012
2034-01-14,48.028990413301386,46.38617844029382,49.61713379851114
2034-01-15,47.88699805847034,46.345262134587706,49.50019196165127
2034-01-16,48.08522352884961,46.376271851948964,49.636545370256464
2034-01-17,48.16568497793001,46.55479364926827,49.73274510794898
2034-01-18,48.309423731109156,46.64548130962623,49.93149691082869
2034-01-19,48.49715082213086,46.95581292068271,50.0
2034-01-20,48.70619017181265,47.14393913181601,50.0
2034-01-21,49.02015888753359,47.46970074463507,50.0
2034-01-22,49.1345550857002,47.68384637191808,50.0
2034-01-23,49.53654351877922,47.94557903116135,50.0
2034-01-24,49.767475699205846,48.153318344189294,50.0
2034-01-25,50.0,48.42592527595759,50.0
2034-01-26,50.0,48.699657454484736,50.0
2034-01-27,50.0,48.92253540327663,50.0
2034-01-28,50.0,49.20538910540717,50.0
2034-01-29,50.0,49.28730914076019,50.0
2034-01-30,50.0,49.532515308028515,50.0
2034-01-31,50.0,49.53109307244262,50.0
2034-02-01,50.0,49.62506501303869,50.0
2034-02-02,50.0,49.64634030096982,50.0
2034-02-03,50.0,49.60422162883398,50.0
2034-02-04,50.0,49.7309703487023,50.0
2034-02-05,50.0,49.517512519147836,50.0
2034-02-06,50.0,49.587684030105194,50.0
2034-02-07,50.0,49.48535926608367,50.0
2034-02-08,50.0,49.44584636822655,50.0
2034-02-09,50.0,49.42577175003478,50.0
2034-02-10,50.0,49.31980300013349,50.0
2034-02-11,50.0,49.234397056473135,50.0
2034-02-12,50.0,49.132357122648756,50.0
2034-02-13,50.0,49.00577083675772,50.0
2034-02-14,50.0,48.979910575539265,50.0
2034-02-15,50.0,48.90232080439939,50.0
2034-02-16,50.0,48.806984030736125,50.0
2034-02-17,50.0,48.888905633838014,50.0
2034-02-18,50.0,48.93059140074831,50.0
2034-02-19,50.0,48.79742180122092,50.0
2034-02-20,50.0,49.14217674712864,50.0
2034-02-21,50.0,49.10079060314145,50.0
2034-02-22,50.0,49.17565471477149,50.0
2034-02-23,50.0,49.27514082547378,50.0
2034-02-24,50.0,49.42238524371951,50.0
2034-02-25,50.0,49.63382687697103,50.0
2034-02-26,50.0,49.68827314252368,50.0
2034-02-27,50.0,49.87458756170175,50.0
2034-02-28,50.0,50.0,50.0
2034-03-01,50.0,50.0,50.0
2034-03-02,50.0,50.0,50.0
2034-03-03,50.0,50.0,50.0
2034-03-04,50.0,50.0,50.0
2034-03-05,50.0,50.0,50.0
2034-03-06,50.0,50.0,50.0
2034-03-07,50.0,50.0,50.0
2034-03-08,50.0,50.0,50.0
2034-03-09,50.0,50.0,50.0
2034-03-10,50.0,50.0,50.0
2034-03-11,50.0,50.0,50.0
2034-03-12,50.0,50.0,50.0
2034-03-13,50.0,50.0,50.0
2034-03-14,50.0,50.0,50.0
2034-03-15,50.0,50.0,50.0
2034-03-16,50.0,50.0,50.0
2034-03-17,50.0,50.0,50.0
2034-03-18,50.0,50.0,50.0
2034-03-19,50.0,50.0,50.0
2034-03-20,50.0,50.0,50.0
2034-03-21,50.0,50.0,50.0
2034-03-22,50.0,50.0,50.0
2034-03-23,50.0,50.0,50.0
2034-03-24,50.0,50.0,50.0
2034-03-25,50.0,50.0,50.0
2034-03-26,50.0,50.0,50.0
2034-03-27,50.0,50.0,50.0
2034-03-28,50.0,50.0,50.0
2034-03-29,50.0,50.0,50.0
2034-03-30,50.0,50.0,50.0
2034-03-31,50.0,50.0,50.0
2034-04-01,50.0,50.0,50.0
2034-04-02,50.0,50.0,50.0
2034-04-03,50.0,50.0,50.0
2034-04-04,50.0,50.0,50.0
2034-04-05,50.0,50.0,50.0
2034-04-06,50.0,50.0,50.0
2034-04-07,50.0,50.0,50.0
2034-04-08,50.0,50.0,50.0
2034-04-09,50.0,50.0,50.0
2034-04-10,50.0,50.0,50.0
2034-04-11,50.0,50.0,50.0
2034-04-12,50.0,50.0,50.0
2034-04-13,50.0,50.0,50.0
2034-04-14,50.0,50.0,50.0
2034-04-15,50.0,50.0,50.0
2034-04-16,50.0,50.0,50.0
2034-04-17,50.0,50.0,50.0
2034-04-18,50.0,50.0,50.0
2034-04-19,50.0,50.0,50.0
2034-04-20,50.0,50.0,50.0
2034-04-21,50.0,50.0,50.0
2034-04-22,50.0,50.0,50.0
2034-04-23,50.0,50.0,50.0
2034-04-24,50.0,50.0,50.0
2034-04-25,50.0,50.0,50.0
2034-04-26,50.0,50.0,50.0
2034-04-27,50.0,50.0,50.0
2034-04-28,50.0,50.0,50.0
2034-04-29,50.0,50.0,50.0
2034-04-30,50.0,50.0,50.0
2034-05-01,50.0,50.0,50.0
2034-05-02,50.0,50.0,50.0
2034-05-03,50.0,50.0,50.0
2034-05-04,50.0,50.0,50.0
2034-05-05,50.0,50.0,50.0
2034-05-06,50.0,50.0,50.0
2034-05-07,50.0,50.0,50.0
2034-05-08,50.0,50.0,50.0
2034-05-09,50.0,50.0,50.0
2034-05-10,50.0,50.0,50.0
2034-05-11,50.0,50.0,50.0
2034-05-12,50.0,50.0,50.0
2034-05-13,50.0,50.0,50.0
2034-05-14,50.0,50.0,50.0
2034-05-15,50.0,50.0,50.0
2034-05-16,50.0,50.0,50.0
2034-05-17,50.0,50.0,50.0
2034-05-18,50.0,50.0,50.0
2034-05-19,50.0,50.0,50.0
2034-05-20,50.0,50.0,50.0
2034-05-21,50.0,50.0,50.0
2034-05-22,50.0,50.0,50.0
2034-05-23,50.0,50.0,50.0
2034-05-24,50.0,50.0,50.0
2034-05-25,50.0,50.0,50.0
2034-05-26,50.0,50.0,50.0
2034-05-27,50.0,50.0,50.0
2034-05-28,50.0,50.0,50.0
2034-05-29,50.0,50.0,50.0
2034-05-30,50.0,50.0,50.0
2034-05-31,50.0,50.0,50.0
2034-06-01,50.0,50.0,50.0
2034-06-02,50.0,50.0,50.0
2034-06-03,50.0,50.0,50.0
2034-06-04,50.0,50.0,50.0
2034-06-05,50.0,50.0,50.0
2034-06-06,50.0,50.0,50.0
2034-06-07,50.0,50.0,50.0
2034-06-08,50.0,50.0,50.0
2034-06-09,50.0,50.0,50.0
2034-06-10,50.0,50.0,50.0
2034-06-11,50.0,50.0,50.0
2034-06-12,50.0,50.0,50.0
2034-06-13,50.0,50.0,50.0
2034-06-14,50.0,50.0,50.0
2034-06-15,50.0,50.0,50.0
2034-06-16,50.0,50.0,50.0
2034-06-17,50.0,50.0,50.0
2034-06-18,50.0,50.0,50.0
2034-06-19,50.0,50.0,50.0
2034-06-20,50.0,50.0,50.0
2034-06-21,50.0,50.0,50.0
2034-06-22,50.0,50.0,50.0
2034-06-23,50.0,50.0,50.0
2034-06-24,50.0,50.0,50.0
2034-06-25,50.0,50.0,50.0
2034-06-26,50.0,50.0,50.0
2034-06-27,50.0,50.0,50.0
2034-06-28,50.0,50.0,50.0
2034-06-29,50.0,50.0,50.0
2034-06-30,50.0,50.0,50.0
2034-07-01,50.0,50.0,50.0
2034-07-02,50.0,50.0,50.0
2034-07-03,50.0,50.0,50.0
2034-07-04,50.0,50.0,50.0
2034-07-05,50.0,50.0,50.0
2034-07-06,50.0,50.0,50.0
2034-07-07,50.0,50.0,50.0
2034-07-08,50.0,50.0,50.0
2034-07-09,50.0,50.0,50.0
2034-07-10,50.0,50.0,50.0
2034-07-11,50.0,50.0,50.0
2034-07-12,50.0,50.0,50.0
2034-07-13,50.0,50.0,50.0
2034-07-14,50.0,50.0,50.0
2034-07-15,50.0,50.0,50.0
2034-07-16,50.0,50.0,50.0
2034-07-17,50.0,50.0,50.0
2034-07-18,50.0,50.0,50.0
2034-07-19,50.0,50.0,50.0
2034-07-20,50.0,50.0,50.0
2034-07-21,50.0,50.0,50.0
2034-07-22,50.0,50.0,50.0
2034-07-23,50.0,50.0,50.0
2034-07-24,50.0,50.0,50.0
2034-07-25,50.0,50.0,50.0
2034-07-26,50.0,50.0,50.0
2034-07-27,50.0,50.0,50.0
2034-07-28,50.0,50.0,50.0
2034-07-29,50.0,50.0,50.0
2034-07-30,50.0,50.0,50.0
2034-07-31,50.0,50.0,50.0
2034-08-01,50.0,50.0,50.0
2034-08-02,50.0,50.0,50.0
2034-08-03,50.0,50.0,50.0
2034-08-04,50.0,50.0,50.0
2034-08-05,50.0,50.0,50.0
2034-08-06,50.0,50.0,50.0
2034-08-07,50.0,50.0,50.0
2034-08-08,50.0,50.0,50.0
2034-08-09,50.0,50.0,50.0
2034-08-10,50.0,50.0,50.0
2034-08-11,50.0,50.0,50.0
2034-08-12,50.0,50.0,50.0
2034-08-13,50.0,50.0,50.0
2034-08-14,50.0,50.0,50.0
2034-08-15,50.0,50.0,50.0
2034-08-16,50.0,50.0,50.0
2034-08-17,50.0,50.0,50.0
2034-08-18,50.0,50.0,50.0
2034-08-19,50.0,50.0,50.0
2034-08-20,50.0,50.0,50.0
2034-08-21,50.0,50.0,50.0
2034-08-22,50.0,50.0,50.0
2034-08-23,50.0,50.0,50.0
2034-08-24,50.0,50.0,50.0
2034-08-25,50.0,50.0,50.0
2034-08-26,50.0,50.0,50.0
2034-08-27,50.0,50.0,50.0
2034-08-28,50.0,50.0,50.0
2034-08-29,50.0,50.0,50.0
2034-08-30,50.0,50.0,50.0
2034-08-31,50.0,50.0,50.0
2034-09-01,50.0,50.0,50.0
2034-09-02,50.0,50.0,50.0
2034-09-03,50.0,50.0,50.0
2034-09-04,50.0,50.0,50.0
2034-09-05,50.0,50.0,50.0
2034-09-06,50.0,50.0,50.0
2034-09-07,50.0,50.0,50.0
2034-09-08,50.0,50.0,50.0
2034-09-09,50.0,50.0,50.0
2034-09-10,50.0,50.0,50.0
2034-09-11,50.0,50.0,50.0
2034-09-12,50.0,50.0,50.0
2034-09-13,50.0,50.0,50.0
2034-09-14,50.0,50.0,50.0
2034-09-15,50.0,50.0,50.0
2034-09-16,50.0,50.0,50.0
2034-09-17,50.0,50.0,50.0
2034-09-18,50.0,50.0,50.0
2034-09-19,50.0,50.0,50.0
2034-09-20,50.0,50.0,50.0
2034-09-21,50.0,50.0,50.0
2034-09-22,50.0,50.0,50.0
2034-09-23,50.0,50.0,50.0
2034-09-24,50.0,50.0,50.0
2034-09-25,50.0,50.0,50.0
2034-09-26,50.0,50.0,50.0
2034-09-27,50.0,50.0,50.0
2034-09-28,50.0,50.0,50.0
2034-09-29,50.0,50.0,50.0
2034-09-30,50.0,50.0,50.0
2034-10-01,50.0,50.0,50.0
2034-10-02,50.0,50.0,50.0
2034-10-03,50.0,50.0,50.0
2034-10-04,50.0,50.0,50.0
2034-10-05,50.0,50.0,50.0
2034-10-06,50.0,50.0,50.0
2034-10-07,50.0,50.0,50.0
2034-10-08,50.0,50.0,50.0
2034-10-09,50.0,50.0,50.0
2034-10-10,50.0,50.0,50.0
2034-10-11,50.0,50.0,50.0
2034-10-12,50.0,50.0,50.0
2034-10-13,50.0,50.0,50.0
2034-10-14,50.0,50.0,50.0
2034-10-15,50.0,50.0,50.0
2034-10-16,50.0,50.0,50.0
2034-10-17,50.0,50.0,50.0
2034-10-18,50.0,50.0,50.0
2034-10-19,50.0,50.0,50.0
2034-10-20,50.0,50.0,50.0
2034-10-21,50.0,50.0,50.0
2034-10-22,50.0,50.0,50.0
2034-10-23,50.0,50.0,50.0
2034-10-24,50.0,50.0,50.0
2034-10-25,50.0,50.0,50.0
2034-10-26,50.0,50.0,50.0
2034-10-27,50.0,50.0,50.0
2034-10-28,50.0,50.0,50.0
2034-10-29,50.0,50.0,50.0
2034-10-30,50.0,50.0,50.0
2034-10-31,50.0,50.0,50.0
2034-11-01,50.0,50.0,50.0
2034-11-02,50.0,50.0,50.0
2034-11-03,50.0,50.0,50.0
2034-11-04,50.0,50.0,50.0
2034-11-05,50.0,50.0,50.0
2034-11-06,50.0,50.0,50.0
2034-11-07,50.0,50.0,50.0
2034-11-08,50.0,50.0,50.0
2034-11-09,50.0,50.0,50.0
2034-11-10,50.0,50.0,50.0
2034-11-11,50.0,50.0,50.0
2034-11-12,50.0,50.0,50.0
2034-11-13,50.0,50.0,50.0
2034-11-14,50.0,50.0,50.0
2034-11-15,50.0,50.0,50.0
2034-11-16,50.0,50.0,50.0
2034-11-17,50.0,50.0,50.0
2034-11-18,50.0,50.0,50.0
2034-11-19,50.0,50.0,50.0
2034-11-20,50.0,50.0,50.0
2034-11-21,50.0,50.0,50.0
2034-11-22,50.0,50.0,50.0
2034-11-23,50.0,50.0,50.0
2034-11-24,50.0,50.0,50.0
2034-11-25,50.0,50.0,50.0
2034-11-26,50.0,50.0,50.0
2034-11-27,50.0,50.0,50.0
2034-11-28,50.0,50.0,50.0
2034-11-29,50.0,50.0,50.0
2034-11-30,50.0,50.0,50.0
2034-12-01,50.0,50.0,50.0
2034-12-02,50.0,50.0,50.0
2034-12-03,50.0,50.0,50.0
2034-12-04,50.0,50.0,50.0
2034-12-05,50.0,50.0,50.0
2034-12-06,50.0,50.0,50.0
2034-12-07,50.0,50.0,50.0
2034-12-08,50.0,50.0,50.0
2034-12-09,50.0,50.0,50.0
2034-12-10,50.0,50.0,50.0
2034-12-11,50.0,50.0,50.0
2034-12-12,50.0,50.0,50.0
2034-12-13,50.0,50.0,50.0
2034-12-14,50.0,50.0,50.0
2034-12-15,50.0,50.0,50.0
2034-12-16,50.0,50.0,50.0
2034-12-17,50.0,50.0,50.0
2034-12-18,50.0,50.0,50.0
2034-12-19,50.0,50.0,50.0
2034-12-20,50.0,50.0,50.0
2034-12-21,50.0,50.0,50.0
2034-12-22,50.0,50.0,50.0
2034-12-23,50.0,50.0,50.0
2034-12-24,50.0,50.0,50.0
2034-12-25,50.0,50.0,50.0
2034-12-26,50.0,50.0,50.0
2034-12-27,50.0,50.0,50.0
2034-12-28,50.0,50.0,50.0
2034-12-29,50.0,50.0,50.0
2034-12-30,50.0,50.0,50.0
2034-12-31,50.0,50.0,50.0
2035-01-01,50.0,50.0,50.0
2035-01-02,50.0,50.0,50.0
2035-01-03,50.0,50.0,50.0
2035-01-04,50.0,50.0,50.0
2035-01-05,50.0,50.0,50.0
2035-01-06,50.0,49.374467761154214,50.0
2035-01-07,50.0,48.669669777350045,50.0
2035-01-08,49.8222216711983,48.25425727579852,50.0
2035-01-09,49.339630221272216,47.611856984743056,50.0
2035-01-10,48.951625470003385,47.42009534163771,50.0
2035-01-11,48.64696543527213,47.03676317765506,50.0
2035-01-12,48.40994609572408,46.874434548278685,49.99679280860676
2035-01-13,48.32995109721219,46.671598151119284,49.838699802764026
2035-01-14,48.10693987300169,46.51794298502914,49.63663915766644
2035-01-15,48.231166470023986,46.7301513809039,49.77663802517629
2035-01-16,48.24566692558139,46.65931251379883,49.95007734866821
2035-01-17,48.33229543908509,46.841685959795,49.95806043161325
2035-01-18,48.47235756911004,46.99178045387305,50.0
2035-01-19,48.64354554896715,47.073968732519816,50.0
2035-01-20,48.929616311590756,47.35374224238737,50.0
2035-01-21,49.02598259418266,47.423768268231754,50.0
2035-01-22,49.419507230685625,47.740956893411415,50.0
2035-01-23,49.65103701512052,47.99336411705494,50.0
2035-01-24,49.90145567291959,48.25223781087464,50.0
2035-01-25,50.0,48.540085517128624,50.0
2035-01-26,50.0,48.82634897190107,50.0
2035-01-27,50.0,49.09803752167216,50.0
2035-01-28,50.0,49.20866345057833,50.0
2035-01-29,50.0,49.43158129156766,50.0
2035-01-30,50.0,49.59624604314154,50.0
2035-01-31,50.0,49.78454742337396,50.0
2035-02-01,50.0,49.861985287139376,50.0
2035-02-02,50.0,49.77213412269413,50.0
2035-02-03,50.0,49.97986124978363,50.0
2035-02-04,50.0,49.82440736952803,50.0
2035-02-05,50.0,49.95803165791121,50.0
2035-02-06,50.0,49.80001622237783,50.0
2035-02-07,50.0,49.620893287511294,50.0
2035-02-08,50.0,49.8115028986291,50.0
2035-02-09,50.0,49.68768924345271,50.0
2035-02-10,50.0,49.41360941438184,50.0
2035-02-11,50.0,49.33321692409058,50.0
2035-02-12,50.0,49.37909449410675,50.0
2035-02-13,50.0,49.24042777456577,50.0
2035-02-14,50.0,49.18993484678379,50.0
2035-02-15,50.0,49.165463409803955,50.0
2035-02-16,50.0,49.14620834481955,50.0
2035-02-17,50.0,49.14123044776749,50.0
2035-02-18,50.0,49.16045476682744,50.0
2035-02-19,50.0,49.232511269060566,50.0
2035-02-20,50.0,49.31411292910389,50.0
2035-02-21,50.0,49.26202906519832,50.0
2035-02-22,50.0,49.40832028969625,50.0
2035-02-23,50.0,49.428461887722534,50.0
2035-02-24,50.0,49.58281207180396,50.0
2035-02-25,50.0,49.56785827453864,50.0
2035-02-26,50.0,49.89835415051216,50.0
2035-02-27,50.0,49.91035296761755,50.0
2035-02-28,50.0,50.0,50.0
2035-03-01,50.0,50.0,50.0
2035-03-02,50.0,50.0,50.0
2035-03-03,50.0,50.0,50.0
2035-03-04,50.0,50.0,50.0
2035-03-05,50.0,50.0,50.0
2035-03-06,50.0,50.0,50.0
2035-03-07,50.0,50.0,50.0
2035-03-08,50.0,50.0,50.0
2035-03-09,50.0,50.0,50.0
2035-03-10,50.0,50.0,50.0
2035-03-11,50.0,50.0,50.0
2035-03-12,50.0,50.0,50.0
2035-03-13,50.0,50.0,50.0
2035-03-14,50.0,50.0,50.0
2035-03-15,50.0,50.0,50.0
2035-03-16,50.0,50.0,50.0
2035-03-17,50.0,50.0,50.0
2035-03-18,50.0,50.0,50.0
2035-03-19,50.0,50.0,50.0
2035-03-20,50.0,50.0,50.0
2035-03-21,50.0,50.0,50.0
2035-03-22,50.0,50.0,50.0
2035-03-23,50.0,50.0,50.0
2035-03-24,50.0,50.0,50.0
2035-03-25,50.0,50.0,50.0
2035-03-26,50.0,50.0,50.0
2035-03-27,50.0,50.0,50.0
2035-03-28,50.0,50.0,50.0
2035-03-29,50.0,50.0,50.0
2035-03-30,50.0,50.0,50.0
2035-03-31,50.0,50.0,50.0
2035-04-01,50.0,50.0,50.0
2035-04-02,50.0,50.0,50.0
2035-04-03,50.0,50.0,50.0
2035-04-04,50.0,50.0,50.0
2035-04-05,50.0,50.0,50.0
2035-04-06,50.0,50.0,50.0
2035-04-07,50.0,50.0,50.0
2035-04-08,50.0,50.0,50.0
2035-04-09,50.0,50.0,50.0
2035-04-10,50.0,50.0,50.0
2035-04-11,50.0,50.0,50.0
2035-04-12,50.0,50.0,50.0
2035-04-13,50.0,50.0,50.0
2035-04-14,50.0,50.0,50.0
2035-04-15,50.0,50.0,50.0
2035-04-16,50.0,50.0,50.0
2035-04-17,50.0,50.0,50.0
2035-04-18,50.0,50.0,50.0
2035-04-19,50.0,50.0,50.0
2035-04-20,50.0,50.0,50.0
2035-04-21,50.0,50.0,50.0
2035-04-22,50.0,50.0,50.0
2035-04-23,50.0,50.0,50.0
2035-04-24,50.0,50.0,50.0
2035-04-25,50.0,50.0,50.0
2035-04-26,50.0,50.0,50.0
2035-04-27,50.0,50.0,50.0
2035-04-28,50.0,50.0,50.0
2035-04-29,50.0,50.0,50.0
2035-04-30,50.0,50.0,50.0
2035-05-01,50.0,50.0,50.0
2035-05-02,50.0,50.0,50.0
2035-05-03,50.0,50.0,50.0
2035-05-04,50.0,50.0,50.0
2035-05-05,50.0,50.0,50.0
2035-05-06,50.0,50.0,50.0
2035-05-07,50.0,50.0,50.0
2035-05-08,50.0,50.0,50.0
2035-05-09,50.0,50.0,50.0
2035-05-10,50.0,50.0,50.0
2035-05-11,50.0,50.0,50.0
2035-05-12,50.0,50.0,50.0
2035-05-13,50.0,50.0,50.0
2035-05-14,50.0,50.0,50.0
2035-05-15,50.0,50.0,50.0
2035-05-16,50.0,50.0,50.0
2035-05-17,50.0,50.0,50.0
2035-05-18,50.0,50.0,50.0
2035-05-19,50.0,50.0,50.0
2035-05-20,50.0,50.0,50.0
2035-05-21,50.0,50.0,50.0
2035-05-22,50.0,50.0,50.0
2035-05-23,50.0,50.0,50.0
2035-05-24,50.0,50.0,50.0
2035-05-25,50.0,50.0,50.0
2035-05-26,50.0,50.0,50.0
2035-05-27,50.0,50.0,50.0
2035-05-28,50.0,50.0,50.0
2035-05-29,50.0,50.0,50.0
2035-05-30,50.0,50.0,50.0
2035-05-31,50.0,50.0,50.0
2035-06-01,50.0,50.0,50.0
2035-06-02,50.0,50.0,50.0
2035-06-03,50.0,50.0,50.0
2035-06-04,50.0,50.0,50.0
2035-06-05,50.0,50.0,50.0
2035-06-06,50.0,50.0,50.0
2035-06-07,50.0,50.0,50.0
2035-06-08,50.0,50.0,50.0
2035-06-09,50.0,50.0,50.0
2035-06-10,50.0,50.0,50.0
2035-06-11,50.0,50.0,50.0
2035-06-12,50.0,50.0,50.0
2035-06-13,50.0,50.0,50.0
2035-06-14,50.0,50.0,50.0
2035-06-15,50.0,50.0,50.0
2035-06-16,50.0,50.0,50.0
2035-06-17,50.0,50.0,50.0
2035-06-18,50.0,50.0,50.0
2035-06-19,50.0,50.0,50.0
2035-06-20,50.0,50.0,50.0
2035-06-21,50.0,50.0,50.0
2035-06-22,50.0,50.0,50.0
2035-06-23,50.0,50.0,50.0
2035-06-24,50.0,50.0,50.0
2035-06-25,50.0,50.0,50.0
2035-06-26,50.0,50.0,50.0
2035-06-27,50.0,50.0,50.0
2035-06-28,50.0,50.0,50.0
2035-06-29,50.0,50.0,50.0
2035-06-30,50.0,50.0,50.0
2035-07-01,50.0,50.0,50.0
2035-07-02,50.0,50.0,50.0
2035-07-03,50.0,50.0,50.0
2035-07-04,50.0,50.0,50.0
2035-07-05,50.0,50.0,50.0
2035-07-06,50.0,50.0,50.0
2035-07-07,50.0,50.0,50.0
2035-07-08,50.0,50.0,50.0
2035-07-09,50.0,50.0,50.0
2035-07-10,50.0,50.0,50.0
2035-07-11,50.0,50.0,50.0
2035-07-12,50.0,50.0,50.0
2035-07-13,50.0,50.0,50.0
2035-07-14,50.0,50.0,50.0
2035-07-15,50.0,50.0,50.0
2035-07-16,50.0,50.0,50.0
2035-07-17,50.0,50.0,50.0
2035-07-18,50.0,50.0,50.0
2035-07-19,50.0,50.0,50.0
2035-07-20,50.0,50.0,50.0
2035-07-21,50.0,50.0,50.0
2035-07-22,50.0,50.0,50.0
2035-07-23,50.0,50.0,50.0
2035-07-24,50.0,50.0,50.0
2035-07-25,50.0,50.0,50.0
2035-07-26,50.0,50.0,50.0
2035-07-27,50.0,50.0,50.0
2035-07-28,50.0,50.0,50.0
2035-07-29,50.0,50.0,50.0
2035-07-30,50.0,50.0,50.0
2035-07-31,50.0,50.0,50.0
2035-08-01,50.0,50.0,50.0
2035-08-02,50.0,50.0,50.0
2035-08-03,50.0,50.0,50.0
2035-08-04,50.0,50.0,50.0
2035-08-05,50.0,50.0,50.0
2035-08-06,50.0,50.0,50.0
2035-08-07,50.0,50.0,50.0
2035-08-08,50.0,50.0,50.0
2035-08-09,50.0,50.0,50.0
2035-08-10,50.0,50.0,50.0
2035-08-11,50.0,50.0,50.0
2035-08-12,50.0,50.0,50.0
2035-08-13,50.0,50.0,50.0
2035-08-14,50.0,50.0,50.0
2035-08-15,50.0,50.0,50.0
2035-08-16,50.0,50.0,50.0
2035-08-17,50.0,50.0,50.0
2035-08-18,50.0,50.0,50.0
2035-08-19,50.0,50.0,50.0
2035-08-20,50.0,50.0,50.0
2035-08-21,50.0,50.0,50.0
2035-08-22,50.0,50.0,50.0
2035-08-23,50.0,50.0,50.0
2035-08-24,50.0,50.0,50.0
2035-08-25,50.0,50.0,50.0
2035-08-26,50.0,50.0,50.0
2035-08-27,50.0,50.0,50.0
2035-08-28,50.0,50.0,50.0
2035-08-29,50.0,50.0,50.0
2035-08-30,50.0,50.0,50.0
2035-08-31,50.0,50.0,50.0
2035-09-01,50.0,50.0,50.0
2035-09-02,50.0,50.0,50.0
2035-09-03,50.0,50.0,50.0
2035-09-04,50.0,50.0,50.0
2035-09-05,50.0,50.0,50.0
2035-09-06,50.0,50.0,50.0
2035-09-07,50.0,50.0,50.0
2035-09-08,50.0,50.0,50.0
2035-09-09,50.0,50.0,50.0
2035-09-10,50.0,50.0,50.0
2035-09-11,50.0,50.0,50.0
2035-09-12,50.0,50.0,50.0
2035-09-13,50.0,50.0,50.0
2035-09-14,50.0,50.0,50.0
2035-09-15,50.0,50.0,50.0
2035-09-16,50.0,50.0,50.0
2035-09-17,50.0,50.0,50.0
2035-09-18,50.0,50.0,50.0
2035-09-19,50.0,50.0,50.0
2035-09-20,50.0,50.0,50.0
2035-09-21,50.0,50.0,50.0
2035-09-22,50.0,50.0,50.0
2035-09-23,50.0,50.0,50.0
2035-09-24,50.0,50.0,50.0
2035-09-25,50.0,50.0,50.0
2035-09-26,50.0,50.0,50.0
2035-09-27,50.0,50.0,50.0
2035-09-28,50.0,50.0,50.0
2035-09-29,50.0,50.0,50.0
2035-09-30,50.0,50.0,50.0
2035-10-01,50.0,50.0,50.0
2035-10-02,50.0,50.0,50.0
2035-10-03,50.0,50.0,50.0
2035-10-04,50.0,50.0,50.0
2035-10-05,50.0,50.0,50.0
2035-10-06,50.0,50.0,50.0
2035-10-07,50.0,50.0,50.0
2035-10-08,50.0,50.0,50.0
2035-10-09,50.0,50.0,50.0
2035-10-10,50.0,50.0,50.0
2035-10-11,50.0,50.0,50.0
2035-10-12,50.0,50.0,50.0
2035-10-13,50.0,50.0,50.0
2035-10-14,50.0,50.0,50.0
2035-10-15,50.0,50.0,50.0
2035-10-16,50.0,50.0,50.0
2035-10-17,50.0,50.0,50.0
2035-10-18,50.0,50.0,50.0
2035-10-19,50.0,50.0,50.0
2035-10-20,50.0,50.0,50.0
2035-10-21,50.0,50.0,50.0
2035-10-22,50.0,50.0,50.0
2035-10-23,50.0,50.0,50.0
2035-10-24,50.0,50.0,50.0
2035-10-25,50.0,50.0,50.0
2035-10-26,50.0,50.0,50.0
2035-10-27,50.0,50.0,50.0
2035-10-28,50.0,50.0,50.0
2035-10-29,50.0,50.0,50.0
2035-10-30,50.0,50.0,50.0
2035-10-31,50.0,50.0,50.0
2035-11-01,50.0,50.0,50.0
2035-11-02,50.0,50.0,50.0
2035-11-03,50.0,50.0,50.0
2035-11-04,50.0,50.0,50.0
2035-11-05,50.0,50.0,50.0
2035-11-06,50.0,50.0,50.0
2035-11-07,50.0,50.0,50.0
2035-11-08,50.0,50.0,50.0
2035-11-09,50.0,50.0,50.0
2035-11-10,50.0,50.0,50.0
2035-11-11,50.0,50.0,50.0
2035-11-12,50.0,50.0,50.0
2035-11-13,50.0,50.0,50.0
2035-11-14,50.0,50.0,50.0
2035-11-15,50.0,50.0,50.0
2035-11-16,50.0,50.0,50.0
2035-11-17,50.0,50.0,50.0
2035-11-18,50.0,50.0,50.0
2035-11-19,50.0,50.0,50.0
2035-11-20,50.0,50.0,50.0
2035-11-21,50.0,50.0,50.0
2035-11-22,50.0,50.0,50.0
2035-11-23,50.0,50.0,50.0
2035-11-24,50.0,50.0,50.0
2035-11-25,50.0,50.0,50.0
2035-11-26,50.0,50.0,50.0
2035-11-27,50.0,50.0,50.0
2035-11-28,50.0,50.0,50.0
2035-11-29,50.0,50.0,50.0
2035-11-30,50.0,50.0,50.0
2035-12-01,50.0,50.0,50.0
2035-12-02,50.0,50.0,50.0
2035-12-03,50.0,50.0,50.0
2035-12-04,50.0,50.0,50.0
2035-12-05,50.0,50.0,50.0
2035-12-06,50.0,50.0,50.0
2035-12-07,50.0,50.0,50.0
2035-12-08,50.0,50.0,50.0
2035-12-09,50.0,50.0,50.0
2035-12-10,50.0,50.0,50.0
2035-12-11,50.0,50.0,50.0
2035-12-12,50.0,50.0,50.0
2035-12-13,50.0,50.0,50.0
2035-12-14,50.0,50.0,50.0
2035-12-15,50.0,50.0,50.0
2035-12-16,50.0,50.0,50.0
2035-12-17,50.0,50.0,50.0
2035-12-18,50.0,50.0,50.0
2035-12-19,50.0,50.0,50.0
2035-12-20,50.0,50.0,50.0
2035-12-21,50.0,50.0,50.0
2035-12-22,50.0,50.0,50.0
2035-12-23,50.0,50.0,50.0
2035-12-24,50.0,50.0,50.0
2035-12-25,50.0,50.0,50.0
2035-12-26,50.0,50.0,50.0
2035-12-27,50.0,50.0,50.0
2035-12-28,50.0,50.0,50.0
2035-12-29,50.0,50.0,50.0
2035-12-30,50.0,50.0,50.0
2035-12-31,50.0,50.0,50.0
2036-01-01,50.0,50.0,50.0
2036-01-02,50.0,50.0,50.0
2036-01-03,50.0,50.0,50.0
2036-01-04,50.0,50.0,50.0
2036-01-05,50.0,50.0,50.0
2036-01-06,50.0,49.48615473567209,50.0
2036-01-07,50.0,49.239547638762375,50.0
2036-01-08,50.0,48.51447125352415,50.0
2036-01-09,49.644404448225494,48.19528288030728,50.0
2036-01-10,49.24410261514012,47.62342514931263,50.0
2036-01-11,48.91236629594614,47.30756525251077,50.0
2036-01-12,48.74020660670666,47.17035321670356,50.0
2036-01-13,48.429114797507616,46.91637560572921,50.0
2036-01-14,48.47074889875283,46.88122369222854,50.0
2036-01-15,48.409392416237765,46.84477290050332,49.99541121987752
2036-01-16,48.42796598187498,46.75658836447844,50.0
2036-01-17,48.508640740668234,47.0342685240364,50.0
2036-01-18,48.62975899216828,46.982432836552135,50.0
2036-01-19,48.87550296699784,47.19075079577742,50.0
2036-01-20,48.94148225711505,47.29481265681017,50.0
2036-01-21,49.314530012078436,47.793530760734505,50.0
2036-01-22,49.5352441458326,47.953984938427155,50.0
2036-01-23,49.78405281506524,48.17914893867638,50.0
2036-01-24,50.0,48.52305458170583,50.0
2036-01-25,50.0,48.64618128316607,50.0
2036-01-26,50.0,49.00591451568788,50.0
2036-01-27,50.0,49.097091512211776,50.0
2036-01-28,50.0,49.49177372381771,50.0
2036-01-29,50.0,49.660592801371756,50.0
2036-01-30,50.0,49.87479518106476,50.0
2036-01-31,50.0,49.80101064908283,50.0
2036-02-01,50.0,49.889165724178476,50.0
2036-02-02,50.0,50.0,50.0
2036-02-03,50.0,49.972832916040474,50.0
2036-02-04,50.0,50.0,50.0
2036-02-05,50.0,50.0,50.0
2036-02-06,50.0,50.0,50.0
2036-02-07,50.0,49.92949654366094,50.0
2036-02-08,50.0,49.92493520054966,50.0
2036-02-09,50.0,49.90885459585235,50.0
2036-02-10,50.0,49.40082561302277,50.0
2036-02-11,50.0,49.67516983434765,50.0
2036-02-12,50.0,49.66803431772856,50.0
2036-02-13,50.0,49.47373308425774,50.0
2036-02-14,50.0,49.324541288999406,50.0
2036-02-15,50.0,49.40369062625388,50.0
2036-02-16,50.0,49.57394230978572,50.0
2036-02-17,50.0,49.34854132180014,50.0
2036-02-18,50.0,49.45101839441441,50.0
2036-02-19,50.0,49.361911337576814,50.0
2036-02-20,50.0,49.373037280949454,50.0
2036-02-21,50.0,49.432388060345374,50.0
2036-02-22,50.0,49.609242070960946,50.0
2036-02-23,50.0,49.572212454713124,50.0
2036-02-24,50.0,49.55329210424923,50.0
2036-02-25,50.0,50.0,50.0
2036-02-26,50.0,50.0,50.0
2036-02-27,50.0,50.0,50.0
2036-02-28,50.0,50.0,50.0
2036-02-29,50.0,50.0,50.0
2036-03-01,50.0,50.0,50.0
2036-03-02,50.0,50.0,50.0
2036-03-03,50.0,50.0,50.0
2036-03-04,50.0,50.0,50.0
2036-03-05,50.0,50.0,50.0
2036-03-06,50.0,50.0,50.0
2036-03-07,50.0,50.0,50.0
2036-03-08,50.0,50.0,50.0
2036-03-09,50.0,50.0,50.0
2036-03-10,50.0,50.0,50.0
2036-03-11,50.0,50.0,50.0
2036-03-12,50.0,50.0,50.0
2036-03-13,50.0,50.0,50.0
2036-03-14,50.0,50.0,50.0
2036-03-15,50.0,50.0,50.0
2036-03-16,50.0,50.0,50.0
2036-03-17,50.0,50.0,50.0
2036-03-18,50.0,50.0,50.0
2036-03-19,50.0,50.0,50.0
2036-03-20,50.0,50.0,50.0
2036-03-21,50.0,50.0,50.0
2036-03-22,50.0,50.0,50.0
2036-03-23,50.0,50.0,50.0
2036-03-24,50.0,50.0,50.0
2036-03-25,50.0,50.0,50.0
2036-03-26,50.0,50.0,50.0
2036-03-27,50.0,50.0,50.0
2036-03-28,50.0,50.0,50.0
2036-03-29,50.0,50.0,50.0
2036-03-30,50.0,50.0,50.0
2036-03-31,50.0,50.0,50.0
2036-04-01,50.0,50.0,50.0
2036-04-02,50.0,50.0,50.0
2036-04-03,50.0,50.0,50.0
2036-04-04,50.0,50.0,50.0
2036-04-05,50.0,50.0,50.0
2036-04-06,50.0,50.0,50.0
2036-04-07,50.0,50.0,50.0
2036-04-08,50.0,50.0,50.0
2036-04-09,50.0,50.0,50.0
2036-04-10,50.0,50.0,50.0
2036-04-11,50.0,50.0,50.0
2036-04-12,50.0,50.0,50.0
2036-04-13,50.0,50.0,50.0
2036-04-14,50.0,50.0,50.0
2036-04-15,50.0,50.0,50.0
2036-04-16,50.0,50.0,50.0
2036-04-17,50.0,50.0,50.0
2036-04-18,50.0,50.0,50.0
2036-04-19,50.0,50.0,50.0
2036-04-20,50.0,50.0,50.0
2036-04-21,50.0,50.0,50.0
2036-04-22,50.0,50.0,50.0
2036-04-23,50.0,50.0,50.0
2036-04-24,50.0,50.0,50.0
2036-04-25,50.0,50.0,50.0
2036-04-26,50.0,50.0,50.0
2036-04-27,50.0,50.0,50.0
2036-04-28,50.0,50.0,50.0
2036-04-29,50.0,50.0,50.0
2036-04-30,50.0,50.0,50.0
2036-05-01,50.0,50.0,50.0
2036-05-02,50.0,50.0,50.0
2036-05-03,50.0,50.0,50.0
2036-05-04,50.0,50.0,50.0
2036-05-05,50.0,50.0,50.0
2036-05-06,50.0,50.0,50.0
2036-05-07,50.0,50.0,50.0
2036-05-08,50.0,50.0,50.0
2036-05-09,50.0,50.0,50.0
2036-05-10,50.0,50.0,50.0
2036-05-11,50.0,50.0,50.0
2036-05-12,50.0,50.0,50.0
2036-05-13,50.0,50.0,50.0
2036-05-14,50.0,50.0,50.0
2036-05-15,50.0,50.0,50.0
2036-05-16,50.0,50.0,50.0
2036-05-17,50.0,50.0,50.0
2036-05-18,50.0,50.0,50.0
2036-05-19,50.0,50.0,50.0
2036-05-20,50.0,50.0,50.0
2036-05-21,50.0,50.0,50.0
2036-05-22,50.0,50.0,50.0
2036-05-23,50.0,50.0,50.0
2036-05-24,50.0,50.0,50.0
2036-05-25,50.0,50.0,50.0
2036-05-26,50.0,50.0,50.0
2036-05-27,50.0,50.0,50.0
2036-05-28,50.0,50.0,50.0
2036-05-29,50.0,50.0,50.0
2036-05-30,50.0,50.0,50.0
2036-05-31,50.0,50.0,50.0
2036-06-01,50.0,50.0,50.0
2036-06-02,50.0,50.0,50.0
2036-06-03,50.0,50.0,50.0
2036-06-04,50.0,50.0,50.0
2036-06-05,50.0,50.0,50.0
2036-06-06,50.0,50.0,50.0
2036-06-07,50.0,50.0,50.0
2036-06-08,50.0,50.0,50.0
2036-06-09,50.0,50.0,50.0
2036-06-10,50.0,50.0,50.0
2036-06-11,50.0,50.0,50.0
2036-06-12,50.0,50.0,50.0
2036-06-13,50.0,50.0,50.0
2036-06-14,50.0,50.0,50.0
2036-06-15,50.0,50.0,50.0
2036-06-16,50.0,50.0,50.0
2036-06-17,50.0,50.0,50.0
2036-06-18,50.0,50.0,50.0
2036-06-19,50.0,50.0,50.0
2036-06-20,50.0,50.0,50.0
2036-06-21,50.0,50.0,50.0
2036-06-22,50.0,50.0,50.0
2036-06-23,50.0,50.0,50.0
2036-06-24,50.0,50.0,50.0
2036-06-25,50.0,50.0,50.0
2036-06-26,50.0,50.0,50.0
2036-06-27,50.0,50.0,50.0
2036-06-28,50.0,50.0,50.0
2036-06-29,50.0,50.0,50.0
2036-06-30,50.0,50.0,50.0
2036-07-01,50.0,50.0,50.0
2036-07-02,50.0,50.0,50.0
2036-07-03,50.0,50.0,50.0
2036-07-04,50.0,50.0,50.0
2036-07-05,50.0,50.0,50.0
2036-07-06,50.0,50.0,50.0
2036-07-07,50.0,50.0,50.0
2036-07-08,50.0,50.0,50.0
2036-07-09,50.0,50.0,50.0
2036-07-10,50.0,50.0,50.0
2036-07-11,50.0,50.0,50.0
2036-07-12,50.0,50.0,50.0
2036-07-13,50.0,50.0,50.0
2036-07-14,50.0,50.0,50.0
2036-07-15,50.0,50.0,50.0
2036-07-16,50.0,50.0,50.0
2036-07-17,50.0,50.0,50.0
2036-07-18,50.0,50.0,50.0
2036-07-19,50.0,50.0,50.0
2036-07-20,50.0,50.0,50.0
2036-07-21,50.0,50.0,50.0
2036-07-22,50.0,50.0,50.0
2036-07-23,50.0,50.0,50.0
2036-07-24,50.0,50.0,50.0
2036-07-25,50.0,50.0,50.0
2036-07-26,50.0,50.0,50.0
2036-07-27,50.0,50.0,50.0
2036-07-28,50.0,50.0,50.0
2036-07-29,50.0,50.0,50.0
2036-07-30,50.0,50.0,50.0
2036-07-31,50.0,50.0,50.0
2036-08-01,50.0,50.0,50.0
2036-08-02,50.0,50.0,50.0
2036-08-03,50.0,50.0,50.0
2036-08-04,50.0,50.0,50.0
2036-08-05,50.0,50.0,50.0
2036-08-06,50.0,50.0,50.0
2036-08-07,50.0,50.0,50.0
2036-08-08,50.0,50.0,50.0
2036-08-09,50.0,50.0,50.0
2036-08-10,50.0,50.0,50.0
2036-08-11,50.0,50.0,50.0
2036-08-12,50.0,50.0,50.0
2036-08-13,50.0,50.0,50.0
2036-08-14,50.0,50.0,50.0
2036-08-15,50.0,50.0,50.0
2036-08-16,50.0,50.0,50.0
2036-08-17,50.0,50.0,50.0
2036-08-18,50.0,50.0,50.0
2036-08-19,50.0,50.0,50.0
2036-08-20,50.0,50.0,50.0
2036-08-21,50.0,50.0,50.0
2036-08-22,50.0,50.0,50.0
2036-08-23,50.0,50.0,50.0
2036-08-24,50.0,50.0,50.0
2036-08-25,50.0,50.0,50.0
2036-08-26,50.0,50.0,50.0
2036-08-27,50.0,50.0,50.0
2036-08-28,50.0,50.0,50.0
2036-08-29,50.0,50.0,50.0
2036-08-30,50.0,50.0,50.0
2036-08-31,50.0,50.0,50.0
2036-09-01,50.0,50.0,50.0
2036-09-02,50.0,50.0,50.0
2036-09-03,50.0,50.0,50.0
