district_id,district_name,date,LST,dataset_source,extraction_method,valid_pixel_count,system:index,.geo
70,Tumakuru,2010-01-01,15231.46034747534,MODIS/061/MOD11A2,GAUL_L2_polygon_mean (Tumkur),10630,2010_01_01,"{""type"":""MultiPoint"",""coordinates"":[]}"
70,Tumakuru,2010-01-09,15181.224269890115,MODIS/061/MOD11A2,GAUL_L2_polygon_mean (Tumkur),10612,2010_01_09,"{""type"":""MultiPoint"",""coordinates"":[]}"
70,Tumakuru,2010-01-17,15245.10882536631,MODIS/061/MOD11A2,GAUL_L2_polygon_mean (Tumkur),10630,2010_01_17,"{""type"":""MultiPoint"",""coordinates"":[]}"
70,Tumakuru,2010-01-25,15275.967634777931,MODIS/061/MOD11A2,GAUL_L2_polygon_mean (Tumkur),10630,2010_01_25,"{""type"":""MultiPoint"",""coordinates"":[]}"
70,Tumakuru,2010-02-02,15402.992740917793,MODIS/061/MOD11A2,GAUL_L2_polygon_mean (Tumkur),10630,2010_02_02,"{""type"":""MultiPoint"",""coordinates"":[]}"
70,Tumakuru,2010-02-10,15547.57054180463,MODIS/061/MOD11A2,GAUL_L2_polygon_mean (Tumkur),10630,2010_02_10,"{""type"":""MultiPoint"",""coordinates"":[]}"
70,Tumakuru,2010-02-18,15584.91471297706,MODIS/061/MOD11A2,GAUL_L2_polygon_mean (Tumkur),10630,2010_02_18,"{""type"":""MultiPoint"",""coordinates"":[]}"
70,Tumakuru,2010-02-26,15613.953965068038,MODIS/061/MOD11A2,GAUL_L2_polygon_mean (Tumkur),10630,2010_02_26,"{""type"":""MultiPoint"",""coordinates"":[]}"
70,Tumakuru,2010-03-06,15711.222334201857,MODIS/061/MOD11A2,GAUL_L2_polygon_mean (Tumkur),10630,2010_03_06,"{""type"":""MultiPoint"",""coordinates"":[]}"
70,Tumakuru,2010-03-14,15668.455730775804,MODIS/061/MOD11A2,GAUL_L2_polygon_mean (Tumkur),10630,2010_03_14,"{""type"":""MultiPoint"",""coordinates"":[]}"
70,Tumakuru,2010-03-22,15705.124732782937,MODIS/061/MOD11A2,GAUL_L2_polygon_mean (Tumkur),10630,2010_03_22,"{""type"":""MultiPoint"",""coordinates"":[]}"
70,Tumakuru,2010-03-30,15660.458766029808,MODIS/061/MOD11A2,GAUL_L2_polygon_mean (Tumkur),10630,2010_03_30,"{""type"":""MultiPoint"",""coordinates"":[]}"
70,Tumakuru,2010-04-07,15697.39377920483,MODIS/061/MOD11A2,GAUL_L2_polygon_mean (Tumkur),10630,2010_04_07,"{""type"":""MultiPoint"",""coordinates"":[]}"
70,Tumakuru,2010-04-15,15511.89062731776,MODIS/061/MOD11A2,GAUL_L2_polygon_mean (Tumkur),10627,2010_04_15,"{""type"":""MultiPoint"",""coordinates"":[]}"
70,Tumakuru,2010-04-23,15496.785214092783,MODIS/061/MOD11A2,GAUL_L2_polygon_mean (Tumkur),10630,2010_04_23,"{""type"":""MultiPoint"",""coordinates"":[]}"
70,Tumakuru,2010-05-01,15442.769221461791,MODIS/061/MOD11A2,GAUL_L2_polygon_mean (Tumkur),10630,2010_05_01,"{""type"":""MultiPoint"",""coordinates"":[]}"
70,Tumakuru,2010-05-09,15523.742847066827,MODIS/061/MOD11A2,GAUL_L2_polygon_mean (Tumkur),10630,2010_05_09,"{""type"":""MultiPoint"",""coordinates"":[]}"
70,Tumakuru,2010-05-17,15293.129148066777,MODIS/061/MOD11A2,GAUL_L2_polygon_mean (Tumkur),10630,2010_05_17,"{""type"":""MultiPoint"",""coordinates"":[]}"
70,Tumakuru,2010-05-25,15348.407232743284,MODIS/061/MOD11A2,GAUL_L2_polygon_mean (Tumkur),10630,2010_05_25,"{""type"":""MultiPoint"",""coordinates"":[]}"
70,Tumakuru,2010-06-02,15344.324859749506,MODIS/061/MOD11A2,GAUL_L2_polygon_mean (Tumkur),10626,2010_06_02,"{""type"":""MultiPoint"",""coordinates"":[]}"
70,Tumakuru,2010-06-10,15293.736648066963,MODIS/061/MOD11A2,GAUL_L2_polygon_mean (Tumkur),196,2010_06_10,"{""type"":""MultiPoint"",""coordinates"":[]}"
70,Tumakuru,2010-06-18,15361.549655046108,MODIS/061/MOD11A2,GAUL_L2_polygon_mean (Tumkur),2291,2010_06_18,"{""type"":""MultiPoint"",""coordinates"":[]}"
70,Tumakuru,2010-06-26,15436.218514283399,MODIS/061/MOD11A2,GAUL_L2_polygon_mean (Tumkur),6985,2010_06_26,"{""type"":""MultiPoint"",""coordinates"":[]}"
70,Tumakuru,2010-07-04,15369.25223615056,MODIS/061/MOD11A2,GAUL_L2_polygon_mean (Tumkur),480,2010_07_04,"{""type"":""MultiPoint"",""coordinates"":[]}"
70,Tumakuru,2010-07-12,15186.765272914521,MODIS/061/MOD11A2,GAUL_L2_polygon_mean (Tumkur),380,2010_07_12,"{""type"":""MultiPoint"",""coordinates"":[]}"
70,Tumakuru,2010-07-20,15096.189050815345,MODIS/061/MOD11A2,GAUL_L2_polygon_mean (Tumkur),778,2010_07_20,"{""type"":""MultiPoint"",""coordinates"":[]}"
70,Tumakuru,2010-07-28,15098.110077395491,MODIS/061/MOD11A2,GAUL_L2_polygon_mean (Tumkur),1030,2010_07_28,"{""type"":""MultiPoint"",""coordinates"":[]}"
70,Tumakuru,2010-08-05,15187.169677705859,MODIS/061/MOD11A2,GAUL_L2_polygon_mean (Tumkur),6754,2010_08_05,"{""type"":""MultiPoint"",""coordinates"":[]}"
70,Tumakuru,2010-08-13,15199.60547299869,MODIS/061/MOD11A2,GAUL_L2_polygon_mean (Tumkur),2285,2010_08_13,"{""type"":""MultiPoint"",""coordinates"":[]}"
70,Tumakuru,2010-08-21,15108.414416733905,MODIS/061/MOD11A2,GAUL_L2_polygon_mean (Tumkur),1370,2010_08_21,"{""type"":""MultiPoint"",""coordinates"":[]}"
70,Tumakuru,2010-08-29,15019.996871307192,MODIS/061/MOD11A2,GAUL_L2_polygon_mean (Tumkur),4529,2010_08_29,"{""type"":""MultiPoint"",""coordinates"":[]}"
70,Tumakuru,2010-09-06,15057.980840600812,MODIS/061/MOD11A2,GAUL_L2_polygon_mean (Tumkur),3575,2010_09_06,"{""type"":""MultiPoint"",""coordinates"":[]}"
70,Tumakuru,2010-09-14,15111.789829435214,MODIS/061/MOD11A2,GAUL_L2_polygon_mean (Tumkur),4409,2010_09_14,"{""type"":""MultiPoint"",""coordinates"":[]}"
70,Tumakuru,2010-09-22,15173.669404618504,MODIS/061/MOD11A2,GAUL_L2_polygon_mean (Tumkur),10440,2010_09_22,"{""type"":""MultiPoint"",""coordinates"":[]}"
70,Tumakuru,2010-09-30,15133.172803980797,MODIS/061/MOD11A2,GAUL_L2_polygon_mean (Tumkur),7751,2010_09_30,"{""type"":""MultiPoint"",""coordinates"":[]}"
70,Tumakuru,2010-10-08,15150.767601153173,MODIS/061/MOD11A2,GAUL_L2_polygon_mean (Tumkur),10280,2010_10_08,"{""type"":""MultiPoint"",""coordinates"":[]}"
70,Tumakuru,2010-10-16,15048.16606724033,MODIS/061/MOD11A2,GAUL_L2_polygon_mean (Tumkur),4099,2010_10_16,"{""type"":""MultiPoint"",""coordinates"":[]}"
70,Tumakuru,2010-10-24,15035.533108820353,MODIS/061/MOD11A2,GAUL_L2_polygon_mean (Tumkur),4393,2010_10_24,"{""type"":""MultiPoint"",""coordinates"":[]}"
70,Tumakuru,2010-11-01,14894.304426599518,MODIS/061/MOD11A2,GAUL_L2_polygon_mean (Tumkur),510,2010_11_01,"{""type"":""MultiPoint"",""coordinates"":[]}"
70,Tumakuru,2010-11-09,15017.26637852622,MODIS/061/MOD11A2,GAUL_L2_polygon_mean (Tumkur),9928,2010_11_09,"{""type"":""MultiPoint"",""coordinates"":[]}"
70,Tumakuru,2010-11-17,15065.736930218636,MODIS/061/MOD11A2,GAUL_L2_polygon_mean (Tumkur),10629,2010_11_17,"{""type"":""MultiPoint"",""coordinates"":[]}"
70,Tumakuru,2010-11-25,15028.025476610233,MODIS/061/MOD11A2,GAUL_L2_polygon_mean (Tumkur),10339,2010_11_25,"{""type"":""MultiPoint"",""coordinates"":[]}"
70,Tumakuru,2010-12-03,14989.088351095184,MODIS/061/MOD11A2,GAUL_L2_polygon_mean (Tumkur),9292,2010_12_03,"{""type"":""MultiPoint"",""coordinates"":[]}"
70,Tumakuru,2010-12-11,15013.853714233834,MODIS/061/MOD11A2,GAUL_L2_polygon_mean (Tumkur),10362,2010_12_11,"{""type"":""MultiPoint"",""coordinates"":[]}"
70,Tumakuru,2010-12-19,15153.336760475007,MODIS/061/MOD11A2,GAUL_L2_polygon_mean (Tumkur),10630,2010_12_19,"{""type"":""MultiPoint"",""coordinates"":[]}"
70,Tumakuru,2010-12-27,15146.427811824607,MODIS/061/MOD11A2,GAUL_L2_polygon_mean (Tumkur),10630,2010_12_27,"{""type"":""MultiPoint"",""coordinates"":[]}"
70,Tumakuru,2011-01-01,15154.926649626266,MODIS/061/MOD11A2,GAUL_L2_polygon_mean (Tumkur),10630,2011_01_01,"{""type"":""MultiPoint"",""coordinates"":[]}"
70,Tumakuru,2011-01-09,15274.463729120189,MODIS/061/MOD11A2,GAUL_L2_polygon_mean (Tumkur),10630,2011_01_09,"{""type"":""MultiPoint"",""coordinates"":[]}"
70,Tumakuru,2011-01-17,15319.158528942085,MODIS/061/MOD11A2,GAUL_L2_polygon_mean (Tumkur),10630,2011_01_17,"{""type"":""MultiPoint"",""coordinates"":[]}"
70,Tumakuru,2011-01-25,15352.47325210061,MODIS/061/MOD11A2,GAUL_L2_polygon_mean (Tumkur),10630,2011_01_25,"{""type"":""MultiPoint"",""coordinates"":[]}"
70,Tumakuru,2011-02-02,15399.513575826611,MODIS/061/MOD11A2,GAUL_L2_polygon_mean (Tumkur),10630,2011_02_02,"{""type"":""MultiPoint"",""coordinates"":[]}"
70,Tumakuru,2011-02-10,15376.771311980077,MODIS/061/MOD11A2,GAUL_L2_polygon_mean (Tumkur),10630,2011_02_10,"{""type"":""MultiPoint"",""coordinates"":[]}"
70,Tumakuru,2011-02-18,15356.432677896062,MODIS/061/MOD11A2,GAUL_L2_polygon_mean (Tumkur),10630,2011_02_18,"{""type"":""MultiPoint"",""coordinates"":[]}"
70,Tumakuru,2011-02-26,15565.872088463577,MODIS/061/MOD11A2,GAUL_L2_polygon_mean (Tumkur),10630,2011_02_26,"{""type"":""MultiPoint"",""coordinates"":[]}"
70,Tumakuru,2011-03-06,15674.674980291918,MODIS/061/MOD11A2,GAUL_L2_polygon_mean (Tumkur),10630,2011_03_06,"{""type"":""MultiPoint"",""coordinates"":[]}"
70,Tumakuru,2011-03-14,15666.445753318847,MODIS/061/MOD11A2,GAUL_L2_polygon_mean (Tumkur),10630,2011_03_14,"{""type"":""MultiPoint"",""coordinates"":[]}"
70,Tumakuru,2011-03-22,15658.486395768661,MODIS/061/MOD11A2,GAUL_L2_polygon_mean (Tumkur),10630,2011_03_22,"{""type"":""MultiPoint"",""coordinates"":[]}"
70,Tumakuru,2011-03-30,15631.749678601727,MODIS/061/MOD11A2,GAUL_L2_polygon_mean (Tumkur),10630,2011_03_30,"{""type"":""MultiPoint"",""coordinates"":[]}"
70,Tumakuru,2011-04-07,15716.119714358556,MODIS/061/MOD11A2,GAUL_L2_polygon_mean (Tumkur),10630,2011_04_07,"{""type"":""MultiPoint"",""coordinates"":[]}"
70,Tumakuru,2011-04-15,15535.780901921977,MODIS/061/MOD11A2,GAUL_L2_polygon_mean (Tumkur),10626,2011_04_15,"{""type"":""MultiPoint"",""coordinates"":[]}"
70,Tumakuru,2011-04-23,15425.92484420172,MODIS/061/MOD11A2,GAUL_L2_polygon_mean (Tumkur),10629,2011_04_23,"{""type"":""MultiPoint"",""coordinates"":[]}"
70,Tumakuru,2011-05-01,15453.288493578462,MODIS/061/MOD11A2,GAUL_L2_polygon_mean (Tumkur),10629,2011_05_01,"{""type"":""MultiPoint"",""coordinates"":[]}"
70,Tumakuru,2011-05-09,15530.84235603296,MODIS/061/MOD11A2,GAUL_L2_polygon_mean (Tumkur),10630,2011_05_09,"{""type"":""MultiPoint"",""coordinates"":[]}"
70,Tumakuru,2011-05-17,15346.675242943935,MODIS/061/MOD11A2,GAUL_L2_polygon_mean (Tumkur),10630,2011_05_17,"{""type"":""MultiPoint"",""coordinates"":[]}"
70,Tumakuru,2011-05-25,15410.777661813654,MODIS/061/MOD11A2,GAUL_L2_polygon_mean (Tumkur),9878,2011_05_25,"{""type"":""MultiPoint"",""coordinates"":[]}"
70,Tumakuru,2011-06-02,15258.516137661303,MODIS/061/MOD11A2,GAUL_L2_polygon_mean (Tumkur),850,2011_06_02,"{""type"":""MultiPoint"",""coordinates"":[]}"
70,Tumakuru,2011-06-10,15314.056394404073,MODIS/061/MOD11A2,GAUL_L2_polygon_mean (Tumkur),4100,2011_06_10,"{""type"":""MultiPoint"",""coordinates"":[]}"
70,Tumakuru,2011-06-18,15208.514177988067,MODIS/061/MOD11A2,GAUL_L2_polygon_mean (Tumkur),4508,2011_06_18,"{""type"":""MultiPoint"",""coordinates"":[]}"
70,Tumakuru,2011-06-26,15369.006478599207,MODIS/061/MOD11A2,GAUL_L2_polygon_mean (Tumkur),2821,2011_06_26,"{""type"":""MultiPoint"",""coordinates"":[]}"
70,Tumakuru,2011-07-04,15309.391535794808,MODIS/061/MOD11A2,GAUL_L2_polygon_mean (Tumkur),7659,2011_07_04,"{""type"":""MultiPoint"",""coordinates"":[]}"
70,Tumakuru,2011-07-12,15288.593887482963,MODIS/061/MOD11A2,GAUL_L2_polygon_mean (Tumkur),100,2011_07_12,"{""type"":""MultiPoint"",""coordinates"":[]}"
70,Tumakuru,2011-07-20,15288.7845123016,MODIS/061/MOD11A2,GAUL_L2_polygon_mean (Tumkur),1864,2011_07_20,"{""type"":""MultiPoint"",""coordinates"":[]}"
70,Tumakuru,2011-07-28,15220.728640155094,MODIS/061/MOD11A2,GAUL_L2_polygon_mean (Tumkur),1197,2011_07_28,"{""type"":""MultiPoint"",""coordinates"":[]}"
70,Tumakuru,2011-08-13,15421.83569511117,MODIS/061/MOD11A2,GAUL_L2_polygon_mean (Tumkur),4725,2011_08_13,"{""type"":""MultiPoint"",""coordinates"":[]}"
70,Tumakuru,2011-08-21,15131.214422561961,MODIS/061/MOD11A2,GAUL_L2_polygon_mean (Tumkur),710,2011_08_21,"{""type"":""MultiPoint"",""coordinates"":[]}"
70,Tumakuru,2011-08-29,15182.404786198975,MODIS/061/MOD11A2,GAUL_L2_polygon_mean (Tumkur),1779,2011_08_29,"{""type"":""MultiPoint"",""coordinates"":[]}"
70,Tumakuru,2011-09-06,15165.788214035461,MODIS/061/MOD11A2,GAUL_L2_polygon_mean (Tumkur),957,2011_09_06,"{""type"":""MultiPoint"",""coordinates"":[]}"
70,Tumakuru,2011-09-14,15141.274769494226,MODIS/061/MOD11A2,GAUL_L2_polygon_mean (Tumkur),2729,2011_09_14,"{""type"":""MultiPoint"",""coordinates"":[]}"
70,Tumakuru,2011-09-22,15374.221230104218,MODIS/061/MOD11A2,GAUL_L2_polygon_mean (Tumkur),10630,2011_09_22,"{""type"":""MultiPoint"",""coordinates"":[]}"
70,Tumakuru,2011-09-30,15326.977247095196,MODIS/061/MOD11A2,GAUL_L2_polygon_mean (Tumkur),10629,2011_09_30,"{""type"":""MultiPoint"",""coordinates"":[]}"
70,Tumakuru,2011-10-08,15196.019930987384,MODIS/061/MOD11A2,GAUL_L2_polygon_mean (Tumkur),7571,2011_10_08,"{""type"":""MultiPoint"",""coordinates"":[]}"
70,Tumakuru,2011-10-16,15262.910704722031,MODIS/061/MOD11A2,GAUL_L2_polygon_mean (Tumkur),10624,2011_10_16,"{""type"":""MultiPoint"",""coordinates"":[]}"
70,Tumakuru,2011-10-24,15135.969137670183,MODIS/061/MOD11A2,GAUL_L2_polygon_mean (Tumkur),1231,2011_10_24,"{""type"":""MultiPoint"",""coordinates"":[]}"
70,Tumakuru,2011-11-01,15133.434758085335,MODIS/061/MOD11A2,GAUL_L2_polygon_mean (Tumkur),10630,2011_11_01,"{""type"":""MultiPoint"",""coordinates"":[]}"
70,Tumakuru,2011-11-09,15183.255206652184,MODIS/061/MOD11A2,GAUL_L2_polygon_mean (Tumkur),10630,2011_11_09,"{""type"":""MultiPoint"",""coordinates"":[]}"
70,Tumakuru,2011-11-17,15166.558738325924,MODIS/061/MOD11A2,GAUL_L2_polygon_mean (Tumkur),10630,2011_11_17,"{""type"":""MultiPoint"",""coordinates"":[]}"
70,Tumakuru,2011-11-25,15109.68150176807,MODIS/061/MOD11A2,GAUL_L2_polygon_mean (Tumkur),5434,2011_11_25,"{""type"":""MultiPoint"",""coordinates"":[]}"
70,Tumakuru,2011-12-03,15210.42063648112,MODIS/061/MOD11A2,GAUL_L2_polygon_mean (Tumkur),10630,2011_12_03,"{""type"":""MultiPoint"",""coordinates"":[]}"
70,Tumakuru,2011-12-11,15172.952304310438,MODIS/061/MOD11A2,GAUL_L2_polygon_mean (Tumkur),10630,2011_12_11,"{""type"":""MultiPoint"",""coordinates"":[]}"
70,Tumakuru,2011-12-19,15239.613102499623,MODIS/061/MOD11A2,GAUL_L2_polygon_mean (Tumkur),10630,2011_12_19,"{""type"":""MultiPoint"",""coordinates"":[]}"
70,Tumakuru,2011-12-27,15277.327866457714,MODIS/061/MOD11A2,GAUL_L2_polygon_mean (Tumkur),10630,2011_12_27,"{""type"":""MultiPoint"",""coordinates"":[]}"
70,Tumakuru,2012-01-01,15356.427116091836,MODIS/061/MOD11A2,GAUL_L2_polygon_mean (Tumkur),10630,2012_01_01,"{""type"":""MultiPoint"",""coordinates"":[]}"
70,Tumakuru,2012-01-09,15298.773716426587,MODIS/061/MOD11A2,GAUL_L2_polygon_mean (Tumkur),10630,2012_01_09,"{""type"":""MultiPoint"",""coordinates"":[]}"
70,Tumakuru,2012-01-17,15327.95917162799,MODIS/061/MOD11A2,GAUL_L2_polygon_mean (Tumkur),10630,2012_01_17,"{""type"":""MultiPoint"",""coordinates"":[]}"
70,Tumakuru,2012-01-25,15353.683465206557,MODIS/061/MOD11A2,GAUL_L2_polygon_mean (Tumkur),10630,2012_01_25,"{""type"":""MultiPoint"",""coordinates"":[]}"
70,Tumakuru,2012-02-02,15411.312004414936,MODIS/061/MOD11A2,GAUL_L2_polygon_mean (Tumkur),10630,2012_02_02,"{""type"":""MultiPoint"",""coordinates"":[]}"
70,Tumakuru,2012-02-10,15546.502221291008,MODIS/061/MOD11A2,GAUL_L2_polygon_mean (Tumkur),10630,2012_02_10,"{""type"":""MultiPoint"",""coordinates"":[]}"
70,Tumakuru,2012-02-18,15532.214047013977,MODIS/061/MOD11A2,GAUL_L2_polygon_mean (Tumkur),10630,2012_02_18,"{""type"":""MultiPoint"",""coordinates"":[]}"
70,Tumakuru,2012-02-26,15653.109855316401,MODIS/061/MOD11A2,GAUL_L2_polygon_mean (Tumkur),10630,2012_02_26,"{""type"":""MultiPoint"",""coordinates"":[]}"
70,Tumakuru,2012-03-05,15566.998573489653,MODIS/061/MOD11A2,GAUL_L2_polygon_mean (Tumkur),10630,2012_03_05,"{""type"":""MultiPoint"",""coordinates"":[]}"
70,Tumakuru,2012-03-13,15713.278804756263,MODIS/061/MOD11A2,GAUL_L2_polygon_mean (Tumkur),10630,2012_03_13,"{""type"":""MultiPoint"",""coordinates"":[]}"
70,Tumakuru,2012-03-21,15735.841166352102,MODIS/061/MOD11A2,GAUL_L2_polygon_mean (Tumkur),10630,2012_03_21,"{""type"":""MultiPoint"",""coordinates"":[]}"
70,Tumakuru,2012-03-29,15694.571068584304,MODIS/061/MOD11A2,GAUL_L2_polygon_mean (Tumkur),10630,2012_03_29,"{""type"":""MultiPoint"",""coordinates"":[]}"
70,Tumakuru,2012-04-06,15686.157994784597,MODIS/061/MOD11A2,GAUL_L2_polygon_mean (Tumkur),10630,2012_04_06,"{""type"":""MultiPoint"",""coordinates"":[]}"
70,Tumakuru,2012-04-14,15717.466075650433,MODIS/061/MOD11A2,GAUL_L2_polygon_mean (Tumkur),10630,2012_04_14,"{""type"":""MultiPoint"",""coordinates"":[]}"
70,Tumakuru,2012-04-22,15504.574400587539,MODIS/061/MOD11A2,GAUL_L2_polygon_mean (Tumkur),10616,2012_04_22,"{""type"":""MultiPoint"",""coordinates"":[]}"
70,Tumakuru,2012-04-30,15450.093660900766,MODIS/061/MOD11A2,GAUL_L2_polygon_mean (Tumkur),10630,2012_04_30,"{""type"":""MultiPoint"",""coordinates"":[]}"
70,Tumakuru,2012-05-08,15438.967561636813,MODIS/061/MOD11A2,GAUL_L2_polygon_mean (Tumkur),10629,2012_05_08,"{""type"":""MultiPoint"",""coordinates"":[]}"
70,Tumakuru,2012-05-16,15414.21812144042,MODIS/061/MOD11A2,GAUL_L2_polygon_mean (Tumkur),10630,2012_05_16,"{""type"":""MultiPoint"",""coordinates"":[]}"
70,Tumakuru,2012-05-24,15508.071671834427,MODIS/061/MOD11A2,GAUL_L2_polygon_mean (Tumkur),10233,2012_05_24,"{""type"":""MultiPoint"",""coordinates"":[]}"
70,Tumakuru,2012-06-01,15480.415916861732,MODIS/061/MOD11A2,GAUL_L2_polygon_mean (Tumkur),9656,2012_06_01,"{""type"":""MultiPoint"",""coordinates"":[]}"
70,Tumakuru,2012-06-09,15466.374578856125,MODIS/061/MOD11A2,GAUL_L2_polygon_mean (Tumkur),8349,2012_06_09,"{""type"":""MultiPoint"",""coordinates"":[]}"
70,Tumakuru,2012-06-17,15350.656767786119,MODIS/061/MOD11A2,GAUL_L2_polygon_mean (Tumkur),4405,2012_06_17,"{""type"":""MultiPoint"",""coordinates"":[]}"
70,Tumakuru,2012-06-25,15503.051981127466,MODIS/061/MOD11A2,GAUL_L2_polygon_mean (Tumkur),7634,2012_06_25,"{""type"":""MultiPoint"",""coordinates"":[]}"
70,Tumakuru,2012-07-03,15394.993103522716,MODIS/061/MOD11A2,GAUL_L2_polygon_mean (Tumkur),2906,2012_07_03,"{""type"":""MultiPoint"",""coordinates"":[]}"
70,Tumakuru,2012-07-11,15422.206173623055,MODIS/061/MOD11A2,GAUL_L2_polygon_mean (Tumkur),3293,2012_07_11,"{""type"":""MultiPoint"",""coordinates"":[]}"
70,Tumakuru,2012-07-19,15190.804535411758,MODIS/061/MOD11A2,GAUL_L2_polygon_mean (Tumkur),544,2012_07_19,"{""type"":""MultiPoint"",""coordinates"":[]}"
70,Tumakuru,2012-07-27,15412.924775719279,MODIS/061/MOD11A2,GAUL_L2_polygon_mean (Tumkur),4095,2012_07_27,"{""type"":""MultiPoint"",""coordinates"":[]}"
70,Tumakuru,2012-08-04,15285.49263386611,MODIS/061/MOD11A2,GAUL_L2_polygon_mean (Tumkur),476,2012_08_04,"{""type"":""MultiPoint"",""coordinates"":[]}"
70,Tumakuru,2012-08-12,15314.065381486596,MODIS/061/MOD11A2,GAUL_L2_polygon_mean (Tumkur),1036,2012_08_12,"{""type"":""MultiPoint"",""coordinates"":[]}"
70,Tumakuru,2012-08-20,15405.172770386018,MODIS/061/MOD11A2,GAUL_L2_polygon_mean (Tumkur),9159,2012_08_20,"{""type"":""MultiPoint"",""coordinates"":[]}"
70,Tumakuru,2012-08-28,15224.872048245292,MODIS/061/MOD11A2,GAUL_L2_polygon_mean (Tumkur),485,2012_08_28,"{""type"":""MultiPoint"",""coordinates"":[]}"
70,Tumakuru,2012-09-05,15254.273603342739,MODIS/061/MOD11A2,GAUL_L2_polygon_mean (Tumkur),2791,2012_09_05,"{""type"":""MultiPoint"",""coordinates"":[]}"
70,Tumakuru,2012-09-13,15291.562729416744,MODIS/061/MOD11A2,GAUL_L2_polygon_mean (Tumkur),10519,2012_09_13,"{""type"":""MultiPoint"",""coordinates"":[]}"
70,Tumakuru,2012-09-21,15453.909500883698,MODIS/061/MOD11A2,GAUL_L2_polygon_mean (Tumkur),10630,2012_09_21,"{""type"":""MultiPoint"",""coordinates"":[]}"
70,Tumakuru,2012-09-29,15312.263946172037,MODIS/061/MOD11A2,GAUL_L2_polygon_mean (Tumkur),10630,2012_09_29,"{""type"":""MultiPoint"",""coordinates"":[]}"
70,Tumakuru,2012-10-07,15379.232782338906,MODIS/061/MOD11A2,GAUL_L2_polygon_mean (Tumkur),10537,2012_10_07,"{""type"":""MultiPoint"",""coordinates"":[]}"
70,Tumakuru,2012-10-15,15311.883884195522,MODIS/061/MOD11A2,GAUL_L2_polygon_mean (Tumkur),10630,2012_10_15,"{""type"":""MultiPoint"",""coordinates"":[]}"
70,Tumakuru,2012-10-23,15268.467933007845,MODIS/061/MOD11A2,GAUL_L2_polygon_mean (Tumkur),10626,2012_10_23,"{""type"":""MultiPoint"",""coordinates"":[]}"
70,Tumakuru,2012-10-31,15108.917860587862,MODIS/061/MOD11A2,GAUL_L2_polygon_mean (Tumkur),8728,2012_10_31,"{""type"":""MultiPoint"",""coordinates"":[]}"
70,Tumakuru,2012-11-08,15184.94818266564,MODIS/061/MOD11A2,GAUL_L2_polygon_mean (Tumkur),10630,2012_11_08,"{""type"":""MultiPoint"",""coordinates"":[]}"
70,Tumakuru,2012-11-16,15234.058914472445,MODIS/061/MOD11A2,GAUL_L2_polygon_mean (Tumkur),10630,2012_11_16,"{""type"":""MultiPoint"",""coordinates"":[]}"
70,Tumakuru,2012-11-24,15264.674232914089,MODIS/061/MOD11A2,GAUL_L2_polygon_mean (Tumkur),10630,2012_11_24,"{""type"":""MultiPoint"",""coordinates"":[]}"
70,Tumakuru,2012-12-02,15237.983689383027,MODIS/061/MOD11A2,GAUL_L2_polygon_mean (Tumkur),10630,2012_12_02,"{""type"":""MultiPoint"",""coordinates"":[]}"
70,Tumakuru,2012-12-10,15305.111801228519,MODIS/061/MOD11A2,GAUL_L2_polygon_mean (Tumkur),10630,2012_12_10,"{""type"":""MultiPoint"",""coordinates"":[]}"
70,Tumakuru,2012-12-18,15169.417649552119,MODIS/061/MOD11A2,GAUL_L2_polygon_mean (Tumkur),10630,2012_12_18,"{""type"":""MultiPoint"",""coordinates"":[]}"
70,Tumakuru,2012-12-26,15233.90394719517,MODIS/061/MOD11A2,GAUL_L2_polygon_mean (Tumkur),10630,2012_12_26,"{""type"":""MultiPoint"",""coordinates"":[]}"
70,Tumakuru,2013-01-01,15397.328048322077,MODIS/061/MOD11A2,GAUL_L2_polygon_mean (Tumkur),10630,2013_01_01,"{""type"":""MultiPoint"",""coordinates"":[]}"
70,Tumakuru,2013-01-09,15387.792062965653,MODIS/061/MOD11A2,GAUL_L2_polygon_mean (Tumkur),10630,2013_01_09,"{""type"":""MultiPoint"",""coordinates"":[]}"
70,Tumakuru,2013-01-17,15376.29367779608,MODIS/061/MOD11A2,GAUL_L2_polygon_mean (Tumkur),10630,2013_01_17,"{""type"":""MultiPoint"",""coordinates"":[]}"
70,Tumakuru,2013-01-25,15443.097432096929,MODIS/061/MOD11A2,GAUL_L2_polygon_mean (Tumkur),10630,2013_01_25,"{""type"":""MultiPoint"",""coordinates"":[]}"
70,Tumakuru,2013-02-02,15470.965558646496,MODIS/061/MOD11A2,GAUL_L2_polygon_mean (Tumkur),10630,2013_02_02,"{""type"":""MultiPoint"",""coordinates"":[]}"
70,Tumakuru,2013-02-10,15403.566312074161,MODIS/061/MOD11A2,GAUL_L2_polygon_mean (Tumkur),10630,2013_02_10,"{""type"":""MultiPoint"",""coordinates"":[]}"
70,Tumakuru,2013-02-18,15535.895757026243,MODIS/061/MOD11A2,GAUL_L2_polygon_mean (Tumkur),10630,2013_02_18,"{""type"":""MultiPoint"",""coordinates"":[]}"
70,Tumakuru,2013-02-26,15647.001735642978,MODIS/061/MOD11A2,GAUL_L2_polygon_mean (Tumkur),10630,2013_02_26,"{""type"":""MultiPoint"",""coordinates"":[]}"
70,Tumakuru,2013-03-06,15658.901670385772,MODIS/061/MOD11A2,GAUL_L2_polygon_mean (Tumkur),10630,2013_03_06,"{""type"":""MultiPoint"",""coordinates"":[]}"
70,Tumakuru,2013-03-14,15631.504278240025,MODIS/061/MOD11A2,GAUL_L2_polygon_mean (Tumkur),10630,2013_03_14,"{""type"":""MultiPoint"",""coordinates"":[]}"
70,Tumakuru,2013-03-22,15788.391987859019,MODIS/061/MOD11A2,GAUL_L2_polygon_mean (Tumkur),10630,2013_03_22,"{""type"":""MultiPoint"",""coordinates"":[]}"
70,Tumakuru,2013-03-30,15732.600036299124,MODIS/061/MOD11A2,GAUL_L2_polygon_mean (Tumkur),10630,2013_03_30,"{""type"":""MultiPoint"",""coordinates"":[]}"
70,Tumakuru,2013-04-07,15849.398151328181,MODIS/061/MOD11A2,GAUL_L2_polygon_mean (Tumkur),10630,2013_04_07,"{""type"":""MultiPoint"",""coordinates"":[]}"
70,Tumakuru,2013-04-15,15832.622214163981,MODIS/061/MOD11A2,GAUL_L2_polygon_mean (Tumkur),10630,2013_04_15,"{""type"":""MultiPoint"",""coordinates"":[]}"
70,Tumakuru,2013-04-23,15782.467062808892,MODIS/061/MOD11A2,GAUL_L2_polygon_mean (Tumkur),10630,2013_04_23,"{""type"":""MultiPoint"",""coordinates"":[]}"
70,Tumakuru,2013-05-01,15607.482672897539,MODIS/061/MOD11A2,GAUL_L2_polygon_mean (Tumkur),10630,2013_05_01,"{""type"":""MultiPoint"",""coordinates"":[]}"
70,Tumakuru,2013-05-09,15472.916717843971,MODIS/061/MOD11A2,GAUL_L2_polygon_mean (Tumkur),10625,2013_05_09,"{""type"":""MultiPoint"",""coordinates"":[]}"
70,Tumakuru,2013-05-17,15465.11873531575,MODIS/061/MOD11A2,GAUL_L2_polygon_mean (Tumkur),10630,2013_05_17,"{""type"":""MultiPoint"",""coordinates"":[]}"
70,Tumakuru,2013-05-25,15538.493453341349,MODIS/061/MOD11A2,GAUL_L2_polygon_mean (Tumkur),4882,2013_05_25,"{""type"":""MultiPoint"",""coordinates"":[]}"
70,Tumakuru,2013-06-02,15486.980456026056,MODIS/061/MOD11A2,GAUL_L2_polygon_mean (Tumkur),2,2013_06_02,"{""type"":""MultiPoint"",""coordinates"":[]}"
70,Tumakuru,2013-06-10,15349.370752778803,MODIS/061/MOD11A2,GAUL_L2_polygon_mean (Tumkur),446,2013_06_10,"{""type"":""MultiPoint"",""coordinates"":[]}"
70,Tumakuru,2013-06-18,15338.596040515651,MODIS/061/MOD11A2,GAUL_L2_polygon_mean (Tumkur),255,2013_06_18,"{""type"":""MultiPoint"",""coordinates"":[]}"
70,Tumakuru,2013-06-26,15309.66180536972,MODIS/061/MOD11A2,GAUL_L2_polygon_mean (Tumkur),879,2013_06_26,"{""type"":""MultiPoint"",""coordinates"":[]}"
70,Tumakuru,2013-07-04,15261.8820534137,MODIS/061/MOD11A2,GAUL_L2_polygon_mean (Tumkur),37,2013_07_04,"{""type"":""MultiPoint"",""coordinates"":[]}"
70,Tumakuru,2013-07-12,15316.1609901658,MODIS/061/MOD11A2,GAUL_L2_polygon_mean (Tumkur),755,2013_07_12,"{""type"":""MultiPoint"",""coordinates"":[]}"
70,Tumakuru,2013-07-20,14692.64705882353,MODIS/061/MOD11A2,GAUL_L2_polygon_mean (Tumkur),3,2013_07_20,"{""type"":""MultiPoint"",""coordinates"":[]}"
70,Tumakuru,2013-07-28,15157.719874348353,MODIS/061/MOD11A2,GAUL_L2_polygon_mean (Tumkur),2933,2013_07_28,"{""type"":""MultiPoint"",""coordinates"":[]}"
70,Tumakuru,2013-08-05,15348.947620280807,MODIS/061/MOD11A2,GAUL_L2_polygon_mean (Tumkur),4527,2013_08_05,"{""type"":""MultiPoint"",""coordinates"":[]}"
70,Tumakuru,2013-08-13,15126.608705988005,MODIS/061/MOD11A2,GAUL_L2_polygon_mean (Tumkur),148,2013_08_13,"{""type"":""MultiPoint"",""coordinates"":[]}"
70,Tumakuru,2013-08-21,15215.757710131642,MODIS/061/MOD11A2,GAUL_L2_polygon_mean (Tumkur),3825,2013_08_21,"{""type"":""MultiPoint"",""coordinates"":[]}"
70,Tumakuru,2013-08-29,15442.914291100467,MODIS/061/MOD11A2,GAUL_L2_polygon_mean (Tumkur),7488,2013_08_29,"{""type"":""MultiPoint"",""coordinates"":[]}"
70,Tumakuru,2013-09-06,14934.185869970195,MODIS/061/MOD11A2,GAUL_L2_polygon_mean (Tumkur),505,2013_09_06,"{""type"":""MultiPoint"",""coordinates"":[]}"
70,Tumakuru,2013-09-14,15074.65348498009,MODIS/061/MOD11A2,GAUL_L2_polygon_mean (Tumkur),239,2013_09_14,"{""type"":""MultiPoint"",""coordinates"":[]}"
70,Tumakuru,2013-09-22,15221.474714063132,MODIS/061/MOD11A2,GAUL_L2_polygon_mean (Tumkur),10628,2013_09_22,"{""type"":""MultiPoint"",""coordinates"":[]}"
70,Tumakuru,2013-09-30,15103.227476079559,MODIS/061/MOD11A2,GAUL_L2_polygon_mean (Tumkur),7537,2013_09_30,"{""type"":""MultiPoint"",""coordinates"":[]}"
70,Tumakuru,2013-10-08,15146.379680389651,MODIS/061/MOD11A2,GAUL_L2_polygon_mean (Tumkur),8824,2013_10_08,"{""type"":""MultiPoint"",""coordinates"":[]}"
70,Tumakuru,2013-10-16,15136.648650448662,MODIS/061/MOD11A2,GAUL_L2_polygon_mean (Tumkur),8125,2013_10_16,"{""type"":""MultiPoint"",""coordinates"":[]}"
70,Tumakuru,2013-10-24,15108.25607395807,MODIS/061/MOD11A2,GAUL_L2_polygon_mean (Tumkur),8769,2013_10_24,"{""type"":""MultiPoint"",""coordinates"":[]}"
70,Tumakuru,2013-11-01,15157.86210030874,MODIS/061/MOD11A2,GAUL_L2_polygon_mean (Tumkur),10630,2013_11_01,"{""type"":""MultiPoint"",""coordinates"":[]}"
70,Tumakuru,2013-11-09,15163.37090692836,MODIS/061/MOD11A2,GAUL_L2_polygon_mean (Tumkur),10629,2013_11_09,"{""type"":""MultiPoint"",""coordinates"":[]}"
70,Tumakuru,2013-11-17,15246.479827254678,MODIS/061/MOD11A2,GAUL_L2_polygon_mean (Tumkur),10630,2013_11_17,"{""type"":""MultiPoint"",""coordinates"":[]}"
70,Tumakuru,2013-11-25,15160.90081602991,MODIS/061/MOD11A2,GAUL_L2_polygon_mean (Tumkur),10591,2013_11_25,"{""type"":""MultiPoint"",""coordinates"":[]}"
70,Tumakuru,2013-12-03,15140.242749863432,MODIS/061/MOD11A2,GAUL_L2_polygon_mean (Tumkur),10630,2013_12_03,"{""type"":""MultiPoint"",""coordinates"":[]}"
70,Tumakuru,2013-12-11,15157.632153993814,MODIS/061/MOD11A2,GAUL_L2_polygon_mean (Tumkur),10630,2013_12_11,"{""type"":""MultiPoint"",""coordinates"":[]}"
70,Tumakuru,2013-12-19,15212.400673082737,MODIS/061/MOD11A2,GAUL_L2_polygon_mean (Tumkur),10630,2013_12_19,"{""type"":""MultiPoint"",""coordinates"":[]}"
70,Tumakuru,2013-12-27,15206.486005479583,MODIS/061/MOD11A2,GAUL_L2_polygon_mean (Tumkur),10630,2013_12_27,"{""type"":""MultiPoint"",""coordinates"":[]}"
70,Tumakuru,2014-01-01,15266.570921026956,MODIS/061/MOD11A2,GAUL_L2_polygon_mean (Tumkur),10630,2014_01_01,"{""type"":""MultiPoint"",""coordinates"":[]}"
70,Tumakuru,2014-01-09,15304.466192589629,MODIS/061/MOD11A2,GAUL_L2_polygon_mean (Tumkur),10630,2014_01_09,"{""type"":""MultiPoint"",""coordinates"":[]}"
70,Tumakuru,2014-01-17,15270.6690658257,MODIS/061/MOD11A2,GAUL_L2_polygon_mean (Tumkur),10630,2014_01_17,"{""type"":""MultiPoint"",""coordinates"":[]}"
70,Tumakuru,2014-01-25,15301.47033489243,MODIS/061/MOD11A2,GAUL_L2_polygon_mean (Tumkur),10630,2014_01_25,"{""type"":""MultiPoint"",""coordinates"":[]}"
70,Tumakuru,2014-02-02,15483.302977227126,MODIS/061/MOD11A2,GAUL_L2_polygon_mean (Tumkur),10630,2014_02_02,"{""type"":""MultiPoint"",""coordinates"":[]}"
70,Tumakuru,2014-02-10,15432.078575009482,MODIS/061/MOD11A2,GAUL_L2_polygon_mean (Tumkur),10630,2014_02_10,"{""type"":""MultiPoint"",""coordinates"":[]}"
70,Tumakuru,2014-02-18,15480.537269474016,MODIS/061/MOD11A2,GAUL_L2_polygon_mean (Tumkur),10630,2014_02_18,"{""type"":""MultiPoint"",""coordinates"":[]}"
70,Tumakuru,2014-02-26,15476.151231126067,MODIS/061/MOD11A2,GAUL_L2_polygon_mean (Tumkur),10630,2014_02_26,"{""type"":""MultiPoint"",""coordinates"":[]}"
70,Tumakuru,2014-03-06,15342.275245023075,MODIS/061/MOD11A2,GAUL_L2_polygon_mean (Tumkur),10603,2014_03_06,"{""type"":""MultiPoint"",""coordinates"":[]}"
70,Tumakuru,2014-03-14,15703.316218651938,MODIS/061/MOD11A2,GAUL_L2_polygon_mean (Tumkur),10630,2014_03_14,"{""type"":""MultiPoint"",""coordinates"":[]}"
70,Tumakuru,2014-03-22,15715.34885021496,MODIS/061/MOD11A2,GAUL_L2_polygon_mean (Tumkur),10630,2014_03_22,"{""type"":""MultiPoint"",""coordinates"":[]}"
70,Tumakuru,2014-03-30,15752.228660352956,MODIS/061/MOD11A2,GAUL_L2_polygon_mean (Tumkur),10630,2014_03_30,"{""type"":""MultiPoint"",""coordinates"":[]}"
70,Tumakuru,2014-04-07,15679.926182238474,MODIS/061/MOD11A2,GAUL_L2_polygon_mean (Tumkur),10630,2014_04_07,"{""type"":""MultiPoint"",""coordinates"":[]}"
70,Tumakuru,2014-04-15,15650.09597698775,MODIS/061/MOD11A2,GAUL_L2_polygon_mean (Tumkur),10629,2014_04_15,"{""type"":""MultiPoint"",""coordinates"":[]}"
70,Tumakuru,2014-04-23,15657.08755152174,MODIS/061/MOD11A2,GAUL_L2_polygon_mean (Tumkur),10625,2014_04_23,"{""type"":""MultiPoint"",""coordinates"":[]}"
70,Tumakuru,2014-05-01,15692.00915740716,MODIS/061/MOD11A2,GAUL_L2_polygon_mean (Tumkur),10630,2014_05_01,"{""type"":""MultiPoint"",""coordinates"":[]}"
70,Tumakuru,2014-05-09,15582.212134302265,MODIS/061/MOD11A2,GAUL_L2_polygon_mean (Tumkur),10630,2014_05_09,"{""type"":""MultiPoint"",""coordinates"":[]}"
70,Tumakuru,2014-05-17,15502.900073446654,MODIS/061/MOD11A2,GAUL_L2_polygon_mean (Tumkur),10630,2014_05_17,"{""type"":""MultiPoint"",""coordinates"":[]}"
70,Tumakuru,2014-05-25,15414.488960567529,MODIS/061/MOD11A2,GAUL_L2_polygon_mean (Tumkur),10629,2014_05_25,"{""type"":""MultiPoint"",""coordinates"":[]}"
70,Tumakuru,2014-06-02,15297.72621955253,MODIS/061/MOD11A2,GAUL_L2_polygon_mean (Tumkur),10611,2014_06_02,"{""type"":""MultiPoint"",""coordinates"":[]}"
70,Tumakuru,2014-06-10,15323.301800987836,MODIS/061/MOD11A2,GAUL_L2_polygon_mean (Tumkur),8875,2014_06_10,"{""type"":""MultiPoint"",""coordinates"":[]}"
70,Tumakuru,2014-06-18,15216.159511658247,MODIS/061/MOD11A2,GAUL_L2_polygon_mean (Tumkur),6877,2014_06_18,"{""type"":""MultiPoint"",""coordinates"":[]}"
70,Tumakuru,2014-06-26,15456.34432334367,MODIS/061/MOD11A2,GAUL_L2_polygon_mean (Tumkur),10306,2014_06_26,"{""type"":""MultiPoint"",""coordinates"":[]}"
70,Tumakuru,2014-07-04,15144.390109890113,MODIS/061/MOD11A2,GAUL_L2_polygon_mean (Tumkur),17,2014_07_04,"{""type"":""MultiPoint"",""coordinates"":[]}"
70,Tumakuru,2014-07-12,15193.491633562058,MODIS/061/MOD11A2,GAUL_L2_polygon_mean (Tumkur),423,2014_07_12,"{""type"":""MultiPoint"",""coordinates"":[]}"
70,Tumakuru,2014-07-20,14813.621347447348,MODIS/061/MOD11A2,GAUL_L2_polygon_mean (Tumkur),142,2014_07_20,"{""type"":""MultiPoint"",""coordinates"":[]}"
70,Tumakuru,2014-07-28,15290.068740167004,MODIS/061/MOD11A2,GAUL_L2_polygon_mean (Tumkur),1296,2014_07_28,"{""type"":""MultiPoint"",""coordinates"":[]}"
70,Tumakuru,2014-08-05,15291.822340886132,MODIS/061/MOD11A2,GAUL_L2_polygon_mean (Tumkur),27,2014_08_05,"{""type"":""MultiPoint"",""coordinates"":[]}"
70,Tumakuru,2014-08-13,15233.08576567518,MODIS/061/MOD11A2,GAUL_L2_polygon_mean (Tumkur),2917,2014_08_13,"{""type"":""MultiPoint"",""coordinates"":[]}"
70,Tumakuru,2014-08-21,15278.652036531674,MODIS/061/MOD11A2,GAUL_L2_polygon_mean (Tumkur),10324,2014_08_21,"{""type"":""MultiPoint"",""coordinates"":[]}"
70,Tumakuru,2014-08-29,15198.29535350504,MODIS/061/MOD11A2,GAUL_L2_polygon_mean (Tumkur),627,2014_08_29,"{""type"":""MultiPoint"",""coordinates"":[]}"
70,Tumakuru,2014-09-06,15236.414047772347,MODIS/061/MOD11A2,GAUL_L2_polygon_mean (Tumkur),9856,2014_09_06,"{""type"":""MultiPoint"",""coordinates"":[]}"
70,Tumakuru,2014-09-14,15326.0109105812,MODIS/061/MOD11A2,GAUL_L2_polygon_mean (Tumkur),5444,2014_09_14,"{""type"":""MultiPoint"",""coordinates"":[]}"
70,Tumakuru,2014-09-22,15158.416719753832,MODIS/061/MOD11A2,GAUL_L2_polygon_mean (Tumkur),10280,2014_09_22,"{""type"":""MultiPoint"",""coordinates"":[]}"
70,Tumakuru,2014-09-30,15187.576230706443,MODIS/061/MOD11A2,GAUL_L2_polygon_mean (Tumkur),10590,2014_09_30,"{""type"":""MultiPoint"",""coordinates"":[]}"
70,Tumakuru,2014-10-08,15201.064202926751,MODIS/061/MOD11A2,GAUL_L2_polygon_mean (Tumkur),10630,2014_10_08,"{""type"":""MultiPoint"",""coordinates"":[]}"
70,Tumakuru,2014-10-16,15243.486734643448,MODIS/061/MOD11A2,GAUL_L2_polygon_mean (Tumkur),10628,2014_10_16,"{""type"":""MultiPoint"",""coordinates"":[]}"
70,Tumakuru,2014-10-24,15037.495904132613,MODIS/061/MOD11A2,GAUL_L2_polygon_mean (Tumkur),10526,2014_10_24,"{""type"":""MultiPoint"",""coordinates"":[]}"
70,Tumakuru,2014-11-01,15072.268466366233,MODIS/061/MOD11A2,GAUL_L2_polygon_mean (Tumkur),10345,2014_11_01,"{""type"":""MultiPoint"",""coordinates"":[]}"
70,Tumakuru,2014-11-09,15145.656163413825,MODIS/061/MOD11A2,GAUL_L2_polygon_mean (Tumkur),10630,2014_11_09,"{""type"":""MultiPoint"",""coordinates"":[]}"
70,Tumakuru,2014-11-17,15149.43341715823,MODIS/061/MOD11A2,GAUL_L2_polygon_mean (Tumkur),10630,2014_11_17,"{""type"":""MultiPoint"",""coordinates"":[]}"
70,Tumakuru,2014-11-25,15116.858481064415,MODIS/061/MOD11A2,GAUL_L2_polygon_mean (Tumkur),10629,2014_11_25,"{""type"":""MultiPoint"",""coordinates"":[]}"
70,Tumakuru,2014-12-03,15166.269740679105,MODIS/061/MOD11A2,GAUL_L2_polygon_mean (Tumkur),10630,2014_12_03,"{""type"":""MultiPoint"",""coordinates"":[]}"
70,Tumakuru,2014-12-11,15125.647734259988,MODIS/061/MOD11A2,GAUL_L2_polygon_mean (Tumkur),10574,2014_12_11,"{""type"":""MultiPoint"",""coordinates"":[]}"
70,Tumakuru,2014-12-19,15093.070599536486,MODIS/061/MOD11A2,GAUL_L2_polygon_mean (Tumkur),10630,2014_12_19,"{""type"":""MultiPoint"",""coordinates"":[]}"
70,Tumakuru,2014-12-27,15217.001172342909,MODIS/061/MOD11A2,GAUL_L2_polygon_mean (Tumkur),10630,2014_12_27,"{""type"":""MultiPoint"",""coordinates"":[]}"
70,Tumakuru,2015-01-01,15171.293707307555,MODIS/061/MOD11A2,GAUL_L2_polygon_mean (Tumkur),10630,2015_01_01,"{""type"":""MultiPoint"",""coordinates"":[]}"
70,Tumakuru,2015-01-09,15232.645164491392,MODIS/061/MOD11A2,GAUL_L2_polygon_mean (Tumkur),10630,2015_01_09,"{""type"":""MultiPoint"",""coordinates"":[]}"
70,Tumakuru,2015-01-17,15259.880200427146,MODIS/061/MOD11A2,GAUL_L2_polygon_mean (Tumkur),10630,2015_01_17,"{""type"":""MultiPoint"",""coordinates"":[]}"
70,Tumakuru,2015-01-25,15302.19110185109,MODIS/061/MOD11A2,GAUL_L2_polygon_mean (Tumkur),10630,2015_01_25,"{""type"":""MultiPoint"",""coordinates"":[]}"
70,Tumakuru,2015-02-02,15405.415517717778,MODIS/061/MOD11A2,GAUL_L2_polygon_mean (Tumkur),10630,2015_02_02,"{""type"":""MultiPoint"",""coordinates"":[]}"
70,Tumakuru,2015-02-10,15482.718525563023,MODIS/061/MOD11A2,GAUL_L2_polygon_mean (Tumkur),10630,2015_02_10,"{""type"":""MultiPoint"",""coordinates"":[]}"
70,Tumakuru,2015-02-18,15567.981587797916,MODIS/061/MOD11A2,GAUL_L2_polygon_mean (Tumkur),10630,2015_02_18,"{""type"":""MultiPoint"",""coordinates"":[]}"
70,Tumakuru,2015-02-26,15487.892499329566,MODIS/061/MOD11A2,GAUL_L2_polygon_mean (Tumkur),10630,2015_02_26,"{""type"":""MultiPoint"",""coordinates"":[]}"
70,Tumakuru,2015-03-06,15576.478535021484,MODIS/061/MOD11A2,GAUL_L2_polygon_mean (Tumkur),10630,2015_03_06,"{""type"":""MultiPoint"",""coordinates"":[]}"
70,Tumakuru,2015-03-14,15713.51367579668,MODIS/061/MOD11A2,GAUL_L2_polygon_mean (Tumkur),10630,2015_03_14,"{""type"":""MultiPoint"",""coordinates"":[]}"
70,Tumakuru,2015-03-22,15750.389876313815,MODIS/061/MOD11A2,GAUL_L2_polygon_mean (Tumkur),10630,2015_03_22,"{""type"":""MultiPoint"",""coordinates"":[]}"
70,Tumakuru,2015-03-30,15652.274156700732,MODIS/061/MOD11A2,GAUL_L2_polygon_mean (Tumkur),10630,2015_03_30,"{""type"":""MultiPoint"",""coordinates"":[]}"
70,Tumakuru,2015-04-07,15571.912317487991,MODIS/061/MOD11A2,GAUL_L2_polygon_mean (Tumkur),10628,2015_04_07,"{""type"":""MultiPoint"",""coordinates"":[]}"
70,Tumakuru,2015-04-15,15410.057425988023,MODIS/061/MOD11A2,GAUL_L2_polygon_mean (Tumkur),10630,2015_04_15,"{""type"":""MultiPoint"",""coordinates"":[]}"
70,Tumakuru,2015-04-23,15476.56984533413,MODIS/061/MOD11A2,GAUL_L2_polygon_mean (Tumkur),10630,2015_04_23,"{""type"":""MultiPoint"",""coordinates"":[]}"
70,Tumakuru,2015-05-01,15464.930757621998,MODIS/061/MOD11A2,GAUL_L2_polygon_mean (Tumkur),10630,2015_05_01,"{""type"":""MultiPoint"",""coordinates"":[]}"
70,Tumakuru,2015-05-09,15513.179599784953,MODIS/061/MOD11A2,GAUL_L2_polygon_mean (Tumkur),3377,2015_05_09,"{""type"":""MultiPoint"",""coordinates"":[]}"
70,Tumakuru,2015-05-17,15356.984592433833,MODIS/061/MOD11A2,GAUL_L2_polygon_mean (Tumkur),10630,2015_05_17,"{""type"":""MultiPoint"",""coordinates"":[]}"
70,Tumakuru,2015-05-25,15443.746680605947,MODIS/061/MOD11A2,GAUL_L2_polygon_mean (Tumkur),10630,2015_05_25,"{""type"":""MultiPoint"",""coordinates"":[]}"
70,Tumakuru,2015-06-02,15397.505389207154,MODIS/061/MOD11A2,GAUL_L2_polygon_mean (Tumkur),10408,2015_06_02,"{""type"":""MultiPoint"",""coordinates"":[]}"
70,Tumakuru,2015-06-10,15430.484140775217,MODIS/061/MOD11A2,GAUL_L2_polygon_mean (Tumkur),6057,2015_06_10,"{""type"":""MultiPoint"",""coordinates"":[]}"
70,Tumakuru,2015-06-18,15261.13329184497,MODIS/061/MOD11A2,GAUL_L2_polygon_mean (Tumkur),1682,2015_06_18,"{""type"":""MultiPoint"",""coordinates"":[]}"
70,Tumakuru,2015-06-26,15288.842552914246,MODIS/061/MOD11A2,GAUL_L2_polygon_mean (Tumkur),9148,2015_06_26,"{""type"":""MultiPoint"",""coordinates"":[]}"
70,Tumakuru,2015-07-04,15179.901257274116,MODIS/061/MOD11A2,GAUL_L2_polygon_mean (Tumkur),7565,2015_07_04,"{""type"":""MultiPoint"",""coordinates"":[]}"
70,Tumakuru,2015-07-12,15236.58428465529,MODIS/061/MOD11A2,GAUL_L2_polygon_mean (Tumkur),2354,2015_07_12,"{""type"":""MultiPoint"",""coordinates"":[]}"
70,Tumakuru,2015-07-20,15146.941620043088,MODIS/061/MOD11A2,GAUL_L2_polygon_mean (Tumkur),2777,2015_07_20,"{""type"":""MultiPoint"",""coordinates"":[]}"
70,Tumakuru,2015-07-28,15249.309147392081,MODIS/061/MOD11A2,GAUL_L2_polygon_mean (Tumkur),4251,2015_07_28,"{""type"":""MultiPoint"",""coordinates"":[]}"
70,Tumakuru,2015-08-05,15353.958617527247,MODIS/061/MOD11A2,GAUL_L2_polygon_mean (Tumkur),2112,2015_08_05,"{""type"":""MultiPoint"",""coordinates"":[]}"
70,Tumakuru,2015-08-13,15328.311321808744,MODIS/061/MOD11A2,GAUL_L2_polygon_mean (Tumkur),10038,2015_08_13,"{""type"":""MultiPoint"",""coordinates"":[]}"
70,Tumakuru,2015-08-21,15132.920958457415,MODIS/061/MOD11A2,GAUL_L2_polygon_mean (Tumkur),4764,2015_08_21,"{""type"":""MultiPoint"",""coordinates"":[]}"
70,Tumakuru,2015-08-29,15286.46295655817,MODIS/061/MOD11A2,GAUL_L2_polygon_mean (Tumkur),9252,2015_08_29,"{""type"":""MultiPoint"",""coordinates"":[]}"
70,Tumakuru,2015-09-06,15204.514799259536,MODIS/061/MOD11A2,GAUL_L2_polygon_mean (Tumkur),6461,2015_09_06,"{""type"":""MultiPoint"",""coordinates"":[]}"
70,Tumakuru,2015-09-14,15204.293983924388,MODIS/061/MOD11A2,GAUL_L2_polygon_mean (Tumkur),2411,2015_09_14,"{""type"":""MultiPoint"",""coordinates"":[]}"
70,Tumakuru,2015-09-22,15189.782041979339,MODIS/061/MOD11A2,GAUL_L2_polygon_mean (Tumkur),10630,2015_09_22,"{""type"":""MultiPoint"",""coordinates"":[]}"
70,Tumakuru,2015-09-30,15102.557579216897,MODIS/061/MOD11A2,GAUL_L2_polygon_mean (Tumkur),8189,2015_09_30,"{""type"":""MultiPoint"",""coordinates"":[]}"
70,Tumakuru,2015-10-08,15205.826606502615,MODIS/061/MOD11A2,GAUL_L2_polygon_mean (Tumkur),10630,2015_10_08,"{""type"":""MultiPoint"",""coordinates"":[]}"
70,Tumakuru,2015-10-16,15210.656935876423,MODIS/061/MOD11A2,GAUL_L2_polygon_mean (Tumkur),10630,2015_10_16,"{""type"":""MultiPoint"",""coordinates"":[]}"
70,Tumakuru,2015-10-24,15185.896420641786,MODIS/061/MOD11A2,GAUL_L2_polygon_mean (Tumkur),10625,2015_10_24,"{""type"":""MultiPoint"",""coordinates"":[]}"
70,Tumakuru,2015-11-01,15085.733368746032,MODIS/061/MOD11A2,GAUL_L2_polygon_mean (Tumkur),10623,2015_11_01,"{""type"":""MultiPoint"",""coordinates"":[]}"
70,Tumakuru,2015-11-09,14836.319156868734,MODIS/061/MOD11A2,GAUL_L2_polygon_mean (Tumkur),883,2015_11_09,"{""type"":""MultiPoint"",""coordinates"":[]}"
70,Tumakuru,2015-11-17,14912.078310100393,MODIS/061/MOD11A2,GAUL_L2_polygon_mean (Tumkur),164,2015_11_17,"{""type"":""MultiPoint"",""coordinates"":[]}"
70,Tumakuru,2015-11-25,15064.441487436807,MODIS/061/MOD11A2,GAUL_L2_polygon_mean (Tumkur),10630,2015_11_25,"{""type"":""MultiPoint"",""coordinates"":[]}"
70,Tumakuru,2015-12-03,15042.631833425508,MODIS/061/MOD11A2,GAUL_L2_polygon_mean (Tumkur),10630,2015_12_03,"{""type"":""MultiPoint"",""coordinates"":[]}"
70,Tumakuru,2015-12-11,15179.131532593032,MODIS/061/MOD11A2,GAUL_L2_polygon_mean (Tumkur),10630,2015_12_11,"{""type"":""MultiPoint"",""coordinates"":[]}"
70,Tumakuru,2015-12-19,15176.066162119017,MODIS/061/MOD11A2,GAUL_L2_polygon_mean (Tumkur),10630,2015_12_19,"{""type"":""MultiPoint"",""coordinates"":[]}"
70,Tumakuru,2015-12-27,15182.56796656056,MODIS/061/MOD11A2,GAUL_L2_polygon_mean (Tumkur),10630,2015_12_27,"{""type"":""MultiPoint"",""coordinates"":[]}"
70,Tumakuru,2016-01-01,15180.955509255384,MODIS/061/MOD11A2,GAUL_L2_polygon_mean (Tumkur),10630,2016_01_01,"{""type"":""MultiPoint"",""coordinates"":[]}"
70,Tumakuru,2016-01-09,15124.491225319665,MODIS/061/MOD11A2,GAUL_L2_polygon_mean (Tumkur),10630,2016_01_09,"{""type"":""MultiPoint"",""coordinates"":[]}"
70,Tumakuru,2016-01-17,15190.518211339724,MODIS/061/MOD11A2,GAUL_L2_polygon_mean (Tumkur),10630,2016_01_17,"{""type"":""MultiPoint"",""coordinates"":[]}"
70,Tumakuru,2016-01-25,15317.332755769427,MODIS/061/MOD11A2,GAUL_L2_polygon_mean (Tumkur),10630,2016_01_25,"{""type"":""MultiPoint"",""coordinates"":[]}"
70,Tumakuru,2016-02-02,15320.469349947343,MODIS/061/MOD11A2,GAUL_L2_polygon_mean (Tumkur),10630,2016_02_02,"{""type"":""MultiPoint"",""coordinates"":[]}"
70,Tumakuru,2016-02-10,15342.87449623012,MODIS/061/MOD11A2,GAUL_L2_polygon_mean (Tumkur),10630,2016_02_10,"{""type"":""MultiPoint"",""coordinates"":[]}"
70,Tumakuru,2016-02-18,15456.51670261603,MODIS/061/MOD11A2,GAUL_L2_polygon_mean (Tumkur),10277,2016_02_18,"{""type"":""MultiPoint"",""coordinates"":[]}"
70,Tumakuru,2016-02-26,15530.950492515698,MODIS/061/MOD11A2,GAUL_L2_polygon_mean (Tumkur),10619,2016_02_26,"{""type"":""MultiPoint"",""coordinates"":[]}"
70,Tumakuru,2016-03-05,15682.992725424263,MODIS/061/MOD11A2,GAUL_L2_polygon_mean (Tumkur),10630,2016_03_05,"{""type"":""MultiPoint"",""coordinates"":[]}"
70,Tumakuru,2016-03-13,15657.730683179374,MODIS/061/MOD11A2,GAUL_L2_polygon_mean (Tumkur),10630,2016_03_13,"{""type"":""MultiPoint"",""coordinates"":[]}"
70,Tumakuru,2016-03-21,15752.762793127233,MODIS/061/MOD11A2,GAUL_L2_polygon_mean (Tumkur),10630,2016_03_21,"{""type"":""MultiPoint"",""coordinates"":[]}"
70,Tumakuru,2016-03-29,15737.177100875013,MODIS/061/MOD11A2,GAUL_L2_polygon_mean (Tumkur),10630,2016_03_29,"{""type"":""MultiPoint"",""coordinates"":[]}"
70,Tumakuru,2016-04-06,15773.453469091042,MODIS/061/MOD11A2,GAUL_L2_polygon_mean (Tumkur),10630,2016_04_06,"{""type"":""MultiPoint"",""coordinates"":[]}"
70,Tumakuru,2016-04-14,15761.884202550491,MODIS/061/MOD11A2,GAUL_L2_polygon_mean (Tumkur),10630,2016_04_14,"{""type"":""MultiPoint"",""coordinates"":[]}"
70,Tumakuru,2016-04-22,15880.87385361801,MODIS/061/MOD11A2,GAUL_L2_polygon_mean (Tumkur),10630,2016_04_22,"{""type"":""MultiPoint"",""coordinates"":[]}"
70,Tumakuru,2016-04-30,15780.495029802014,MODIS/061/MOD11A2,GAUL_L2_polygon_mean (Tumkur),10629,2016_04_30,"{""type"":""MultiPoint"",""coordinates"":[]}"
70,Tumakuru,2016-05-08,15629.14175025347,MODIS/061/MOD11A2,GAUL_L2_polygon_mean (Tumkur),10629,2016_05_08,"{""type"":""MultiPoint"",""coordinates"":[]}"
70,Tumakuru,2016-05-16,15497.712630095928,MODIS/061/MOD11A2,GAUL_L2_polygon_mean (Tumkur),10596,2016_05_16,"{""type"":""MultiPoint"",""coordinates"":[]}"
70,Tumakuru,2016-05-24,15612.861424496241,MODIS/061/MOD11A2,GAUL_L2_polygon_mean (Tumkur),10630,2016_05_24,"{""type"":""MultiPoint"",""coordinates"":[]}"
70,Tumakuru,2016-06-01,15407.15973762053,MODIS/061/MOD11A2,GAUL_L2_polygon_mean (Tumkur),3388,2016_06_01,"{""type"":""MultiPoint"",""coordinates"":[]}"
70,Tumakuru,2016-06-09,15256.573080142287,MODIS/061/MOD11A2,GAUL_L2_polygon_mean (Tumkur),6521,2016_06_09,"{""type"":""MultiPoint"",""coordinates"":[]}"
70,Tumakuru,2016-06-17,15192.128123211905,MODIS/061/MOD11A2,GAUL_L2_polygon_mean (Tumkur),164,2016_06_17,"{""type"":""MultiPoint"",""coordinates"":[]}"
70,Tumakuru,2016-06-25,15220.718968921583,MODIS/061/MOD11A2,GAUL_L2_polygon_mean (Tumkur),1304,2016_06_25,"{""type"":""MultiPoint"",""coordinates"":[]}"
70,Tumakuru,2016-07-03,15175.618223619962,MODIS/061/MOD11A2,GAUL_L2_polygon_mean (Tumkur),839,2016_07_03,"{""type"":""MultiPoint"",""coordinates"":[]}"
70,Tumakuru,2016-07-11,15172.917932887289,MODIS/061/MOD11A2,GAUL_L2_polygon_mean (Tumkur),1518,2016_07_11,"{""type"":""MultiPoint"",""coordinates"":[]}"
70,Tumakuru,2016-07-19,15088.16172133614,MODIS/061/MOD11A2,GAUL_L2_polygon_mean (Tumkur),1042,2016_07_19,"{""type"":""MultiPoint"",""coordinates"":[]}"
70,Tumakuru,2016-07-27,15092.699069005355,MODIS/061/MOD11A2,GAUL_L2_polygon_mean (Tumkur),519,2016_07_27,"{""type"":""MultiPoint"",""coordinates"":[]}"
70,Tumakuru,2016-08-04,15147.565668704146,MODIS/061/MOD11A2,GAUL_L2_polygon_mean (Tumkur),2793,2016_08_04,"{""type"":""MultiPoint"",""coordinates"":[]}"
70,Tumakuru,2016-08-12,15238.469002425496,MODIS/061/MOD11A2,GAUL_L2_polygon_mean (Tumkur),2662,2016_08_12,"{""type"":""MultiPoint"",""coordinates"":[]}"
70,Tumakuru,2016-08-20,15332.908269915404,MODIS/061/MOD11A2,GAUL_L2_polygon_mean (Tumkur),3121,2016_08_20,"{""type"":""MultiPoint"",""coordinates"":[]}"
70,Tumakuru,2016-08-28,15438.56381848535,MODIS/061/MOD11A2,GAUL_L2_polygon_mean (Tumkur),206,2016_08_28,"{""type"":""MultiPoint"",""coordinates"":[]}"
70,Tumakuru,2016-09-05,15226.515803785316,MODIS/061/MOD11A2,GAUL_L2_polygon_mean (Tumkur),9016,2016_09_05,"{""type"":""MultiPoint"",""coordinates"":[]}"
70,Tumakuru,2016-09-13,15222.928386608513,MODIS/061/MOD11A2,GAUL_L2_polygon_mean (Tumkur),4601,2016_09_13,"{""type"":""MultiPoint"",""coordinates"":[]}"
70,Tumakuru,2016-09-21,14930.250906161902,MODIS/061/MOD11A2,GAUL_L2_polygon_mean (Tumkur),9,2016_09_21,"{""type"":""MultiPoint"",""coordinates"":[]}"
70,Tumakuru,2016-09-29,15409.18402426434,MODIS/061/MOD11A2,GAUL_L2_polygon_mean (Tumkur),10630,2016_09_29,"{""type"":""MultiPoint"",""coordinates"":[]}"
70,Tumakuru,2016-10-07,15387.891802226724,MODIS/061/MOD11A2,GAUL_L2_polygon_mean (Tumkur),10388,2016_10_07,"{""type"":""MultiPoint"",""coordinates"":[]}"
70,Tumakuru,2016-10-15,15461.164660317545,MODIS/061/MOD11A2,GAUL_L2_polygon_mean (Tumkur),10630,2016_10_15,"{""type"":""MultiPoint"",""coordinates"":[]}"
70,Tumakuru,2016-10-23,15401.308277117068,MODIS/061/MOD11A2,GAUL_L2_polygon_mean (Tumkur),10630,2016_10_23,"{""type"":""MultiPoint"",""coordinates"":[]}"
70,Tumakuru,2016-10-31,15420.237821449004,MODIS/061/MOD11A2,GAUL_L2_polygon_mean (Tumkur),10630,2016_10_31,"{""type"":""MultiPoint"",""coordinates"":[]}"
70,Tumakuru,2016-11-08,15411.135014945736,MODIS/061/MOD11A2,GAUL_L2_polygon_mean (Tumkur),10630,2016_11_08,"{""type"":""MultiPoint"",""coordinates"":[]}"
70,Tumakuru,2016-11-16,15377.247147440408,MODIS/061/MOD11A2,GAUL_L2_polygon_mean (Tumkur),10630,2016_11_16,"{""type"":""MultiPoint"",""coordinates"":[]}"
70,Tumakuru,2016-11-24,15342.716796191267,MODIS/061/MOD11A2,GAUL_L2_polygon_mean (Tumkur),10630,2016_11_24,"{""type"":""MultiPoint"",""coordinates"":[]}"
70,Tumakuru,2016-12-02,15186.768240205622,MODIS/061/MOD11A2,GAUL_L2_polygon_mean (Tumkur),10630,2016_12_02,"{""type"":""MultiPoint"",""coordinates"":[]}"
70,Tumakuru,2016-12-10,15119.684854927187,MODIS/061/MOD11A2,GAUL_L2_polygon_mean (Tumkur),8942,2016_12_10,"{""type"":""MultiPoint"",""coordinates"":[]}"
70,Tumakuru,2016-12-18,15308.396462534674,MODIS/061/MOD11A2,GAUL_L2_polygon_mean (Tumkur),10630,2016_12_18,"{""type"":""MultiPoint"",""coordinates"":[]}"
70,Tumakuru,2016-12-26,15304.119552414417,MODIS/061/MOD11A2,GAUL_L2_polygon_mean (Tumkur),10630,2016_12_26,"{""type"":""MultiPoint"",""coordinates"":[]}"
70,Tumakuru,2017-01-01,15360.903556537156,MODIS/061/MOD11A2,GAUL_L2_polygon_mean (Tumkur),10630,2017_01_01,"{""type"":""MultiPoint"",""coordinates"":[]}"
70,Tumakuru,2017-01-09,15274.595567894648,MODIS/061/MOD11A2,GAUL_L2_polygon_mean (Tumkur),10630,2017_01_09,"{""type"":""MultiPoint"",""coordinates"":[]}"
70,Tumakuru,2017-01-17,15363.541771078853,MODIS/061/MOD11A2,GAUL_L2_polygon_mean (Tumkur),10630,2017_01_17,"{""type"":""MultiPoint"",""coordinates"":[]}"
70,Tumakuru,2017-01-25,15384.482085988302,MODIS/061/MOD11A2,GAUL_L2_polygon_mean (Tumkur),10630,2017_01_25,"{""type"":""MultiPoint"",""coordinates"":[]}"
70,Tumakuru,2017-02-02,15509.852508714219,MODIS/061/MOD11A2,GAUL_L2_polygon_mean (Tumkur),10630,2017_02_02,"{""type"":""MultiPoint"",""coordinates"":[]}"
70,Tumakuru,2017-02-10,15476.768067932482,MODIS/061/MOD11A2,GAUL_L2_polygon_mean (Tumkur),10630,2017_02_10,"{""type"":""MultiPoint"",""coordinates"":[]}"
70,Tumakuru,2017-02-18,15609.497808220523,MODIS/061/MOD11A2,GAUL_L2_polygon_mean (Tumkur),10630,2017_02_18,"{""type"":""MultiPoint"",""coordinates"":[]}"
70,Tumakuru,2017-02-26,15592.418430868127,MODIS/061/MOD11A2,GAUL_L2_polygon_mean (Tumkur),10630,2017_02_26,"{""type"":""MultiPoint"",""coordinates"":[]}"
70,Tumakuru,2017-03-06,15734.783505010117,MODIS/061/MOD11A2,GAUL_L2_polygon_mean (Tumkur),10630,2017_03_06,"{""type"":""MultiPoint"",""coordinates"":[]}"
70,Tumakuru,2017-03-14,15640.433273289838,MODIS/061/MOD11A2,GAUL_L2_polygon_mean (Tumkur),10630,2017_03_14,"{""type"":""MultiPoint"",""coordinates"":[]}"
70,Tumakuru,2017-03-22,15786.850188744287,MODIS/061/MOD11A2,GAUL_L2_polygon_mean (Tumkur),10630,2017_03_22,"{""type"":""MultiPoint"",""coordinates"":[]}"
70,Tumakuru,2017-03-30,15722.9502654372,MODIS/061/MOD11A2,GAUL_L2_polygon_mean (Tumkur),10630,2017_03_30,"{""type"":""MultiPoint"",""coordinates"":[]}"
70,Tumakuru,2017-04-07,15713.526505905427,MODIS/061/MOD11A2,GAUL_L2_polygon_mean (Tumkur),10630,2017_04_07,"{""type"":""MultiPoint"",""coordinates"":[]}"
70,Tumakuru,2017-04-15,15623.296738134834,MODIS/061/MOD11A2,GAUL_L2_polygon_mean (Tumkur),10630,2017_04_15,"{""type"":""MultiPoint"",""coordinates"":[]}"
70,Tumakuru,2017-04-23,15767.206976436204,MODIS/061/MOD11A2,GAUL_L2_polygon_mean (Tumkur),10630,2017_04_23,"{""type"":""MultiPoint"",""coordinates"":[]}"
70,Tumakuru,2017-05-01,15712.651199954564,MODIS/061/MOD11A2,GAUL_L2_polygon_mean (Tumkur),10630,2017_05_01,"{""type"":""MultiPoint"",""coordinates"":[]}"
70,Tumakuru,2017-05-09,15539.085856696312,MODIS/061/MOD11A2,GAUL_L2_polygon_mean (Tumkur),10628,2017_05_09,"{""type"":""MultiPoint"",""coordinates"":[]}"
70,Tumakuru,2017-05-17,15463.122058358205,MODIS/061/MOD11A2,GAUL_L2_polygon_mean (Tumkur),10410,2017_05_17,"{""type"":""MultiPoint"",""coordinates"":[]}"
70,Tumakuru,2017-05-25,15300.290037234168,MODIS/061/MOD11A2,GAUL_L2_polygon_mean (Tumkur),10447,2017_05_25,"{""type"":""MultiPoint"",""coordinates"":[]}"
70,Tumakuru,2017-06-02,15568.528911135467,MODIS/061/MOD11A2,GAUL_L2_polygon_mean (Tumkur),5672,2017_06_02,"{""type"":""MultiPoint"",""coordinates"":[]}"
70,Tumakuru,2017-06-10,15266.956264523016,MODIS/061/MOD11A2,GAUL_L2_polygon_mean (Tumkur),312,2017_06_10,"{""type"":""MultiPoint"",""coordinates"":[]}"
70,Tumakuru,2017-06-18,15146.852173936953,MODIS/061/MOD11A2,GAUL_L2_polygon_mean (Tumkur),1426,2017_06_18,"{""type"":""MultiPoint"",""coordinates"":[]}"
70,Tumakuru,2017-06-26,15417.35437831007,MODIS/061/MOD11A2,GAUL_L2_polygon_mean (Tumkur),1067,2017_06_26,"{""type"":""MultiPoint"",""coordinates"":[]}"
70,Tumakuru,2017-07-04,15440.242183043216,MODIS/061/MOD11A2,GAUL_L2_polygon_mean (Tumkur),1890,2017_07_04,"{""type"":""MultiPoint"",""coordinates"":[]}"
70,Tumakuru,2017-07-12,15095.54589544699,MODIS/061/MOD11A2,GAUL_L2_polygon_mean (Tumkur),252,2017_07_12,"{""type"":""MultiPoint"",""coordinates"":[]}"
70,Tumakuru,2017-07-20,15328.80493746463,MODIS/061/MOD11A2,GAUL_L2_polygon_mean (Tumkur),3887,2017_07_20,"{""type"":""MultiPoint"",""coordinates"":[]}"
70,Tumakuru,2017-07-28,15418.632405393346,MODIS/061/MOD11A2,GAUL_L2_polygon_mean (Tumkur),6695,2017_07_28,"{""type"":""MultiPoint"",""coordinates"":[]}"
70,Tumakuru,2017-08-05,15204.813328939199,MODIS/061/MOD11A2,GAUL_L2_polygon_mean (Tumkur),1118,2017_08_05,"{""type"":""MultiPoint"",""coordinates"":[]}"
70,Tumakuru,2017-08-13,15055.1606750911,MODIS/061/MOD11A2,GAUL_L2_polygon_mean (Tumkur),368,2017_08_13,"{""type"":""MultiPoint"",""coordinates"":[]}"
70,Tumakuru,2017-08-21,15456.169491525423,MODIS/061/MOD11A2,GAUL_L2_polygon_mean (Tumkur),0,2017_08_21,"{""type"":""MultiPoint"",""coordinates"":[]}"
70,Tumakuru,2017-08-29,15418.172637022117,MODIS/061/MOD11A2,GAUL_L2_polygon_mean (Tumkur),5175,2017_08_29,"{""type"":""MultiPoint"",""coordinates"":[]}"
70,Tumakuru,2017-09-06,15129.381546759381,MODIS/061/MOD11A2,GAUL_L2_polygon_mean (Tumkur),6731,2017_09_06,"{""type"":""MultiPoint"",""coordinates"":[]}"
70,Tumakuru,2017-09-14,15103.581611974389,MODIS/061/MOD11A2,GAUL_L2_polygon_mean (Tumkur),6906,2017_09_14,"{""type"":""MultiPoint"",""coordinates"":[]}"
70,Tumakuru,2017-09-22,15367.892749261518,MODIS/061/MOD11A2,GAUL_L2_polygon_mean (Tumkur),10593,2017_09_22,"{""type"":""MultiPoint"",""coordinates"":[]}"
70,Tumakuru,2017-09-30,15042.62331539858,MODIS/061/MOD11A2,GAUL_L2_polygon_mean (Tumkur),1218,2017_09_30,"{""type"":""MultiPoint"",""coordinates"":[]}"
70,Tumakuru,2017-10-08,15128.806451950453,MODIS/061/MOD11A2,GAUL_L2_polygon_mean (Tumkur),4122,2017_10_08,"{""type"":""MultiPoint"",""coordinates"":[]}"
70,Tumakuru,2017-10-16,15088.703773889107,MODIS/061/MOD11A2,GAUL_L2_polygon_mean (Tumkur),10630,2017_10_16,"{""type"":""MultiPoint"",""coordinates"":[]}"
70,Tumakuru,2017-10-24,15149.392630471148,MODIS/061/MOD11A2,GAUL_L2_polygon_mean (Tumkur),10630,2017_10_24,"{""type"":""MultiPoint"",""coordinates"":[]}"
70,Tumakuru,2017-11-01,15114.322798256393,MODIS/061/MOD11A2,GAUL_L2_polygon_mean (Tumkur),10119,2017_11_01,"{""type"":""MultiPoint"",""coordinates"":[]}"
70,Tumakuru,2017-11-09,15157.938981360216,MODIS/061/MOD11A2,GAUL_L2_polygon_mean (Tumkur),10630,2017_11_09,"{""type"":""MultiPoint"",""coordinates"":[]}"
70,Tumakuru,2017-11-17,15184.812216387114,MODIS/061/MOD11A2,GAUL_L2_polygon_mean (Tumkur),10625,2017_11_17,"{""type"":""MultiPoint"",""coordinates"":[]}"
70,Tumakuru,2017-11-25,15137.43415543043,MODIS/061/MOD11A2,GAUL_L2_polygon_mean (Tumkur),10611,2017_11_25,"{""type"":""MultiPoint"",""coordinates"":[]}"
70,Tumakuru,2017-12-03,15219.293191594697,MODIS/061/MOD11A2,GAUL_L2_polygon_mean (Tumkur),10630,2017_12_03,"{""type"":""MultiPoint"",""coordinates"":[]}"
70,Tumakuru,2017-12-11,15194.671058587286,MODIS/061/MOD11A2,GAUL_L2_polygon_mean (Tumkur),10630,2017_12_11,"{""type"":""MultiPoint"",""coordinates"":[]}"
70,Tumakuru,2017-12-19,15229.158020238263,MODIS/061/MOD11A2,GAUL_L2_polygon_mean (Tumkur),10630,2017_12_19,"{""type"":""MultiPoint"",""coordinates"":[]}"
70,Tumakuru,2017-12-27,15200.936054929725,MODIS/061/MOD11A2,GAUL_L2_polygon_mean (Tumkur),10630,2017_12_27,"{""type"":""MultiPoint"",""coordinates"":[]}"
70,Tumakuru,2018-01-01,15189.959665576122,MODIS/061/MOD11A2,GAUL_L2_polygon_mean (Tumkur),10630,2018_01_01,"{""type"":""MultiPoint"",""coordinates"":[]}"
70,Tumakuru,2018-01-09,15309.943162027901,MODIS/061/MOD11A2,GAUL_L2_polygon_mean (Tumkur),10630,2018_01_09,"{""type"":""MultiPoint"",""coordinates"":[]}"
70,Tumakuru,2018-01-17,15251.328498003033,MODIS/061/MOD11A2,GAUL_L2_polygon_mean (Tumkur),10630,2018_01_17,"{""type"":""MultiPoint"",""coordinates"":[]}"
70,Tumakuru,2018-01-25,15308.394597041279,MODIS/061/MOD11A2,GAUL_L2_polygon_mean (Tumkur),10630,2018_01_25,"{""type"":""MultiPoint"",""coordinates"":[]}"
70,Tumakuru,2018-02-02,15382.987993629955,MODIS/061/MOD11A2,GAUL_L2_polygon_mean (Tumkur),10630,2018_02_02,"{""type"":""MultiPoint"",""coordinates"":[]}"
70,Tumakuru,2018-02-10,15427.586481315016,MODIS/061/MOD11A2,GAUL_L2_polygon_mean (Tumkur),10630,2018_02_10,"{""type"":""MultiPoint"",""coordinates"":[]}"
70,Tumakuru,2018-02-18,15537.812530272318,MODIS/061/MOD11A2,GAUL_L2_polygon_mean (Tumkur),10630,2018_02_18,"{""type"":""MultiPoint"",""coordinates"":[]}"
70,Tumakuru,2018-02-26,15679.669702904423,MODIS/061/MOD11A2,GAUL_L2_polygon_mean (Tumkur),10630,2018_02_26,"{""type"":""MultiPoint"",""coordinates"":[]}"
70,Tumakuru,2018-03-06,15627.138331665346,MODIS/061/MOD11A2,GAUL_L2_polygon_mean (Tumkur),10630,2018_03_06,"{""type"":""MultiPoint"",""coordinates"":[]}"
70,Tumakuru,2018-03-14,15527.41302363022,MODIS/061/MOD11A2,GAUL_L2_polygon_mean (Tumkur),10630,2018_03_14,"{""type"":""MultiPoint"",""coordinates"":[]}"
70,Tumakuru,2018-03-22,15580.748279389465,MODIS/061/MOD11A2,GAUL_L2_polygon_mean (Tumkur),10630,2018_03_22,"{""type"":""MultiPoint"",""coordinates"":[]}"
70,Tumakuru,2018-03-30,15557.695972902598,MODIS/061/MOD11A2,GAUL_L2_polygon_mean (Tumkur),10630,2018_03_30,"{""type"":""MultiPoint"",""coordinates"":[]}"
70,Tumakuru,2018-04-07,15630.045130036762,MODIS/061/MOD11A2,GAUL_L2_polygon_mean (Tumkur),10630,2018_04_07,"{""type"":""MultiPoint"",""coordinates"":[]}"
70,Tumakuru,2018-04-15,15636.040063656239,MODIS/061/MOD11A2,GAUL_L2_polygon_mean (Tumkur),10630,2018_04_15,"{""type"":""MultiPoint"",""coordinates"":[]}"
70,Tumakuru,2018-04-23,15579.721887287636,MODIS/061/MOD11A2,GAUL_L2_polygon_mean (Tumkur),10630,2018_04_23,"{""type"":""MultiPoint"",""coordinates"":[]}"
70,Tumakuru,2018-05-01,15470.976342023467,MODIS/061/MOD11A2,GAUL_L2_polygon_mean (Tumkur),10491,2018_05_01,"{""type"":""MultiPoint"",""coordinates"":[]}"
70,Tumakuru,2018-05-09,15455.095677065028,MODIS/061/MOD11A2,GAUL_L2_polygon_mean (Tumkur),10535,2018_05_09,"{""type"":""MultiPoint"",""coordinates"":[]}"
70,Tumakuru,2018-05-17,15307.571035673687,MODIS/061/MOD11A2,GAUL_L2_polygon_mean (Tumkur),10628,2018_05_17,"{""type"":""MultiPoint"",""coordinates"":[]}"
70,Tumakuru,2018-05-25,15345.348991941912,MODIS/061/MOD11A2,GAUL_L2_polygon_mean (Tumkur),5413,2018_05_25,"{""type"":""MultiPoint"",""coordinates"":[]}"
70,Tumakuru,2018-06-02,15210.970298060307,MODIS/061/MOD11A2,GAUL_L2_polygon_mean (Tumkur),5161,2018_06_02,"{""type"":""MultiPoint"",""coordinates"":[]}"
70,Tumakuru,2018-06-10,15354.547106340144,MODIS/061/MOD11A2,GAUL_L2_polygon_mean (Tumkur),9505,2018_06_10,"{""type"":""MultiPoint"",""coordinates"":[]}"
70,Tumakuru,2018-06-18,15240.782091966019,MODIS/061/MOD11A2,GAUL_L2_polygon_mean (Tumkur),4427,2018_06_18,"{""type"":""MultiPoint"",""coordinates"":[]}"
70,Tumakuru,2018-06-26,15468.16404644524,MODIS/061/MOD11A2,GAUL_L2_polygon_mean (Tumkur),2711,2018_06_26,"{""type"":""MultiPoint"",""coordinates"":[]}"
70,Tumakuru,2018-07-04,15051.708834758925,MODIS/061/MOD11A2,GAUL_L2_polygon_mean (Tumkur),1825,2018_07_04,"{""type"":""MultiPoint"",""coordinates"":[]}"
70,Tumakuru,2018-07-12,15032.166976127324,MODIS/061/MOD11A2,GAUL_L2_polygon_mean (Tumkur),325,2018_07_12,"{""type"":""MultiPoint"",""coordinates"":[]}"
70,Tumakuru,2018-07-20,15191.013725074961,MODIS/061/MOD11A2,GAUL_L2_polygon_mean (Tumkur),1277,2018_07_20,"{""type"":""MultiPoint"",""coordinates"":[]}"
70,Tumakuru,2018-07-28,15198.386905493659,MODIS/061/MOD11A2,GAUL_L2_polygon_mean (Tumkur),2041,2018_07_28,"{""type"":""MultiPoint"",""coordinates"":[]}"
70,Tumakuru,2018-08-05,15209.067182222778,MODIS/061/MOD11A2,GAUL_L2_polygon_mean (Tumkur),621,2018_08_05,"{""type"":""MultiPoint"",""coordinates"":[]}"
70,Tumakuru,2018-08-13,15079.450717709253,MODIS/061/MOD11A2,GAUL_L2_polygon_mean (Tumkur),634,2018_08_13,"{""type"":""MultiPoint"",""coordinates"":[]}"
70,Tumakuru,2018-08-21,15228.305475473748,MODIS/061/MOD11A2,GAUL_L2_polygon_mean (Tumkur),1847,2018_08_21,"{""type"":""MultiPoint"",""coordinates"":[]}"
70,Tumakuru,2018-08-29,15419.165028515486,MODIS/061/MOD11A2,GAUL_L2_polygon_mean (Tumkur),10521,2018_08_29,"{""type"":""MultiPoint"",""coordinates"":[]}"
70,Tumakuru,2018-09-06,15383.164690615138,MODIS/061/MOD11A2,GAUL_L2_polygon_mean (Tumkur),7337,2018_09_06,"{""type"":""MultiPoint"",""coordinates"":[]}"
70,Tumakuru,2018-09-14,15428.11443940405,MODIS/061/MOD11A2,GAUL_L2_polygon_mean (Tumkur),10441,2018_09_14,"{""type"":""MultiPoint"",""coordinates"":[]}"
70,Tumakuru,2018-09-22,15286.152818391616,MODIS/061/MOD11A2,GAUL_L2_polygon_mean (Tumkur),9666,2018_09_22,"{""type"":""MultiPoint"",""coordinates"":[]}"
70,Tumakuru,2018-09-30,15168.487073037888,MODIS/061/MOD11A2,GAUL_L2_polygon_mean (Tumkur),10605,2018_09_30,"{""type"":""MultiPoint"",""coordinates"":[]}"
70,Tumakuru,2018-10-08,15313.09163825883,MODIS/061/MOD11A2,GAUL_L2_polygon_mean (Tumkur),10630,2018_10_08,"{""type"":""MultiPoint"",""coordinates"":[]}"
70,Tumakuru,2018-10-16,15194.683835944323,MODIS/061/MOD11A2,GAUL_L2_polygon_mean (Tumkur),10630,2018_10_16,"{""type"":""MultiPoint"",""coordinates"":[]}"
70,Tumakuru,2018-10-24,15261.277615075369,MODIS/061/MOD11A2,GAUL_L2_polygon_mean (Tumkur),10630,2018_10_24,"{""type"":""MultiPoint"",""coordinates"":[]}"
70,Tumakuru,2018-11-01,15204.988947956928,MODIS/061/MOD11A2,GAUL_L2_polygon_mean (Tumkur),10630,2018_11_01,"{""type"":""MultiPoint"",""coordinates"":[]}"
70,Tumakuru,2018-11-09,15302.389231488312,MODIS/061/MOD11A2,GAUL_L2_polygon_mean (Tumkur),10630,2018_11_09,"{""type"":""MultiPoint"",""coordinates"":[]}"
70,Tumakuru,2018-11-17,15226.29714011891,MODIS/061/MOD11A2,GAUL_L2_polygon_mean (Tumkur),10213,2018_11_17,"{""type"":""MultiPoint"",""coordinates"":[]}"
70,Tumakuru,2018-11-25,15170.650535946648,MODIS/061/MOD11A2,GAUL_L2_polygon_mean (Tumkur),10630,2018_11_25,"{""type"":""MultiPoint"",""coordinates"":[]}"
70,Tumakuru,2018-12-03,15195.666949484903,MODIS/061/MOD11A2,GAUL_L2_polygon_mean (Tumkur),10630,2018_12_03,"{""type"":""MultiPoint"",""coordinates"":[]}"
70,Tumakuru,2018-12-11,15183.220720662594,MODIS/061/MOD11A2,GAUL_L2_polygon_mean (Tumkur),10630,2018_12_11,"{""type"":""MultiPoint"",""coordinates"":[]}"
70,Tumakuru,2018-12-19,15271.623805938527,MODIS/061/MOD11A2,GAUL_L2_polygon_mean (Tumkur),10630,2018_12_19,"{""type"":""MultiPoint"",""coordinates"":[]}"
70,Tumakuru,2018-12-27,15180.591139699542,MODIS/061/MOD11A2,GAUL_L2_polygon_mean (Tumkur),10630,2018_12_27,"{""type"":""MultiPoint"",""coordinates"":[]}"
70,Tumakuru,2019-01-01,15293.801797690807,MODIS/061/MOD11A2,GAUL_L2_polygon_mean (Tumkur),10630,2019_01_01,"{""type"":""MultiPoint"",""coordinates"":[]}"
70,Tumakuru,2019-01-09,15326.633366914964,MODIS/061/MOD11A2,GAUL_L2_polygon_mean (Tumkur),10630,2019_01_09,"{""type"":""MultiPoint"",""coordinates"":[]}"
70,Tumakuru,2019-01-17,15319.99270513512,MODIS/061/MOD11A2,GAUL_L2_polygon_mean (Tumkur),10630,2019_01_17,"{""type"":""MultiPoint"",""coordinates"":[]}"
70,Tumakuru,2019-01-25,15216.078339655569,MODIS/061/MOD11A2,GAUL_L2_polygon_mean (Tumkur),10630,2019_01_25,"{""type"":""MultiPoint"",""coordinates"":[]}"
70,Tumakuru,2019-02-02,15363.537136303494,MODIS/061/MOD11A2,GAUL_L2_polygon_mean (Tumkur),10630,2019_02_02,"{""type"":""MultiPoint"",""coordinates"":[]}"
70,Tumakuru,2019-02-10,15377.986526910247,MODIS/061/MOD11A2,GAUL_L2_polygon_mean (Tumkur),10630,2019_02_10,"{""type"":""MultiPoint"",""coordinates"":[]}"
70,Tumakuru,2019-02-18,15629.028189718894,MODIS/061/MOD11A2,GAUL_L2_polygon_mean (Tumkur),10630,2019_02_18,"{""type"":""MultiPoint"",""coordinates"":[]}"
70,Tumakuru,2019-02-26,15589.678080102229,MODIS/061/MOD11A2,GAUL_L2_polygon_mean (Tumkur),10630,2019_02_26,"{""type"":""MultiPoint"",""coordinates"":[]}"
70,Tumakuru,2019-03-06,15669.344740743656,MODIS/061/MOD11A2,GAUL_L2_polygon_mean (Tumkur),10630,2019_03_06,"{""type"":""MultiPoint"",""coordinates"":[]}"
70,Tumakuru,2019-03-14,15795.899344882406,MODIS/061/MOD11A2,GAUL_L2_polygon_mean (Tumkur),10630,2019_03_14,"{""type"":""MultiPoint"",""coordinates"":[]}"
70,Tumakuru,2019-03-22,15754.664719893815,MODIS/061/MOD11A2,GAUL_L2_polygon_mean (Tumkur),10630,2019_03_22,"{""type"":""MultiPoint"",""coordinates"":[]}"
70,Tumakuru,2019-03-30,15829.445284455489,MODIS/061/MOD11A2,GAUL_L2_polygon_mean (Tumkur),10630,2019_03_30,"{""type"":""MultiPoint"",""coordinates"":[]}"
70,Tumakuru,2019-04-07,15776.795988728096,MODIS/061/MOD11A2,GAUL_L2_polygon_mean (Tumkur),10630,2019_04_07,"{""type"":""MultiPoint"",""coordinates"":[]}"
70,Tumakuru,2019-04-15,15785.66358370245,MODIS/061/MOD11A2,GAUL_L2_polygon_mean (Tumkur),10630,2019_04_15,"{""type"":""MultiPoint"",""coordinates"":[]}"
70,Tumakuru,2019-04-23,15720.922311810029,MODIS/061/MOD11A2,GAUL_L2_polygon_mean (Tumkur),10630,2019_04_23,"{""type"":""MultiPoint"",""coordinates"":[]}"
70,Tumakuru,2019-05-01,15518.310067725128,MODIS/061/MOD11A2,GAUL_L2_polygon_mean (Tumkur),10630,2019_05_01,"{""type"":""MultiPoint"",""coordinates"":[]}"
70,Tumakuru,2019-05-09,15604.785465678016,MODIS/061/MOD11A2,GAUL_L2_polygon_mean (Tumkur),10630,2019_05_09,"{""type"":""MultiPoint"",""coordinates"":[]}"
70,Tumakuru,2019-05-17,15646.043098541379,MODIS/061/MOD11A2,GAUL_L2_polygon_mean (Tumkur),10630,2019_05_17,"{""type"":""MultiPoint"",""coordinates"":[]}"
70,Tumakuru,2019-05-25,15436.117015994261,MODIS/061/MOD11A2,GAUL_L2_polygon_mean (Tumkur),10590,2019_05_25,"{""type"":""MultiPoint"",""coordinates"":[]}"
70,Tumakuru,2019-06-02,15426.136369987194,MODIS/061/MOD11A2,GAUL_L2_polygon_mean (Tumkur),10609,2019_06_02,"{""type"":""MultiPoint"",""coordinates"":[]}"
70,Tumakuru,2019-06-10,15388.783245255781,MODIS/061/MOD11A2,GAUL_L2_polygon_mean (Tumkur),8408,2019_06_10,"{""type"":""MultiPoint"",""coordinates"":[]}"
70,Tumakuru,2019-06-18,15374.851040027803,MODIS/061/MOD11A2,GAUL_L2_polygon_mean (Tumkur),6495,2019_06_18,"{""type"":""MultiPoint"",""coordinates"":[]}"
70,Tumakuru,2019-06-26,15320.886249313586,MODIS/061/MOD11A2,GAUL_L2_polygon_mean (Tumkur),3834,2019_06_26,"{""type"":""MultiPoint"",""coordinates"":[]}"
70,Tumakuru,2019-07-04,15355.720337485682,MODIS/061/MOD11A2,GAUL_L2_polygon_mean (Tumkur),3484,2019_07_04,"{""type"":""MultiPoint"",""coordinates"":[]}"
70,Tumakuru,2019-07-12,15471.850213688183,MODIS/061/MOD11A2,GAUL_L2_polygon_mean (Tumkur),2261,2019_07_12,"{""type"":""MultiPoint"",""coordinates"":[]}"
70,Tumakuru,2019-07-20,15253.808797653961,MODIS/061/MOD11A2,GAUL_L2_polygon_mean (Tumkur),120,2019_07_20,"{""type"":""MultiPoint"",""coordinates"":[]}"
70,Tumakuru,2019-07-28,15303.698704134364,MODIS/061/MOD11A2,GAUL_L2_polygon_mean (Tumkur),1932,2019_07_28,"{""type"":""MultiPoint"",""coordinates"":[]}"
70,Tumakuru,2019-08-13,15166.1958959726,MODIS/061/MOD11A2,GAUL_L2_polygon_mean (Tumkur),4241,2019_08_13,"{""type"":""MultiPoint"",""coordinates"":[]}"
70,Tumakuru,2019-08-21,15212.66726009469,MODIS/061/MOD11A2,GAUL_L2_polygon_mean (Tumkur),2354,2019_08_21,"{""type"":""MultiPoint"",""coordinates"":[]}"
70,Tumakuru,2019-08-29,15113.982519280205,MODIS/061/MOD11A2,GAUL_L2_polygon_mean (Tumkur),76,2019_08_29,"{""type"":""MultiPoint"",""coordinates"":[]}"
70,Tumakuru,2019-09-06,15153.234412656453,MODIS/061/MOD11A2,GAUL_L2_polygon_mean (Tumkur),403,2019_09_06,"{""type"":""MultiPoint"",""coordinates"":[]}"
70,Tumakuru,2019-09-14,15217.264300581412,MODIS/061/MOD11A2,GAUL_L2_polygon_mean (Tumkur),2443,2019_09_14,"{""type"":""MultiPoint"",""coordinates"":[]}"
70,Tumakuru,2019-09-22,15134.828897481784,MODIS/061/MOD11A2,GAUL_L2_polygon_mean (Tumkur),10296,2019_09_22,"{""type"":""MultiPoint"",""coordinates"":[]}"
70,Tumakuru,2019-09-30,15125.64412776798,MODIS/061/MOD11A2,GAUL_L2_polygon_mean (Tumkur),9964,2019_09_30,"{""type"":""MultiPoint"",""coordinates"":[]}"
70,Tumakuru,2019-10-08,15085.406381394656,MODIS/061/MOD11A2,GAUL_L2_polygon_mean (Tumkur),10429,2019_10_08,"{""type"":""MultiPoint"",""coordinates"":[]}"
70,Tumakuru,2019-10-16,14975.949335354477,MODIS/061/MOD11A2,GAUL_L2_polygon_mean (Tumkur),403,2019_10_16,"{""type"":""MultiPoint"",""coordinates"":[]}"
70,Tumakuru,2019-10-24,14958.61565458757,MODIS/061/MOD11A2,GAUL_L2_polygon_mean (Tumkur),2302,2019_10_24,"{""type"":""MultiPoint"",""coordinates"":[]}"
70,Tumakuru,2019-11-01,15107.772435629042,MODIS/061/MOD11A2,GAUL_L2_polygon_mean (Tumkur),10630,2019_11_01,"{""type"":""MultiPoint"",""coordinates"":[]}"
70,Tumakuru,2019-11-09,15073.44880111524,MODIS/061/MOD11A2,GAUL_L2_polygon_mean (Tumkur),10630,2019_11_09,"{""type"":""MultiPoint"",""coordinates"":[]}"
70,Tumakuru,2019-11-17,15097.63496606736,MODIS/061/MOD11A2,GAUL_L2_polygon_mean (Tumkur),10630,2019_11_17,"{""type"":""MultiPoint"",""coordinates"":[]}"
70,Tumakuru,2019-11-25,15117.58890863288,MODIS/061/MOD11A2,GAUL_L2_polygon_mean (Tumkur),10630,2019_11_25,"{""type"":""MultiPoint"",""coordinates"":[]}"
70,Tumakuru,2019-12-03,15083.092447610692,MODIS/061/MOD11A2,GAUL_L2_polygon_mean (Tumkur),10630,2019_12_03,"{""type"":""MultiPoint"",""coordinates"":[]}"
70,Tumakuru,2019-12-11,15114.408978346335,MODIS/061/MOD11A2,GAUL_L2_polygon_mean (Tumkur),10630,2019_12_11,"{""type"":""MultiPoint"",""coordinates"":[]}"
70,Tumakuru,2019-12-19,15111.202708296682,MODIS/061/MOD11A2,GAUL_L2_polygon_mean (Tumkur),10553,2019_12_19,"{""type"":""MultiPoint"",""coordinates"":[]}"
70,Tumakuru,2019-12-27,15173.062353664649,MODIS/061/MOD11A2,GAUL_L2_polygon_mean (Tumkur),10630,2019_12_27,"{""type"":""MultiPoint"",""coordinates"":[]}"
70,Tumakuru,2020-01-01,15183.407992294558,MODIS/061/MOD11A2,GAUL_L2_polygon_mean (Tumkur),10630,2020_01_01,"{""type"":""MultiPoint"",""coordinates"":[]}"
70,Tumakuru,2020-01-09,15186.448547316664,MODIS/061/MOD11A2,GAUL_L2_polygon_mean (Tumkur),10630,2020_01_09,"{""type"":""MultiPoint"",""coordinates"":[]}"
70,Tumakuru,2020-01-17,15341.679111527912,MODIS/061/MOD11A2,GAUL_L2_polygon_mean (Tumkur),10630,2020_01_17,"{""type"":""MultiPoint"",""coordinates"":[]}"
70,Tumakuru,2020-01-25,15317.639642896573,MODIS/061/MOD11A2,GAUL_L2_polygon_mean (Tumkur),10630,2020_01_25,"{""type"":""MultiPoint"",""coordinates"":[]}"
70,Tumakuru,2020-02-02,15321.633873036539,MODIS/061/MOD11A2,GAUL_L2_polygon_mean (Tumkur),10630,2020_02_02,"{""type"":""MultiPoint"",""coordinates"":[]}"
70,Tumakuru,2020-02-10,15444.974209932028,MODIS/061/MOD11A2,GAUL_L2_polygon_mean (Tumkur),10630,2020_02_10,"{""type"":""MultiPoint"",""coordinates"":[]}"
70,Tumakuru,2020-02-18,15524.044767414644,MODIS/061/MOD11A2,GAUL_L2_polygon_mean (Tumkur),10630,2020_02_18,"{""type"":""MultiPoint"",""coordinates"":[]}"
70,Tumakuru,2020-02-26,15405.064891650543,MODIS/061/MOD11A2,GAUL_L2_polygon_mean (Tumkur),10630,2020_02_26,"{""type"":""MultiPoint"",""coordinates"":[]}"
70,Tumakuru,2020-03-05,15515.051558371284,MODIS/061/MOD11A2,GAUL_L2_polygon_mean (Tumkur),10630,2020_03_05,"{""type"":""MultiPoint"",""coordinates"":[]}"
70,Tumakuru,2020-03-13,15722.433177746474,MODIS/061/MOD11A2,GAUL_L2_polygon_mean (Tumkur),10630,2020_03_13,"{""type"":""MultiPoint"",""coordinates"":[]}"
70,Tumakuru,2020-03-21,15695.221610433204,MODIS/061/MOD11A2,GAUL_L2_polygon_mean (Tumkur),10630,2020_03_21,"{""type"":""MultiPoint"",""coordinates"":[]}"
70,Tumakuru,2020-03-29,15817.096178597516,MODIS/061/MOD11A2,GAUL_L2_polygon_mean (Tumkur),10630,2020_03_29,"{""type"":""MultiPoint"",""coordinates"":[]}"
70,Tumakuru,2020-04-06,15655.921296615688,MODIS/061/MOD11A2,GAUL_L2_polygon_mean (Tumkur),10630,2020_04_06,"{""type"":""MultiPoint"",""coordinates"":[]}"
70,Tumakuru,2020-04-14,15751.11487890526,MODIS/061/MOD11A2,GAUL_L2_polygon_mean (Tumkur),10630,2020_04_14,"{""type"":""MultiPoint"",""coordinates"":[]}"
70,Tumakuru,2020-04-22,15665.015306982667,MODIS/061/MOD11A2,GAUL_L2_polygon_mean (Tumkur),10629,2020_04_22,"{""type"":""MultiPoint"",""coordinates"":[]}"
70,Tumakuru,2020-04-30,15472.231677900114,MODIS/061/MOD11A2,GAUL_L2_polygon_mean (Tumkur),10630,2020_04_30,"{""type"":""MultiPoint"",""coordinates"":[]}"
70,Tumakuru,2020-05-08,15605.712001907445,MODIS/061/MOD11A2,GAUL_L2_polygon_mean (Tumkur),10625,2020_05_08,"{""type"":""MultiPoint"",""coordinates"":[]}"
70,Tumakuru,2020-05-16,15518.014003558368,MODIS/061/MOD11A2,GAUL_L2_polygon_mean (Tumkur),10630,2020_05_16,"{""type"":""MultiPoint"",""coordinates"":[]}"
70,Tumakuru,2020-05-24,15486.53593297359,MODIS/061/MOD11A2,GAUL_L2_polygon_mean (Tumkur),10630,2020_05_24,"{""type"":""MultiPoint"",""coordinates"":[]}"
70,Tumakuru,2020-06-01,15387.488379607532,MODIS/061/MOD11A2,GAUL_L2_polygon_mean (Tumkur),7803,2020_06_01,"{""type"":""MultiPoint"",""coordinates"":[]}"
70,Tumakuru,2020-06-09,15260.755140003916,MODIS/061/MOD11A2,GAUL_L2_polygon_mean (Tumkur),40,2020_06_09,"{""type"":""MultiPoint"",""coordinates"":[]}"
70,Tumakuru,2020-06-17,15436.043536705987,MODIS/061/MOD11A2,GAUL_L2_polygon_mean (Tumkur),5245,2020_06_17,"{""type"":""MultiPoint"",""coordinates"":[]}"
70,Tumakuru,2020-06-25,15235.301585079207,MODIS/061/MOD11A2,GAUL_L2_polygon_mean (Tumkur),8850,2020_06_25,"{""type"":""MultiPoint"",""coordinates"":[]}"
70,Tumakuru,2020-07-03,15245.714117438576,MODIS/061/MOD11A2,GAUL_L2_polygon_mean (Tumkur),752,2020_07_03,"{""type"":""MultiPoint"",""coordinates"":[]}"
70,Tumakuru,2020-07-11,15236.365131670807,MODIS/061/MOD11A2,GAUL_L2_polygon_mean (Tumkur),982,2020_07_11,"{""type"":""MultiPoint"",""coordinates"":[]}"
70,Tumakuru,2020-07-19,15130.525541153407,MODIS/061/MOD11A2,GAUL_L2_polygon_mean (Tumkur),1706,2020_07_19,"{""type"":""MultiPoint"",""coordinates"":[]}"
70,Tumakuru,2020-07-27,15037.92351931482,MODIS/061/MOD11A2,GAUL_L2_polygon_mean (Tumkur),2216,2020_07_27,"{""type"":""MultiPoint"",""coordinates"":[]}"
70,Tumakuru,2020-08-20,15236.318736301748,MODIS/061/MOD11A2,GAUL_L2_polygon_mean (Tumkur),5983,2020_08_20,"{""type"":""MultiPoint"",""coordinates"":[]}"
70,Tumakuru,2020-08-28,15266.45056591167,MODIS/061/MOD11A2,GAUL_L2_polygon_mean (Tumkur),8686,2020_08_28,"{""type"":""MultiPoint"",""coordinates"":[]}"
70,Tumakuru,2020-09-05,15162.998956103333,MODIS/061/MOD11A2,GAUL_L2_polygon_mean (Tumkur),8437,2020_09_05,"{""type"":""MultiPoint"",""coordinates"":[]}"
70,Tumakuru,2020-09-13,15108.482322583033,MODIS/061/MOD11A2,GAUL_L2_polygon_mean (Tumkur),1692,2020_09_13,"{""type"":""MultiPoint"",""coordinates"":[]}"
70,Tumakuru,2020-09-21,15100.97827653107,MODIS/061/MOD11A2,GAUL_L2_polygon_mean (Tumkur),7021,2020_09_21,"{""type"":""MultiPoint"",""coordinates"":[]}"
70,Tumakuru,2020-09-29,15135.123043878913,MODIS/061/MOD11A2,GAUL_L2_polygon_mean (Tumkur),8400,2020_09_29,"{""type"":""MultiPoint"",""coordinates"":[]}"
70,Tumakuru,2020-10-07,15239.581625310337,MODIS/061/MOD11A2,GAUL_L2_polygon_mean (Tumkur),10610,2020_10_07,"{""type"":""MultiPoint"",""coordinates"":[]}"
70,Tumakuru,2020-10-15,15074.627524283474,MODIS/061/MOD11A2,GAUL_L2_polygon_mean (Tumkur),3566,2020_10_15,"{""type"":""MultiPoint"",""coordinates"":[]}"
70,Tumakuru,2020-10-23,15139.258378396713,MODIS/061/MOD11A2,GAUL_L2_polygon_mean (Tumkur),10630,2020_10_23,"{""type"":""MultiPoint"",""coordinates"":[]}"
70,Tumakuru,2020-10-31,15128.487119906196,MODIS/061/MOD11A2,GAUL_L2_polygon_mean (Tumkur),10630,2020_10_31,"{""type"":""MultiPoint"",""coordinates"":[]}"
70,Tumakuru,2020-11-08,15146.906911990574,MODIS/061/MOD11A2,GAUL_L2_polygon_mean (Tumkur),10630,2020_11_08,"{""type"":""MultiPoint"",""coordinates"":[]}"
70,Tumakuru,2020-11-16,15101.825615655247,MODIS/061/MOD11A2,GAUL_L2_polygon_mean (Tumkur),10630,2020_11_16,"{""type"":""MultiPoint"",""coordinates"":[]}"
70,Tumakuru,2020-11-24,15015.186202261671,MODIS/061/MOD11A2,GAUL_L2_polygon_mean (Tumkur),10567,2020_11_24,"{""type"":""MultiPoint"",""coordinates"":[]}"
70,Tumakuru,2020-12-02,14974.952525632258,MODIS/061/MOD11A2,GAUL_L2_polygon_mean (Tumkur),4579,2020_12_02,"{""type"":""MultiPoint"",""coordinates"":[]}"
70,Tumakuru,2020-12-10,15138.449825900849,MODIS/061/MOD11A2,GAUL_L2_polygon_mean (Tumkur),10630,2020_12_10,"{""type"":""MultiPoint"",""coordinates"":[]}"
70,Tumakuru,2020-12-18,15115.035081383428,MODIS/061/MOD11A2,GAUL_L2_polygon_mean (Tumkur),10630,2020_12_18,"{""type"":""MultiPoint"",""coordinates"":[]}"
70,Tumakuru,2020-12-26,15188.382382984286,MODIS/061/MOD11A2,GAUL_L2_polygon_mean (Tumkur),10630,2020_12_26,"{""type"":""MultiPoint"",""coordinates"":[]}"
70,Tumakuru,2021-01-01,15123.656610591173,MODIS/061/MOD11A2,GAUL_L2_polygon_mean (Tumkur),10015,2021_01_01,"{""type"":""MultiPoint"",""coordinates"":[]}"
70,Tumakuru,2021-01-09,15165.23452049753,MODIS/061/MOD11A2,GAUL_L2_polygon_mean (Tumkur),10608,2021_01_09,"{""type"":""MultiPoint"",""coordinates"":[]}"
70,Tumakuru,2021-01-17,15247.210300533688,MODIS/061/MOD11A2,GAUL_L2_polygon_mean (Tumkur),10630,2021_01_17,"{""type"":""MultiPoint"",""coordinates"":[]}"
70,Tumakuru,2021-01-25,15319.95215195749,MODIS/061/MOD11A2,GAUL_L2_polygon_mean (Tumkur),10630,2021_01_25,"{""type"":""MultiPoint"",""coordinates"":[]}"
70,Tumakuru,2021-02-02,15341.940659824704,MODIS/061/MOD11A2,GAUL_L2_polygon_mean (Tumkur),10630,2021_02_02,"{""type"":""MultiPoint"",""coordinates"":[]}"
70,Tumakuru,2021-02-10,15403.805995327619,MODIS/061/MOD11A2,GAUL_L2_polygon_mean (Tumkur),10630,2021_02_10,"{""type"":""MultiPoint"",""coordinates"":[]}"
70,Tumakuru,2021-02-18,15323.409026671392,MODIS/061/MOD11A2,GAUL_L2_polygon_mean (Tumkur),10630,2021_02_18,"{""type"":""MultiPoint"",""coordinates"":[]}"
70,Tumakuru,2021-02-26,15534.024470167802,MODIS/061/MOD11A2,GAUL_L2_polygon_mean (Tumkur),10630,2021_02_26,"{""type"":""MultiPoint"",""coordinates"":[]}"
70,Tumakuru,2021-03-06,15688.12247109813,MODIS/061/MOD11A2,GAUL_L2_polygon_mean (Tumkur),10630,2021_03_06,"{""type"":""MultiPoint"",""coordinates"":[]}"
70,Tumakuru,2021-03-14,15644.055462000115,MODIS/061/MOD11A2,GAUL_L2_polygon_mean (Tumkur),10630,2021_03_14,"{""type"":""MultiPoint"",""coordinates"":[]}"
70,Tumakuru,2021-03-22,15684.599878781693,MODIS/061/MOD11A2,GAUL_L2_polygon_mean (Tumkur),10630,2021_03_22,"{""type"":""MultiPoint"",""coordinates"":[]}"
70,Tumakuru,2021-03-30,15622.24605662291,MODIS/061/MOD11A2,GAUL_L2_polygon_mean (Tumkur),10630,2021_03_30,"{""type"":""MultiPoint"",""coordinates"":[]}"
70,Tumakuru,2021-04-07,15762.751884952542,MODIS/061/MOD11A2,GAUL_L2_polygon_mean (Tumkur),10630,2021_04_07,"{""type"":""MultiPoint"",""coordinates"":[]}"
70,Tumakuru,2021-04-15,15442.789153763502,MODIS/061/MOD11A2,GAUL_L2_polygon_mean (Tumkur),10627,2021_04_15,"{""type"":""MultiPoint"",""coordinates"":[]}"
70,Tumakuru,2021-04-23,15438.996737876596,MODIS/061/MOD11A2,GAUL_L2_polygon_mean (Tumkur),10630,2021_04_23,"{""type"":""MultiPoint"",""coordinates"":[]}"
70,Tumakuru,2021-05-01,15342.729103235572,MODIS/061/MOD11A2,GAUL_L2_polygon_mean (Tumkur),10602,2021_05_01,"{""type"":""MultiPoint"",""coordinates"":[]}"
70,Tumakuru,2021-05-09,15406.64937167116,MODIS/061/MOD11A2,GAUL_L2_polygon_mean (Tumkur),7599,2021_05_09,"{""type"":""MultiPoint"",""coordinates"":[]}"
70,Tumakuru,2021-05-17,15419.49974957611,MODIS/061/MOD11A2,GAUL_L2_polygon_mean (Tumkur),10601,2021_05_17,"{""type"":""MultiPoint"",""coordinates"":[]}"
70,Tumakuru,2021-05-25,15439.323123965509,MODIS/061/MOD11A2,GAUL_L2_polygon_mean (Tumkur),10630,2021_05_25,"{""type"":""MultiPoint"",""coordinates"":[]}"
70,Tumakuru,2021-06-02,15279.22773590636,MODIS/061/MOD11A2,GAUL_L2_polygon_mean (Tumkur),10630,2021_06_02,"{""type"":""MultiPoint"",""coordinates"":[]}"
70,Tumakuru,2021-06-10,15184.824292041736,MODIS/061/MOD11A2,GAUL_L2_polygon_mean (Tumkur),1068,2021_06_10,"{""type"":""MultiPoint"",""coordinates"":[]}"
70,Tumakuru,2021-06-18,15312.649711462995,MODIS/061/MOD11A2,GAUL_L2_polygon_mean (Tumkur),9702,2021_06_18,"{""type"":""MultiPoint"",""coordinates"":[]}"
70,Tumakuru,2021-06-26,15446.963122600526,MODIS/061/MOD11A2,GAUL_L2_polygon_mean (Tumkur),9291,2021_06_26,"{""type"":""MultiPoint"",""coordinates"":[]}"
70,Tumakuru,2021-07-04,15044.203330239163,MODIS/061/MOD11A2,GAUL_L2_polygon_mean (Tumkur),1094,2021_07_04,"{""type"":""MultiPoint"",""coordinates"":[]}"
70,Tumakuru,2021-07-12,14925.550966410457,MODIS/061/MOD11A2,GAUL_L2_polygon_mean (Tumkur),592,2021_07_12,"{""type"":""MultiPoint"",""coordinates"":[]}"
70,Tumakuru,2021-07-20,15036.19832206409,MODIS/061/MOD11A2,GAUL_L2_polygon_mean (Tumkur),1023,2021_07_20,"{""type"":""MultiPoint"",""coordinates"":[]}"
70,Tumakuru,2021-07-28,15063.617888553857,MODIS/061/MOD11A2,GAUL_L2_polygon_mean (Tumkur),751,2021_07_28,"{""type"":""MultiPoint"",""coordinates"":[]}"
70,Tumakuru,2021-08-05,15148.559437496075,MODIS/061/MOD11A2,GAUL_L2_polygon_mean (Tumkur),3249,2021_08_05,"{""type"":""MultiPoint"",""coordinates"":[]}"
70,Tumakuru,2021-08-13,15245.29456133742,MODIS/061/MOD11A2,GAUL_L2_polygon_mean (Tumkur),437,2021_08_13,"{""type"":""MultiPoint"",""coordinates"":[]}"
70,Tumakuru,2021-08-21,15158.263542100376,MODIS/061/MOD11A2,GAUL_L2_polygon_mean (Tumkur),5302,2021_08_21,"{""type"":""MultiPoint"",""coordinates"":[]}"
70,Tumakuru,2021-08-29,15010.66451720496,MODIS/061/MOD11A2,GAUL_L2_polygon_mean (Tumkur),352,2021_08_29,"{""type"":""MultiPoint"",""coordinates"":[]}"
70,Tumakuru,2021-09-06,15174.852219575327,MODIS/061/MOD11A2,GAUL_L2_polygon_mean (Tumkur),2433,2021_09_06,"{""type"":""MultiPoint"",""coordinates"":[]}"
70,Tumakuru,2021-09-14,15284.578594514527,MODIS/061/MOD11A2,GAUL_L2_polygon_mean (Tumkur),9894,2021_09_14,"{""type"":""MultiPoint"",""coordinates"":[]}"
70,Tumakuru,2021-09-22,15324.8001986761,MODIS/061/MOD11A2,GAUL_L2_polygon_mean (Tumkur),3004,2021_09_22,"{""type"":""MultiPoint"",""coordinates"":[]}"
70,Tumakuru,2021-09-30,15123.0432345013,MODIS/061/MOD11A2,GAUL_L2_polygon_mean (Tumkur),8142,2021_09_30,"{""type"":""MultiPoint"",""coordinates"":[]}"
70,Tumakuru,2021-10-08,15048.786366105043,MODIS/061/MOD11A2,GAUL_L2_polygon_mean (Tumkur),2483,2021_10_08,"{""type"":""MultiPoint"",""coordinates"":[]}"
70,Tumakuru,2021-10-16,15132.127226441196,MODIS/061/MOD11A2,GAUL_L2_polygon_mean (Tumkur),7739,2021_10_16,"{""type"":""MultiPoint"",""coordinates"":[]}"
70,Tumakuru,2021-10-24,15042.4686850995,MODIS/061/MOD11A2,GAUL_L2_polygon_mean (Tumkur),9667,2021_10_24,"{""type"":""MultiPoint"",""coordinates"":[]}"
70,Tumakuru,2021-11-01,14869.996818652631,MODIS/061/MOD11A2,GAUL_L2_polygon_mean (Tumkur),371,2021_11_01,"{""type"":""MultiPoint"",""coordinates"":[]}"
70,Tumakuru,2021-11-09,14933.38751930072,MODIS/061/MOD11A2,GAUL_L2_polygon_mean (Tumkur),599,2021_11_09,"{""type"":""MultiPoint"",""coordinates"":[]}"
70,Tumakuru,2021-11-17,15011.691098446514,MODIS/061/MOD11A2,GAUL_L2_polygon_mean (Tumkur),9628,2021_11_17,"{""type"":""MultiPoint"",""coordinates"":[]}"
70,Tumakuru,2021-11-25,14960.71465630226,MODIS/061/MOD11A2,GAUL_L2_polygon_mean (Tumkur),6068,2021_11_25,"{""type"":""MultiPoint"",""coordinates"":[]}"
70,Tumakuru,2021-12-03,15008.793535218809,MODIS/061/MOD11A2,GAUL_L2_polygon_mean (Tumkur),10630,2021_12_03,"{""type"":""MultiPoint"",""coordinates"":[]}"
70,Tumakuru,2021-12-11,15005.062535160185,MODIS/061/MOD11A2,GAUL_L2_polygon_mean (Tumkur),10630,2021_12_11,"{""type"":""MultiPoint"",""coordinates"":[]}"
70,Tumakuru,2021-12-19,15120.268148904526,MODIS/061/MOD11A2,GAUL_L2_polygon_mean (Tumkur),10630,2021_12_19,"{""type"":""MultiPoint"",""coordinates"":[]}"
70,Tumakuru,2021-12-27,15120.587062690849,MODIS/061/MOD11A2,GAUL_L2_polygon_mean (Tumkur),10630,2021_12_27,"{""type"":""MultiPoint"",""coordinates"":[]}"
70,Tumakuru,2022-01-01,15097.716033688834,MODIS/061/MOD11A2,GAUL_L2_polygon_mean (Tumkur),10630,2022_01_01,"{""type"":""MultiPoint"",""coordinates"":[]}"
70,Tumakuru,2022-01-09,15144.353955698165,MODIS/061/MOD11A2,GAUL_L2_polygon_mean (Tumkur),10630,2022_01_09,"{""type"":""MultiPoint"",""coordinates"":[]}"
70,Tumakuru,2022-01-17,15203.562020000698,MODIS/061/MOD11A2,GAUL_L2_polygon_mean (Tumkur),10630,2022_01_17,"{""type"":""MultiPoint"",""coordinates"":[]}"
70,Tumakuru,2022-01-25,15140.824172544706,MODIS/061/MOD11A2,GAUL_L2_polygon_mean (Tumkur),10630,2022_01_25,"{""type"":""MultiPoint"",""coordinates"":[]}"
70,Tumakuru,2022-02-02,15256.00309575255,MODIS/061/MOD11A2,GAUL_L2_polygon_mean (Tumkur),10630,2022_02_02,"{""type"":""MultiPoint"",""coordinates"":[]}"
70,Tumakuru,2022-02-10,15249.042764324078,MODIS/061/MOD11A2,GAUL_L2_polygon_mean (Tumkur),10630,2022_02_10,"{""type"":""MultiPoint"",""coordinates"":[]}"
70,Tumakuru,2022-02-18,15436.005683170117,MODIS/061/MOD11A2,GAUL_L2_polygon_mean (Tumkur),10630,2022_02_18,"{""type"":""MultiPoint"",""coordinates"":[]}"
70,Tumakuru,2022-02-26,15469.699009263306,MODIS/061/MOD11A2,GAUL_L2_polygon_mean (Tumkur),10630,2022_02_26,"{""type"":""MultiPoint"",""coordinates"":[]}"
70,Tumakuru,2022-03-06,15535.197338361091,MODIS/061/MOD11A2,GAUL_L2_polygon_mean (Tumkur),10630,2022_03_06,"{""type"":""MultiPoint"",""coordinates"":[]}"
70,Tumakuru,2022-03-14,15455.689439802367,MODIS/061/MOD11A2,GAUL_L2_polygon_mean (Tumkur),10630,2022_03_14,"{""type"":""MultiPoint"",""coordinates"":[]}"
70,Tumakuru,2022-03-22,15397.151566081147,MODIS/061/MOD11A2,GAUL_L2_polygon_mean (Tumkur),10630,2022_03_22,"{""type"":""MultiPoint"",""coordinates"":[]}"
70,Tumakuru,2022-03-30,15430.089714111436,MODIS/061/MOD11A2,GAUL_L2_polygon_mean (Tumkur),10630,2022_03_30,"{""type"":""MultiPoint"",""coordinates"":[]}"
70,Tumakuru,2022-04-07,15542.31491904087,MODIS/061/MOD11A2,GAUL_L2_polygon_mean (Tumkur),10630,2022_04_07,"{""type"":""MultiPoint"",""coordinates"":[]}"
70,Tumakuru,2022-04-15,15400.107577400287,MODIS/061/MOD11A2,GAUL_L2_polygon_mean (Tumkur),10630,2022_04_15,"{""type"":""MultiPoint"",""coordinates"":[]}"
70,Tumakuru,2022-04-23,15523.692739921738,MODIS/061/MOD11A2,GAUL_L2_polygon_mean (Tumkur),10630,2022_04_23,"{""type"":""MultiPoint"",""coordinates"":[]}"
70,Tumakuru,2022-05-01,15336.909003074134,MODIS/061/MOD11A2,GAUL_L2_polygon_mean (Tumkur),10589,2022_05_01,"{""type"":""MultiPoint"",""coordinates"":[]}"
70,Tumakuru,2022-05-09,15234.304485815215,MODIS/061/MOD11A2,GAUL_L2_polygon_mean (Tumkur),7048,2022_05_09,"{""type"":""MultiPoint"",""coordinates"":[]}"
70,Tumakuru,2022-05-17,15006.596559929902,MODIS/061/MOD11A2,GAUL_L2_polygon_mean (Tumkur),7928,2022_05_17,"{""type"":""MultiPoint"",""coordinates"":[]}"
70,Tumakuru,2022-05-25,15192.94772007347,MODIS/061/MOD11A2,GAUL_L2_polygon_mean (Tumkur),10630,2022_05_25,"{""type"":""MultiPoint"",""coordinates"":[]}"
70,Tumakuru,2022-06-02,15170.658155437628,MODIS/061/MOD11A2,GAUL_L2_polygon_mean (Tumkur),10630,2022_06_02,"{""type"":""MultiPoint"",""coordinates"":[]}"
70,Tumakuru,2022-06-10,15272.518719519308,MODIS/061/MOD11A2,GAUL_L2_polygon_mean (Tumkur),6565,2022_06_10,"{""type"":""MultiPoint"",""coordinates"":[]}"
70,Tumakuru,2022-06-18,15119.597236731728,MODIS/061/MOD11A2,GAUL_L2_polygon_mean (Tumkur),2248,2022_06_18,"{""type"":""MultiPoint"",""coordinates"":[]}"
70,Tumakuru,2022-06-26,15096.102848999453,MODIS/061/MOD11A2,GAUL_L2_polygon_mean (Tumkur),987,2022_06_26,"{""type"":""MultiPoint"",""coordinates"":[]}"
70,Tumakuru,2022-07-12,15038.692619271189,MODIS/061/MOD11A2,GAUL_L2_polygon_mean (Tumkur),3808,2022_07_12,"{""type"":""MultiPoint"",""coordinates"":[]}"
70,Tumakuru,2022-07-20,15035.43334810203,MODIS/061/MOD11A2,GAUL_L2_polygon_mean (Tumkur),2177,2022_07_20,"{""type"":""MultiPoint"",""coordinates"":[]}"
70,Tumakuru,2022-07-28,15069.883279486896,MODIS/061/MOD11A2,GAUL_L2_polygon_mean (Tumkur),6564,2022_07_28,"{""type"":""MultiPoint"",""coordinates"":[]}"
70,Tumakuru,2022-08-05,14940.619624839566,MODIS/061/MOD11A2,GAUL_L2_polygon_mean (Tumkur),2043,2022_08_05,"{""type"":""MultiPoint"",""coordinates"":[]}"
70,Tumakuru,2022-08-13,15111.323068249121,MODIS/061/MOD11A2,GAUL_L2_polygon_mean (Tumkur),9264,2022_08_13,"{""type"":""MultiPoint"",""coordinates"":[]}"
70,Tumakuru,2022-08-21,15030.61072091109,MODIS/061/MOD11A2,GAUL_L2_polygon_mean (Tumkur),790,2022_08_21,"{""type"":""MultiPoint"",""coordinates"":[]}"
70,Tumakuru,2022-08-29,15092.000249837909,MODIS/061/MOD11A2,GAUL_L2_polygon_mean (Tumkur),8695,2022_08_29,"{""type"":""MultiPoint"",""coordinates"":[]}"
70,Tumakuru,2022-09-06,15229.351007204139,MODIS/061/MOD11A2,GAUL_L2_polygon_mean (Tumkur),2905,2022_09_06,"{""type"":""MultiPoint"",""coordinates"":[]}"
70,Tumakuru,2022-09-14,15022.333335836032,MODIS/061/MOD11A2,GAUL_L2_polygon_mean (Tumkur),5223,2022_09_14,"{""type"":""MultiPoint"",""coordinates"":[]}"
70,Tumakuru,2022-09-22,15052.492305720021,MODIS/061/MOD11A2,GAUL_L2_polygon_mean (Tumkur),9819,2022_09_22,"{""type"":""MultiPoint"",""coordinates"":[]}"
70,Tumakuru,2022-09-30,14963.028732726665,MODIS/061/MOD11A2,GAUL_L2_polygon_mean (Tumkur),325,2022_09_30,"{""type"":""MultiPoint"",""coordinates"":[]}"
70,Tumakuru,2022-10-08,15090.784601194904,MODIS/061/MOD11A2,GAUL_L2_polygon_mean (Tumkur),1424,2022_10_08,"{""type"":""MultiPoint"",""coordinates"":[]}"
70,Tumakuru,2022-10-24,15096.03658536138,MODIS/061/MOD11A2,GAUL_L2_polygon_mean (Tumkur),10630,2022_10_24,"{""type"":""MultiPoint"",""coordinates"":[]}"
70,Tumakuru,2022-11-01,15054.511934555658,MODIS/061/MOD11A2,GAUL_L2_polygon_mean (Tumkur),10630,2022_11_01,"{""type"":""MultiPoint"",""coordinates"":[]}"
70,Tumakuru,2022-11-09,15070.257016209942,MODIS/061/MOD11A2,GAUL_L2_polygon_mean (Tumkur),10596,2022_11_09,"{""type"":""MultiPoint"",""coordinates"":[]}"
70,Tumakuru,2022-11-17,15021.347091786265,MODIS/061/MOD11A2,GAUL_L2_polygon_mean (Tumkur),10618,2022_11_17,"{""type"":""MultiPoint"",""coordinates"":[]}"
70,Tumakuru,2022-11-25,15076.434881295674,MODIS/061/MOD11A2,GAUL_L2_polygon_mean (Tumkur),10630,2022_11_25,"{""type"":""MultiPoint"",""coordinates"":[]}"
70,Tumakuru,2022-12-03,15076.1784141319,MODIS/061/MOD11A2,GAUL_L2_polygon_mean (Tumkur),10628,2022_12_03,"{""type"":""MultiPoint"",""coordinates"":[]}"
70,Tumakuru,2022-12-11,15082.388550880174,MODIS/061/MOD11A2,GAUL_L2_polygon_mean (Tumkur),10630,2022_12_11,"{""type"":""MultiPoint"",""coordinates"":[]}"
70,Tumakuru,2022-12-19,15083.07976690372,MODIS/061/MOD11A2,GAUL_L2_polygon_mean (Tumkur),10630,2022_12_19,"{""type"":""MultiPoint"",""coordinates"":[]}"
70,Tumakuru,2022-12-27,15146.325017494783,MODIS/061/MOD11A2,GAUL_L2_polygon_mean (Tumkur),10630,2022_12_27,"{""type"":""MultiPoint"",""coordinates"":[]}"
70,Tumakuru,2023-01-01,15085.292771794126,MODIS/061/MOD11A2,GAUL_L2_polygon_mean (Tumkur),10630,2023_01_01,"{""type"":""MultiPoint"",""coordinates"":[]}"
70,Tumakuru,2023-01-09,15114.7148801595,MODIS/061/MOD11A2,GAUL_L2_polygon_mean (Tumkur),10630,2023_01_09,"{""type"":""MultiPoint"",""coordinates"":[]}"
70,Tumakuru,2023-01-17,15129.584767805693,MODIS/061/MOD11A2,GAUL_L2_polygon_mean (Tumkur),10630,2023_01_17,"{""type"":""MultiPoint"",""coordinates"":[]}"
70,Tumakuru,2023-01-25,15182.489520663783,MODIS/061/MOD11A2,GAUL_L2_polygon_mean (Tumkur),10630,2023_01_25,"{""type"":""MultiPoint"",""coordinates"":[]}"
70,Tumakuru,2023-02-02,15195.75852761409,MODIS/061/MOD11A2,GAUL_L2_polygon_mean (Tumkur),10630,2023_02_02,"{""type"":""MultiPoint"",""coordinates"":[]}"
70,Tumakuru,2023-02-10,15364.716308145426,MODIS/061/MOD11A2,GAUL_L2_polygon_mean (Tumkur),10630,2023_02_10,"{""type"":""MultiPoint"",""coordinates"":[]}"
70,Tumakuru,2023-02-18,15414.654663124795,MODIS/061/MOD11A2,GAUL_L2_polygon_mean (Tumkur),10630,2023_02_18,"{""type"":""MultiPoint"",""coordinates"":[]}"
70,Tumakuru,2023-02-26,15418.671352595224,MODIS/061/MOD11A2,GAUL_L2_polygon_mean (Tumkur),10630,2023_02_26,"{""type"":""MultiPoint"",""coordinates"":[]}"
70,Tumakuru,2023-03-06,15498.440211066034,MODIS/061/MOD11A2,GAUL_L2_polygon_mean (Tumkur),10630,2023_03_06,"{""type"":""MultiPoint"",""coordinates"":[]}"
70,Tumakuru,2023-03-14,15405.09630291455,MODIS/061/MOD11A2,GAUL_L2_polygon_mean (Tumkur),10630,2023_03_14,"{""type"":""MultiPoint"",""coordinates"":[]}"
70,Tumakuru,2023-03-22,15455.30086309966,MODIS/061/MOD11A2,GAUL_L2_polygon_mean (Tumkur),10630,2023_03_22,"{""type"":""MultiPoint"",""coordinates"":[]}"
70,Tumakuru,2023-03-30,15608.499871071832,MODIS/061/MOD11A2,GAUL_L2_polygon_mean (Tumkur),10630,2023_03_30,"{""type"":""MultiPoint"",""coordinates"":[]}"
70,Tumakuru,2023-04-07,15673.5352121561,MODIS/061/MOD11A2,GAUL_L2_polygon_mean (Tumkur),10630,2023_04_07,"{""type"":""MultiPoint"",""coordinates"":[]}"
70,Tumakuru,2023-04-15,15641.456469300158,MODIS/061/MOD11A2,GAUL_L2_polygon_mean (Tumkur),10630,2023_04_15,"{""type"":""MultiPoint"",""coordinates"":[]}"
70,Tumakuru,2023-04-23,15414.025752539594,MODIS/061/MOD11A2,GAUL_L2_polygon_mean (Tumkur),10626,2023_04_23,"{""type"":""MultiPoint"",""coordinates"":[]}"
70,Tumakuru,2023-05-01,15300.293487660036,MODIS/061/MOD11A2,GAUL_L2_polygon_mean (Tumkur),6498,2023_05_01,"{""type"":""MultiPoint"",""coordinates"":[]}"
70,Tumakuru,2023-05-09,15320.866674954525,MODIS/061/MOD11A2,GAUL_L2_polygon_mean (Tumkur),10630,2023_05_09,"{""type"":""MultiPoint"",""coordinates"":[]}"
70,Tumakuru,2023-05-17,15412.325359458864,MODIS/061/MOD11A2,GAUL_L2_polygon_mean (Tumkur),10630,2023_05_17,"{""type"":""MultiPoint"",""coordinates"":[]}"
70,Tumakuru,2023-05-25,15337.228035816608,MODIS/061/MOD11A2,GAUL_L2_polygon_mean (Tumkur),10630,2023_05_25,"{""type"":""MultiPoint"",""coordinates"":[]}"
70,Tumakuru,2023-06-02,15296.823519234664,MODIS/061/MOD11A2,GAUL_L2_polygon_mean (Tumkur),10630,2023_06_02,"{""type"":""MultiPoint"",""coordinates"":[]}"
70,Tumakuru,2023-06-10,15225.528556697598,MODIS/061/MOD11A2,GAUL_L2_polygon_mean (Tumkur),10378,2023_06_10,"{""type"":""MultiPoint"",""coordinates"":[]}"
70,Tumakuru,2023-06-18,15127.958547159635,MODIS/061/MOD11A2,GAUL_L2_polygon_mean (Tumkur),2895,2023_06_18,"{""type"":""MultiPoint"",""coordinates"":[]}"
70,Tumakuru,2023-06-26,15259.779362947493,MODIS/061/MOD11A2,GAUL_L2_polygon_mean (Tumkur),4011,2023_06_26,"{""type"":""MultiPoint"",""coordinates"":[]}"
70,Tumakuru,2023-07-04,15112.74575037664,MODIS/061/MOD11A2,GAUL_L2_polygon_mean (Tumkur),845,2023_07_04,"{""type"":""MultiPoint"",""coordinates"":[]}"
70,Tumakuru,2023-07-12,15051.515211496186,MODIS/061/MOD11A2,GAUL_L2_polygon_mean (Tumkur),2827,2023_07_12,"{""type"":""MultiPoint"",""coordinates"":[]}"
70,Tumakuru,2023-07-28,15041.71925247825,MODIS/061/MOD11A2,GAUL_L2_polygon_mean (Tumkur),3132,2023_07_28,"{""type"":""MultiPoint"",""coordinates"":[]}"
70,Tumakuru,2023-08-05,15136.613048124931,MODIS/061/MOD11A2,GAUL_L2_polygon_mean (Tumkur),3199,2023_08_05,"{""type"":""MultiPoint"",""coordinates"":[]}"
70,Tumakuru,2023-08-13,15278.594335430997,MODIS/061/MOD11A2,GAUL_L2_polygon_mean (Tumkur),10441,2023_08_13,"{""type"":""MultiPoint"",""coordinates"":[]}"
70,Tumakuru,2023-08-21,15315.124226555601,MODIS/061/MOD11A2,GAUL_L2_polygon_mean (Tumkur),9906,2023_08_21,"{""type"":""MultiPoint"",""coordinates"":[]}"
70,Tumakuru,2023-08-29,15431.346095280873,MODIS/061/MOD11A2,GAUL_L2_polygon_mean (Tumkur),9570,2023_08_29,"{""type"":""MultiPoint"",""coordinates"":[]}"
70,Tumakuru,2023-09-06,15132.91547193898,MODIS/061/MOD11A2,GAUL_L2_polygon_mean (Tumkur),3797,2023_09_06,"{""type"":""MultiPoint"",""coordinates"":[]}"
70,Tumakuru,2023-09-14,15089.655232678182,MODIS/061/MOD11A2,GAUL_L2_polygon_mean (Tumkur),6020,2023_09_14,"{""type"":""MultiPoint"",""coordinates"":[]}"
70,Tumakuru,2023-09-22,15306.270206418325,MODIS/061/MOD11A2,GAUL_L2_polygon_mean (Tumkur),2659,2023_09_22,"{""type"":""MultiPoint"",""coordinates"":[]}"
70,Tumakuru,2023-09-30,15189.220057743016,MODIS/061/MOD11A2,GAUL_L2_polygon_mean (Tumkur),10613,2023_09_30,"{""type"":""MultiPoint"",""coordinates"":[]}"
70,Tumakuru,2023-10-08,15264.183598422169,MODIS/061/MOD11A2,GAUL_L2_polygon_mean (Tumkur),10606,2023_10_08,"{""type"":""MultiPoint"",""coordinates"":[]}"
70,Tumakuru,2023-10-16,15254.211354830722,MODIS/061/MOD11A2,GAUL_L2_polygon_mean (Tumkur),10630,2023_10_16,"{""type"":""MultiPoint"",""coordinates"":[]}"
70,Tumakuru,2023-10-24,15360.215847582185,MODIS/061/MOD11A2,GAUL_L2_polygon_mean (Tumkur),10630,2023_10_24,"{""type"":""MultiPoint"",""coordinates"":[]}"
70,Tumakuru,2023-11-01,15092.849192385924,MODIS/061/MOD11A2,GAUL_L2_polygon_mean (Tumkur),4292,2023_11_01,"{""type"":""MultiPoint"",""coordinates"":[]}"
70,Tumakuru,2023-11-09,15072.132728176217,MODIS/061/MOD11A2,GAUL_L2_polygon_mean (Tumkur),10630,2023_11_09,"{""type"":""MultiPoint"",""coordinates"":[]}"
70,Tumakuru,2023-11-17,15146.270133550453,MODIS/061/MOD11A2,GAUL_L2_polygon_mean (Tumkur),10630,2023_11_17,"{""type"":""MultiPoint"",""coordinates"":[]}"
70,Tumakuru,2023-11-25,15060.656411236821,MODIS/061/MOD11A2,GAUL_L2_polygon_mean (Tumkur),8327,2023_11_25,"{""type"":""MultiPoint"",""coordinates"":[]}"
70,Tumakuru,2023-12-03,14999.972313891281,MODIS/061/MOD11A2,GAUL_L2_polygon_mean (Tumkur),7340,2023_12_03,"{""type"":""MultiPoint"",""coordinates"":[]}"
70,Tumakuru,2023-12-11,15057.06072521721,MODIS/061/MOD11A2,GAUL_L2_polygon_mean (Tumkur),10630,2023_12_11,"{""type"":""MultiPoint"",""coordinates"":[]}"
70,Tumakuru,2023-12-19,15114.51413322435,MODIS/061/MOD11A2,GAUL_L2_polygon_mean (Tumkur),10630,2023_12_19,"{""type"":""MultiPoint"",""coordinates"":[]}"
70,Tumakuru,2023-12-27,15162.425782911485,MODIS/061/MOD11A2,GAUL_L2_polygon_mean (Tumkur),10630,2023_12_27,"{""type"":""MultiPoint"",""coordinates"":[]}"
70,Tumakuru,2024-01-01,15130.1165547875,MODIS/061/MOD11A2,GAUL_L2_polygon_mean (Tumkur),10630,2024_01_01,"{""type"":""MultiPoint"",""coordinates"":[]}"
70,Tumakuru,2024-01-09,15126.965021168966,MODIS/061/MOD11A2,GAUL_L2_polygon_mean (Tumkur),10630,2024_01_09,"{""type"":""MultiPoint"",""coordinates"":[]}"
70,Tumakuru,2024-01-17,15193.085278169554,MODIS/061/MOD11A2,GAUL_L2_polygon_mean (Tumkur),10630,2024_01_17,"{""type"":""MultiPoint"",""coordinates"":[]}"
70,Tumakuru,2024-01-25,15194.263955694443,MODIS/061/MOD11A2,GAUL_L2_polygon_mean (Tumkur),10630,2024_01_25,"{""type"":""MultiPoint"",""coordinates"":[]}"
70,Tumakuru,2024-02-02,15317.41081838611,MODIS/061/MOD11A2,GAUL_L2_polygon_mean (Tumkur),10630,2024_02_02,"{""type"":""MultiPoint"",""coordinates"":[]}"
70,Tumakuru,2024-02-10,15371.379436633571,MODIS/061/MOD11A2,GAUL_L2_polygon_mean (Tumkur),10630,2024_02_10,"{""type"":""MultiPoint"",""coordinates"":[]}"
70,Tumakuru,2024-02-18,15395.5955760103,MODIS/061/MOD11A2,GAUL_L2_polygon_mean (Tumkur),10630,2024_02_18,"{""type"":""MultiPoint"",""coordinates"":[]}"
70,Tumakuru,2024-02-26,15462.050303765225,MODIS/061/MOD11A2,GAUL_L2_polygon_mean (Tumkur),10630,2024_02_26,"{""type"":""MultiPoint"",""coordinates"":[]}"
70,Tumakuru,2024-03-05,15479.610599558606,MODIS/061/MOD11A2,GAUL_L2_polygon_mean (Tumkur),10630,2024_03_05,"{""type"":""MultiPoint"",""coordinates"":[]}"
70,Tumakuru,2024-03-13,15560.183524413955,MODIS/061/MOD11A2,GAUL_L2_polygon_mean (Tumkur),10630,2024_03_13,"{""type"":""MultiPoint"",""coordinates"":[]}"
70,Tumakuru,2024-03-21,15585.005848803195,MODIS/061/MOD11A2,GAUL_L2_polygon_mean (Tumkur),10630,2024_03_21,"{""type"":""MultiPoint"",""coordinates"":[]}"
70,Tumakuru,2024-03-29,15667.785227372913,MODIS/061/MOD11A2,GAUL_L2_polygon_mean (Tumkur),10630,2024_03_29,"{""type"":""MultiPoint"",""coordinates"":[]}"
70,Tumakuru,2024-04-06,15701.061497094433,MODIS/061/MOD11A2,GAUL_L2_polygon_mean (Tumkur),10630,2024_04_06,"{""type"":""MultiPoint"",""coordinates"":[]}"
70,Tumakuru,2024-04-14,15712.589323268934,MODIS/061/MOD11A2,GAUL_L2_polygon_mean (Tumkur),10630,2024_04_14,"{""type"":""MultiPoint"",""coordinates"":[]}"
70,Tumakuru,2024-04-22,15769.110427469912,MODIS/061/MOD11A2,GAUL_L2_polygon_mean (Tumkur),10630,2024_04_22,"{""type"":""MultiPoint"",""coordinates"":[]}"
70,Tumakuru,2024-04-30,15636.185075979105,MODIS/061/MOD11A2,GAUL_L2_polygon_mean (Tumkur),10630,2024_04_30,"{""type"":""MultiPoint"",""coordinates"":[]}"
70,Tumakuru,2024-05-08,15384.434093641008,MODIS/061/MOD11A2,GAUL_L2_polygon_mean (Tumkur),8795,2024_05_08,"{""type"":""MultiPoint"",""coordinates"":[]}"
70,Tumakuru,2024-05-16,15161.461621840182,MODIS/061/MOD11A2,GAUL_L2_polygon_mean (Tumkur),3704,2024_05_16,"{""type"":""MultiPoint"",""coordinates"":[]}"
70,Tumakuru,2024-05-24,15197.114986408225,MODIS/061/MOD11A2,GAUL_L2_polygon_mean (Tumkur),7299,2024_05_24,"{""type"":""MultiPoint"",""coordinates"":[]}"
70,Tumakuru,2024-06-01,15334.17417006538,MODIS/061/MOD11A2,GAUL_L2_polygon_mean (Tumkur),9272,2024_06_01,"{""type"":""MultiPoint"",""coordinates"":[]}"
70,Tumakuru,2024-06-09,15234.612210509924,MODIS/061/MOD11A2,GAUL_L2_polygon_mean (Tumkur),6751,2024_06_09,"{""type"":""MultiPoint"",""coordinates"":[]}"
70,Tumakuru,2024-06-17,15176.149099322227,MODIS/061/MOD11A2,GAUL_L2_polygon_mean (Tumkur),3008,2024_06_17,"{""type"":""MultiPoint"",""coordinates"":[]}"
70,Tumakuru,2024-06-25,15175.299720706184,MODIS/061/MOD11A2,GAUL_L2_polygon_mean (Tumkur),1530,2024_06_25,"{""type"":""MultiPoint"",""coordinates"":[]}"
70,Tumakuru,2024-07-03,15179.726820195054,MODIS/061/MOD11A2,GAUL_L2_polygon_mean (Tumkur),8074,2024_07_03,"{""type"":""MultiPoint"",""coordinates"":[]}"
70,Tumakuru,2024-07-11,15242.542403471534,MODIS/061/MOD11A2,GAUL_L2_polygon_mean (Tumkur),3600,2024_07_11,"{""type"":""MultiPoint"",""coordinates"":[]}"
70,Tumakuru,2024-07-19,14481.631578947368,MODIS/061/MOD11A2,GAUL_L2_polygon_mean (Tumkur),19,2024_07_19,"{""type"":""MultiPoint"",""coordinates"":[]}"
70,Tumakuru,2024-07-27,14898.494660265507,MODIS/061/MOD11A2,GAUL_L2_polygon_mean (Tumkur),640,2024_07_27,"{""type"":""MultiPoint"",""coordinates"":[]}"
70,Tumakuru,2024-08-04,15047.410762537218,MODIS/061/MOD11A2,GAUL_L2_polygon_mean (Tumkur),85,2024_08_04,"{""type"":""MultiPoint"",""coordinates"":[]}"
70,Tumakuru,2024-08-12,15100.415113892928,MODIS/061/MOD11A2,GAUL_L2_polygon_mean (Tumkur),5524,2024_08_12,"{""type"":""MultiPoint"",""coordinates"":[]}"
70,Tumakuru,2024-08-20,15051.959728654188,MODIS/061/MOD11A2,GAUL_L2_polygon_mean (Tumkur),8607,2024_08_20,"{""type"":""MultiPoint"",""coordinates"":[]}"
70,Tumakuru,2024-08-28,14955.59318471907,MODIS/061/MOD11A2,GAUL_L2_polygon_mean (Tumkur),1625,2024_08_28,"{""type"":""MultiPoint"",""coordinates"":[]}"
70,Tumakuru,2024-09-05,14934.256097043883,MODIS/061/MOD11A2,GAUL_L2_polygon_mean (Tumkur),4069,2024_09_05,"{""type"":""MultiPoint"",""coordinates"":[]}"
70,Tumakuru,2024-09-13,15117.160170675117,MODIS/061/MOD11A2,GAUL_L2_polygon_mean (Tumkur),10588,2024_09_13,"{""type"":""MultiPoint"",""coordinates"":[]}"
70,Tumakuru,2024-09-21,15179.980017838829,MODIS/061/MOD11A2,GAUL_L2_polygon_mean (Tumkur),6819,2024_09_21,"{""type"":""MultiPoint"",""coordinates"":[]}"
70,Tumakuru,2024-09-29,15100.382573603054,MODIS/061/MOD11A2,GAUL_L2_polygon_mean (Tumkur),6522,2024_09_29,"{""type"":""MultiPoint"",""coordinates"":[]}"
70,Tumakuru,2024-10-07,14999.549554127572,MODIS/061/MOD11A2,GAUL_L2_polygon_mean (Tumkur),4375,2024_10_07,"{""type"":""MultiPoint"",""coordinates"":[]}"
70,Tumakuru,2024-10-15,14926.403088309784,MODIS/061/MOD11A2,GAUL_L2_polygon_mean (Tumkur),5365,2024_10_15,"{""type"":""MultiPoint"",""coordinates"":[]}"
70,Tumakuru,2024-10-23,15021.176236558013,MODIS/061/MOD11A2,GAUL_L2_polygon_mean (Tumkur),10630,2024_10_23,"{""type"":""MultiPoint"",""coordinates"":[]}"
70,Tumakuru,2024-10-31,15014.254806771856,MODIS/061/MOD11A2,GAUL_L2_polygon_mean (Tumkur),10630,2024_10_31,"{""type"":""MultiPoint"",""coordinates"":[]}"
70,Tumakuru,2024-11-08,14988.069792376216,MODIS/061/MOD11A2,GAUL_L2_polygon_mean (Tumkur),10610,2024_11_08,"{""type"":""MultiPoint"",""coordinates"":[]}"
70,Tumakuru,2024-11-16,14858.279413642249,MODIS/061/MOD11A2,GAUL_L2_polygon_mean (Tumkur),10412,2024_11_16,"{""type"":""MultiPoint"",""coordinates"":[]}"
70,Tumakuru,2024-11-24,14879.714100163721,MODIS/061/MOD11A2,GAUL_L2_polygon_mean (Tumkur),9703,2024_11_24,"{""type"":""MultiPoint"",""coordinates"":[]}"
70,Tumakuru,2024-12-02,14988.981443560635,MODIS/061/MOD11A2,GAUL_L2_polygon_mean (Tumkur),10630,2024_12_02,"{""type"":""MultiPoint"",""coordinates"":[]}"
70,Tumakuru,2024-12-10,14901.52802715306,MODIS/061/MOD11A2,GAUL_L2_polygon_mean (Tumkur),10616,2024_12_10,"{""type"":""MultiPoint"",""coordinates"":[]}"
70,Tumakuru,2024-12-18,14965.484960642638,MODIS/061/MOD11A2,GAUL_L2_polygon_mean (Tumkur),10626,2024_12_18,"{""type"":""MultiPoint"",""coordinates"":[]}"
70,Tumakuru,2024-12-26,15006.896682948423,MODIS/061/MOD11A2,GAUL_L2_polygon_mean (Tumkur),10630,2024_12_26,"{""type"":""MultiPoint"",""coordinates"":[]}"
70,Tumakuru,2025-01-01,14963.40319889511,MODIS/061/MOD11A2,GAUL_L2_polygon_mean (Tumkur),10630,2025_01_01,"{""type"":""MultiPoint"",""coordinates"":[]}"
70,Tumakuru,2025-01-09,14981.525640112859,MODIS/061/MOD11A2,GAUL_L2_polygon_mean (Tumkur),10630,2025_01_09,"{""type"":""MultiPoint"",""coordinates"":[]}"
70,Tumakuru,2025-01-17,15015.904905579924,MODIS/061/MOD11A2,GAUL_L2_polygon_mean (Tumkur),10630,2025_01_17,"{""type"":""MultiPoint"",""coordinates"":[]}"
70,Tumakuru,2025-01-25,15108.299455402852,MODIS/061/MOD11A2,GAUL_L2_polygon_mean (Tumkur),10630,2025_01_25,"{""type"":""MultiPoint"",""coordinates"":[]}"
70,Tumakuru,2025-02-02,15190.729449231274,MODIS/061/MOD11A2,GAUL_L2_polygon_mean (Tumkur),10630,2025_02_02,"{""type"":""MultiPoint"",""coordinates"":[]}"
70,Tumakuru,2025-02-10,15239.965874419164,MODIS/061/MOD11A2,GAUL_L2_polygon_mean (Tumkur),10630,2025_02_10,"{""type"":""MultiPoint"",""coordinates"":[]}"
70,Tumakuru,2025-02-18,15281.031111722685,MODIS/061/MOD11A2,GAUL_L2_polygon_mean (Tumkur),10630,2025_02_18,"{""type"":""MultiPoint"",""coordinates"":[]}"
70,Tumakuru,2025-02-26,15275.591505272801,MODIS/061/MOD11A2,GAUL_L2_polygon_mean (Tumkur),10630,2025_02_26,"{""type"":""MultiPoint"",""coordinates"":[]}"
70,Tumakuru,2025-03-06,15410.925072607457,MODIS/061/MOD11A2,GAUL_L2_polygon_mean (Tumkur),10630,2025_03_06,"{""type"":""MultiPoint"",""coordinates"":[]}"
70,Tumakuru,2025-03-14,15446.5697582753,MODIS/061/MOD11A2,GAUL_L2_polygon_mean (Tumkur),10630,2025_03_14,"{""type"":""MultiPoint"",""coordinates"":[]}"
70,Tumakuru,2025-03-22,15349.904416058522,MODIS/061/MOD11A2,GAUL_L2_polygon_mean (Tumkur),10630,2025_03_22,"{""type"":""MultiPoint"",""coordinates"":[]}"
70,Tumakuru,2025-03-30,15335.605839728418,MODIS/061/MOD11A2,GAUL_L2_polygon_mean (Tumkur),10630,2025_03_30,"{""type"":""MultiPoint"",""coordinates"":[]}"
70,Tumakuru,2025-04-07,15363.64314627615,MODIS/061/MOD11A2,GAUL_L2_polygon_mean (Tumkur),10630,2025_04_07,"{""type"":""MultiPoint"",""coordinates"":[]}"
70,Tumakuru,2025-04-15,15215.98123366038,MODIS/061/MOD11A2,GAUL_L2_polygon_mean (Tumkur),10630,2025_04_15,"{""type"":""MultiPoint"",""coordinates"":[]}"
70,Tumakuru,2025-04-23,15241.082709565542,MODIS/061/MOD11A2,GAUL_L2_polygon_mean (Tumkur),10630,2025_04_23,"{""type"":""MultiPoint"",""coordinates"":[]}"
70,Tumakuru,2025-05-01,15263.342484223365,MODIS/061/MOD11A2,GAUL_L2_polygon_mean (Tumkur),10630,2025_05_01,"{""type"":""MultiPoint"",""coordinates"":[]}"
70,Tumakuru,2025-05-09,15300.087157680891,MODIS/061/MOD11A2,GAUL_L2_polygon_mean (Tumkur),10630,2025_05_09,"{""type"":""MultiPoint"",""coordinates"":[]}"
70,Tumakuru,2025-05-17,15089.786499265983,MODIS/061/MOD11A2,GAUL_L2_polygon_mean (Tumkur),6648,2025_05_17,"{""type"":""MultiPoint"",""coordinates"":[]}"
70,Tumakuru,2025-05-25,14956.589719278623,MODIS/061/MOD11A2,GAUL_L2_polygon_mean (Tumkur),1381,2025_05_25,"{""type"":""MultiPoint"",""coordinates"":[]}"
70,Tumakuru,2025-06-02,15137.927548988133,MODIS/061/MOD11A2,GAUL_L2_polygon_mean (Tumkur),10630,2025_06_02,"{""type"":""MultiPoint"",""coordinates"":[]}"
70,Tumakuru,2025-06-10,15095.322919465454,MODIS/061/MOD11A2,GAUL_L2_polygon_mean (Tumkur),4904,2025_06_10,"{""type"":""MultiPoint"",""coordinates"":[]}"
70,Tumakuru,2025-06-18,14984.76931246325,MODIS/061/MOD11A2,GAUL_L2_polygon_mean (Tumkur),480,2025_06_18,"{""type"":""MultiPoint"",""coordinates"":[]}"
70,Tumakuru,2025-06-26,14816.456682902024,MODIS/061/MOD11A2,GAUL_L2_polygon_mean (Tumkur),200,2025_06_26,"{""type"":""MultiPoint"",""coordinates"":[]}"
70,Tumakuru,2025-07-04,15035.128896697941,MODIS/061/MOD11A2,GAUL_L2_polygon_mean (Tumkur),1133,2025_07_04,"{""type"":""MultiPoint"",""coordinates"":[]}"
70,Tumakuru,2025-07-12,15016.65339292761,MODIS/061/MOD11A2,GAUL_L2_polygon_mean (Tumkur),3031,2025_07_12,"{""type"":""MultiPoint"",""coordinates"":[]}"
70,Tumakuru,2025-07-20,14618.82415488013,MODIS/061/MOD11A2,GAUL_L2_polygon_mean (Tumkur),39,2025_07_20,"{""type"":""MultiPoint"",""coordinates"":[]}"
70,Tumakuru,2025-07-28,15121.595752133484,MODIS/061/MOD11A2,GAUL_L2_polygon_mean (Tumkur),123,2025_07_28,"{""type"":""MultiPoint"",""coordinates"":[]}"
70,Tumakuru,2025-08-05,14932.145197757372,MODIS/061/MOD11A2,GAUL_L2_polygon_mean (Tumkur),513,2025_08_05,"{""type"":""MultiPoint"",""coordinates"":[]}"
70,Tumakuru,2025-08-13,14928.484661085935,MODIS/061/MOD11A2,GAUL_L2_polygon_mean (Tumkur),1936,2025_08_13,"{""type"":""MultiPoint"",""coordinates"":[]}"
70,Tumakuru,2025-08-21,14908.37599019046,MODIS/061/MOD11A2,GAUL_L2_polygon_mean (Tumkur),4627,2025_08_21,"{""type"":""MultiPoint"",""coordinates"":[]}"
70,Tumakuru,2025-08-29,14931.505437777596,MODIS/061/MOD11A2,GAUL_L2_polygon_mean (Tumkur),2981,2025_08_29,"{""type"":""MultiPoint"",""coordinates"":[]}"
70,Tumakuru,2025-09-06,15030.622808023867,MODIS/061/MOD11A2,GAUL_L2_polygon_mean (Tumkur),9571,2025_09_06,"{""type"":""MultiPoint"",""coordinates"":[]}"
70,Tumakuru,2025-09-14,14989.148936598987,MODIS/061/MOD11A2,GAUL_L2_polygon_mean (Tumkur),2724,2025_09_14,"{""type"":""MultiPoint"",""coordinates"":[]}"
70,Tumakuru,2025-09-22,14987.77182087878,MODIS/061/MOD11A2,GAUL_L2_polygon_mean (Tumkur),2183,2025_09_22,"{""type"":""MultiPoint"",""coordinates"":[]}"
70,Tumakuru,2025-09-30,15083.120126412383,MODIS/061/MOD11A2,GAUL_L2_polygon_mean (Tumkur),10630,2025_09_30,"{""type"":""MultiPoint"",""coordinates"":[]}"
70,Tumakuru,2025-10-08,15029.281487588372,MODIS/061/MOD11A2,GAUL_L2_polygon_mean (Tumkur),10502,2025_10_08,"{""type"":""MultiPoint"",""coordinates"":[]}"
70,Tumakuru,2025-10-16,14873.10165995842,MODIS/061/MOD11A2,GAUL_L2_polygon_mean (Tumkur),1176,2025_10_16,"{""type"":""MultiPoint"",""coordinates"":[]}"
70,Tumakuru,2025-10-24,14989.724210518578,MODIS/061/MOD11A2,GAUL_L2_polygon_mean (Tumkur),10626,2025_10_24,"{""type"":""MultiPoint"",""coordinates"":[]}"
70,Tumakuru,2025-11-01,15017.047306507206,MODIS/061/MOD11A2,GAUL_L2_polygon_mean (Tumkur),10630,2025_11_01,"{""type"":""MultiPoint"",""coordinates"":[]}"
70,Tumakuru,2025-11-09,14984.578185642626,MODIS/061/MOD11A2,GAUL_L2_polygon_mean (Tumkur),10630,2025_11_09,"{""type"":""MultiPoint"",""coordinates"":[]}"
70,Tumakuru,2025-11-17,14954.015823068707,MODIS/061/MOD11A2,GAUL_L2_polygon_mean (Tumkur),10447,2025_11_17,"{""type"":""MultiPoint"",""coordinates"":[]}"
70,Tumakuru,2025-11-25,14870.227772135477,MODIS/061/MOD11A2,GAUL_L2_polygon_mean (Tumkur),9846,2025_11_25,"{""type"":""MultiPoint"",""coordinates"":[]}"
70,Tumakuru,2025-12-03,14923.400251437699,MODIS/061/MOD11A2,GAUL_L2_polygon_mean (Tumkur),10630,2025_12_03,"{""type"":""MultiPoint"",""coordinates"":[]}"
70,Tumakuru,2025-12-11,14900.121662484053,MODIS/061/MOD11A2,GAUL_L2_polygon_mean (Tumkur),10630,2025_12_11,"{""type"":""MultiPoint"",""coordinates"":[]}"
70,Tumakuru,2025-12-19,14860.678420221859,MODIS/061/MOD11A2,GAUL_L2_polygon_mean (Tumkur),10630,2025_12_19,"{""type"":""MultiPoint"",""coordinates"":[]}"
70,Tumakuru,2025-12-27,14875.80499607954,MODIS/061/MOD11A2,GAUL_L2_polygon_mean (Tumkur),10482,2025_12_27,"{""type"":""MultiPoint"",""coordinates"":[]}"
70,Tumakuru,2026-01-01,14898.972059284119,MODIS/061/MOD11A2,GAUL_L2_polygon_mean (Tumkur),10630,2026_01_01,"{""type"":""MultiPoint"",""coordinates"":[]}"
70,Tumakuru,2026-01-09,14922.404571608202,MODIS/061/MOD11A2,GAUL_L2_polygon_mean (Tumkur),10629,2026_01_09,"{""type"":""MultiPoint"",""coordinates"":[]}"
70,Tumakuru,2026-01-17,14956.985288535448,MODIS/061/MOD11A2,GAUL_L2_polygon_mean (Tumkur),10630,2026_01_17,"{""type"":""MultiPoint"",""coordinates"":[]}"
70,Tumakuru,2026-01-25,14979.82869849655,MODIS/061/MOD11A2,GAUL_L2_polygon_mean (Tumkur),10630,2026_01_25,"{""type"":""MultiPoint"",""coordinates"":[]}"
70,Tumakuru,2026-02-02,15023.986738286072,MODIS/061/MOD11A2,GAUL_L2_polygon_mean (Tumkur),10630,2026_02_02,"{""type"":""MultiPoint"",""coordinates"":[]}"
70,Tumakuru,2026-02-10,15062.748028910944,MODIS/061/MOD11A2,GAUL_L2_polygon_mean (Tumkur),10630,2026_02_10,"{""type"":""MultiPoint"",""coordinates"":[]}"
70,Tumakuru,2026-02-18,15119.087170592129,MODIS/061/MOD11A2,GAUL_L2_polygon_mean (Tumkur),10630,2026_02_18,"{""type"":""MultiPoint"",""coordinates"":[]}"
70,Tumakuru,2026-02-26,15172.051936855849,MODIS/061/MOD11A2,GAUL_L2_polygon_mean (Tumkur),10630,2026_02_26,"{""type"":""MultiPoint"",""coordinates"":[]}"
70,Tumakuru,2026-03-06,15265.83397625288,MODIS/061/MOD11A2,GAUL_L2_polygon_mean (Tumkur),10630,2026_03_06,"{""type"":""MultiPoint"",""coordinates"":[]}"
70,Tumakuru,2026-03-14,15141.159500238145,MODIS/061/MOD11A2,GAUL_L2_polygon_mean (Tumkur),10630,2026_03_14,"{""type"":""MultiPoint"",""coordinates"":[]}"
70,Tumakuru,2026-03-22,15266.569196081922,MODIS/061/MOD11A2,GAUL_L2_polygon_mean (Tumkur),10630,2026_03_22,"{""type"":""MultiPoint"",""coordinates"":[]}"
70,Tumakuru,2026-03-30,15246.517697102492,MODIS/061/MOD11A2,GAUL_L2_polygon_mean (Tumkur),10630,2026_03_30,"{""type"":""MultiPoint"",""coordinates"":[]}"
70,Tumakuru,2026-04-07,15336.485296466648,MODIS/061/MOD11A2,GAUL_L2_polygon_mean (Tumkur),10630,2026_04_07,"{""type"":""MultiPoint"",""coordinates"":[]}"
70,Tumakuru,2026-04-15,15406.004784177128,MODIS/061/MOD11A2,GAUL_L2_polygon_mean (Tumkur),10630,2026_04_15,"{""type"":""MultiPoint"",""coordinates"":[]}"
70,Tumakuru,2026-04-23,15357.633316745458,MODIS/061/MOD11A2,GAUL_L2_polygon_mean (Tumkur),10630,2026_04_23,"{""type"":""MultiPoint"",""coordinates"":[]}"
70,Tumakuru,2026-05-01,15234.572417245785,MODIS/061/MOD11A2,GAUL_L2_polygon_mean (Tumkur),10629,2026_05_01,"{""type"":""MultiPoint"",""coordinates"":[]}"
70,Tumakuru,2026-05-09,15267.330345401479,MODIS/061/MOD11A2,GAUL_L2_polygon_mean (Tumkur),10556,2026_05_09,"{""type"":""MultiPoint"",""coordinates"":[]}"
70,Tumakuru,2026-05-17,15287.504043594705,MODIS/061/MOD11A2,GAUL_L2_polygon_mean (Tumkur),10051,2026_05_17,"{""type"":""MultiPoint"",""coordinates"":[]}"
70,Tumakuru,2026-05-25,15053.24376171561,MODIS/061/MOD11A2,GAUL_L2_polygon_mean (Tumkur),9738,2026_05_25,"{""type"":""MultiPoint"",""coordinates"":[]}"
70,Tumakuru,2026-06-02,15042.077097906307,MODIS/061/MOD11A2,GAUL_L2_polygon_mean (Tumkur),8501,2026_06_02,"{""type"":""MultiPoint"",""coordinates"":[]}"
70,Tumakuru,2026-06-10,14945.909685637866,MODIS/061/MOD11A2,GAUL_L2_polygon_mean (Tumkur),8835,2026_06_10,"{""type"":""MultiPoint"",""coordinates"":[]}"
70,Tumakuru,2026-06-18,15148.208937223983,MODIS/061/MOD11A2,GAUL_L2_polygon_mean (Tumkur),6581,2026_06_18,"{""type"":""MultiPoint"",""coordinates"":[]}"
70,Tumakuru,2026-06-26,15097.105865042171,MODIS/061/MOD11A2,GAUL_L2_polygon_mean (Tumkur),9034,2026_06_26,"{""type"":""MultiPoint"",""coordinates"":[]}"
70,Tumakuru,2026-07-04,14951.261949516844,MODIS/061/MOD11A2,GAUL_L2_polygon_mean (Tumkur),2609,2026_07_04,"{""type"":""MultiPoint"",""coordinates"":[]}"
70,Tumakuru,2026-07-12,14969.280693424018,MODIS/061/MOD11A2,GAUL_L2_polygon_mean (Tumkur),10158,2026_07_12,"{""type"":""MultiPoint"",""coordinates"":[]}"
70,Tumakuru,2026-07-20,14922.657119673728,MODIS/061/MOD11A2,GAUL_L2_polygon_mean (Tumkur),2015,2026_07_20,"{""type"":""MultiPoint"",""coordinates"":[]}"
70,Tumakuru,2026-07-28,14824.375,MODIS/061/MOD11A2,GAUL_L2_polygon_mean (Tumkur),64,2026_07_28,"{""type"":""MultiPoint"",""coordinates"":[]}"
70,Tumakuru,2026-08-05,14943.067383118707,MODIS/061/MOD11A2,GAUL_L2_polygon_mean (Tumkur),4339,2026_08_05,"{""type"":""MultiPoint"",""coordinates"":[]}"
70,Tumakuru,2026-08-13,14917.465363832589,MODIS/061/MOD11A2,GAUL_L2_polygon_mean (Tumkur),3842,2026_08_13,"{""type"":""MultiPoint"",""coordinates"":[]}"
70,Tumakuru,2026-08-21,14962.743458902547,MODIS/061/MOD11A2,GAUL_L2_polygon_mean (Tumkur),8718,2026_08_21,"{""type"":""MultiPoint"",""coordinates"":[]}"
70,Tumakuru,2026-08-29,15108.023285756597,MODIS/061/MOD11A2,GAUL_L2_polygon_mean (Tumkur),10608,2026_08_29,"{""type"":""MultiPoint"",""coordinates"":[]}"
70,Tumakuru,2026-09-06,15077.88021762282,MODIS/061/MOD11A2,GAUL_L2_polygon_mean (Tumkur),10606,2026_09_06,"{""type"":""MultiPoint"",""coordinates"":[]}"
70,Tumakuru,2026-09-14,15180.886246228183,MODIS/061/MOD11A2,GAUL_L2_polygon_mean (Tumkur),10126,2026_09_14,"{""type"":""MultiPoint"",""coordinates"":[]}"
