district_id,district_name,date,LST,dataset_source,extraction_method,valid_pixel_count,system:index,.geo
4,Mangaluru,2010-01-01,15076.292817907772,MODIS/061/MOD11A2,GAUL_L2_polygon_mean (Dakshin Kannad),4557,2010_01_01,"{""type"":""MultiPoint"",""coordinates"":[]}"
4,Mangaluru,2010-01-09,15135.207827712498,MODIS/061/MOD11A2,GAUL_L2_polygon_mean (Dakshin Kannad),4554,2010_01_09,"{""type"":""MultiPoint"",""coordinates"":[]}"
4,Mangaluru,2010-01-17,15127.173823171786,MODIS/061/MOD11A2,GAUL_L2_polygon_mean (Dakshin Kannad),4557,2010_01_17,"{""type"":""MultiPoint"",""coordinates"":[]}"
4,Mangaluru,2010-01-25,15116.80654396095,MODIS/061/MOD11A2,GAUL_L2_polygon_mean (Dakshin Kannad),4556,2010_01_25,"{""type"":""MultiPoint"",""coordinates"":[]}"
4,Mangaluru,2010-02-02,15160.323918305956,MODIS/061/MOD11A2,GAUL_L2_polygon_mean (Dakshin Kannad),4557,2010_02_02,"{""type"":""MultiPoint"",""coordinates"":[]}"
4,Mangaluru,2010-02-10,15205.55671003568,MODIS/061/MOD11A2,GAUL_L2_polygon_mean (Dakshin Kannad),4557,2010_02_10,"{""type"":""MultiPoint"",""coordinates"":[]}"
4,Mangaluru,2010-02-18,15202.761129321383,MODIS/061/MOD11A2,GAUL_L2_polygon_mean (Dakshin Kannad),4557,2010_02_18,"{""type"":""MultiPoint"",""coordinates"":[]}"
4,Mangaluru,2010-02-26,15234.996169677015,MODIS/061/MOD11A2,GAUL_L2_polygon_mean (Dakshin Kannad),4557,2010_02_26,"{""type"":""MultiPoint"",""coordinates"":[]}"
4,Mangaluru,2010-03-06,15340.239705415384,MODIS/061/MOD11A2,GAUL_L2_polygon_mean (Dakshin Kannad),4557,2010_03_06,"{""type"":""MultiPoint"",""coordinates"":[]}"
4,Mangaluru,2010-03-14,15301.42601586968,MODIS/061/MOD11A2,GAUL_L2_polygon_mean (Dakshin Kannad),4556,2010_03_14,"{""type"":""MultiPoint"",""coordinates"":[]}"
4,Mangaluru,2010-03-22,15174.176833755526,MODIS/061/MOD11A2,GAUL_L2_polygon_mean (Dakshin Kannad),4556,2010_03_22,"{""type"":""MultiPoint"",""coordinates"":[]}"
4,Mangaluru,2010-03-30,15257.453854977814,MODIS/061/MOD11A2,GAUL_L2_polygon_mean (Dakshin Kannad),4557,2010_03_30,"{""type"":""MultiPoint"",""coordinates"":[]}"
4,Mangaluru,2010-04-07,15272.35770178135,MODIS/061/MOD11A2,GAUL_L2_polygon_mean (Dakshin Kannad),4556,2010_04_07,"{""type"":""MultiPoint"",""coordinates"":[]}"
4,Mangaluru,2010-04-15,15296.941128612916,MODIS/061/MOD11A2,GAUL_L2_polygon_mean (Dakshin Kannad),4555,2010_04_15,"{""type"":""MultiPoint"",""coordinates"":[]}"
4,Mangaluru,2010-04-23,15285.277265926246,MODIS/061/MOD11A2,GAUL_L2_polygon_mean (Dakshin Kannad),4487,2010_04_23,"{""type"":""MultiPoint"",""coordinates"":[]}"
4,Mangaluru,2010-05-01,15250.330498573872,MODIS/061/MOD11A2,GAUL_L2_polygon_mean (Dakshin Kannad),4555,2010_05_01,"{""type"":""MultiPoint"",""coordinates"":[]}"
4,Mangaluru,2010-05-09,15109.943143239021,MODIS/061/MOD11A2,GAUL_L2_polygon_mean (Dakshin Kannad),3292,2010_05_09,"{""type"":""MultiPoint"",""coordinates"":[]}"
4,Mangaluru,2010-05-17,15070.580816779302,MODIS/061/MOD11A2,GAUL_L2_polygon_mean (Dakshin Kannad),1074,2010_05_17,"{""type"":""MultiPoint"",""coordinates"":[]}"
4,Mangaluru,2010-05-25,15080.166911661388,MODIS/061/MOD11A2,GAUL_L2_polygon_mean (Dakshin Kannad),3822,2010_05_25,"{""type"":""MultiPoint"",""coordinates"":[]}"
4,Mangaluru,2010-06-02,15122.991686172856,MODIS/061/MOD11A2,GAUL_L2_polygon_mean (Dakshin Kannad),2620,2010_06_02,"{""type"":""MultiPoint"",""coordinates"":[]}"
4,Mangaluru,2010-06-18,15080.955340667224,MODIS/061/MOD11A2,GAUL_L2_polygon_mean (Dakshin Kannad),830,2010_06_18,"{""type"":""MultiPoint"",""coordinates"":[]}"
4,Mangaluru,2010-06-26,14958.08664665508,MODIS/061/MOD11A2,GAUL_L2_polygon_mean (Dakshin Kannad),223,2010_06_26,"{""type"":""MultiPoint"",""coordinates"":[]}"
4,Mangaluru,2010-07-04,14968.651047454685,MODIS/061/MOD11A2,GAUL_L2_polygon_mean (Dakshin Kannad),899,2010_07_04,"{""type"":""MultiPoint"",""coordinates"":[]}"
4,Mangaluru,2010-07-20,14983.050987976278,MODIS/061/MOD11A2,GAUL_L2_polygon_mean (Dakshin Kannad),1251,2010_07_20,"{""type"":""MultiPoint"",""coordinates"":[]}"
4,Mangaluru,2010-07-28,14951.640617796218,MODIS/061/MOD11A2,GAUL_L2_polygon_mean (Dakshin Kannad),17,2010_07_28,"{""type"":""MultiPoint"",""coordinates"":[]}"
4,Mangaluru,2010-08-05,15047.45626074921,MODIS/061/MOD11A2,GAUL_L2_polygon_mean (Dakshin Kannad),1867,2010_08_05,"{""type"":""MultiPoint"",""coordinates"":[]}"
4,Mangaluru,2010-08-13,15032.198567408546,MODIS/061/MOD11A2,GAUL_L2_polygon_mean (Dakshin Kannad),76,2010_08_13,"{""type"":""MultiPoint"",""coordinates"":[]}"
4,Mangaluru,2010-08-21,15040.056079184518,MODIS/061/MOD11A2,GAUL_L2_polygon_mean (Dakshin Kannad),132,2010_08_21,"{""type"":""MultiPoint"",""coordinates"":[]}"
4,Mangaluru,2010-08-29,14946.993291711522,MODIS/061/MOD11A2,GAUL_L2_polygon_mean (Dakshin Kannad),455,2010_08_29,"{""type"":""MultiPoint"",""coordinates"":[]}"
4,Mangaluru,2010-09-06,15092.664483286462,MODIS/061/MOD11A2,GAUL_L2_polygon_mean (Dakshin Kannad),330,2010_09_06,"{""type"":""MultiPoint"",""coordinates"":[]}"
4,Mangaluru,2010-09-14,14976.310553663247,MODIS/061/MOD11A2,GAUL_L2_polygon_mean (Dakshin Kannad),1016,2010_09_14,"{""type"":""MultiPoint"",""coordinates"":[]}"
4,Mangaluru,2010-09-22,15094.217091342998,MODIS/061/MOD11A2,GAUL_L2_polygon_mean (Dakshin Kannad),3391,2010_09_22,"{""type"":""MultiPoint"",""coordinates"":[]}"
4,Mangaluru,2010-09-30,15046.385994185364,MODIS/061/MOD11A2,GAUL_L2_polygon_mean (Dakshin Kannad),3020,2010_09_30,"{""type"":""MultiPoint"",""coordinates"":[]}"
4,Mangaluru,2010-10-08,15079.163546776355,MODIS/061/MOD11A2,GAUL_L2_polygon_mean (Dakshin Kannad),3565,2010_10_08,"{""type"":""MultiPoint"",""coordinates"":[]}"
4,Mangaluru,2010-10-16,14947.88233190911,MODIS/061/MOD11A2,GAUL_L2_polygon_mean (Dakshin Kannad),1316,2010_10_16,"{""type"":""MultiPoint"",""coordinates"":[]}"
4,Mangaluru,2010-10-24,15148.131443232363,MODIS/061/MOD11A2,GAUL_L2_polygon_mean (Dakshin Kannad),4551,2010_10_24,"{""type"":""MultiPoint"",""coordinates"":[]}"
4,Mangaluru,2010-11-01,14979.020119996632,MODIS/061/MOD11A2,GAUL_L2_polygon_mean (Dakshin Kannad),1821,2010_11_01,"{""type"":""MultiPoint"",""coordinates"":[]}"
4,Mangaluru,2010-11-09,15055.741073180783,MODIS/061/MOD11A2,GAUL_L2_polygon_mean (Dakshin Kannad),4496,2010_11_09,"{""type"":""MultiPoint"",""coordinates"":[]}"
4,Mangaluru,2010-11-17,15057.086232442432,MODIS/061/MOD11A2,GAUL_L2_polygon_mean (Dakshin Kannad),4555,2010_11_17,"{""type"":""MultiPoint"",""coordinates"":[]}"
4,Mangaluru,2010-11-25,15124.732479645727,MODIS/061/MOD11A2,GAUL_L2_polygon_mean (Dakshin Kannad),4555,2010_11_25,"{""type"":""MultiPoint"",""coordinates"":[]}"
4,Mangaluru,2010-12-03,14985.03951605974,MODIS/061/MOD11A2,GAUL_L2_polygon_mean (Dakshin Kannad),4518,2010_12_03,"{""type"":""MultiPoint"",""coordinates"":[]}"
4,Mangaluru,2010-12-11,14999.483719490765,MODIS/061/MOD11A2,GAUL_L2_polygon_mean (Dakshin Kannad),4548,2010_12_11,"{""type"":""MultiPoint"",""coordinates"":[]}"
4,Mangaluru,2010-12-19,15060.399399161664,MODIS/061/MOD11A2,GAUL_L2_polygon_mean (Dakshin Kannad),4557,2010_12_19,"{""type"":""MultiPoint"",""coordinates"":[]}"
4,Mangaluru,2010-12-27,15041.620739962907,MODIS/061/MOD11A2,GAUL_L2_polygon_mean (Dakshin Kannad),4556,2010_12_27,"{""type"":""MultiPoint"",""coordinates"":[]}"
4,Mangaluru,2011-01-01,15044.594665317,MODIS/061/MOD11A2,GAUL_L2_polygon_mean (Dakshin Kannad),4555,2011_01_01,"{""type"":""MultiPoint"",""coordinates"":[]}"
4,Mangaluru,2011-01-09,15139.888579854634,MODIS/061/MOD11A2,GAUL_L2_polygon_mean (Dakshin Kannad),4557,2011_01_09,"{""type"":""MultiPoint"",""coordinates"":[]}"
4,Mangaluru,2011-01-17,15154.791288274178,MODIS/061/MOD11A2,GAUL_L2_polygon_mean (Dakshin Kannad),4557,2011_01_17,"{""type"":""MultiPoint"",""coordinates"":[]}"
4,Mangaluru,2011-01-25,15221.599680906817,MODIS/061/MOD11A2,GAUL_L2_polygon_mean (Dakshin Kannad),4557,2011_01_25,"{""type"":""MultiPoint"",""coordinates"":[]}"
4,Mangaluru,2011-02-02,15214.663390253205,MODIS/061/MOD11A2,GAUL_L2_polygon_mean (Dakshin Kannad),4557,2011_02_02,"{""type"":""MultiPoint"",""coordinates"":[]}"
4,Mangaluru,2011-02-10,15151.880263467025,MODIS/061/MOD11A2,GAUL_L2_polygon_mean (Dakshin Kannad),4557,2011_02_10,"{""type"":""MultiPoint"",""coordinates"":[]}"
4,Mangaluru,2011-02-18,15149.223342853937,MODIS/061/MOD11A2,GAUL_L2_polygon_mean (Dakshin Kannad),4557,2011_02_18,"{""type"":""MultiPoint"",""coordinates"":[]}"
4,Mangaluru,2011-02-26,15312.802260329448,MODIS/061/MOD11A2,GAUL_L2_polygon_mean (Dakshin Kannad),4557,2011_02_26,"{""type"":""MultiPoint"",""coordinates"":[]}"
4,Mangaluru,2011-03-06,15301.938454084751,MODIS/061/MOD11A2,GAUL_L2_polygon_mean (Dakshin Kannad),4557,2011_03_06,"{""type"":""MultiPoint"",""coordinates"":[]}"
4,Mangaluru,2011-03-14,15366.156087167168,MODIS/061/MOD11A2,GAUL_L2_polygon_mean (Dakshin Kannad),4557,2011_03_14,"{""type"":""MultiPoint"",""coordinates"":[]}"
4,Mangaluru,2011-03-22,15243.740282416387,MODIS/061/MOD11A2,GAUL_L2_polygon_mean (Dakshin Kannad),4557,2011_03_22,"{""type"":""MultiPoint"",""coordinates"":[]}"
4,Mangaluru,2011-03-30,15234.275899428854,MODIS/061/MOD11A2,GAUL_L2_polygon_mean (Dakshin Kannad),4557,2011_03_30,"{""type"":""MultiPoint"",""coordinates"":[]}"
4,Mangaluru,2011-04-07,15285.122863695626,MODIS/061/MOD11A2,GAUL_L2_polygon_mean (Dakshin Kannad),4556,2011_04_07,"{""type"":""MultiPoint"",""coordinates"":[]}"
4,Mangaluru,2011-04-15,15277.43967629674,MODIS/061/MOD11A2,GAUL_L2_polygon_mean (Dakshin Kannad),4554,2011_04_15,"{""type"":""MultiPoint"",""coordinates"":[]}"
4,Mangaluru,2011-04-23,15140.50555594648,MODIS/061/MOD11A2,GAUL_L2_polygon_mean (Dakshin Kannad),2786,2011_04_23,"{""type"":""MultiPoint"",""coordinates"":[]}"
4,Mangaluru,2011-05-01,15181.412917492627,MODIS/061/MOD11A2,GAUL_L2_polygon_mean (Dakshin Kannad),4554,2011_05_01,"{""type"":""MultiPoint"",""coordinates"":[]}"
4,Mangaluru,2011-05-09,15244.357193701242,MODIS/061/MOD11A2,GAUL_L2_polygon_mean (Dakshin Kannad),4556,2011_05_09,"{""type"":""MultiPoint"",""coordinates"":[]}"
4,Mangaluru,2011-05-17,15151.605963989108,MODIS/061/MOD11A2,GAUL_L2_polygon_mean (Dakshin Kannad),4264,2011_05_17,"{""type"":""MultiPoint"",""coordinates"":[]}"
4,Mangaluru,2011-05-25,15122.684721971766,MODIS/061/MOD11A2,GAUL_L2_polygon_mean (Dakshin Kannad),1370,2011_05_25,"{""type"":""MultiPoint"",""coordinates"":[]}"
4,Mangaluru,2011-06-02,14883.17403913464,MODIS/061/MOD11A2,GAUL_L2_polygon_mean (Dakshin Kannad),235,2011_06_02,"{""type"":""MultiPoint"",""coordinates"":[]}"
4,Mangaluru,2011-06-10,15057.59248942453,MODIS/061/MOD11A2,GAUL_L2_polygon_mean (Dakshin Kannad),491,2011_06_10,"{""type"":""MultiPoint"",""coordinates"":[]}"
4,Mangaluru,2011-06-18,15036.951119661628,MODIS/061/MOD11A2,GAUL_L2_polygon_mean (Dakshin Kannad),780,2011_06_18,"{""type"":""MultiPoint"",""coordinates"":[]}"
4,Mangaluru,2011-06-26,14953.220502290316,MODIS/061/MOD11A2,GAUL_L2_polygon_mean (Dakshin Kannad),49,2011_06_26,"{""type"":""MultiPoint"",""coordinates"":[]}"
4,Mangaluru,2011-07-04,14972.801610900335,MODIS/061/MOD11A2,GAUL_L2_polygon_mean (Dakshin Kannad),688,2011_07_04,"{""type"":""MultiPoint"",""coordinates"":[]}"
4,Mangaluru,2011-07-20,14851.618648006603,MODIS/061/MOD11A2,GAUL_L2_polygon_mean (Dakshin Kannad),151,2011_07_20,"{""type"":""MultiPoint"",""coordinates"":[]}"
4,Mangaluru,2011-07-28,14923.442886141354,MODIS/061/MOD11A2,GAUL_L2_polygon_mean (Dakshin Kannad),42,2011_07_28,"{""type"":""MultiPoint"",""coordinates"":[]}"
4,Mangaluru,2011-08-05,14814.0,MODIS/061/MOD11A2,GAUL_L2_polygon_mean (Dakshin Kannad),8,2011_08_05,"{""type"":""MultiPoint"",""coordinates"":[]}"
4,Mangaluru,2011-08-13,15000.990928641886,MODIS/061/MOD11A2,GAUL_L2_polygon_mean (Dakshin Kannad),242,2011_08_13,"{""type"":""MultiPoint"",""coordinates"":[]}"
4,Mangaluru,2011-08-21,14861.078977272726,MODIS/061/MOD11A2,GAUL_L2_polygon_mean (Dakshin Kannad),41,2011_08_21,"{""type"":""MultiPoint"",""coordinates"":[]}"
4,Mangaluru,2011-08-29,14974.945386038686,MODIS/061/MOD11A2,GAUL_L2_polygon_mean (Dakshin Kannad),582,2011_08_29,"{""type"":""MultiPoint"",""coordinates"":[]}"
4,Mangaluru,2011-09-06,15051.563639513226,MODIS/061/MOD11A2,GAUL_L2_polygon_mean (Dakshin Kannad),181,2011_09_06,"{""type"":""MultiPoint"",""coordinates"":[]}"
4,Mangaluru,2011-09-14,14942.286404743936,MODIS/061/MOD11A2,GAUL_L2_polygon_mean (Dakshin Kannad),711,2011_09_14,"{""type"":""MultiPoint"",""coordinates"":[]}"
4,Mangaluru,2011-09-22,15058.370904615616,MODIS/061/MOD11A2,GAUL_L2_polygon_mean (Dakshin Kannad),4492,2011_09_22,"{""type"":""MultiPoint"",""coordinates"":[]}"
4,Mangaluru,2011-09-30,15120.378439524196,MODIS/061/MOD11A2,GAUL_L2_polygon_mean (Dakshin Kannad),4557,2011_09_30,"{""type"":""MultiPoint"",""coordinates"":[]}"
4,Mangaluru,2011-10-08,15096.33591625171,MODIS/061/MOD11A2,GAUL_L2_polygon_mean (Dakshin Kannad),3963,2011_10_08,"{""type"":""MultiPoint"",""coordinates"":[]}"
4,Mangaluru,2011-10-16,15044.426389077213,MODIS/061/MOD11A2,GAUL_L2_polygon_mean (Dakshin Kannad),2834,2011_10_16,"{""type"":""MultiPoint"",""coordinates"":[]}"
4,Mangaluru,2011-10-24,15120.09423741396,MODIS/061/MOD11A2,GAUL_L2_polygon_mean (Dakshin Kannad),1775,2011_10_24,"{""type"":""MultiPoint"",""coordinates"":[]}"
4,Mangaluru,2011-11-01,15087.036197790258,MODIS/061/MOD11A2,GAUL_L2_polygon_mean (Dakshin Kannad),4555,2011_11_01,"{""type"":""MultiPoint"",""coordinates"":[]}"
4,Mangaluru,2011-11-09,15126.02778812833,MODIS/061/MOD11A2,GAUL_L2_polygon_mean (Dakshin Kannad),4557,2011_11_09,"{""type"":""MultiPoint"",""coordinates"":[]}"
4,Mangaluru,2011-11-17,15101.600842653848,MODIS/061/MOD11A2,GAUL_L2_polygon_mean (Dakshin Kannad),4557,2011_11_17,"{""type"":""MultiPoint"",""coordinates"":[]}"
4,Mangaluru,2011-11-25,14905.863501772224,MODIS/061/MOD11A2,GAUL_L2_polygon_mean (Dakshin Kannad),1613,2011_11_25,"{""type"":""MultiPoint"",""coordinates"":[]}"
4,Mangaluru,2011-12-03,15130.327941392892,MODIS/061/MOD11A2,GAUL_L2_polygon_mean (Dakshin Kannad),4557,2011_12_03,"{""type"":""MultiPoint"",""coordinates"":[]}"
4,Mangaluru,2011-12-11,15081.960383565838,MODIS/061/MOD11A2,GAUL_L2_polygon_mean (Dakshin Kannad),4557,2011_12_11,"{""type"":""MultiPoint"",""coordinates"":[]}"
4,Mangaluru,2011-12-19,15116.930656610806,MODIS/061/MOD11A2,GAUL_L2_polygon_mean (Dakshin Kannad),4557,2011_12_19,"{""type"":""MultiPoint"",""coordinates"":[]}"
4,Mangaluru,2011-12-27,14998.133857803332,MODIS/061/MOD11A2,GAUL_L2_polygon_mean (Dakshin Kannad),4454,2011_12_27,"{""type"":""MultiPoint"",""coordinates"":[]}"
4,Mangaluru,2012-01-01,15167.494807851359,MODIS/061/MOD11A2,GAUL_L2_polygon_mean (Dakshin Kannad),4557,2012_01_01,"{""type"":""MultiPoint"",""coordinates"":[]}"
4,Mangaluru,2012-01-09,15131.691543256136,MODIS/061/MOD11A2,GAUL_L2_polygon_mean (Dakshin Kannad),4557,2012_01_09,"{""type"":""MultiPoint"",""coordinates"":[]}"
4,Mangaluru,2012-01-17,15075.332479488792,MODIS/061/MOD11A2,GAUL_L2_polygon_mean (Dakshin Kannad),4556,2012_01_17,"{""type"":""MultiPoint"",""coordinates"":[]}"
4,Mangaluru,2012-01-25,15138.109865986025,MODIS/061/MOD11A2,GAUL_L2_polygon_mean (Dakshin Kannad),4557,2012_01_25,"{""type"":""MultiPoint"",""coordinates"":[]}"
4,Mangaluru,2012-02-02,15160.756802352205,MODIS/061/MOD11A2,GAUL_L2_polygon_mean (Dakshin Kannad),4556,2012_02_02,"{""type"":""MultiPoint"",""coordinates"":[]}"
4,Mangaluru,2012-02-10,15200.294442632512,MODIS/061/MOD11A2,GAUL_L2_polygon_mean (Dakshin Kannad),4557,2012_02_10,"{""type"":""MultiPoint"",""coordinates"":[]}"
4,Mangaluru,2012-02-18,15244.356073742536,MODIS/061/MOD11A2,GAUL_L2_polygon_mean (Dakshin Kannad),4557,2012_02_18,"{""type"":""MultiPoint"",""coordinates"":[]}"
4,Mangaluru,2012-02-26,15271.830866844019,MODIS/061/MOD11A2,GAUL_L2_polygon_mean (Dakshin Kannad),4557,2012_02_26,"{""type"":""MultiPoint"",""coordinates"":[]}"
4,Mangaluru,2012-03-05,15119.485146418858,MODIS/061/MOD11A2,GAUL_L2_polygon_mean (Dakshin Kannad),4557,2012_03_05,"{""type"":""MultiPoint"",""coordinates"":[]}"
4,Mangaluru,2012-03-13,15271.513189270969,MODIS/061/MOD11A2,GAUL_L2_polygon_mean (Dakshin Kannad),4557,2012_03_13,"{""type"":""MultiPoint"",""coordinates"":[]}"
4,Mangaluru,2012-03-21,15286.349297745435,MODIS/061/MOD11A2,GAUL_L2_polygon_mean (Dakshin Kannad),4557,2012_03_21,"{""type"":""MultiPoint"",""coordinates"":[]}"
4,Mangaluru,2012-03-29,15257.896506758812,MODIS/061/MOD11A2,GAUL_L2_polygon_mean (Dakshin Kannad),4556,2012_03_29,"{""type"":""MultiPoint"",""coordinates"":[]}"
4,Mangaluru,2012-04-06,15259.087987277584,MODIS/061/MOD11A2,GAUL_L2_polygon_mean (Dakshin Kannad),4557,2012_04_06,"{""type"":""MultiPoint"",""coordinates"":[]}"
4,Mangaluru,2012-04-14,15279.513365715771,MODIS/061/MOD11A2,GAUL_L2_polygon_mean (Dakshin Kannad),4555,2012_04_14,"{""type"":""MultiPoint"",""coordinates"":[]}"
4,Mangaluru,2012-04-22,15214.79647853578,MODIS/061/MOD11A2,GAUL_L2_polygon_mean (Dakshin Kannad),1342,2012_04_22,"{""type"":""MultiPoint"",""coordinates"":[]}"
4,Mangaluru,2012-04-30,15157.155743236195,MODIS/061/MOD11A2,GAUL_L2_polygon_mean (Dakshin Kannad),4317,2012_04_30,"{""type"":""MultiPoint"",""coordinates"":[]}"
4,Mangaluru,2012-05-08,15093.589979475255,MODIS/061/MOD11A2,GAUL_L2_polygon_mean (Dakshin Kannad),1446,2012_05_08,"{""type"":""MultiPoint"",""coordinates"":[]}"
4,Mangaluru,2012-05-16,15172.058893246473,MODIS/061/MOD11A2,GAUL_L2_polygon_mean (Dakshin Kannad),3811,2012_05_16,"{""type"":""MultiPoint"",""coordinates"":[]}"
4,Mangaluru,2012-05-24,15179.499614417959,MODIS/061/MOD11A2,GAUL_L2_polygon_mean (Dakshin Kannad),2354,2012_05_24,"{""type"":""MultiPoint"",""coordinates"":[]}"
4,Mangaluru,2012-06-01,15115.31449080873,MODIS/061/MOD11A2,GAUL_L2_polygon_mean (Dakshin Kannad),1239,2012_06_01,"{""type"":""MultiPoint"",""coordinates"":[]}"
4,Mangaluru,2012-06-09,14874.935985592665,MODIS/061/MOD11A2,GAUL_L2_polygon_mean (Dakshin Kannad),191,2012_06_09,"{""type"":""MultiPoint"",""coordinates"":[]}"
4,Mangaluru,2012-06-17,14970.637652783857,MODIS/061/MOD11A2,GAUL_L2_polygon_mean (Dakshin Kannad),412,2012_06_17,"{""type"":""MultiPoint"",""coordinates"":[]}"
4,Mangaluru,2012-06-25,14971.090665953465,MODIS/061/MOD11A2,GAUL_L2_polygon_mean (Dakshin Kannad),219,2012_06_25,"{""type"":""MultiPoint"",""coordinates"":[]}"
4,Mangaluru,2012-07-03,14990.733549009123,MODIS/061/MOD11A2,GAUL_L2_polygon_mean (Dakshin Kannad),858,2012_07_03,"{""type"":""MultiPoint"",""coordinates"":[]}"
4,Mangaluru,2012-07-11,14979.416879513417,MODIS/061/MOD11A2,GAUL_L2_polygon_mean (Dakshin Kannad),640,2012_07_11,"{""type"":""MultiPoint"",""coordinates"":[]}"
4,Mangaluru,2012-07-19,14972.56144080981,MODIS/061/MOD11A2,GAUL_L2_polygon_mean (Dakshin Kannad),378,2012_07_19,"{""type"":""MultiPoint"",""coordinates"":[]}"
4,Mangaluru,2012-07-27,14986.599491417674,MODIS/061/MOD11A2,GAUL_L2_polygon_mean (Dakshin Kannad),30,2012_07_27,"{""type"":""MultiPoint"",""coordinates"":[]}"
4,Mangaluru,2012-08-04,14895.721348050723,MODIS/061/MOD11A2,GAUL_L2_polygon_mean (Dakshin Kannad),33,2012_08_04,"{""type"":""MultiPoint"",""coordinates"":[]}"
4,Mangaluru,2012-08-12,15048.52582726653,MODIS/061/MOD11A2,GAUL_L2_polygon_mean (Dakshin Kannad),350,2012_08_12,"{""type"":""MultiPoint"",""coordinates"":[]}"
4,Mangaluru,2012-08-20,15060.467673716012,MODIS/061/MOD11A2,GAUL_L2_polygon_mean (Dakshin Kannad),1369,2012_08_20,"{""type"":""MultiPoint"",""coordinates"":[]}"
4,Mangaluru,2012-09-05,14879.118676388109,MODIS/061/MOD11A2,GAUL_L2_polygon_mean (Dakshin Kannad),209,2012_09_05,"{""type"":""MultiPoint"",""coordinates"":[]}"
4,Mangaluru,2012-09-13,14984.599304062293,MODIS/061/MOD11A2,GAUL_L2_polygon_mean (Dakshin Kannad),2684,2012_09_13,"{""type"":""MultiPoint"",""coordinates"":[]}"
4,Mangaluru,2012-09-21,15057.849839142445,MODIS/061/MOD11A2,GAUL_L2_polygon_mean (Dakshin Kannad),4479,2012_09_21,"{""type"":""MultiPoint"",""coordinates"":[]}"
4,Mangaluru,2012-09-29,14984.136033086985,MODIS/061/MOD11A2,GAUL_L2_polygon_mean (Dakshin Kannad),2514,2012_09_29,"{""type"":""MultiPoint"",""coordinates"":[]}"
4,Mangaluru,2012-10-07,15090.216745652891,MODIS/061/MOD11A2,GAUL_L2_polygon_mean (Dakshin Kannad),4551,2012_10_07,"{""type"":""MultiPoint"",""coordinates"":[]}"
4,Mangaluru,2012-10-15,15201.016454013621,MODIS/061/MOD11A2,GAUL_L2_polygon_mean (Dakshin Kannad),4552,2012_10_15,"{""type"":""MultiPoint"",""coordinates"":[]}"
4,Mangaluru,2012-10-23,15076.237513793596,MODIS/061/MOD11A2,GAUL_L2_polygon_mean (Dakshin Kannad),4467,2012_10_23,"{""type"":""MultiPoint"",""coordinates"":[]}"
4,Mangaluru,2012-10-31,14938.84333149618,MODIS/061/MOD11A2,GAUL_L2_polygon_mean (Dakshin Kannad),2718,2012_10_31,"{""type"":""MultiPoint"",""coordinates"":[]}"
4,Mangaluru,2012-11-08,15124.731804244764,MODIS/061/MOD11A2,GAUL_L2_polygon_mean (Dakshin Kannad),4557,2012_11_08,"{""type"":""MultiPoint"",""coordinates"":[]}"
4,Mangaluru,2012-11-16,15091.20984077183,MODIS/061/MOD11A2,GAUL_L2_polygon_mean (Dakshin Kannad),4557,2012_11_16,"{""type"":""MultiPoint"",""coordinates"":[]}"
4,Mangaluru,2012-11-24,15121.227950256569,MODIS/061/MOD11A2,GAUL_L2_polygon_mean (Dakshin Kannad),4557,2012_11_24,"{""type"":""MultiPoint"",""coordinates"":[]}"
4,Mangaluru,2012-12-02,15121.245635488538,MODIS/061/MOD11A2,GAUL_L2_polygon_mean (Dakshin Kannad),4557,2012_12_02,"{""type"":""MultiPoint"",""coordinates"":[]}"
4,Mangaluru,2012-12-10,15080.338048592026,MODIS/061/MOD11A2,GAUL_L2_polygon_mean (Dakshin Kannad),4557,2012_12_10,"{""type"":""MultiPoint"",""coordinates"":[]}"
4,Mangaluru,2012-12-18,15069.200302288518,MODIS/061/MOD11A2,GAUL_L2_polygon_mean (Dakshin Kannad),4556,2012_12_18,"{""type"":""MultiPoint"",""coordinates"":[]}"
4,Mangaluru,2012-12-26,15039.523874078597,MODIS/061/MOD11A2,GAUL_L2_polygon_mean (Dakshin Kannad),4556,2012_12_26,"{""type"":""MultiPoint"",""coordinates"":[]}"
4,Mangaluru,2013-01-01,15158.92288581403,MODIS/061/MOD11A2,GAUL_L2_polygon_mean (Dakshin Kannad),4557,2013_01_01,"{""type"":""MultiPoint"",""coordinates"":[]}"
4,Mangaluru,2013-01-09,15190.728534275653,MODIS/061/MOD11A2,GAUL_L2_polygon_mean (Dakshin Kannad),4556,2013_01_09,"{""type"":""MultiPoint"",""coordinates"":[]}"
4,Mangaluru,2013-01-17,15181.033281900938,MODIS/061/MOD11A2,GAUL_L2_polygon_mean (Dakshin Kannad),4557,2013_01_17,"{""type"":""MultiPoint"",""coordinates"":[]}"
4,Mangaluru,2013-01-25,15203.876073761165,MODIS/061/MOD11A2,GAUL_L2_polygon_mean (Dakshin Kannad),4556,2013_01_25,"{""type"":""MultiPoint"",""coordinates"":[]}"
4,Mangaluru,2013-02-02,15180.718518869191,MODIS/061/MOD11A2,GAUL_L2_polygon_mean (Dakshin Kannad),4556,2013_02_02,"{""type"":""MultiPoint"",""coordinates"":[]}"
4,Mangaluru,2013-02-10,15205.403202261316,MODIS/061/MOD11A2,GAUL_L2_polygon_mean (Dakshin Kannad),4556,2013_02_10,"{""type"":""MultiPoint"",""coordinates"":[]}"
4,Mangaluru,2013-02-18,15227.69975035345,MODIS/061/MOD11A2,GAUL_L2_polygon_mean (Dakshin Kannad),4557,2013_02_18,"{""type"":""MultiPoint"",""coordinates"":[]}"
4,Mangaluru,2013-02-26,15280.338931519756,MODIS/061/MOD11A2,GAUL_L2_polygon_mean (Dakshin Kannad),4557,2013_02_26,"{""type"":""MultiPoint"",""coordinates"":[]}"
4,Mangaluru,2013-03-06,15215.217200224102,MODIS/061/MOD11A2,GAUL_L2_polygon_mean (Dakshin Kannad),4557,2013_03_06,"{""type"":""MultiPoint"",""coordinates"":[]}"
4,Mangaluru,2013-03-14,15172.127982222632,MODIS/061/MOD11A2,GAUL_L2_polygon_mean (Dakshin Kannad),4556,2013_03_14,"{""type"":""MultiPoint"",""coordinates"":[]}"
4,Mangaluru,2013-03-22,15267.135606857915,MODIS/061/MOD11A2,GAUL_L2_polygon_mean (Dakshin Kannad),4557,2013_03_22,"{""type"":""MultiPoint"",""coordinates"":[]}"
4,Mangaluru,2013-03-30,15222.690975048708,MODIS/061/MOD11A2,GAUL_L2_polygon_mean (Dakshin Kannad),4538,2013_03_30,"{""type"":""MultiPoint"",""coordinates"":[]}"
4,Mangaluru,2013-04-07,15351.252840041225,MODIS/061/MOD11A2,GAUL_L2_polygon_mean (Dakshin Kannad),4557,2013_04_07,"{""type"":""MultiPoint"",""coordinates"":[]}"
4,Mangaluru,2013-04-15,15338.484806500286,MODIS/061/MOD11A2,GAUL_L2_polygon_mean (Dakshin Kannad),4557,2013_04_15,"{""type"":""MultiPoint"",""coordinates"":[]}"
4,Mangaluru,2013-04-23,15316.321775491182,MODIS/061/MOD11A2,GAUL_L2_polygon_mean (Dakshin Kannad),4555,2013_04_23,"{""type"":""MultiPoint"",""coordinates"":[]}"
4,Mangaluru,2013-05-01,15278.86695618571,MODIS/061/MOD11A2,GAUL_L2_polygon_mean (Dakshin Kannad),213,2013_05_01,"{""type"":""MultiPoint"",""coordinates"":[]}"
4,Mangaluru,2013-05-09,15214.258089335857,MODIS/061/MOD11A2,GAUL_L2_polygon_mean (Dakshin Kannad),2889,2013_05_09,"{""type"":""MultiPoint"",""coordinates"":[]}"
4,Mangaluru,2013-05-17,15116.918717138187,MODIS/061/MOD11A2,GAUL_L2_polygon_mean (Dakshin Kannad),4196,2013_05_17,"{""type"":""MultiPoint"",""coordinates"":[]}"
4,Mangaluru,2013-05-25,15044.319307099891,MODIS/061/MOD11A2,GAUL_L2_polygon_mean (Dakshin Kannad),688,2013_05_25,"{""type"":""MultiPoint"",""coordinates"":[]}"
4,Mangaluru,2013-06-02,12820.0,MODIS/061/MOD11A2,GAUL_L2_polygon_mean (Dakshin Kannad),0,2013_06_02,"{""type"":""MultiPoint"",""coordinates"":[]}"
4,Mangaluru,2013-06-26,14876.031018376081,MODIS/061/MOD11A2,GAUL_L2_polygon_mean (Dakshin Kannad),140,2013_06_26,"{""type"":""MultiPoint"",""coordinates"":[]}"
4,Mangaluru,2013-07-04,14976.0,MODIS/061/MOD11A2,GAUL_L2_polygon_mean (Dakshin Kannad),1,2013_07_04,"{""type"":""MultiPoint"",""coordinates"":[]}"
4,Mangaluru,2013-07-12,14905.145355360393,MODIS/061/MOD11A2,GAUL_L2_polygon_mean (Dakshin Kannad),101,2013_07_12,"{""type"":""MultiPoint"",""coordinates"":[]}"
4,Mangaluru,2013-07-20,14904.363636363636,MODIS/061/MOD11A2,GAUL_L2_polygon_mean (Dakshin Kannad),55,2013_07_20,"{""type"":""MultiPoint"",""coordinates"":[]}"
4,Mangaluru,2013-08-05,15012.816489014576,MODIS/061/MOD11A2,GAUL_L2_polygon_mean (Dakshin Kannad),90,2013_08_05,"{""type"":""MultiPoint"",""coordinates"":[]}"
4,Mangaluru,2013-08-13,15017.70846502093,MODIS/061/MOD11A2,GAUL_L2_polygon_mean (Dakshin Kannad),275,2013_08_13,"{""type"":""MultiPoint"",""coordinates"":[]}"
4,Mangaluru,2013-08-21,14949.84337206546,MODIS/061/MOD11A2,GAUL_L2_polygon_mean (Dakshin Kannad),1124,2013_08_21,"{""type"":""MultiPoint"",""coordinates"":[]}"
4,Mangaluru,2013-08-29,15113.53309851491,MODIS/061/MOD11A2,GAUL_L2_polygon_mean (Dakshin Kannad),4071,2013_08_29,"{""type"":""MultiPoint"",""coordinates"":[]}"
4,Mangaluru,2013-09-06,14997.77502383223,MODIS/061/MOD11A2,GAUL_L2_polygon_mean (Dakshin Kannad),530,2013_09_06,"{""type"":""MultiPoint"",""coordinates"":[]}"
4,Mangaluru,2013-09-14,15124.032093490245,MODIS/061/MOD11A2,GAUL_L2_polygon_mean (Dakshin Kannad),335,2013_09_14,"{""type"":""MultiPoint"",""coordinates"":[]}"
4,Mangaluru,2013-09-22,14995.904154173335,MODIS/061/MOD11A2,GAUL_L2_polygon_mean (Dakshin Kannad),2662,2013_09_22,"{""type"":""MultiPoint"",""coordinates"":[]}"
4,Mangaluru,2013-09-30,14985.833602123292,MODIS/061/MOD11A2,GAUL_L2_polygon_mean (Dakshin Kannad),425,2013_09_30,"{""type"":""MultiPoint"",""coordinates"":[]}"
4,Mangaluru,2013-10-08,15022.81265593353,MODIS/061/MOD11A2,GAUL_L2_polygon_mean (Dakshin Kannad),1436,2013_10_08,"{""type"":""MultiPoint"",""coordinates"":[]}"
4,Mangaluru,2013-10-16,15080.443014845836,MODIS/061/MOD11A2,GAUL_L2_polygon_mean (Dakshin Kannad),4069,2013_10_16,"{""type"":""MultiPoint"",""coordinates"":[]}"
4,Mangaluru,2013-10-24,15089.367883549832,MODIS/061/MOD11A2,GAUL_L2_polygon_mean (Dakshin Kannad),4520,2013_10_24,"{""type"":""MultiPoint"",""coordinates"":[]}"
4,Mangaluru,2013-11-01,15123.297500492812,MODIS/061/MOD11A2,GAUL_L2_polygon_mean (Dakshin Kannad),4555,2013_11_01,"{""type"":""MultiPoint"",""coordinates"":[]}"
4,Mangaluru,2013-11-09,15032.638750029044,MODIS/061/MOD11A2,GAUL_L2_polygon_mean (Dakshin Kannad),4557,2013_11_09,"{""type"":""MultiPoint"",""coordinates"":[]}"
4,Mangaluru,2013-11-17,15130.736542451541,MODIS/061/MOD11A2,GAUL_L2_polygon_mean (Dakshin Kannad),4557,2013_11_17,"{""type"":""MultiPoint"",""coordinates"":[]}"
4,Mangaluru,2013-11-25,15099.31324379076,MODIS/061/MOD11A2,GAUL_L2_polygon_mean (Dakshin Kannad),4555,2013_11_25,"{""type"":""MultiPoint"",""coordinates"":[]}"
4,Mangaluru,2013-12-03,15045.22470769155,MODIS/061/MOD11A2,GAUL_L2_polygon_mean (Dakshin Kannad),4557,2013_12_03,"{""type"":""MultiPoint"",""coordinates"":[]}"
4,Mangaluru,2013-12-11,15080.613584006798,MODIS/061/MOD11A2,GAUL_L2_polygon_mean (Dakshin Kannad),4557,2013_12_11,"{""type"":""MultiPoint"",""coordinates"":[]}"
4,Mangaluru,2013-12-19,15116.108799760417,MODIS/061/MOD11A2,GAUL_L2_polygon_mean (Dakshin Kannad),4557,2013_12_19,"{""type"":""MultiPoint"",""coordinates"":[]}"
4,Mangaluru,2013-12-27,15078.077218312927,MODIS/061/MOD11A2,GAUL_L2_polygon_mean (Dakshin Kannad),4557,2013_12_27,"{""type"":""MultiPoint"",""coordinates"":[]}"
4,Mangaluru,2014-01-01,15102.922904379737,MODIS/061/MOD11A2,GAUL_L2_polygon_mean (Dakshin Kannad),4556,2014_01_01,"{""type"":""MultiPoint"",""coordinates"":[]}"
4,Mangaluru,2014-01-09,15103.759233915544,MODIS/061/MOD11A2,GAUL_L2_polygon_mean (Dakshin Kannad),4556,2014_01_09,"{""type"":""MultiPoint"",""coordinates"":[]}"
4,Mangaluru,2014-01-17,15137.291150155383,MODIS/061/MOD11A2,GAUL_L2_polygon_mean (Dakshin Kannad),4557,2014_01_17,"{""type"":""MultiPoint"",""coordinates"":[]}"
4,Mangaluru,2014-01-25,15138.514703844858,MODIS/061/MOD11A2,GAUL_L2_polygon_mean (Dakshin Kannad),4557,2014_01_25,"{""type"":""MultiPoint"",""coordinates"":[]}"
4,Mangaluru,2014-02-02,15231.396483399958,MODIS/061/MOD11A2,GAUL_L2_polygon_mean (Dakshin Kannad),4556,2014_02_02,"{""type"":""MultiPoint"",""coordinates"":[]}"
4,Mangaluru,2014-02-10,15172.683618420326,MODIS/061/MOD11A2,GAUL_L2_polygon_mean (Dakshin Kannad),4557,2014_02_10,"{""type"":""MultiPoint"",""coordinates"":[]}"
4,Mangaluru,2014-02-18,15220.920193142596,MODIS/061/MOD11A2,GAUL_L2_polygon_mean (Dakshin Kannad),4557,2014_02_18,"{""type"":""MultiPoint"",""coordinates"":[]}"
4,Mangaluru,2014-02-26,15228.002856176576,MODIS/061/MOD11A2,GAUL_L2_polygon_mean (Dakshin Kannad),4557,2014_02_26,"{""type"":""MultiPoint"",""coordinates"":[]}"
4,Mangaluru,2014-03-06,15283.066813835616,MODIS/061/MOD11A2,GAUL_L2_polygon_mean (Dakshin Kannad),4556,2014_03_06,"{""type"":""MultiPoint"",""coordinates"":[]}"
4,Mangaluru,2014-03-14,15364.804052862086,MODIS/061/MOD11A2,GAUL_L2_polygon_mean (Dakshin Kannad),4557,2014_03_14,"{""type"":""MultiPoint"",""coordinates"":[]}"
4,Mangaluru,2014-03-22,15394.87658029866,MODIS/061/MOD11A2,GAUL_L2_polygon_mean (Dakshin Kannad),4557,2014_03_22,"{""type"":""MultiPoint"",""coordinates"":[]}"
4,Mangaluru,2014-03-30,15327.122979958573,MODIS/061/MOD11A2,GAUL_L2_polygon_mean (Dakshin Kannad),4557,2014_03_30,"{""type"":""MultiPoint"",""coordinates"":[]}"
4,Mangaluru,2014-04-07,15300.55847486436,MODIS/061/MOD11A2,GAUL_L2_polygon_mean (Dakshin Kannad),4556,2014_04_07,"{""type"":""MultiPoint"",""coordinates"":[]}"
4,Mangaluru,2014-04-15,15312.351336649383,MODIS/061/MOD11A2,GAUL_L2_polygon_mean (Dakshin Kannad),4556,2014_04_15,"{""type"":""MultiPoint"",""coordinates"":[]}"
4,Mangaluru,2014-04-23,15246.84661146279,MODIS/061/MOD11A2,GAUL_L2_polygon_mean (Dakshin Kannad),4342,2014_04_23,"{""type"":""MultiPoint"",""coordinates"":[]}"
4,Mangaluru,2014-05-01,15182.733895309255,MODIS/061/MOD11A2,GAUL_L2_polygon_mean (Dakshin Kannad),4546,2014_05_01,"{""type"":""MultiPoint"",""coordinates"":[]}"
4,Mangaluru,2014-05-09,15118.968163265325,MODIS/061/MOD11A2,GAUL_L2_polygon_mean (Dakshin Kannad),4395,2014_05_09,"{""type"":""MultiPoint"",""coordinates"":[]}"
4,Mangaluru,2014-05-17,15157.172014665155,MODIS/061/MOD11A2,GAUL_L2_polygon_mean (Dakshin Kannad),4160,2014_05_17,"{""type"":""MultiPoint"",""coordinates"":[]}"
4,Mangaluru,2014-05-25,15160.851628838602,MODIS/061/MOD11A2,GAUL_L2_polygon_mean (Dakshin Kannad),3140,2014_05_25,"{""type"":""MultiPoint"",""coordinates"":[]}"
4,Mangaluru,2014-06-02,15108.662034721865,MODIS/061/MOD11A2,GAUL_L2_polygon_mean (Dakshin Kannad),2211,2014_06_02,"{""type"":""MultiPoint"",""coordinates"":[]}"
4,Mangaluru,2014-06-10,15032.250212158764,MODIS/061/MOD11A2,GAUL_L2_polygon_mean (Dakshin Kannad),1769,2014_06_10,"{""type"":""MultiPoint"",""coordinates"":[]}"
4,Mangaluru,2014-06-18,15003.063961868,MODIS/061/MOD11A2,GAUL_L2_polygon_mean (Dakshin Kannad),1417,2014_06_18,"{""type"":""MultiPoint"",""coordinates"":[]}"
4,Mangaluru,2014-06-26,15065.199888556506,MODIS/061/MOD11A2,GAUL_L2_polygon_mean (Dakshin Kannad),1928,2014_06_26,"{""type"":""MultiPoint"",""coordinates"":[]}"
4,Mangaluru,2014-07-12,15001.69216468729,MODIS/061/MOD11A2,GAUL_L2_polygon_mean (Dakshin Kannad),575,2014_07_12,"{""type"":""MultiPoint"",""coordinates"":[]}"
4,Mangaluru,2014-07-20,14822.428358464706,MODIS/061/MOD11A2,GAUL_L2_polygon_mean (Dakshin Kannad),228,2014_07_20,"{""type"":""MultiPoint"",""coordinates"":[]}"
4,Mangaluru,2014-07-28,15024.518883545628,MODIS/061/MOD11A2,GAUL_L2_polygon_mean (Dakshin Kannad),1286,2014_07_28,"{""type"":""MultiPoint"",""coordinates"":[]}"
4,Mangaluru,2014-08-13,15043.78635171622,MODIS/061/MOD11A2,GAUL_L2_polygon_mean (Dakshin Kannad),2427,2014_08_13,"{""type"":""MultiPoint"",""coordinates"":[]}"
4,Mangaluru,2014-08-21,15058.38148768445,MODIS/061/MOD11A2,GAUL_L2_polygon_mean (Dakshin Kannad),1358,2014_08_21,"{""type"":""MultiPoint"",""coordinates"":[]}"
4,Mangaluru,2014-08-29,14954.554699553182,MODIS/061/MOD11A2,GAUL_L2_polygon_mean (Dakshin Kannad),391,2014_08_29,"{""type"":""MultiPoint"",""coordinates"":[]}"
4,Mangaluru,2014-09-06,14968.362407015471,MODIS/061/MOD11A2,GAUL_L2_polygon_mean (Dakshin Kannad),2275,2014_09_06,"{""type"":""MultiPoint"",""coordinates"":[]}"
4,Mangaluru,2014-09-14,15012.730208036255,MODIS/061/MOD11A2,GAUL_L2_polygon_mean (Dakshin Kannad),508,2014_09_14,"{""type"":""MultiPoint"",""coordinates"":[]}"
4,Mangaluru,2014-09-22,15133.918220213758,MODIS/061/MOD11A2,GAUL_L2_polygon_mean (Dakshin Kannad),4550,2014_09_22,"{""type"":""MultiPoint"",""coordinates"":[]}"
4,Mangaluru,2014-09-30,15150.284687945996,MODIS/061/MOD11A2,GAUL_L2_polygon_mean (Dakshin Kannad),4363,2014_09_30,"{""type"":""MultiPoint"",""coordinates"":[]}"
4,Mangaluru,2014-10-08,15069.591906642114,MODIS/061/MOD11A2,GAUL_L2_polygon_mean (Dakshin Kannad),2234,2014_10_08,"{""type"":""MultiPoint"",""coordinates"":[]}"
4,Mangaluru,2014-10-16,15109.197857227418,MODIS/061/MOD11A2,GAUL_L2_polygon_mean (Dakshin Kannad),4272,2014_10_16,"{""type"":""MultiPoint"",""coordinates"":[]}"
4,Mangaluru,2014-10-24,15143.361916287657,MODIS/061/MOD11A2,GAUL_L2_polygon_mean (Dakshin Kannad),4556,2014_10_24,"{""type"":""MultiPoint"",""coordinates"":[]}"
4,Mangaluru,2014-11-01,15125.411467313883,MODIS/061/MOD11A2,GAUL_L2_polygon_mean (Dakshin Kannad),4553,2014_11_01,"{""type"":""MultiPoint"",""coordinates"":[]}"
4,Mangaluru,2014-11-09,15112.162187355972,MODIS/061/MOD11A2,GAUL_L2_polygon_mean (Dakshin Kannad),4518,2014_11_09,"{""type"":""MultiPoint"",""coordinates"":[]}"
4,Mangaluru,2014-11-17,15127.492361298155,MODIS/061/MOD11A2,GAUL_L2_polygon_mean (Dakshin Kannad),4557,2014_11_17,"{""type"":""MultiPoint"",""coordinates"":[]}"
4,Mangaluru,2014-11-25,15097.87516640953,MODIS/061/MOD11A2,GAUL_L2_polygon_mean (Dakshin Kannad),4557,2014_11_25,"{""type"":""MultiPoint"",""coordinates"":[]}"
4,Mangaluru,2014-12-03,15091.745173024035,MODIS/061/MOD11A2,GAUL_L2_polygon_mean (Dakshin Kannad),4556,2014_12_03,"{""type"":""MultiPoint"",""coordinates"":[]}"
4,Mangaluru,2014-12-11,15084.794988655576,MODIS/061/MOD11A2,GAUL_L2_polygon_mean (Dakshin Kannad),4556,2014_12_11,"{""type"":""MultiPoint"",""coordinates"":[]}"
4,Mangaluru,2014-12-19,14993.568695506381,MODIS/061/MOD11A2,GAUL_L2_polygon_mean (Dakshin Kannad),4443,2014_12_19,"{""type"":""MultiPoint"",""coordinates"":[]}"
4,Mangaluru,2014-12-27,15091.983701354755,MODIS/061/MOD11A2,GAUL_L2_polygon_mean (Dakshin Kannad),4555,2014_12_27,"{""type"":""MultiPoint"",""coordinates"":[]}"
4,Mangaluru,2015-01-01,15071.256447480857,MODIS/061/MOD11A2,GAUL_L2_polygon_mean (Dakshin Kannad),4557,2015_01_01,"{""type"":""MultiPoint"",""coordinates"":[]}"
4,Mangaluru,2015-01-09,15102.252925235993,MODIS/061/MOD11A2,GAUL_L2_polygon_mean (Dakshin Kannad),4557,2015_01_09,"{""type"":""MultiPoint"",""coordinates"":[]}"
4,Mangaluru,2015-01-17,15117.465134250624,MODIS/061/MOD11A2,GAUL_L2_polygon_mean (Dakshin Kannad),4557,2015_01_17,"{""type"":""MultiPoint"",""coordinates"":[]}"
4,Mangaluru,2015-01-25,15162.604944051125,MODIS/061/MOD11A2,GAUL_L2_polygon_mean (Dakshin Kannad),4557,2015_01_25,"{""type"":""MultiPoint"",""coordinates"":[]}"
4,Mangaluru,2015-02-02,15176.079334413642,MODIS/061/MOD11A2,GAUL_L2_polygon_mean (Dakshin Kannad),4557,2015_02_02,"{""type"":""MultiPoint"",""coordinates"":[]}"
4,Mangaluru,2015-02-10,15201.634662400618,MODIS/061/MOD11A2,GAUL_L2_polygon_mean (Dakshin Kannad),4557,2015_02_10,"{""type"":""MultiPoint"",""coordinates"":[]}"
4,Mangaluru,2015-02-18,15275.306446379169,MODIS/061/MOD11A2,GAUL_L2_polygon_mean (Dakshin Kannad),4556,2015_02_18,"{""type"":""MultiPoint"",""coordinates"":[]}"
4,Mangaluru,2015-02-26,15190.945578605964,MODIS/061/MOD11A2,GAUL_L2_polygon_mean (Dakshin Kannad),4557,2015_02_26,"{""type"":""MultiPoint"",""coordinates"":[]}"
4,Mangaluru,2015-03-06,15285.738427063367,MODIS/061/MOD11A2,GAUL_L2_polygon_mean (Dakshin Kannad),4557,2015_03_06,"{""type"":""MultiPoint"",""coordinates"":[]}"
4,Mangaluru,2015-03-14,15294.3952771111,MODIS/061/MOD11A2,GAUL_L2_polygon_mean (Dakshin Kannad),4557,2015_03_14,"{""type"":""MultiPoint"",""coordinates"":[]}"
4,Mangaluru,2015-03-22,15299.038039979214,MODIS/061/MOD11A2,GAUL_L2_polygon_mean (Dakshin Kannad),4556,2015_03_22,"{""type"":""MultiPoint"",""coordinates"":[]}"
4,Mangaluru,2015-03-30,15291.120777802556,MODIS/061/MOD11A2,GAUL_L2_polygon_mean (Dakshin Kannad),4557,2015_03_30,"{""type"":""MultiPoint"",""coordinates"":[]}"
4,Mangaluru,2015-04-07,15117.580252238431,MODIS/061/MOD11A2,GAUL_L2_polygon_mean (Dakshin Kannad),2718,2015_04_07,"{""type"":""MultiPoint"",""coordinates"":[]}"
4,Mangaluru,2015-04-15,15336.383510423877,MODIS/061/MOD11A2,GAUL_L2_polygon_mean (Dakshin Kannad),4552,2015_04_15,"{""type"":""MultiPoint"",""coordinates"":[]}"
4,Mangaluru,2015-04-23,15203.101444947499,MODIS/061/MOD11A2,GAUL_L2_polygon_mean (Dakshin Kannad),4543,2015_04_23,"{""type"":""MultiPoint"",""coordinates"":[]}"
4,Mangaluru,2015-05-01,15095.030396990962,MODIS/061/MOD11A2,GAUL_L2_polygon_mean (Dakshin Kannad),3876,2015_05_01,"{""type"":""MultiPoint"",""coordinates"":[]}"
4,Mangaluru,2015-05-09,15087.921712623687,MODIS/061/MOD11A2,GAUL_L2_polygon_mean (Dakshin Kannad),757,2015_05_09,"{""type"":""MultiPoint"",""coordinates"":[]}"
4,Mangaluru,2015-05-17,15151.435846764996,MODIS/061/MOD11A2,GAUL_L2_polygon_mean (Dakshin Kannad),2528,2015_05_17,"{""type"":""MultiPoint"",""coordinates"":[]}"
4,Mangaluru,2015-05-25,15169.502002193516,MODIS/061/MOD11A2,GAUL_L2_polygon_mean (Dakshin Kannad),2756,2015_05_25,"{""type"":""MultiPoint"",""coordinates"":[]}"
4,Mangaluru,2015-06-02,15103.877268326241,MODIS/061/MOD11A2,GAUL_L2_polygon_mean (Dakshin Kannad),2669,2015_06_02,"{""type"":""MultiPoint"",""coordinates"":[]}"
4,Mangaluru,2015-06-10,14960.563917916244,MODIS/061/MOD11A2,GAUL_L2_polygon_mean (Dakshin Kannad),807,2015_06_10,"{""type"":""MultiPoint"",""coordinates"":[]}"
4,Mangaluru,2015-06-18,14932.21875,MODIS/061/MOD11A2,GAUL_L2_polygon_mean (Dakshin Kannad),32,2015_06_18,"{""type"":""MultiPoint"",""coordinates"":[]}"
4,Mangaluru,2015-06-26,14945.503271978669,MODIS/061/MOD11A2,GAUL_L2_polygon_mean (Dakshin Kannad),1939,2015_06_26,"{""type"":""MultiPoint"",""coordinates"":[]}"
4,Mangaluru,2015-07-04,14965.161321812682,MODIS/061/MOD11A2,GAUL_L2_polygon_mean (Dakshin Kannad),1835,2015_07_04,"{""type"":""MultiPoint"",""coordinates"":[]}"
4,Mangaluru,2015-07-12,14830.53189712759,MODIS/061/MOD11A2,GAUL_L2_polygon_mean (Dakshin Kannad),46,2015_07_12,"{""type"":""MultiPoint"",""coordinates"":[]}"
4,Mangaluru,2015-07-20,14984.215719777872,MODIS/061/MOD11A2,GAUL_L2_polygon_mean (Dakshin Kannad),82,2015_07_20,"{""type"":""MultiPoint"",""coordinates"":[]}"
4,Mangaluru,2015-07-28,14980.136790944309,MODIS/061/MOD11A2,GAUL_L2_polygon_mean (Dakshin Kannad),2047,2015_07_28,"{""type"":""MultiPoint"",""coordinates"":[]}"
4,Mangaluru,2015-08-05,14982.087448879738,MODIS/061/MOD11A2,GAUL_L2_polygon_mean (Dakshin Kannad),693,2015_08_05,"{""type"":""MultiPoint"",""coordinates"":[]}"
4,Mangaluru,2015-08-13,15087.839187186177,MODIS/061/MOD11A2,GAUL_L2_polygon_mean (Dakshin Kannad),3603,2015_08_13,"{""type"":""MultiPoint"",""coordinates"":[]}"
4,Mangaluru,2015-08-21,15047.186414281643,MODIS/061/MOD11A2,GAUL_L2_polygon_mean (Dakshin Kannad),2236,2015_08_21,"{""type"":""MultiPoint"",""coordinates"":[]}"
4,Mangaluru,2015-08-29,15072.710110543243,MODIS/061/MOD11A2,GAUL_L2_polygon_mean (Dakshin Kannad),3076,2015_08_29,"{""type"":""MultiPoint"",""coordinates"":[]}"
4,Mangaluru,2015-09-06,15083.476879586708,MODIS/061/MOD11A2,GAUL_L2_polygon_mean (Dakshin Kannad),989,2015_09_06,"{""type"":""MultiPoint"",""coordinates"":[]}"
4,Mangaluru,2015-09-14,15056.987303172697,MODIS/061/MOD11A2,GAUL_L2_polygon_mean (Dakshin Kannad),518,2015_09_14,"{""type"":""MultiPoint"",""coordinates"":[]}"
4,Mangaluru,2015-09-22,15095.641081659785,MODIS/061/MOD11A2,GAUL_L2_polygon_mean (Dakshin Kannad),4512,2015_09_22,"{""type"":""MultiPoint"",""coordinates"":[]}"
4,Mangaluru,2015-09-30,14983.55578612548,MODIS/061/MOD11A2,GAUL_L2_polygon_mean (Dakshin Kannad),1698,2015_09_30,"{""type"":""MultiPoint"",""coordinates"":[]}"
4,Mangaluru,2015-10-08,15147.269678488672,MODIS/061/MOD11A2,GAUL_L2_polygon_mean (Dakshin Kannad),4557,2015_10_08,"{""type"":""MultiPoint"",""coordinates"":[]}"
4,Mangaluru,2015-10-16,15109.457982812173,MODIS/061/MOD11A2,GAUL_L2_polygon_mean (Dakshin Kannad),4496,2015_10_16,"{""type"":""MultiPoint"",""coordinates"":[]}"
4,Mangaluru,2015-10-24,15086.83403055369,MODIS/061/MOD11A2,GAUL_L2_polygon_mean (Dakshin Kannad),4553,2015_10_24,"{""type"":""MultiPoint"",""coordinates"":[]}"
4,Mangaluru,2015-11-01,15062.59689817959,MODIS/061/MOD11A2,GAUL_L2_polygon_mean (Dakshin Kannad),4537,2015_11_01,"{""type"":""MultiPoint"",""coordinates"":[]}"
4,Mangaluru,2015-11-09,15039.9434618028,MODIS/061/MOD11A2,GAUL_L2_polygon_mean (Dakshin Kannad),4518,2015_11_09,"{""type"":""MultiPoint"",""coordinates"":[]}"
4,Mangaluru,2015-11-17,15100.693613680394,MODIS/061/MOD11A2,GAUL_L2_polygon_mean (Dakshin Kannad),4540,2015_11_17,"{""type"":""MultiPoint"",""coordinates"":[]}"
4,Mangaluru,2015-11-25,15117.738938232063,MODIS/061/MOD11A2,GAUL_L2_polygon_mean (Dakshin Kannad),4557,2015_11_25,"{""type"":""MultiPoint"",""coordinates"":[]}"
4,Mangaluru,2015-12-03,15097.784927578145,MODIS/061/MOD11A2,GAUL_L2_polygon_mean (Dakshin Kannad),4556,2015_12_03,"{""type"":""MultiPoint"",""coordinates"":[]}"
4,Mangaluru,2015-12-11,15114.656014870978,MODIS/061/MOD11A2,GAUL_L2_polygon_mean (Dakshin Kannad),4556,2015_12_11,"{""type"":""MultiPoint"",""coordinates"":[]}"
4,Mangaluru,2015-12-19,15139.57719034493,MODIS/061/MOD11A2,GAUL_L2_polygon_mean (Dakshin Kannad),4557,2015_12_19,"{""type"":""MultiPoint"",""coordinates"":[]}"
4,Mangaluru,2015-12-27,15143.228263114963,MODIS/061/MOD11A2,GAUL_L2_polygon_mean (Dakshin Kannad),4556,2015_12_27,"{""type"":""MultiPoint"",""coordinates"":[]}"
4,Mangaluru,2016-01-01,15123.967025316622,MODIS/061/MOD11A2,GAUL_L2_polygon_mean (Dakshin Kannad),4557,2016_01_01,"{""type"":""MultiPoint"",""coordinates"":[]}"
4,Mangaluru,2016-01-09,15037.472184764252,MODIS/061/MOD11A2,GAUL_L2_polygon_mean (Dakshin Kannad),4557,2016_01_09,"{""type"":""MultiPoint"",""coordinates"":[]}"
4,Mangaluru,2016-01-17,15138.287010280173,MODIS/061/MOD11A2,GAUL_L2_polygon_mean (Dakshin Kannad),4557,2016_01_17,"{""type"":""MultiPoint"",""coordinates"":[]}"
4,Mangaluru,2016-01-25,15114.10388283233,MODIS/061/MOD11A2,GAUL_L2_polygon_mean (Dakshin Kannad),4555,2016_01_25,"{""type"":""MultiPoint"",""coordinates"":[]}"
4,Mangaluru,2016-02-02,15071.105683919162,MODIS/061/MOD11A2,GAUL_L2_polygon_mean (Dakshin Kannad),4556,2016_02_02,"{""type"":""MultiPoint"",""coordinates"":[]}"
4,Mangaluru,2016-02-10,15168.959883939126,MODIS/061/MOD11A2,GAUL_L2_polygon_mean (Dakshin Kannad),4556,2016_02_10,"{""type"":""MultiPoint"",""coordinates"":[]}"
4,Mangaluru,2016-02-18,15339.509078353773,MODIS/061/MOD11A2,GAUL_L2_polygon_mean (Dakshin Kannad),4548,2016_02_18,"{""type"":""MultiPoint"",""coordinates"":[]}"
4,Mangaluru,2016-02-26,15188.344354011746,MODIS/061/MOD11A2,GAUL_L2_polygon_mean (Dakshin Kannad),4554,2016_02_26,"{""type"":""MultiPoint"",""coordinates"":[]}"
4,Mangaluru,2016-03-05,15306.353537257588,MODIS/061/MOD11A2,GAUL_L2_polygon_mean (Dakshin Kannad),4556,2016_03_05,"{""type"":""MultiPoint"",""coordinates"":[]}"
4,Mangaluru,2016-03-13,15268.195895504718,MODIS/061/MOD11A2,GAUL_L2_polygon_mean (Dakshin Kannad),4557,2016_03_13,"{""type"":""MultiPoint"",""coordinates"":[]}"
4,Mangaluru,2016-03-21,15291.049826039149,MODIS/061/MOD11A2,GAUL_L2_polygon_mean (Dakshin Kannad),4557,2016_03_21,"{""type"":""MultiPoint"",""coordinates"":[]}"
4,Mangaluru,2016-03-29,15289.375107461603,MODIS/061/MOD11A2,GAUL_L2_polygon_mean (Dakshin Kannad),4557,2016_03_29,"{""type"":""MultiPoint"",""coordinates"":[]}"
4,Mangaluru,2016-04-06,15288.791617005585,MODIS/061/MOD11A2,GAUL_L2_polygon_mean (Dakshin Kannad),4557,2016_04_06,"{""type"":""MultiPoint"",""coordinates"":[]}"
4,Mangaluru,2016-04-14,15328.737749511125,MODIS/061/MOD11A2,GAUL_L2_polygon_mean (Dakshin Kannad),4554,2016_04_14,"{""type"":""MultiPoint"",""coordinates"":[]}"
4,Mangaluru,2016-04-22,15386.69479098451,MODIS/061/MOD11A2,GAUL_L2_polygon_mean (Dakshin Kannad),4557,2016_04_22,"{""type"":""MultiPoint"",""coordinates"":[]}"
4,Mangaluru,2016-04-30,15307.734485729019,MODIS/061/MOD11A2,GAUL_L2_polygon_mean (Dakshin Kannad),4557,2016_04_30,"{""type"":""MultiPoint"",""coordinates"":[]}"
4,Mangaluru,2016-05-08,15315.719048262417,MODIS/061/MOD11A2,GAUL_L2_polygon_mean (Dakshin Kannad),4557,2016_05_08,"{""type"":""MultiPoint"",""coordinates"":[]}"
4,Mangaluru,2016-05-16,15057.232628087038,MODIS/061/MOD11A2,GAUL_L2_polygon_mean (Dakshin Kannad),1026,2016_05_16,"{""type"":""MultiPoint"",""coordinates"":[]}"
4,Mangaluru,2016-05-24,15185.906260942098,MODIS/061/MOD11A2,GAUL_L2_polygon_mean (Dakshin Kannad),4110,2016_05_24,"{""type"":""MultiPoint"",""coordinates"":[]}"
4,Mangaluru,2016-06-01,15060.578010418247,MODIS/061/MOD11A2,GAUL_L2_polygon_mean (Dakshin Kannad),232,2016_06_01,"{""type"":""MultiPoint"",""coordinates"":[]}"
4,Mangaluru,2016-06-09,15016.547922860384,MODIS/061/MOD11A2,GAUL_L2_polygon_mean (Dakshin Kannad),1937,2016_06_09,"{""type"":""MultiPoint"",""coordinates"":[]}"
4,Mangaluru,2016-06-25,15019.881388962713,MODIS/061/MOD11A2,GAUL_L2_polygon_mean (Dakshin Kannad),309,2016_06_25,"{""type"":""MultiPoint"",""coordinates"":[]}"
4,Mangaluru,2016-07-03,15045.225927427531,MODIS/061/MOD11A2,GAUL_L2_polygon_mean (Dakshin Kannad),38,2016_07_03,"{""type"":""MultiPoint"",""coordinates"":[]}"
4,Mangaluru,2016-07-11,14976.390191851226,MODIS/061/MOD11A2,GAUL_L2_polygon_mean (Dakshin Kannad),180,2016_07_11,"{""type"":""MultiPoint"",""coordinates"":[]}"
4,Mangaluru,2016-07-27,14979.975491879692,MODIS/061/MOD11A2,GAUL_L2_polygon_mean (Dakshin Kannad),159,2016_07_27,"{""type"":""MultiPoint"",""coordinates"":[]}"
4,Mangaluru,2016-08-04,14978.881849254001,MODIS/061/MOD11A2,GAUL_L2_polygon_mean (Dakshin Kannad),1319,2016_08_04,"{""type"":""MultiPoint"",""coordinates"":[]}"
4,Mangaluru,2016-08-12,14923.371747679143,MODIS/061/MOD11A2,GAUL_L2_polygon_mean (Dakshin Kannad),655,2016_08_12,"{""type"":""MultiPoint"",""coordinates"":[]}"
4,Mangaluru,2016-08-20,15031.014044393814,MODIS/061/MOD11A2,GAUL_L2_polygon_mean (Dakshin Kannad),660,2016_08_20,"{""type"":""MultiPoint"",""coordinates"":[]}"
4,Mangaluru,2016-09-05,15063.744332430962,MODIS/061/MOD11A2,GAUL_L2_polygon_mean (Dakshin Kannad),2989,2016_09_05,"{""type"":""MultiPoint"",""coordinates"":[]}"
4,Mangaluru,2016-09-13,15044.044009687597,MODIS/061/MOD11A2,GAUL_L2_polygon_mean (Dakshin Kannad),2595,2016_09_13,"{""type"":""MultiPoint"",""coordinates"":[]}"
4,Mangaluru,2016-09-21,14935.058999828736,MODIS/061/MOD11A2,GAUL_L2_polygon_mean (Dakshin Kannad),45,2016_09_21,"{""type"":""MultiPoint"",""coordinates"":[]}"
4,Mangaluru,2016-09-29,15057.202597701855,MODIS/061/MOD11A2,GAUL_L2_polygon_mean (Dakshin Kannad),2791,2016_09_29,"{""type"":""MultiPoint"",""coordinates"":[]}"
4,Mangaluru,2016-10-07,15006.018740602063,MODIS/061/MOD11A2,GAUL_L2_polygon_mean (Dakshin Kannad),1064,2016_10_07,"{""type"":""MultiPoint"",""coordinates"":[]}"
4,Mangaluru,2016-10-15,15150.791659172699,MODIS/061/MOD11A2,GAUL_L2_polygon_mean (Dakshin Kannad),4557,2016_10_15,"{""type"":""MultiPoint"",""coordinates"":[]}"
4,Mangaluru,2016-10-23,15117.32518245883,MODIS/061/MOD11A2,GAUL_L2_polygon_mean (Dakshin Kannad),4557,2016_10_23,"{""type"":""MultiPoint"",""coordinates"":[]}"
4,Mangaluru,2016-10-31,15111.81088039418,MODIS/061/MOD11A2,GAUL_L2_polygon_mean (Dakshin Kannad),4555,2016_10_31,"{""type"":""MultiPoint"",""coordinates"":[]}"
4,Mangaluru,2016-11-08,15124.82689452974,MODIS/061/MOD11A2,GAUL_L2_polygon_mean (Dakshin Kannad),4557,2016_11_08,"{""type"":""MultiPoint"",""coordinates"":[]}"
4,Mangaluru,2016-11-16,15188.759580789882,MODIS/061/MOD11A2,GAUL_L2_polygon_mean (Dakshin Kannad),4556,2016_11_16,"{""type"":""MultiPoint"",""coordinates"":[]}"
4,Mangaluru,2016-11-24,15123.878964892032,MODIS/061/MOD11A2,GAUL_L2_polygon_mean (Dakshin Kannad),4557,2016_11_24,"{""type"":""MultiPoint"",""coordinates"":[]}"
4,Mangaluru,2016-12-02,15124.227627549062,MODIS/061/MOD11A2,GAUL_L2_polygon_mean (Dakshin Kannad),4557,2016_12_02,"{""type"":""MultiPoint"",""coordinates"":[]}"
4,Mangaluru,2016-12-10,15077.718315217606,MODIS/061/MOD11A2,GAUL_L2_polygon_mean (Dakshin Kannad),4556,2016_12_10,"{""type"":""MultiPoint"",""coordinates"":[]}"
4,Mangaluru,2016-12-18,15126.371763351284,MODIS/061/MOD11A2,GAUL_L2_polygon_mean (Dakshin Kannad),4557,2016_12_18,"{""type"":""MultiPoint"",""coordinates"":[]}"
4,Mangaluru,2016-12-26,15182.166119498155,MODIS/061/MOD11A2,GAUL_L2_polygon_mean (Dakshin Kannad),4557,2016_12_26,"{""type"":""MultiPoint"",""coordinates"":[]}"
4,Mangaluru,2017-01-01,15135.340325616187,MODIS/061/MOD11A2,GAUL_L2_polygon_mean (Dakshin Kannad),4557,2017_01_01,"{""type"":""MultiPoint"",""coordinates"":[]}"
4,Mangaluru,2017-01-09,15062.905142925025,MODIS/061/MOD11A2,GAUL_L2_polygon_mean (Dakshin Kannad),4557,2017_01_09,"{""type"":""MultiPoint"",""coordinates"":[]}"
4,Mangaluru,2017-01-17,15190.920491754601,MODIS/061/MOD11A2,GAUL_L2_polygon_mean (Dakshin Kannad),4557,2017_01_17,"{""type"":""MultiPoint"",""coordinates"":[]}"
4,Mangaluru,2017-01-25,15167.292966783509,MODIS/061/MOD11A2,GAUL_L2_polygon_mean (Dakshin Kannad),4557,2017_01_25,"{""type"":""MultiPoint"",""coordinates"":[]}"
4,Mangaluru,2017-02-02,15196.532165332948,MODIS/061/MOD11A2,GAUL_L2_polygon_mean (Dakshin Kannad),4557,2017_02_02,"{""type"":""MultiPoint"",""coordinates"":[]}"
4,Mangaluru,2017-02-10,15264.504106130335,MODIS/061/MOD11A2,GAUL_L2_polygon_mean (Dakshin Kannad),4557,2017_02_10,"{""type"":""MultiPoint"",""coordinates"":[]}"
4,Mangaluru,2017-02-18,15214.770696953567,MODIS/061/MOD11A2,GAUL_L2_polygon_mean (Dakshin Kannad),4557,2017_02_18,"{""type"":""MultiPoint"",""coordinates"":[]}"
4,Mangaluru,2017-02-26,15310.566799082944,MODIS/061/MOD11A2,GAUL_L2_polygon_mean (Dakshin Kannad),4556,2017_02_26,"{""type"":""MultiPoint"",""coordinates"":[]}"
4,Mangaluru,2017-03-06,15268.703856053513,MODIS/061/MOD11A2,GAUL_L2_polygon_mean (Dakshin Kannad),4557,2017_03_06,"{""type"":""MultiPoint"",""coordinates"":[]}"
4,Mangaluru,2017-03-14,15245.15906554233,MODIS/061/MOD11A2,GAUL_L2_polygon_mean (Dakshin Kannad),4557,2017_03_14,"{""type"":""MultiPoint"",""coordinates"":[]}"
4,Mangaluru,2017-03-22,15289.174803342055,MODIS/061/MOD11A2,GAUL_L2_polygon_mean (Dakshin Kannad),4557,2017_03_22,"{""type"":""MultiPoint"",""coordinates"":[]}"
4,Mangaluru,2017-03-30,15280.791816178242,MODIS/061/MOD11A2,GAUL_L2_polygon_mean (Dakshin Kannad),4555,2017_03_30,"{""type"":""MultiPoint"",""coordinates"":[]}"
4,Mangaluru,2017-04-07,15233.385580091131,MODIS/061/MOD11A2,GAUL_L2_polygon_mean (Dakshin Kannad),4555,2017_04_07,"{""type"":""MultiPoint"",""coordinates"":[]}"
4,Mangaluru,2017-04-15,15212.517547723415,MODIS/061/MOD11A2,GAUL_L2_polygon_mean (Dakshin Kannad),4362,2017_04_15,"{""type"":""MultiPoint"",""coordinates"":[]}"
4,Mangaluru,2017-04-23,15355.711553044175,MODIS/061/MOD11A2,GAUL_L2_polygon_mean (Dakshin Kannad),4556,2017_04_23,"{""type"":""MultiPoint"",""coordinates"":[]}"
4,Mangaluru,2017-05-01,15290.65568330884,MODIS/061/MOD11A2,GAUL_L2_polygon_mean (Dakshin Kannad),4556,2017_05_01,"{""type"":""MultiPoint"",""coordinates"":[]}"
4,Mangaluru,2017-05-09,15252.43658123045,MODIS/061/MOD11A2,GAUL_L2_polygon_mean (Dakshin Kannad),4038,2017_05_09,"{""type"":""MultiPoint"",""coordinates"":[]}"
4,Mangaluru,2017-05-17,15281.423754544989,MODIS/061/MOD11A2,GAUL_L2_polygon_mean (Dakshin Kannad),1759,2017_05_17,"{""type"":""MultiPoint"",""coordinates"":[]}"
4,Mangaluru,2017-05-25,15111.815716529161,MODIS/061/MOD11A2,GAUL_L2_polygon_mean (Dakshin Kannad),2774,2017_05_25,"{""type"":""MultiPoint"",""coordinates"":[]}"
4,Mangaluru,2017-06-02,15010.934283253178,MODIS/061/MOD11A2,GAUL_L2_polygon_mean (Dakshin Kannad),109,2017_06_02,"{""type"":""MultiPoint"",""coordinates"":[]}"
4,Mangaluru,2017-06-10,14974.65507195789,MODIS/061/MOD11A2,GAUL_L2_polygon_mean (Dakshin Kannad),584,2017_06_10,"{""type"":""MultiPoint"",""coordinates"":[]}"
4,Mangaluru,2017-06-18,14990.182979553498,MODIS/061/MOD11A2,GAUL_L2_polygon_mean (Dakshin Kannad),864,2017_06_18,"{""type"":""MultiPoint"",""coordinates"":[]}"
4,Mangaluru,2017-06-26,14874.20163028569,MODIS/061/MOD11A2,GAUL_L2_polygon_mean (Dakshin Kannad),200,2017_06_26,"{""type"":""MultiPoint"",""coordinates"":[]}"
4,Mangaluru,2017-07-12,14944.990296354577,MODIS/061/MOD11A2,GAUL_L2_polygon_mean (Dakshin Kannad),14,2017_07_12,"{""type"":""MultiPoint"",""coordinates"":[]}"
4,Mangaluru,2017-07-20,14854.89109365996,MODIS/061/MOD11A2,GAUL_L2_polygon_mean (Dakshin Kannad),1211,2017_07_20,"{""type"":""MultiPoint"",""coordinates"":[]}"
4,Mangaluru,2017-07-28,14987.751881438608,MODIS/061/MOD11A2,GAUL_L2_polygon_mean (Dakshin Kannad),1339,2017_07_28,"{""type"":""MultiPoint"",""coordinates"":[]}"
4,Mangaluru,2017-08-05,15003.060104648011,MODIS/061/MOD11A2,GAUL_L2_polygon_mean (Dakshin Kannad),115,2017_08_05,"{""type"":""MultiPoint"",""coordinates"":[]}"
4,Mangaluru,2017-08-13,15121.594016097048,MODIS/061/MOD11A2,GAUL_L2_polygon_mean (Dakshin Kannad),941,2017_08_13,"{""type"":""MultiPoint"",""coordinates"":[]}"
4,Mangaluru,2017-08-29,15077.41690668944,MODIS/061/MOD11A2,GAUL_L2_polygon_mean (Dakshin Kannad),1985,2017_08_29,"{""type"":""MultiPoint"",""coordinates"":[]}"
4,Mangaluru,2017-09-06,15103.933576332518,MODIS/061/MOD11A2,GAUL_L2_polygon_mean (Dakshin Kannad),3363,2017_09_06,"{""type"":""MultiPoint"",""coordinates"":[]}"
4,Mangaluru,2017-09-14,14980.596270239193,MODIS/061/MOD11A2,GAUL_L2_polygon_mean (Dakshin Kannad),989,2017_09_14,"{""type"":""MultiPoint"",""coordinates"":[]}"
4,Mangaluru,2017-09-22,15137.742368142666,MODIS/061/MOD11A2,GAUL_L2_polygon_mean (Dakshin Kannad),2283,2017_09_22,"{""type"":""MultiPoint"",""coordinates"":[]}"
4,Mangaluru,2017-09-30,15042.888687705092,MODIS/061/MOD11A2,GAUL_L2_polygon_mean (Dakshin Kannad),2146,2017_09_30,"{""type"":""MultiPoint"",""coordinates"":[]}"
4,Mangaluru,2017-10-08,14878.10640054301,MODIS/061/MOD11A2,GAUL_L2_polygon_mean (Dakshin Kannad),213,2017_10_08,"{""type"":""MultiPoint"",""coordinates"":[]}"
4,Mangaluru,2017-10-16,15020.13895824949,MODIS/061/MOD11A2,GAUL_L2_polygon_mean (Dakshin Kannad),4336,2017_10_16,"{""type"":""MultiPoint"",""coordinates"":[]}"
4,Mangaluru,2017-10-24,15151.917907839892,MODIS/061/MOD11A2,GAUL_L2_polygon_mean (Dakshin Kannad),4556,2017_10_24,"{""type"":""MultiPoint"",""coordinates"":[]}"
4,Mangaluru,2017-11-01,15156.133007126264,MODIS/061/MOD11A2,GAUL_L2_polygon_mean (Dakshin Kannad),4557,2017_11_01,"{""type"":""MultiPoint"",""coordinates"":[]}"
4,Mangaluru,2017-11-09,15124.666472141607,MODIS/061/MOD11A2,GAUL_L2_polygon_mean (Dakshin Kannad),4556,2017_11_09,"{""type"":""MultiPoint"",""coordinates"":[]}"
4,Mangaluru,2017-11-17,15085.203907800502,MODIS/061/MOD11A2,GAUL_L2_polygon_mean (Dakshin Kannad),4550,2017_11_17,"{""type"":""MultiPoint"",""coordinates"":[]}"
4,Mangaluru,2017-11-25,15145.090677367365,MODIS/061/MOD11A2,GAUL_L2_polygon_mean (Dakshin Kannad),4557,2017_11_25,"{""type"":""MultiPoint"",""coordinates"":[]}"
4,Mangaluru,2017-12-03,15137.531283245715,MODIS/061/MOD11A2,GAUL_L2_polygon_mean (Dakshin Kannad),4556,2017_12_03,"{""type"":""MultiPoint"",""coordinates"":[]}"
4,Mangaluru,2017-12-11,15150.104745592027,MODIS/061/MOD11A2,GAUL_L2_polygon_mean (Dakshin Kannad),4556,2017_12_11,"{""type"":""MultiPoint"",""coordinates"":[]}"
4,Mangaluru,2017-12-19,15148.134475230268,MODIS/061/MOD11A2,GAUL_L2_polygon_mean (Dakshin Kannad),4557,2017_12_19,"{""type"":""MultiPoint"",""coordinates"":[]}"
4,Mangaluru,2017-12-27,15088.904410594107,MODIS/061/MOD11A2,GAUL_L2_polygon_mean (Dakshin Kannad),4557,2017_12_27,"{""type"":""MultiPoint"",""coordinates"":[]}"
4,Mangaluru,2018-01-01,15073.984561672862,MODIS/061/MOD11A2,GAUL_L2_polygon_mean (Dakshin Kannad),4557,2018_01_01,"{""type"":""MultiPoint"",""coordinates"":[]}"
4,Mangaluru,2018-01-09,15186.47335178741,MODIS/061/MOD11A2,GAUL_L2_polygon_mean (Dakshin Kannad),4556,2018_01_09,"{""type"":""MultiPoint"",""coordinates"":[]}"
4,Mangaluru,2018-01-17,15133.032277635166,MODIS/061/MOD11A2,GAUL_L2_polygon_mean (Dakshin Kannad),4557,2018_01_17,"{""type"":""MultiPoint"",""coordinates"":[]}"
4,Mangaluru,2018-01-25,15165.412846168341,MODIS/061/MOD11A2,GAUL_L2_polygon_mean (Dakshin Kannad),4557,2018_01_25,"{""type"":""MultiPoint"",""coordinates"":[]}"
4,Mangaluru,2018-02-02,15210.562509683232,MODIS/061/MOD11A2,GAUL_L2_polygon_mean (Dakshin Kannad),4556,2018_02_02,"{""type"":""MultiPoint"",""coordinates"":[]}"
4,Mangaluru,2018-02-10,15214.626975806597,MODIS/061/MOD11A2,GAUL_L2_polygon_mean (Dakshin Kannad),4556,2018_02_10,"{""type"":""MultiPoint"",""coordinates"":[]}"
4,Mangaluru,2018-02-18,15311.250135322001,MODIS/061/MOD11A2,GAUL_L2_polygon_mean (Dakshin Kannad),4557,2018_02_18,"{""type"":""MultiPoint"",""coordinates"":[]}"
4,Mangaluru,2018-02-26,15361.217228622354,MODIS/061/MOD11A2,GAUL_L2_polygon_mean (Dakshin Kannad),4557,2018_02_26,"{""type"":""MultiPoint"",""coordinates"":[]}"
4,Mangaluru,2018-03-06,15310.21266768958,MODIS/061/MOD11A2,GAUL_L2_polygon_mean (Dakshin Kannad),4557,2018_03_06,"{""type"":""MultiPoint"",""coordinates"":[]}"
4,Mangaluru,2018-03-14,15266.521965695136,MODIS/061/MOD11A2,GAUL_L2_polygon_mean (Dakshin Kannad),4555,2018_03_14,"{""type"":""MultiPoint"",""coordinates"":[]}"
4,Mangaluru,2018-03-22,15262.0340865183,MODIS/061/MOD11A2,GAUL_L2_polygon_mean (Dakshin Kannad),4557,2018_03_22,"{""type"":""MultiPoint"",""coordinates"":[]}"
4,Mangaluru,2018-03-30,15224.588390578543,MODIS/061/MOD11A2,GAUL_L2_polygon_mean (Dakshin Kannad),4556,2018_03_30,"{""type"":""MultiPoint"",""coordinates"":[]}"
4,Mangaluru,2018-04-07,15277.274549475896,MODIS/061/MOD11A2,GAUL_L2_polygon_mean (Dakshin Kannad),4556,2018_04_07,"{""type"":""MultiPoint"",""coordinates"":[]}"
4,Mangaluru,2018-04-15,15152.677531335232,MODIS/061/MOD11A2,GAUL_L2_polygon_mean (Dakshin Kannad),1607,2018_04_15,"{""type"":""MultiPoint"",""coordinates"":[]}"
4,Mangaluru,2018-04-23,15213.273825142382,MODIS/061/MOD11A2,GAUL_L2_polygon_mean (Dakshin Kannad),4549,2018_04_23,"{""type"":""MultiPoint"",""coordinates"":[]}"
4,Mangaluru,2018-05-01,15234.997484921198,MODIS/061/MOD11A2,GAUL_L2_polygon_mean (Dakshin Kannad),3865,2018_05_01,"{""type"":""MultiPoint"",""coordinates"":[]}"
4,Mangaluru,2018-05-09,15204.719274878644,MODIS/061/MOD11A2,GAUL_L2_polygon_mean (Dakshin Kannad),2305,2018_05_09,"{""type"":""MultiPoint"",""coordinates"":[]}"
4,Mangaluru,2018-05-17,15031.584062209322,MODIS/061/MOD11A2,GAUL_L2_polygon_mean (Dakshin Kannad),3225,2018_05_17,"{""type"":""MultiPoint"",""coordinates"":[]}"
4,Mangaluru,2018-05-25,14969.618158273908,MODIS/061/MOD11A2,GAUL_L2_polygon_mean (Dakshin Kannad),215,2018_05_25,"{""type"":""MultiPoint"",""coordinates"":[]}"
4,Mangaluru,2018-06-02,15162.672280382332,MODIS/061/MOD11A2,GAUL_L2_polygon_mean (Dakshin Kannad),1611,2018_06_02,"{""type"":""MultiPoint"",""coordinates"":[]}"
4,Mangaluru,2018-06-10,15071.346312055197,MODIS/061/MOD11A2,GAUL_L2_polygon_mean (Dakshin Kannad),540,2018_06_10,"{""type"":""MultiPoint"",""coordinates"":[]}"
4,Mangaluru,2018-06-18,14912.293125903685,MODIS/061/MOD11A2,GAUL_L2_polygon_mean (Dakshin Kannad),710,2018_06_18,"{""type"":""MultiPoint"",""coordinates"":[]}"
4,Mangaluru,2018-06-26,14975.764185420276,MODIS/061/MOD11A2,GAUL_L2_polygon_mean (Dakshin Kannad),122,2018_06_26,"{""type"":""MultiPoint"",""coordinates"":[]}"
4,Mangaluru,2018-07-12,14750.046109510087,MODIS/061/MOD11A2,GAUL_L2_polygon_mean (Dakshin Kannad),89,2018_07_12,"{""type"":""MultiPoint"",""coordinates"":[]}"
4,Mangaluru,2018-07-20,14831.405892448514,MODIS/061/MOD11A2,GAUL_L2_polygon_mean (Dakshin Kannad),13,2018_07_20,"{""type"":""MultiPoint"",""coordinates"":[]}"
4,Mangaluru,2018-07-28,14961.387771548705,MODIS/061/MOD11A2,GAUL_L2_polygon_mean (Dakshin Kannad),111,2018_07_28,"{""type"":""MultiPoint"",""coordinates"":[]}"
4,Mangaluru,2018-08-05,14883.913160422675,MODIS/061/MOD11A2,GAUL_L2_polygon_mean (Dakshin Kannad),102,2018_08_05,"{""type"":""MultiPoint"",""coordinates"":[]}"
4,Mangaluru,2018-08-21,15022.93266465983,MODIS/061/MOD11A2,GAUL_L2_polygon_mean (Dakshin Kannad),639,2018_08_21,"{""type"":""MultiPoint"",""coordinates"":[]}"
4,Mangaluru,2018-08-29,15079.471924519106,MODIS/061/MOD11A2,GAUL_L2_polygon_mean (Dakshin Kannad),2345,2018_08_29,"{""type"":""MultiPoint"",""coordinates"":[]}"
4,Mangaluru,2018-09-06,15109.738343924322,MODIS/061/MOD11A2,GAUL_L2_polygon_mean (Dakshin Kannad),4525,2018_09_06,"{""type"":""MultiPoint"",""coordinates"":[]}"
4,Mangaluru,2018-09-14,15119.521927270016,MODIS/061/MOD11A2,GAUL_L2_polygon_mean (Dakshin Kannad),4342,2018_09_14,"{""type"":""MultiPoint"",""coordinates"":[]}"
4,Mangaluru,2018-09-22,15151.459554970475,MODIS/061/MOD11A2,GAUL_L2_polygon_mean (Dakshin Kannad),4104,2018_09_22,"{""type"":""MultiPoint"",""coordinates"":[]}"
4,Mangaluru,2018-09-30,15187.403780277813,MODIS/061/MOD11A2,GAUL_L2_polygon_mean (Dakshin Kannad),4254,2018_09_30,"{""type"":""MultiPoint"",""coordinates"":[]}"
4,Mangaluru,2018-10-08,15085.530365499237,MODIS/061/MOD11A2,GAUL_L2_polygon_mean (Dakshin Kannad),4170,2018_10_08,"{""type"":""MultiPoint"",""coordinates"":[]}"
4,Mangaluru,2018-10-16,15113.862255512511,MODIS/061/MOD11A2,GAUL_L2_polygon_mean (Dakshin Kannad),4555,2018_10_16,"{""type"":""MultiPoint"",""coordinates"":[]}"
4,Mangaluru,2018-10-24,15185.939350781358,MODIS/061/MOD11A2,GAUL_L2_polygon_mean (Dakshin Kannad),4557,2018_10_24,"{""type"":""MultiPoint"",""coordinates"":[]}"
4,Mangaluru,2018-11-01,15147.325844224371,MODIS/061/MOD11A2,GAUL_L2_polygon_mean (Dakshin Kannad),4557,2018_11_01,"{""type"":""MultiPoint"",""coordinates"":[]}"
4,Mangaluru,2018-11-09,15201.43991573461,MODIS/061/MOD11A2,GAUL_L2_polygon_mean (Dakshin Kannad),4557,2018_11_09,"{""type"":""MultiPoint"",""coordinates"":[]}"
4,Mangaluru,2018-11-17,15134.36122111643,MODIS/061/MOD11A2,GAUL_L2_polygon_mean (Dakshin Kannad),4555,2018_11_17,"{""type"":""MultiPoint"",""coordinates"":[]}"
4,Mangaluru,2018-11-25,15113.444109211112,MODIS/061/MOD11A2,GAUL_L2_polygon_mean (Dakshin Kannad),4557,2018_11_25,"{""type"":""MultiPoint"",""coordinates"":[]}"
4,Mangaluru,2018-12-03,15034.447281193652,MODIS/061/MOD11A2,GAUL_L2_polygon_mean (Dakshin Kannad),4556,2018_12_03,"{""type"":""MultiPoint"",""coordinates"":[]}"
4,Mangaluru,2018-12-11,15100.077633576742,MODIS/061/MOD11A2,GAUL_L2_polygon_mean (Dakshin Kannad),4556,2018_12_11,"{""type"":""MultiPoint"",""coordinates"":[]}"
4,Mangaluru,2018-12-19,15121.049918978906,MODIS/061/MOD11A2,GAUL_L2_polygon_mean (Dakshin Kannad),4557,2018_12_19,"{""type"":""MultiPoint"",""coordinates"":[]}"
4,Mangaluru,2018-12-27,15127.859841246891,MODIS/061/MOD11A2,GAUL_L2_polygon_mean (Dakshin Kannad),4556,2018_12_27,"{""type"":""MultiPoint"",""coordinates"":[]}"
4,Mangaluru,2019-01-01,15153.722774458456,MODIS/061/MOD11A2,GAUL_L2_polygon_mean (Dakshin Kannad),4557,2019_01_01,"{""type"":""MultiPoint"",""coordinates"":[]}"
4,Mangaluru,2019-01-09,15130.987241435983,MODIS/061/MOD11A2,GAUL_L2_polygon_mean (Dakshin Kannad),4557,2019_01_09,"{""type"":""MultiPoint"",""coordinates"":[]}"
4,Mangaluru,2019-01-17,15089.93524852351,MODIS/061/MOD11A2,GAUL_L2_polygon_mean (Dakshin Kannad),4557,2019_01_17,"{""type"":""MultiPoint"",""coordinates"":[]}"
4,Mangaluru,2019-01-25,15114.203915001399,MODIS/061/MOD11A2,GAUL_L2_polygon_mean (Dakshin Kannad),4557,2019_01_25,"{""type"":""MultiPoint"",""coordinates"":[]}"
4,Mangaluru,2019-02-02,15112.19097400012,MODIS/061/MOD11A2,GAUL_L2_polygon_mean (Dakshin Kannad),4557,2019_02_02,"{""type"":""MultiPoint"",""coordinates"":[]}"
4,Mangaluru,2019-02-10,15231.825558090377,MODIS/061/MOD11A2,GAUL_L2_polygon_mean (Dakshin Kannad),4557,2019_02_10,"{""type"":""MultiPoint"",""coordinates"":[]}"
4,Mangaluru,2019-02-18,15316.41333840484,MODIS/061/MOD11A2,GAUL_L2_polygon_mean (Dakshin Kannad),4557,2019_02_18,"{""type"":""MultiPoint"",""coordinates"":[]}"
4,Mangaluru,2019-02-26,15215.501270607043,MODIS/061/MOD11A2,GAUL_L2_polygon_mean (Dakshin Kannad),4557,2019_02_26,"{""type"":""MultiPoint"",""coordinates"":[]}"
4,Mangaluru,2019-03-06,15237.391853665475,MODIS/061/MOD11A2,GAUL_L2_polygon_mean (Dakshin Kannad),4556,2019_03_06,"{""type"":""MultiPoint"",""coordinates"":[]}"
4,Mangaluru,2019-03-14,15354.633972236838,MODIS/061/MOD11A2,GAUL_L2_polygon_mean (Dakshin Kannad),4557,2019_03_14,"{""type"":""MultiPoint"",""coordinates"":[]}"
4,Mangaluru,2019-03-22,15265.679964510777,MODIS/061/MOD11A2,GAUL_L2_polygon_mean (Dakshin Kannad),4557,2019_03_22,"{""type"":""MultiPoint"",""coordinates"":[]}"
4,Mangaluru,2019-03-30,15274.327604055972,MODIS/061/MOD11A2,GAUL_L2_polygon_mean (Dakshin Kannad),4557,2019_03_30,"{""type"":""MultiPoint"",""coordinates"":[]}"
4,Mangaluru,2019-04-07,15248.68357141137,MODIS/061/MOD11A2,GAUL_L2_polygon_mean (Dakshin Kannad),4556,2019_04_07,"{""type"":""MultiPoint"",""coordinates"":[]}"
4,Mangaluru,2019-04-15,15340.477934981769,MODIS/061/MOD11A2,GAUL_L2_polygon_mean (Dakshin Kannad),4557,2019_04_15,"{""type"":""MultiPoint"",""coordinates"":[]}"
4,Mangaluru,2019-04-23,15306.814674008,MODIS/061/MOD11A2,GAUL_L2_polygon_mean (Dakshin Kannad),4556,2019_04_23,"{""type"":""MultiPoint"",""coordinates"":[]}"
4,Mangaluru,2019-05-01,15267.64131281677,MODIS/061/MOD11A2,GAUL_L2_polygon_mean (Dakshin Kannad),4555,2019_05_01,"{""type"":""MultiPoint"",""coordinates"":[]}"
4,Mangaluru,2019-05-09,15265.33771727897,MODIS/061/MOD11A2,GAUL_L2_polygon_mean (Dakshin Kannad),4557,2019_05_09,"{""type"":""MultiPoint"",""coordinates"":[]}"
4,Mangaluru,2019-05-17,15236.398889876213,MODIS/061/MOD11A2,GAUL_L2_polygon_mean (Dakshin Kannad),2255,2019_05_17,"{""type"":""MultiPoint"",""coordinates"":[]}"
4,Mangaluru,2019-05-25,15212.763499025008,MODIS/061/MOD11A2,GAUL_L2_polygon_mean (Dakshin Kannad),3996,2019_05_25,"{""type"":""MultiPoint"",""coordinates"":[]}"
4,Mangaluru,2019-06-02,15250.281074776387,MODIS/061/MOD11A2,GAUL_L2_polygon_mean (Dakshin Kannad),2007,2019_06_02,"{""type"":""MultiPoint"",""coordinates"":[]}"
4,Mangaluru,2019-06-10,15075.656665410483,MODIS/061/MOD11A2,GAUL_L2_polygon_mean (Dakshin Kannad),1217,2019_06_10,"{""type"":""MultiPoint"",""coordinates"":[]}"
4,Mangaluru,2019-06-18,15035.683191857253,MODIS/061/MOD11A2,GAUL_L2_polygon_mean (Dakshin Kannad),798,2019_06_18,"{""type"":""MultiPoint"",""coordinates"":[]}"
4,Mangaluru,2019-06-26,15086.047549513733,MODIS/061/MOD11A2,GAUL_L2_polygon_mean (Dakshin Kannad),1248,2019_06_26,"{""type"":""MultiPoint"",""coordinates"":[]}"
4,Mangaluru,2019-07-04,14979.717543297249,MODIS/061/MOD11A2,GAUL_L2_polygon_mean (Dakshin Kannad),905,2019_07_04,"{""type"":""MultiPoint"",""coordinates"":[]}"
4,Mangaluru,2019-07-12,14998.256185965138,MODIS/061/MOD11A2,GAUL_L2_polygon_mean (Dakshin Kannad),421,2019_07_12,"{""type"":""MultiPoint"",""coordinates"":[]}"
4,Mangaluru,2019-07-20,14921.61472913773,MODIS/061/MOD11A2,GAUL_L2_polygon_mean (Dakshin Kannad),146,2019_07_20,"{""type"":""MultiPoint"",""coordinates"":[]}"
4,Mangaluru,2019-07-28,14976.312760261742,MODIS/061/MOD11A2,GAUL_L2_polygon_mean (Dakshin Kannad),764,2019_07_28,"{""type"":""MultiPoint"",""coordinates"":[]}"
4,Mangaluru,2019-08-13,15085.254042590792,MODIS/061/MOD11A2,GAUL_L2_polygon_mean (Dakshin Kannad),1153,2019_08_13,"{""type"":""MultiPoint"",""coordinates"":[]}"
4,Mangaluru,2019-08-21,15028.750561085737,MODIS/061/MOD11A2,GAUL_L2_polygon_mean (Dakshin Kannad),148,2019_08_21,"{""type"":""MultiPoint"",""coordinates"":[]}"
4,Mangaluru,2019-08-29,14914.654838224224,MODIS/061/MOD11A2,GAUL_L2_polygon_mean (Dakshin Kannad),390,2019_08_29,"{""type"":""MultiPoint"",""coordinates"":[]}"
4,Mangaluru,2019-09-06,14918.226993865033,MODIS/061/MOD11A2,GAUL_L2_polygon_mean (Dakshin Kannad),0,2019_09_06,"{""type"":""MultiPoint"",""coordinates"":[]}"
4,Mangaluru,2019-09-14,14944.714757603719,MODIS/061/MOD11A2,GAUL_L2_polygon_mean (Dakshin Kannad),777,2019_09_14,"{""type"":""MultiPoint"",""coordinates"":[]}"
4,Mangaluru,2019-09-22,15113.847129255895,MODIS/061/MOD11A2,GAUL_L2_polygon_mean (Dakshin Kannad),4238,2019_09_22,"{""type"":""MultiPoint"",""coordinates"":[]}"
4,Mangaluru,2019-09-30,15021.325565930023,MODIS/061/MOD11A2,GAUL_L2_polygon_mean (Dakshin Kannad),3060,2019_09_30,"{""type"":""MultiPoint"",""coordinates"":[]}"
4,Mangaluru,2019-10-08,15113.066767936669,MODIS/061/MOD11A2,GAUL_L2_polygon_mean (Dakshin Kannad),4241,2019_10_08,"{""type"":""MultiPoint"",""coordinates"":[]}"
4,Mangaluru,2019-10-16,14994.148148148148,MODIS/061/MOD11A2,GAUL_L2_polygon_mean (Dakshin Kannad),27,2019_10_16,"{""type"":""MultiPoint"",""coordinates"":[]}"
4,Mangaluru,2019-10-24,15099.804654345982,MODIS/061/MOD11A2,GAUL_L2_polygon_mean (Dakshin Kannad),1484,2019_10_24,"{""type"":""MultiPoint"",""coordinates"":[]}"
4,Mangaluru,2019-11-01,15089.173373962933,MODIS/061/MOD11A2,GAUL_L2_polygon_mean (Dakshin Kannad),4557,2019_11_01,"{""type"":""MultiPoint"",""coordinates"":[]}"
4,Mangaluru,2019-11-09,15134.583837259042,MODIS/061/MOD11A2,GAUL_L2_polygon_mean (Dakshin Kannad),4557,2019_11_09,"{""type"":""MultiPoint"",""coordinates"":[]}"
4,Mangaluru,2019-11-17,15131.902030303509,MODIS/061/MOD11A2,GAUL_L2_polygon_mean (Dakshin Kannad),4557,2019_11_17,"{""type"":""MultiPoint"",""coordinates"":[]}"
4,Mangaluru,2019-11-25,15144.818051065426,MODIS/061/MOD11A2,GAUL_L2_polygon_mean (Dakshin Kannad),4556,2019_11_25,"{""type"":""MultiPoint"",""coordinates"":[]}"
4,Mangaluru,2019-12-03,15095.900861935415,MODIS/061/MOD11A2,GAUL_L2_polygon_mean (Dakshin Kannad),4556,2019_12_03,"{""type"":""MultiPoint"",""coordinates"":[]}"
4,Mangaluru,2019-12-11,15113.603595787274,MODIS/061/MOD11A2,GAUL_L2_polygon_mean (Dakshin Kannad),4556,2019_12_11,"{""type"":""MultiPoint"",""coordinates"":[]}"
4,Mangaluru,2019-12-19,15087.429093967477,MODIS/061/MOD11A2,GAUL_L2_polygon_mean (Dakshin Kannad),4555,2019_12_19,"{""type"":""MultiPoint"",""coordinates"":[]}"
4,Mangaluru,2019-12-27,15081.683895711152,MODIS/061/MOD11A2,GAUL_L2_polygon_mean (Dakshin Kannad),4502,2019_12_27,"{""type"":""MultiPoint"",""coordinates"":[]}"
4,Mangaluru,2020-01-01,15107.1274471409,MODIS/061/MOD11A2,GAUL_L2_polygon_mean (Dakshin Kannad),4556,2020_01_01,"{""type"":""MultiPoint"",""coordinates"":[]}"
4,Mangaluru,2020-01-09,15099.708731088278,MODIS/061/MOD11A2,GAUL_L2_polygon_mean (Dakshin Kannad),4557,2020_01_09,"{""type"":""MultiPoint"",""coordinates"":[]}"
4,Mangaluru,2020-01-17,15172.50138247896,MODIS/061/MOD11A2,GAUL_L2_polygon_mean (Dakshin Kannad),4557,2020_01_17,"{""type"":""MultiPoint"",""coordinates"":[]}"
4,Mangaluru,2020-01-25,15127.811174801616,MODIS/061/MOD11A2,GAUL_L2_polygon_mean (Dakshin Kannad),4557,2020_01_25,"{""type"":""MultiPoint"",""coordinates"":[]}"
4,Mangaluru,2020-02-02,15136.754447985131,MODIS/061/MOD11A2,GAUL_L2_polygon_mean (Dakshin Kannad),4557,2020_02_02,"{""type"":""MultiPoint"",""coordinates"":[]}"
4,Mangaluru,2020-02-10,15230.256760722297,MODIS/061/MOD11A2,GAUL_L2_polygon_mean (Dakshin Kannad),4557,2020_02_10,"{""type"":""MultiPoint"",""coordinates"":[]}"
4,Mangaluru,2020-02-18,15259.036470006984,MODIS/061/MOD11A2,GAUL_L2_polygon_mean (Dakshin Kannad),4556,2020_02_18,"{""type"":""MultiPoint"",""coordinates"":[]}"
4,Mangaluru,2020-02-26,15081.413449311465,MODIS/061/MOD11A2,GAUL_L2_polygon_mean (Dakshin Kannad),3904,2020_02_26,"{""type"":""MultiPoint"",""coordinates"":[]}"
4,Mangaluru,2020-03-05,15196.624846359638,MODIS/061/MOD11A2,GAUL_L2_polygon_mean (Dakshin Kannad),4556,2020_03_05,"{""type"":""MultiPoint"",""coordinates"":[]}"
4,Mangaluru,2020-03-13,15327.186198789554,MODIS/061/MOD11A2,GAUL_L2_polygon_mean (Dakshin Kannad),4557,2020_03_13,"{""type"":""MultiPoint"",""coordinates"":[]}"
4,Mangaluru,2020-03-21,15302.04638970279,MODIS/061/MOD11A2,GAUL_L2_polygon_mean (Dakshin Kannad),4556,2020_03_21,"{""type"":""MultiPoint"",""coordinates"":[]}"
4,Mangaluru,2020-03-29,15371.890334342113,MODIS/061/MOD11A2,GAUL_L2_polygon_mean (Dakshin Kannad),4556,2020_03_29,"{""type"":""MultiPoint"",""coordinates"":[]}"
4,Mangaluru,2020-04-06,15305.64987009948,MODIS/061/MOD11A2,GAUL_L2_polygon_mean (Dakshin Kannad),4557,2020_04_06,"{""type"":""MultiPoint"",""coordinates"":[]}"
4,Mangaluru,2020-04-14,15270.03964470506,MODIS/061/MOD11A2,GAUL_L2_polygon_mean (Dakshin Kannad),4529,2020_04_14,"{""type"":""MultiPoint"",""coordinates"":[]}"
4,Mangaluru,2020-04-22,15290.914069274668,MODIS/061/MOD11A2,GAUL_L2_polygon_mean (Dakshin Kannad),3853,2020_04_22,"{""type"":""MultiPoint"",""coordinates"":[]}"
4,Mangaluru,2020-04-30,15180.212599157172,MODIS/061/MOD11A2,GAUL_L2_polygon_mean (Dakshin Kannad),3543,2020_04_30,"{""type"":""MultiPoint"",""coordinates"":[]}"
4,Mangaluru,2020-05-08,15143.741239190867,MODIS/061/MOD11A2,GAUL_L2_polygon_mean (Dakshin Kannad),3783,2020_05_08,"{""type"":""MultiPoint"",""coordinates"":[]}"
4,Mangaluru,2020-05-16,15203.467196003689,MODIS/061/MOD11A2,GAUL_L2_polygon_mean (Dakshin Kannad),3193,2020_05_16,"{""type"":""MultiPoint"",""coordinates"":[]}"
4,Mangaluru,2020-05-24,15178.132734326493,MODIS/061/MOD11A2,GAUL_L2_polygon_mean (Dakshin Kannad),3675,2020_05_24,"{""type"":""MultiPoint"",""coordinates"":[]}"
4,Mangaluru,2020-06-01,14853.161092080112,MODIS/061/MOD11A2,GAUL_L2_polygon_mean (Dakshin Kannad),305,2020_06_01,"{""type"":""MultiPoint"",""coordinates"":[]}"
4,Mangaluru,2020-06-09,15055.108049535595,MODIS/061/MOD11A2,GAUL_L2_polygon_mean (Dakshin Kannad),658,2020_06_09,"{""type"":""MultiPoint"",""coordinates"":[]}"
4,Mangaluru,2020-06-17,15017.975705659317,MODIS/061/MOD11A2,GAUL_L2_polygon_mean (Dakshin Kannad),27,2020_06_17,"{""type"":""MultiPoint"",""coordinates"":[]}"
4,Mangaluru,2020-06-25,15089.913405665517,MODIS/061/MOD11A2,GAUL_L2_polygon_mean (Dakshin Kannad),2418,2020_06_25,"{""type"":""MultiPoint"",""coordinates"":[]}"
4,Mangaluru,2020-07-03,14745.740503948853,MODIS/061/MOD11A2,GAUL_L2_polygon_mean (Dakshin Kannad),10,2020_07_03,"{""type"":""MultiPoint"",""coordinates"":[]}"
4,Mangaluru,2020-07-11,15128.895491686186,MODIS/061/MOD11A2,GAUL_L2_polygon_mean (Dakshin Kannad),68,2020_07_11,"{""type"":""MultiPoint"",""coordinates"":[]}"
4,Mangaluru,2020-07-19,15086.944371215686,MODIS/061/MOD11A2,GAUL_L2_polygon_mean (Dakshin Kannad),2972,2020_07_19,"{""type"":""MultiPoint"",""coordinates"":[]}"
4,Mangaluru,2020-07-27,15005.653758119392,MODIS/061/MOD11A2,GAUL_L2_polygon_mean (Dakshin Kannad),63,2020_07_27,"{""type"":""MultiPoint"",""coordinates"":[]}"
4,Mangaluru,2020-08-12,14935.818181818182,MODIS/061/MOD11A2,GAUL_L2_polygon_mean (Dakshin Kannad),11,2020_08_12,"{""type"":""MultiPoint"",""coordinates"":[]}"
4,Mangaluru,2020-08-20,15050.147402831393,MODIS/061/MOD11A2,GAUL_L2_polygon_mean (Dakshin Kannad),761,2020_08_20,"{""type"":""MultiPoint"",""coordinates"":[]}"
4,Mangaluru,2020-08-28,15113.429579415682,MODIS/061/MOD11A2,GAUL_L2_polygon_mean (Dakshin Kannad),3071,2020_08_28,"{""type"":""MultiPoint"",""coordinates"":[]}"
4,Mangaluru,2020-09-05,15054.419441742473,MODIS/061/MOD11A2,GAUL_L2_polygon_mean (Dakshin Kannad),822,2020_09_05,"{""type"":""MultiPoint"",""coordinates"":[]}"
4,Mangaluru,2020-09-13,15033.733123224782,MODIS/061/MOD11A2,GAUL_L2_polygon_mean (Dakshin Kannad),100,2020_09_13,"{""type"":""MultiPoint"",""coordinates"":[]}"
4,Mangaluru,2020-09-21,14949.108171401058,MODIS/061/MOD11A2,GAUL_L2_polygon_mean (Dakshin Kannad),1018,2020_09_21,"{""type"":""MultiPoint"",""coordinates"":[]}"
4,Mangaluru,2020-09-29,15030.600428061012,MODIS/061/MOD11A2,GAUL_L2_polygon_mean (Dakshin Kannad),3325,2020_09_29,"{""type"":""MultiPoint"",""coordinates"":[]}"
4,Mangaluru,2020-10-07,15107.71779713247,MODIS/061/MOD11A2,GAUL_L2_polygon_mean (Dakshin Kannad),967,2020_10_07,"{""type"":""MultiPoint"",""coordinates"":[]}"
4,Mangaluru,2020-10-15,15095.072569328559,MODIS/061/MOD11A2,GAUL_L2_polygon_mean (Dakshin Kannad),4429,2020_10_15,"{""type"":""MultiPoint"",""coordinates"":[]}"
4,Mangaluru,2020-10-23,15117.43589310449,MODIS/061/MOD11A2,GAUL_L2_polygon_mean (Dakshin Kannad),4550,2020_10_23,"{""type"":""MultiPoint"",""coordinates"":[]}"
4,Mangaluru,2020-10-31,15073.897270090061,MODIS/061/MOD11A2,GAUL_L2_polygon_mean (Dakshin Kannad),4525,2020_10_31,"{""type"":""MultiPoint"",""coordinates"":[]}"
4,Mangaluru,2020-11-08,15160.087809992074,MODIS/061/MOD11A2,GAUL_L2_polygon_mean (Dakshin Kannad),4556,2020_11_08,"{""type"":""MultiPoint"",""coordinates"":[]}"
4,Mangaluru,2020-11-16,15088.900794753861,MODIS/061/MOD11A2,GAUL_L2_polygon_mean (Dakshin Kannad),4556,2020_11_16,"{""type"":""MultiPoint"",""coordinates"":[]}"
4,Mangaluru,2020-11-24,15111.017357361137,MODIS/061/MOD11A2,GAUL_L2_polygon_mean (Dakshin Kannad),4557,2020_11_24,"{""type"":""MultiPoint"",""coordinates"":[]}"
4,Mangaluru,2020-12-02,15135.253240834369,MODIS/061/MOD11A2,GAUL_L2_polygon_mean (Dakshin Kannad),4556,2020_12_02,"{""type"":""MultiPoint"",""coordinates"":[]}"
4,Mangaluru,2020-12-10,15043.019826247095,MODIS/061/MOD11A2,GAUL_L2_polygon_mean (Dakshin Kannad),4556,2020_12_10,"{""type"":""MultiPoint"",""coordinates"":[]}"
4,Mangaluru,2020-12-18,15059.997661876558,MODIS/061/MOD11A2,GAUL_L2_polygon_mean (Dakshin Kannad),4557,2020_12_18,"{""type"":""MultiPoint"",""coordinates"":[]}"
4,Mangaluru,2020-12-26,15141.784524756322,MODIS/061/MOD11A2,GAUL_L2_polygon_mean (Dakshin Kannad),4556,2020_12_26,"{""type"":""MultiPoint"",""coordinates"":[]}"
4,Mangaluru,2021-01-01,15130.530052702596,MODIS/061/MOD11A2,GAUL_L2_polygon_mean (Dakshin Kannad),4556,2021_01_01,"{""type"":""MultiPoint"",""coordinates"":[]}"
4,Mangaluru,2021-01-09,15100.892943420788,MODIS/061/MOD11A2,GAUL_L2_polygon_mean (Dakshin Kannad),4553,2021_01_09,"{""type"":""MultiPoint"",""coordinates"":[]}"
4,Mangaluru,2021-01-17,15114.69842596186,MODIS/061/MOD11A2,GAUL_L2_polygon_mean (Dakshin Kannad),4557,2021_01_17,"{""type"":""MultiPoint"",""coordinates"":[]}"
4,Mangaluru,2021-01-25,15137.709934722208,MODIS/061/MOD11A2,GAUL_L2_polygon_mean (Dakshin Kannad),4556,2021_01_25,"{""type"":""MultiPoint"",""coordinates"":[]}"
4,Mangaluru,2021-02-02,15169.806770333045,MODIS/061/MOD11A2,GAUL_L2_polygon_mean (Dakshin Kannad),4556,2021_02_02,"{""type"":""MultiPoint"",""coordinates"":[]}"
4,Mangaluru,2021-02-10,15142.3672204901,MODIS/061/MOD11A2,GAUL_L2_polygon_mean (Dakshin Kannad),4557,2021_02_10,"{""type"":""MultiPoint"",""coordinates"":[]}"
4,Mangaluru,2021-02-18,15159.49615461734,MODIS/061/MOD11A2,GAUL_L2_polygon_mean (Dakshin Kannad),4557,2021_02_18,"{""type"":""MultiPoint"",""coordinates"":[]}"
4,Mangaluru,2021-02-26,15238.749781204326,MODIS/061/MOD11A2,GAUL_L2_polygon_mean (Dakshin Kannad),4557,2021_02_26,"{""type"":""MultiPoint"",""coordinates"":[]}"
4,Mangaluru,2021-03-06,15269.163529232566,MODIS/061/MOD11A2,GAUL_L2_polygon_mean (Dakshin Kannad),4557,2021_03_06,"{""type"":""MultiPoint"",""coordinates"":[]}"
4,Mangaluru,2021-03-14,15270.102634692905,MODIS/061/MOD11A2,GAUL_L2_polygon_mean (Dakshin Kannad),4556,2021_03_14,"{""type"":""MultiPoint"",""coordinates"":[]}"
4,Mangaluru,2021-03-22,15279.306240409265,MODIS/061/MOD11A2,GAUL_L2_polygon_mean (Dakshin Kannad),4556,2021_03_22,"{""type"":""MultiPoint"",""coordinates"":[]}"
4,Mangaluru,2021-03-30,15175.821106776817,MODIS/061/MOD11A2,GAUL_L2_polygon_mean (Dakshin Kannad),4556,2021_03_30,"{""type"":""MultiPoint"",""coordinates"":[]}"
4,Mangaluru,2021-04-07,15278.235165996452,MODIS/061/MOD11A2,GAUL_L2_polygon_mean (Dakshin Kannad),4557,2021_04_07,"{""type"":""MultiPoint"",""coordinates"":[]}"
4,Mangaluru,2021-04-15,15174.972690443661,MODIS/061/MOD11A2,GAUL_L2_polygon_mean (Dakshin Kannad),4408,2021_04_15,"{""type"":""MultiPoint"",""coordinates"":[]}"
4,Mangaluru,2021-04-23,15161.959850600884,MODIS/061/MOD11A2,GAUL_L2_polygon_mean (Dakshin Kannad),4251,2021_04_23,"{""type"":""MultiPoint"",""coordinates"":[]}"
4,Mangaluru,2021-05-01,15158.982255354236,MODIS/061/MOD11A2,GAUL_L2_polygon_mean (Dakshin Kannad),4529,2021_05_01,"{""type"":""MultiPoint"",""coordinates"":[]}"
4,Mangaluru,2021-05-09,15026.32997987928,MODIS/061/MOD11A2,GAUL_L2_polygon_mean (Dakshin Kannad),87,2021_05_09,"{""type"":""MultiPoint"",""coordinates"":[]}"
4,Mangaluru,2021-05-17,15094.255928131524,MODIS/061/MOD11A2,GAUL_L2_polygon_mean (Dakshin Kannad),1271,2021_05_17,"{""type"":""MultiPoint"",""coordinates"":[]}"
4,Mangaluru,2021-05-25,15049.812798186247,MODIS/061/MOD11A2,GAUL_L2_polygon_mean (Dakshin Kannad),1508,2021_05_25,"{""type"":""MultiPoint"",""coordinates"":[]}"
4,Mangaluru,2021-06-02,15086.795394900866,MODIS/061/MOD11A2,GAUL_L2_polygon_mean (Dakshin Kannad),3586,2021_06_02,"{""type"":""MultiPoint"",""coordinates"":[]}"
4,Mangaluru,2021-06-10,14931.889724310779,MODIS/061/MOD11A2,GAUL_L2_polygon_mean (Dakshin Kannad),1,2021_06_10,"{""type"":""MultiPoint"",""coordinates"":[]}"
4,Mangaluru,2021-06-18,14990.537770718362,MODIS/061/MOD11A2,GAUL_L2_polygon_mean (Dakshin Kannad),1170,2021_06_18,"{""type"":""MultiPoint"",""coordinates"":[]}"
4,Mangaluru,2021-06-26,15044.180474537894,MODIS/061/MOD11A2,GAUL_L2_polygon_mean (Dakshin Kannad),1593,2021_06_26,"{""type"":""MultiPoint"",""coordinates"":[]}"
4,Mangaluru,2021-07-12,14872.20143884892,MODIS/061/MOD11A2,GAUL_L2_polygon_mean (Dakshin Kannad),139,2021_07_12,"{""type"":""MultiPoint"",""coordinates"":[]}"
4,Mangaluru,2021-07-20,14995.823635882509,MODIS/061/MOD11A2,GAUL_L2_polygon_mean (Dakshin Kannad),370,2021_07_20,"{""type"":""MultiPoint"",""coordinates"":[]}"
4,Mangaluru,2021-07-28,15001.326921093529,MODIS/061/MOD11A2,GAUL_L2_polygon_mean (Dakshin Kannad),2357,2021_07_28,"{""type"":""MultiPoint"",""coordinates"":[]}"
4,Mangaluru,2021-08-05,15018.290271236407,MODIS/061/MOD11A2,GAUL_L2_polygon_mean (Dakshin Kannad),901,2021_08_05,"{""type"":""MultiPoint"",""coordinates"":[]}"
4,Mangaluru,2021-08-21,15090.391054336182,MODIS/061/MOD11A2,GAUL_L2_polygon_mean (Dakshin Kannad),868,2021_08_21,"{""type"":""MultiPoint"",""coordinates"":[]}"
4,Mangaluru,2021-08-29,15006.973311143985,MODIS/061/MOD11A2,GAUL_L2_polygon_mean (Dakshin Kannad),190,2021_08_29,"{""type"":""MultiPoint"",""coordinates"":[]}"
4,Mangaluru,2021-09-06,15014.10969822166,MODIS/061/MOD11A2,GAUL_L2_polygon_mean (Dakshin Kannad),1232,2021_09_06,"{""type"":""MultiPoint"",""coordinates"":[]}"
4,Mangaluru,2021-09-14,15100.128146788982,MODIS/061/MOD11A2,GAUL_L2_polygon_mean (Dakshin Kannad),3740,2021_09_14,"{""type"":""MultiPoint"",""coordinates"":[]}"
4,Mangaluru,2021-09-22,15090.566412616783,MODIS/061/MOD11A2,GAUL_L2_polygon_mean (Dakshin Kannad),683,2021_09_22,"{""type"":""MultiPoint"",""coordinates"":[]}"
4,Mangaluru,2021-09-30,15100.441015376868,MODIS/061/MOD11A2,GAUL_L2_polygon_mean (Dakshin Kannad),4506,2021_09_30,"{""type"":""MultiPoint"",""coordinates"":[]}"
4,Mangaluru,2021-10-08,15003.290378745343,MODIS/061/MOD11A2,GAUL_L2_polygon_mean (Dakshin Kannad),1605,2021_10_08,"{""type"":""MultiPoint"",""coordinates"":[]}"
4,Mangaluru,2021-10-16,15083.341679613306,MODIS/061/MOD11A2,GAUL_L2_polygon_mean (Dakshin Kannad),4175,2021_10_16,"{""type"":""MultiPoint"",""coordinates"":[]}"
4,Mangaluru,2021-10-24,15134.17852134049,MODIS/061/MOD11A2,GAUL_L2_polygon_mean (Dakshin Kannad),4554,2021_10_24,"{""type"":""MultiPoint"",""coordinates"":[]}"
4,Mangaluru,2021-11-01,15067.697583917376,MODIS/061/MOD11A2,GAUL_L2_polygon_mean (Dakshin Kannad),637,2021_11_01,"{""type"":""MultiPoint"",""coordinates"":[]}"
4,Mangaluru,2021-11-09,14866.326442646021,MODIS/061/MOD11A2,GAUL_L2_polygon_mean (Dakshin Kannad),89,2021_11_09,"{""type"":""MultiPoint"",""coordinates"":[]}"
4,Mangaluru,2021-11-17,15059.0770817321,MODIS/061/MOD11A2,GAUL_L2_polygon_mean (Dakshin Kannad),4352,2021_11_17,"{""type"":""MultiPoint"",""coordinates"":[]}"
4,Mangaluru,2021-11-25,15111.788188881435,MODIS/061/MOD11A2,GAUL_L2_polygon_mean (Dakshin Kannad),4552,2021_11_25,"{""type"":""MultiPoint"",""coordinates"":[]}"
4,Mangaluru,2021-12-03,15092.749699600974,MODIS/061/MOD11A2,GAUL_L2_polygon_mean (Dakshin Kannad),4556,2021_12_03,"{""type"":""MultiPoint"",""coordinates"":[]}"
4,Mangaluru,2021-12-11,15087.043671361593,MODIS/061/MOD11A2,GAUL_L2_polygon_mean (Dakshin Kannad),4557,2021_12_11,"{""type"":""MultiPoint"",""coordinates"":[]}"
4,Mangaluru,2021-12-19,15080.24274575037,MODIS/061/MOD11A2,GAUL_L2_polygon_mean (Dakshin Kannad),4557,2021_12_19,"{""type"":""MultiPoint"",""coordinates"":[]}"
4,Mangaluru,2021-12-27,15104.677557272942,MODIS/061/MOD11A2,GAUL_L2_polygon_mean (Dakshin Kannad),4556,2021_12_27,"{""type"":""MultiPoint"",""coordinates"":[]}"
4,Mangaluru,2022-01-01,15141.30746710752,MODIS/061/MOD11A2,GAUL_L2_polygon_mean (Dakshin Kannad),4557,2022_01_01,"{""type"":""MultiPoint"",""coordinates"":[]}"
4,Mangaluru,2022-01-09,15047.883852835046,MODIS/061/MOD11A2,GAUL_L2_polygon_mean (Dakshin Kannad),4557,2022_01_09,"{""type"":""MultiPoint"",""coordinates"":[]}"
4,Mangaluru,2022-01-17,15100.735183637773,MODIS/061/MOD11A2,GAUL_L2_polygon_mean (Dakshin Kannad),4557,2022_01_17,"{""type"":""MultiPoint"",""coordinates"":[]}"
4,Mangaluru,2022-01-25,15092.5979821745,MODIS/061/MOD11A2,GAUL_L2_polygon_mean (Dakshin Kannad),4557,2022_01_25,"{""type"":""MultiPoint"",""coordinates"":[]}"
4,Mangaluru,2022-02-02,15112.603754766404,MODIS/061/MOD11A2,GAUL_L2_polygon_mean (Dakshin Kannad),4557,2022_02_02,"{""type"":""MultiPoint"",""coordinates"":[]}"
4,Mangaluru,2022-02-10,15122.502983108207,MODIS/061/MOD11A2,GAUL_L2_polygon_mean (Dakshin Kannad),4557,2022_02_10,"{""type"":""MultiPoint"",""coordinates"":[]}"
4,Mangaluru,2022-02-18,15222.942231913978,MODIS/061/MOD11A2,GAUL_L2_polygon_mean (Dakshin Kannad),4557,2022_02_18,"{""type"":""MultiPoint"",""coordinates"":[]}"
4,Mangaluru,2022-02-26,15257.098014445264,MODIS/061/MOD11A2,GAUL_L2_polygon_mean (Dakshin Kannad),4557,2022_02_26,"{""type"":""MultiPoint"",""coordinates"":[]}"
4,Mangaluru,2022-03-06,15270.569726046744,MODIS/061/MOD11A2,GAUL_L2_polygon_mean (Dakshin Kannad),4556,2022_03_06,"{""type"":""MultiPoint"",""coordinates"":[]}"
4,Mangaluru,2022-03-14,15218.998300407142,MODIS/061/MOD11A2,GAUL_L2_polygon_mean (Dakshin Kannad),4557,2022_03_14,"{""type"":""MultiPoint"",""coordinates"":[]}"
4,Mangaluru,2022-03-22,15210.208236668162,MODIS/061/MOD11A2,GAUL_L2_polygon_mean (Dakshin Kannad),4438,2022_03_22,"{""type"":""MultiPoint"",""coordinates"":[]}"
4,Mangaluru,2022-03-30,15134.456369691261,MODIS/061/MOD11A2,GAUL_L2_polygon_mean (Dakshin Kannad),3805,2022_03_30,"{""type"":""MultiPoint"",""coordinates"":[]}"
4,Mangaluru,2022-04-07,15130.83525810424,MODIS/061/MOD11A2,GAUL_L2_polygon_mean (Dakshin Kannad),2445,2022_04_07,"{""type"":""MultiPoint"",""coordinates"":[]}"
4,Mangaluru,2022-04-15,15143.076500855575,MODIS/061/MOD11A2,GAUL_L2_polygon_mean (Dakshin Kannad),4556,2022_04_15,"{""type"":""MultiPoint"",""coordinates"":[]}"
4,Mangaluru,2022-04-23,15111.964960237476,MODIS/061/MOD11A2,GAUL_L2_polygon_mean (Dakshin Kannad),4425,2022_04_23,"{""type"":""MultiPoint"",""coordinates"":[]}"
4,Mangaluru,2022-05-01,15047.74233766554,MODIS/061/MOD11A2,GAUL_L2_polygon_mean (Dakshin Kannad),1275,2022_05_01,"{""type"":""MultiPoint"",""coordinates"":[]}"
4,Mangaluru,2022-05-09,15055.395825386735,MODIS/061/MOD11A2,GAUL_L2_polygon_mean (Dakshin Kannad),185,2022_05_09,"{""type"":""MultiPoint"",""coordinates"":[]}"
4,Mangaluru,2022-05-17,15076.952182138677,MODIS/061/MOD11A2,GAUL_L2_polygon_mean (Dakshin Kannad),3397,2022_05_17,"{""type"":""MultiPoint"",""coordinates"":[]}"
4,Mangaluru,2022-05-25,15097.5403557836,MODIS/061/MOD11A2,GAUL_L2_polygon_mean (Dakshin Kannad),4032,2022_05_25,"{""type"":""MultiPoint"",""coordinates"":[]}"
4,Mangaluru,2022-06-02,15007.468108039202,MODIS/061/MOD11A2,GAUL_L2_polygon_mean (Dakshin Kannad),3998,2022_06_02,"{""type"":""MultiPoint"",""coordinates"":[]}"
4,Mangaluru,2022-06-10,15101.507207127037,MODIS/061/MOD11A2,GAUL_L2_polygon_mean (Dakshin Kannad),705,2022_06_10,"{""type"":""MultiPoint"",""coordinates"":[]}"
4,Mangaluru,2022-07-12,14857.292043948424,MODIS/061/MOD11A2,GAUL_L2_polygon_mean (Dakshin Kannad),316,2022_07_12,"{""type"":""MultiPoint"",""coordinates"":[]}"
4,Mangaluru,2022-07-20,14980.191406389336,MODIS/061/MOD11A2,GAUL_L2_polygon_mean (Dakshin Kannad),329,2022_07_20,"{""type"":""MultiPoint"",""coordinates"":[]}"
4,Mangaluru,2022-07-28,15054.563194648086,MODIS/061/MOD11A2,GAUL_L2_polygon_mean (Dakshin Kannad),3650,2022_07_28,"{""type"":""MultiPoint"",""coordinates"":[]}"
4,Mangaluru,2022-08-05,14876.748660761645,MODIS/061/MOD11A2,GAUL_L2_polygon_mean (Dakshin Kannad),295,2022_08_05,"{""type"":""MultiPoint"",""coordinates"":[]}"
4,Mangaluru,2022-08-13,14984.049672784004,MODIS/061/MOD11A2,GAUL_L2_polygon_mean (Dakshin Kannad),2191,2022_08_13,"{""type"":""MultiPoint"",""coordinates"":[]}"
4,Mangaluru,2022-08-21,14991.669993159232,MODIS/061/MOD11A2,GAUL_L2_polygon_mean (Dakshin Kannad),487,2022_08_21,"{""type"":""MultiPoint"",""coordinates"":[]}"
4,Mangaluru,2022-08-29,15070.217565950188,MODIS/061/MOD11A2,GAUL_L2_polygon_mean (Dakshin Kannad),2391,2022_08_29,"{""type"":""MultiPoint"",""coordinates"":[]}"
4,Mangaluru,2022-09-14,14970.610738111984,MODIS/061/MOD11A2,GAUL_L2_polygon_mean (Dakshin Kannad),1103,2022_09_14,"{""type"":""MultiPoint"",""coordinates"":[]}"
4,Mangaluru,2022-09-22,14961.547759199027,MODIS/061/MOD11A2,GAUL_L2_polygon_mean (Dakshin Kannad),1997,2022_09_22,"{""type"":""MultiPoint"",""coordinates"":[]}"
4,Mangaluru,2022-09-30,15068.03086778823,MODIS/061/MOD11A2,GAUL_L2_polygon_mean (Dakshin Kannad),2056,2022_09_30,"{""type"":""MultiPoint"",""coordinates"":[]}"
4,Mangaluru,2022-10-08,15029.774255743889,MODIS/061/MOD11A2,GAUL_L2_polygon_mean (Dakshin Kannad),2359,2022_10_08,"{""type"":""MultiPoint"",""coordinates"":[]}"
4,Mangaluru,2022-10-24,15136.875377245096,MODIS/061/MOD11A2,GAUL_L2_polygon_mean (Dakshin Kannad),4557,2022_10_24,"{""type"":""MultiPoint"",""coordinates"":[]}"
4,Mangaluru,2022-11-01,15089.569766535882,MODIS/061/MOD11A2,GAUL_L2_polygon_mean (Dakshin Kannad),4529,2022_11_01,"{""type"":""MultiPoint"",""coordinates"":[]}"
4,Mangaluru,2022-11-09,15102.622739278379,MODIS/061/MOD11A2,GAUL_L2_polygon_mean (Dakshin Kannad),4555,2022_11_09,"{""type"":""MultiPoint"",""coordinates"":[]}"
4,Mangaluru,2022-11-17,15050.561490409558,MODIS/061/MOD11A2,GAUL_L2_polygon_mean (Dakshin Kannad),4557,2022_11_17,"{""type"":""MultiPoint"",""coordinates"":[]}"
4,Mangaluru,2022-11-25,15090.971385831239,MODIS/061/MOD11A2,GAUL_L2_polygon_mean (Dakshin Kannad),4556,2022_11_25,"{""type"":""MultiPoint"",""coordinates"":[]}"
4,Mangaluru,2022-12-03,15072.309514214341,MODIS/061/MOD11A2,GAUL_L2_polygon_mean (Dakshin Kannad),4554,2022_12_03,"{""type"":""MultiPoint"",""coordinates"":[]}"
4,Mangaluru,2022-12-11,15086.735877807412,MODIS/061/MOD11A2,GAUL_L2_polygon_mean (Dakshin Kannad),4555,2022_12_11,"{""type"":""MultiPoint"",""coordinates"":[]}"
4,Mangaluru,2022-12-19,15103.703824213053,MODIS/061/MOD11A2,GAUL_L2_polygon_mean (Dakshin Kannad),4557,2022_12_19,"{""type"":""MultiPoint"",""coordinates"":[]}"
4,Mangaluru,2022-12-27,15140.589343079382,MODIS/061/MOD11A2,GAUL_L2_polygon_mean (Dakshin Kannad),4557,2022_12_27,"{""type"":""MultiPoint"",""coordinates"":[]}"
4,Mangaluru,2023-01-01,15101.715480408222,MODIS/061/MOD11A2,GAUL_L2_polygon_mean (Dakshin Kannad),4557,2023_01_01,"{""type"":""MultiPoint"",""coordinates"":[]}"
4,Mangaluru,2023-01-09,15081.521823202775,MODIS/061/MOD11A2,GAUL_L2_polygon_mean (Dakshin Kannad),4557,2023_01_09,"{""type"":""MultiPoint"",""coordinates"":[]}"
4,Mangaluru,2023-01-17,15073.969816091158,MODIS/061/MOD11A2,GAUL_L2_polygon_mean (Dakshin Kannad),4557,2023_01_17,"{""type"":""MultiPoint"",""coordinates"":[]}"
4,Mangaluru,2023-01-25,15076.209038726227,MODIS/061/MOD11A2,GAUL_L2_polygon_mean (Dakshin Kannad),4556,2023_01_25,"{""type"":""MultiPoint"",""coordinates"":[]}"
4,Mangaluru,2023-02-02,15099.501056862286,MODIS/061/MOD11A2,GAUL_L2_polygon_mean (Dakshin Kannad),4556,2023_02_02,"{""type"":""MultiPoint"",""coordinates"":[]}"
4,Mangaluru,2023-02-10,15191.215701444497,MODIS/061/MOD11A2,GAUL_L2_polygon_mean (Dakshin Kannad),4556,2023_02_10,"{""type"":""MultiPoint"",""coordinates"":[]}"
4,Mangaluru,2023-02-18,15229.952767668678,MODIS/061/MOD11A2,GAUL_L2_polygon_mean (Dakshin Kannad),4557,2023_02_18,"{""type"":""MultiPoint"",""coordinates"":[]}"
4,Mangaluru,2023-02-26,15311.743421715046,MODIS/061/MOD11A2,GAUL_L2_polygon_mean (Dakshin Kannad),4557,2023_02_26,"{""type"":""MultiPoint"",""coordinates"":[]}"
4,Mangaluru,2023-03-06,15355.141693551812,MODIS/061/MOD11A2,GAUL_L2_polygon_mean (Dakshin Kannad),4557,2023_03_06,"{""type"":""MultiPoint"",""coordinates"":[]}"
4,Mangaluru,2023-03-14,15232.72067835883,MODIS/061/MOD11A2,GAUL_L2_polygon_mean (Dakshin Kannad),4556,2023_03_14,"{""type"":""MultiPoint"",""coordinates"":[]}"
4,Mangaluru,2023-03-22,15290.787391849248,MODIS/061/MOD11A2,GAUL_L2_polygon_mean (Dakshin Kannad),4556,2023_03_22,"{""type"":""MultiPoint"",""coordinates"":[]}"
4,Mangaluru,2023-03-30,15264.918868414994,MODIS/061/MOD11A2,GAUL_L2_polygon_mean (Dakshin Kannad),4556,2023_03_30,"{""type"":""MultiPoint"",""coordinates"":[]}"
4,Mangaluru,2023-04-07,15350.242230278915,MODIS/061/MOD11A2,GAUL_L2_polygon_mean (Dakshin Kannad),4557,2023_04_07,"{""type"":""MultiPoint"",""coordinates"":[]}"
4,Mangaluru,2023-04-15,15288.553927006164,MODIS/061/MOD11A2,GAUL_L2_polygon_mean (Dakshin Kannad),4557,2023_04_15,"{""type"":""MultiPoint"",""coordinates"":[]}"
4,Mangaluru,2023-04-23,15319.81925515608,MODIS/061/MOD11A2,GAUL_L2_polygon_mean (Dakshin Kannad),4556,2023_04_23,"{""type"":""MultiPoint"",""coordinates"":[]}"
4,Mangaluru,2023-05-01,15151.219787717675,MODIS/061/MOD11A2,GAUL_L2_polygon_mean (Dakshin Kannad),2862,2023_05_01,"{""type"":""MultiPoint"",""coordinates"":[]}"
4,Mangaluru,2023-05-09,15169.97814253905,MODIS/061/MOD11A2,GAUL_L2_polygon_mean (Dakshin Kannad),4494,2023_05_09,"{""type"":""MultiPoint"",""coordinates"":[]}"
4,Mangaluru,2023-05-17,15246.62324318601,MODIS/061/MOD11A2,GAUL_L2_polygon_mean (Dakshin Kannad),4555,2023_05_17,"{""type"":""MultiPoint"",""coordinates"":[]}"
4,Mangaluru,2023-05-25,15239.962295997711,MODIS/061/MOD11A2,GAUL_L2_polygon_mean (Dakshin Kannad),4542,2023_05_25,"{""type"":""MultiPoint"",""coordinates"":[]}"
4,Mangaluru,2023-06-02,15138.494686649767,MODIS/061/MOD11A2,GAUL_L2_polygon_mean (Dakshin Kannad),3809,2023_06_02,"{""type"":""MultiPoint"",""coordinates"":[]}"
4,Mangaluru,2023-06-10,15016.387427916039,MODIS/061/MOD11A2,GAUL_L2_polygon_mean (Dakshin Kannad),1586,2023_06_10,"{""type"":""MultiPoint"",""coordinates"":[]}"
4,Mangaluru,2023-06-18,14934.135006538247,MODIS/061/MOD11A2,GAUL_L2_polygon_mean (Dakshin Kannad),356,2023_06_18,"{""type"":""MultiPoint"",""coordinates"":[]}"
4,Mangaluru,2023-06-26,14964.871667816595,MODIS/061/MOD11A2,GAUL_L2_polygon_mean (Dakshin Kannad),62,2023_06_26,"{""type"":""MultiPoint"",""coordinates"":[]}"
4,Mangaluru,2023-07-04,14876.942105263157,MODIS/061/MOD11A2,GAUL_L2_polygon_mean (Dakshin Kannad),1,2023_07_04,"{""type"":""MultiPoint"",""coordinates"":[]}"
4,Mangaluru,2023-07-12,14874.294638650708,MODIS/061/MOD11A2,GAUL_L2_polygon_mean (Dakshin Kannad),83,2023_07_12,"{""type"":""MultiPoint"",""coordinates"":[]}"
4,Mangaluru,2023-07-28,15025.349423770473,MODIS/061/MOD11A2,GAUL_L2_polygon_mean (Dakshin Kannad),689,2023_07_28,"{""type"":""MultiPoint"",""coordinates"":[]}"
4,Mangaluru,2023-08-05,14986.368111216547,MODIS/061/MOD11A2,GAUL_L2_polygon_mean (Dakshin Kannad),1496,2023_08_05,"{""type"":""MultiPoint"",""coordinates"":[]}"
4,Mangaluru,2023-08-13,14827.307791880603,MODIS/061/MOD11A2,GAUL_L2_polygon_mean (Dakshin Kannad),451,2023_08_13,"{""type"":""MultiPoint"",""coordinates"":[]}"
4,Mangaluru,2023-08-21,15100.226907498862,MODIS/061/MOD11A2,GAUL_L2_polygon_mean (Dakshin Kannad),3468,2023_08_21,"{""type"":""MultiPoint"",""coordinates"":[]}"
4,Mangaluru,2023-08-29,15018.50032107451,MODIS/061/MOD11A2,GAUL_L2_polygon_mean (Dakshin Kannad),2613,2023_08_29,"{""type"":""MultiPoint"",""coordinates"":[]}"
4,Mangaluru,2023-09-06,14960.780592509584,MODIS/061/MOD11A2,GAUL_L2_polygon_mean (Dakshin Kannad),433,2023_09_06,"{""type"":""MultiPoint"",""coordinates"":[]}"
4,Mangaluru,2023-09-14,15029.400286821456,MODIS/061/MOD11A2,GAUL_L2_polygon_mean (Dakshin Kannad),1468,2023_09_14,"{""type"":""MultiPoint"",""coordinates"":[]}"
4,Mangaluru,2023-09-22,14932.854779487603,MODIS/061/MOD11A2,GAUL_L2_polygon_mean (Dakshin Kannad),95,2023_09_22,"{""type"":""MultiPoint"",""coordinates"":[]}"
4,Mangaluru,2023-09-30,15065.181240339305,MODIS/061/MOD11A2,GAUL_L2_polygon_mean (Dakshin Kannad),3889,2023_09_30,"{""type"":""MultiPoint"",""coordinates"":[]}"
4,Mangaluru,2023-10-08,15098.45556929576,MODIS/061/MOD11A2,GAUL_L2_polygon_mean (Dakshin Kannad),4078,2023_10_08,"{""type"":""MultiPoint"",""coordinates"":[]}"
4,Mangaluru,2023-10-16,15078.052084788957,MODIS/061/MOD11A2,GAUL_L2_polygon_mean (Dakshin Kannad),4546,2023_10_16,"{""type"":""MultiPoint"",""coordinates"":[]}"
4,Mangaluru,2023-10-24,15125.515782352262,MODIS/061/MOD11A2,GAUL_L2_polygon_mean (Dakshin Kannad),4556,2023_10_24,"{""type"":""MultiPoint"",""coordinates"":[]}"
4,Mangaluru,2023-11-01,15032.395209991013,MODIS/061/MOD11A2,GAUL_L2_polygon_mean (Dakshin Kannad),2748,2023_11_01,"{""type"":""MultiPoint"",""coordinates"":[]}"
4,Mangaluru,2023-11-09,15081.217904156736,MODIS/061/MOD11A2,GAUL_L2_polygon_mean (Dakshin Kannad),4557,2023_11_09,"{""type"":""MultiPoint"",""coordinates"":[]}"
4,Mangaluru,2023-11-17,15132.522781954189,MODIS/061/MOD11A2,GAUL_L2_polygon_mean (Dakshin Kannad),4555,2023_11_17,"{""type"":""MultiPoint"",""coordinates"":[]}"
4,Mangaluru,2023-11-25,15097.321377952449,MODIS/061/MOD11A2,GAUL_L2_polygon_mean (Dakshin Kannad),4557,2023_11_25,"{""type"":""MultiPoint"",""coordinates"":[]}"
4,Mangaluru,2023-12-03,15026.8693322345,MODIS/061/MOD11A2,GAUL_L2_polygon_mean (Dakshin Kannad),4491,2023_12_03,"{""type"":""MultiPoint"",""coordinates"":[]}"
4,Mangaluru,2023-12-11,14982.623064596282,MODIS/061/MOD11A2,GAUL_L2_polygon_mean (Dakshin Kannad),4554,2023_12_11,"{""type"":""MultiPoint"",""coordinates"":[]}"
4,Mangaluru,2023-12-19,15081.80150046082,MODIS/061/MOD11A2,GAUL_L2_polygon_mean (Dakshin Kannad),4557,2023_12_19,"{""type"":""MultiPoint"",""coordinates"":[]}"
4,Mangaluru,2023-12-27,15106.691472478615,MODIS/061/MOD11A2,GAUL_L2_polygon_mean (Dakshin Kannad),4556,2023_12_27,"{""type"":""MultiPoint"",""coordinates"":[]}"
4,Mangaluru,2024-01-01,14983.436544477443,MODIS/061/MOD11A2,GAUL_L2_polygon_mean (Dakshin Kannad),4532,2024_01_01,"{""type"":""MultiPoint"",""coordinates"":[]}"
4,Mangaluru,2024-01-09,14996.156182970637,MODIS/061/MOD11A2,GAUL_L2_polygon_mean (Dakshin Kannad),4556,2024_01_09,"{""type"":""MultiPoint"",""coordinates"":[]}"
4,Mangaluru,2024-01-17,15081.272661166595,MODIS/061/MOD11A2,GAUL_L2_polygon_mean (Dakshin Kannad),4557,2024_01_17,"{""type"":""MultiPoint"",""coordinates"":[]}"
4,Mangaluru,2024-01-25,15036.162228075887,MODIS/061/MOD11A2,GAUL_L2_polygon_mean (Dakshin Kannad),4557,2024_01_25,"{""type"":""MultiPoint"",""coordinates"":[]}"
4,Mangaluru,2024-02-02,15100.887549018613,MODIS/061/MOD11A2,GAUL_L2_polygon_mean (Dakshin Kannad),4556,2024_02_02,"{""type"":""MultiPoint"",""coordinates"":[]}"
4,Mangaluru,2024-02-10,15182.512579260434,MODIS/061/MOD11A2,GAUL_L2_polygon_mean (Dakshin Kannad),4556,2024_02_10,"{""type"":""MultiPoint"",""coordinates"":[]}"
4,Mangaluru,2024-02-18,15136.487815855344,MODIS/061/MOD11A2,GAUL_L2_polygon_mean (Dakshin Kannad),4557,2024_02_18,"{""type"":""MultiPoint"",""coordinates"":[]}"
4,Mangaluru,2024-02-26,15177.5391710978,MODIS/061/MOD11A2,GAUL_L2_polygon_mean (Dakshin Kannad),4557,2024_02_26,"{""type"":""MultiPoint"",""coordinates"":[]}"
4,Mangaluru,2024-03-05,15136.219262970484,MODIS/061/MOD11A2,GAUL_L2_polygon_mean (Dakshin Kannad),4557,2024_03_05,"{""type"":""MultiPoint"",""coordinates"":[]}"
4,Mangaluru,2024-03-13,15197.77966478007,MODIS/061/MOD11A2,GAUL_L2_polygon_mean (Dakshin Kannad),4557,2024_03_13,"{""type"":""MultiPoint"",""coordinates"":[]}"
4,Mangaluru,2024-03-21,15229.55294683588,MODIS/061/MOD11A2,GAUL_L2_polygon_mean (Dakshin Kannad),4557,2024_03_21,"{""type"":""MultiPoint"",""coordinates"":[]}"
4,Mangaluru,2024-03-29,15230.798618913193,MODIS/061/MOD11A2,GAUL_L2_polygon_mean (Dakshin Kannad),4555,2024_03_29,"{""type"":""MultiPoint"",""coordinates"":[]}"
4,Mangaluru,2024-04-06,15262.118209911334,MODIS/061/MOD11A2,GAUL_L2_polygon_mean (Dakshin Kannad),4557,2024_04_06,"{""type"":""MultiPoint"",""coordinates"":[]}"
4,Mangaluru,2024-04-14,15208.67401736853,MODIS/061/MOD11A2,GAUL_L2_polygon_mean (Dakshin Kannad),4554,2024_04_14,"{""type"":""MultiPoint"",""coordinates"":[]}"
4,Mangaluru,2024-04-22,15255.515277833976,MODIS/061/MOD11A2,GAUL_L2_polygon_mean (Dakshin Kannad),4557,2024_04_22,"{""type"":""MultiPoint"",""coordinates"":[]}"
4,Mangaluru,2024-04-30,15202.376089209136,MODIS/061/MOD11A2,GAUL_L2_polygon_mean (Dakshin Kannad),3920,2024_04_30,"{""type"":""MultiPoint"",""coordinates"":[]}"
4,Mangaluru,2024-05-08,15232.614749301763,MODIS/061/MOD11A2,GAUL_L2_polygon_mean (Dakshin Kannad),4188,2024_05_08,"{""type"":""MultiPoint"",""coordinates"":[]}"
4,Mangaluru,2024-05-16,15143.11546497089,MODIS/061/MOD11A2,GAUL_L2_polygon_mean (Dakshin Kannad),1458,2024_05_16,"{""type"":""MultiPoint"",""coordinates"":[]}"
4,Mangaluru,2024-05-24,14996.234459803785,MODIS/061/MOD11A2,GAUL_L2_polygon_mean (Dakshin Kannad),1100,2024_05_24,"{""type"":""MultiPoint"",""coordinates"":[]}"
4,Mangaluru,2024-06-01,15093.267336505498,MODIS/061/MOD11A2,GAUL_L2_polygon_mean (Dakshin Kannad),1462,2024_06_01,"{""type"":""MultiPoint"",""coordinates"":[]}"
4,Mangaluru,2024-06-09,14990.59927673706,MODIS/061/MOD11A2,GAUL_L2_polygon_mean (Dakshin Kannad),1300,2024_06_09,"{""type"":""MultiPoint"",""coordinates"":[]}"
4,Mangaluru,2024-06-17,14765.632532516142,MODIS/061/MOD11A2,GAUL_L2_polygon_mean (Dakshin Kannad),335,2024_06_17,"{""type"":""MultiPoint"",""coordinates"":[]}"
4,Mangaluru,2024-06-25,14668.625,MODIS/061/MOD11A2,GAUL_L2_polygon_mean (Dakshin Kannad),16,2024_06_25,"{""type"":""MultiPoint"",""coordinates"":[]}"
4,Mangaluru,2024-07-03,14899.753131923462,MODIS/061/MOD11A2,GAUL_L2_polygon_mean (Dakshin Kannad),194,2024_07_03,"{""type"":""MultiPoint"",""coordinates"":[]}"
4,Mangaluru,2024-08-04,14925.50290778177,MODIS/061/MOD11A2,GAUL_L2_polygon_mean (Dakshin Kannad),410,2024_08_04,"{""type"":""MultiPoint"",""coordinates"":[]}"
4,Mangaluru,2024-08-12,14959.866502409004,MODIS/061/MOD11A2,GAUL_L2_polygon_mean (Dakshin Kannad),393,2024_08_12,"{""type"":""MultiPoint"",""coordinates"":[]}"
4,Mangaluru,2024-08-20,15055.232875720068,MODIS/061/MOD11A2,GAUL_L2_polygon_mean (Dakshin Kannad),1840,2024_08_20,"{""type"":""MultiPoint"",""coordinates"":[]}"
4,Mangaluru,2024-08-28,14982.251231281638,MODIS/061/MOD11A2,GAUL_L2_polygon_mean (Dakshin Kannad),1023,2024_08_28,"{""type"":""MultiPoint"",""coordinates"":[]}"
4,Mangaluru,2024-09-05,15021.57786566976,MODIS/061/MOD11A2,GAUL_L2_polygon_mean (Dakshin Kannad),434,2024_09_05,"{""type"":""MultiPoint"",""coordinates"":[]}"
4,Mangaluru,2024-09-13,15022.819044891878,MODIS/061/MOD11A2,GAUL_L2_polygon_mean (Dakshin Kannad),3286,2024_09_13,"{""type"":""MultiPoint"",""coordinates"":[]}"
4,Mangaluru,2024-09-21,15119.23186777113,MODIS/061/MOD11A2,GAUL_L2_polygon_mean (Dakshin Kannad),4204,2024_09_21,"{""type"":""MultiPoint"",""coordinates"":[]}"
4,Mangaluru,2024-09-29,15091.881827594467,MODIS/061/MOD11A2,GAUL_L2_polygon_mean (Dakshin Kannad),4522,2024_09_29,"{""type"":""MultiPoint"",""coordinates"":[]}"
4,Mangaluru,2024-10-07,15024.998341248232,MODIS/061/MOD11A2,GAUL_L2_polygon_mean (Dakshin Kannad),638,2024_10_07,"{""type"":""MultiPoint"",""coordinates"":[]}"
4,Mangaluru,2024-10-15,14972.575343235658,MODIS/061/MOD11A2,GAUL_L2_polygon_mean (Dakshin Kannad),2442,2024_10_15,"{""type"":""MultiPoint"",""coordinates"":[]}"
4,Mangaluru,2024-10-23,15049.004014942013,MODIS/061/MOD11A2,GAUL_L2_polygon_mean (Dakshin Kannad),4504,2024_10_23,"{""type"":""MultiPoint"",""coordinates"":[]}"
4,Mangaluru,2024-10-31,15054.767286580629,MODIS/061/MOD11A2,GAUL_L2_polygon_mean (Dakshin Kannad),4557,2024_10_31,"{""type"":""MultiPoint"",""coordinates"":[]}"
4,Mangaluru,2024-11-08,15052.78689256768,MODIS/061/MOD11A2,GAUL_L2_polygon_mean (Dakshin Kannad),4557,2024_11_08,"{""type"":""MultiPoint"",""coordinates"":[]}"
4,Mangaluru,2024-11-16,15034.658533058366,MODIS/061/MOD11A2,GAUL_L2_polygon_mean (Dakshin Kannad),4555,2024_11_16,"{""type"":""MultiPoint"",""coordinates"":[]}"
4,Mangaluru,2024-11-24,14891.856017700955,MODIS/061/MOD11A2,GAUL_L2_polygon_mean (Dakshin Kannad),4547,2024_11_24,"{""type"":""MultiPoint"",""coordinates"":[]}"
4,Mangaluru,2024-12-02,15001.475552150163,MODIS/061/MOD11A2,GAUL_L2_polygon_mean (Dakshin Kannad),4529,2024_12_02,"{""type"":""MultiPoint"",""coordinates"":[]}"
4,Mangaluru,2024-12-10,14986.852524678787,MODIS/061/MOD11A2,GAUL_L2_polygon_mean (Dakshin Kannad),4556,2024_12_10,"{""type"":""MultiPoint"",""coordinates"":[]}"
4,Mangaluru,2024-12-18,14957.733447901677,MODIS/061/MOD11A2,GAUL_L2_polygon_mean (Dakshin Kannad),4557,2024_12_18,"{""type"":""MultiPoint"",""coordinates"":[]}"
4,Mangaluru,2024-12-26,15073.525147520351,MODIS/061/MOD11A2,GAUL_L2_polygon_mean (Dakshin Kannad),4557,2024_12_26,"{""type"":""MultiPoint"",""coordinates"":[]}"
4,Mangaluru,2025-01-01,14993.450815503398,MODIS/061/MOD11A2,GAUL_L2_polygon_mean (Dakshin Kannad),4557,2025_01_01,"{""type"":""MultiPoint"",""coordinates"":[]}"
4,Mangaluru,2025-01-09,15015.468369931243,MODIS/061/MOD11A2,GAUL_L2_polygon_mean (Dakshin Kannad),4557,2025_01_09,"{""type"":""MultiPoint"",""coordinates"":[]}"
4,Mangaluru,2025-01-17,15048.874182702742,MODIS/061/MOD11A2,GAUL_L2_polygon_mean (Dakshin Kannad),4555,2025_01_17,"{""type"":""MultiPoint"",""coordinates"":[]}"
4,Mangaluru,2025-01-25,14983.385492733714,MODIS/061/MOD11A2,GAUL_L2_polygon_mean (Dakshin Kannad),4556,2025_01_25,"{""type"":""MultiPoint"",""coordinates"":[]}"
4,Mangaluru,2025-02-02,15079.406725052353,MODIS/061/MOD11A2,GAUL_L2_polygon_mean (Dakshin Kannad),4557,2025_02_02,"{""type"":""MultiPoint"",""coordinates"":[]}"
4,Mangaluru,2025-02-10,15094.798599535488,MODIS/061/MOD11A2,GAUL_L2_polygon_mean (Dakshin Kannad),4557,2025_02_10,"{""type"":""MultiPoint"",""coordinates"":[]}"
4,Mangaluru,2025-02-18,15131.842369860678,MODIS/061/MOD11A2,GAUL_L2_polygon_mean (Dakshin Kannad),4557,2025_02_18,"{""type"":""MultiPoint"",""coordinates"":[]}"
4,Mangaluru,2025-02-26,15153.682650852363,MODIS/061/MOD11A2,GAUL_L2_polygon_mean (Dakshin Kannad),4556,2025_02_26,"{""type"":""MultiPoint"",""coordinates"":[]}"
4,Mangaluru,2025-03-06,15163.622579371002,MODIS/061/MOD11A2,GAUL_L2_polygon_mean (Dakshin Kannad),4557,2025_03_06,"{""type"":""MultiPoint"",""coordinates"":[]}"
4,Mangaluru,2025-03-14,15130.767133074218,MODIS/061/MOD11A2,GAUL_L2_polygon_mean (Dakshin Kannad),4556,2025_03_14,"{""type"":""MultiPoint"",""coordinates"":[]}"
4,Mangaluru,2025-03-22,15125.877462454659,MODIS/061/MOD11A2,GAUL_L2_polygon_mean (Dakshin Kannad),4555,2025_03_22,"{""type"":""MultiPoint"",""coordinates"":[]}"
4,Mangaluru,2025-03-30,15096.938132176441,MODIS/061/MOD11A2,GAUL_L2_polygon_mean (Dakshin Kannad),4553,2025_03_30,"{""type"":""MultiPoint"",""coordinates"":[]}"
4,Mangaluru,2025-04-07,15098.609407438806,MODIS/061/MOD11A2,GAUL_L2_polygon_mean (Dakshin Kannad),4556,2025_04_07,"{""type"":""MultiPoint"",""coordinates"":[]}"
4,Mangaluru,2025-04-15,15059.15562144243,MODIS/061/MOD11A2,GAUL_L2_polygon_mean (Dakshin Kannad),4273,2025_04_15,"{""type"":""MultiPoint"",""coordinates"":[]}"
4,Mangaluru,2025-04-23,15119.949936251594,MODIS/061/MOD11A2,GAUL_L2_polygon_mean (Dakshin Kannad),4521,2025_04_23,"{""type"":""MultiPoint"",""coordinates"":[]}"
4,Mangaluru,2025-05-01,15133.7017466169,MODIS/061/MOD11A2,GAUL_L2_polygon_mean (Dakshin Kannad),4534,2025_05_01,"{""type"":""MultiPoint"",""coordinates"":[]}"
4,Mangaluru,2025-05-09,15113.374994385267,MODIS/061/MOD11A2,GAUL_L2_polygon_mean (Dakshin Kannad),4365,2025_05_09,"{""type"":""MultiPoint"",""coordinates"":[]}"
4,Mangaluru,2025-05-17,14673.697674418605,MODIS/061/MOD11A2,GAUL_L2_polygon_mean (Dakshin Kannad),43,2025_05_17,"{""type"":""MultiPoint"",""coordinates"":[]}"
4,Mangaluru,2025-05-25,14998.698344676912,MODIS/061/MOD11A2,GAUL_L2_polygon_mean (Dakshin Kannad),46,2025_05_25,"{""type"":""MultiPoint"",""coordinates"":[]}"
4,Mangaluru,2025-06-02,14989.257669866129,MODIS/061/MOD11A2,GAUL_L2_polygon_mean (Dakshin Kannad),2875,2025_06_02,"{""type"":""MultiPoint"",""coordinates"":[]}"
4,Mangaluru,2025-06-10,14974.250079643201,MODIS/061/MOD11A2,GAUL_L2_polygon_mean (Dakshin Kannad),12,2025_06_10,"{""type"":""MultiPoint"",""coordinates"":[]}"
4,Mangaluru,2025-06-18,14657.0,MODIS/061/MOD11A2,GAUL_L2_polygon_mean (Dakshin Kannad),0,2025_06_18,"{""type"":""MultiPoint"",""coordinates"":[]}"
4,Mangaluru,2025-06-26,14799.826008428656,MODIS/061/MOD11A2,GAUL_L2_polygon_mean (Dakshin Kannad),52,2025_06_26,"{""type"":""MultiPoint"",""coordinates"":[]}"
4,Mangaluru,2025-07-04,14876.949970743126,MODIS/061/MOD11A2,GAUL_L2_polygon_mean (Dakshin Kannad),13,2025_07_04,"{""type"":""MultiPoint"",""coordinates"":[]}"
4,Mangaluru,2025-07-12,14785.739130434782,MODIS/061/MOD11A2,GAUL_L2_polygon_mean (Dakshin Kannad),69,2025_07_12,"{""type"":""MultiPoint"",""coordinates"":[]}"
4,Mangaluru,2025-07-28,14886.008338212903,MODIS/061/MOD11A2,GAUL_L2_polygon_mean (Dakshin Kannad),334,2025_07_28,"{""type"":""MultiPoint"",""coordinates"":[]}"
4,Mangaluru,2025-08-05,14872.06874169915,MODIS/061/MOD11A2,GAUL_L2_polygon_mean (Dakshin Kannad),366,2025_08_05,"{""type"":""MultiPoint"",""coordinates"":[]}"
4,Mangaluru,2025-08-13,14818.770298047271,MODIS/061/MOD11A2,GAUL_L2_polygon_mean (Dakshin Kannad),45,2025_08_13,"{""type"":""MultiPoint"",""coordinates"":[]}"
4,Mangaluru,2025-08-21,14857.792864859037,MODIS/061/MOD11A2,GAUL_L2_polygon_mean (Dakshin Kannad),1452,2025_08_21,"{""type"":""MultiPoint"",""coordinates"":[]}"
4,Mangaluru,2025-08-29,14881.401680331384,MODIS/061/MOD11A2,GAUL_L2_polygon_mean (Dakshin Kannad),502,2025_08_29,"{""type"":""MultiPoint"",""coordinates"":[]}"
4,Mangaluru,2025-09-06,14965.224215846982,MODIS/061/MOD11A2,GAUL_L2_polygon_mean (Dakshin Kannad),3485,2025_09_06,"{""type"":""MultiPoint"",""coordinates"":[]}"
4,Mangaluru,2025-09-14,14914.494867415731,MODIS/061/MOD11A2,GAUL_L2_polygon_mean (Dakshin Kannad),436,2025_09_14,"{""type"":""MultiPoint"",""coordinates"":[]}"
4,Mangaluru,2025-09-22,14761.402601286452,MODIS/061/MOD11A2,GAUL_L2_polygon_mean (Dakshin Kannad),773,2025_09_22,"{""type"":""MultiPoint"",""coordinates"":[]}"
4,Mangaluru,2025-09-30,14954.14068539241,MODIS/061/MOD11A2,GAUL_L2_polygon_mean (Dakshin Kannad),4450,2025_09_30,"{""type"":""MultiPoint"",""coordinates"":[]}"
4,Mangaluru,2025-10-08,15001.01320931962,MODIS/061/MOD11A2,GAUL_L2_polygon_mean (Dakshin Kannad),4554,2025_10_08,"{""type"":""MultiPoint"",""coordinates"":[]}"
4,Mangaluru,2025-10-16,15013.351056699868,MODIS/061/MOD11A2,GAUL_L2_polygon_mean (Dakshin Kannad),438,2025_10_16,"{""type"":""MultiPoint"",""coordinates"":[]}"
4,Mangaluru,2025-10-24,14980.051415969096,MODIS/061/MOD11A2,GAUL_L2_polygon_mean (Dakshin Kannad),3776,2025_10_24,"{""type"":""MultiPoint"",""coordinates"":[]}"
4,Mangaluru,2025-11-01,15020.40293775706,MODIS/061/MOD11A2,GAUL_L2_polygon_mean (Dakshin Kannad),4557,2025_11_01,"{""type"":""MultiPoint"",""coordinates"":[]}"
4,Mangaluru,2025-11-09,15028.93521496193,MODIS/061/MOD11A2,GAUL_L2_polygon_mean (Dakshin Kannad),4557,2025_11_09,"{""type"":""MultiPoint"",""coordinates"":[]}"
4,Mangaluru,2025-11-17,15017.068980001146,MODIS/061/MOD11A2,GAUL_L2_polygon_mean (Dakshin Kannad),4556,2025_11_17,"{""type"":""MultiPoint"",""coordinates"":[]}"
4,Mangaluru,2025-11-25,14958.327438755116,MODIS/061/MOD11A2,GAUL_L2_polygon_mean (Dakshin Kannad),4555,2025_11_25,"{""type"":""MultiPoint"",""coordinates"":[]}"
4,Mangaluru,2025-12-03,14966.652606905653,MODIS/061/MOD11A2,GAUL_L2_polygon_mean (Dakshin Kannad),4547,2025_12_03,"{""type"":""MultiPoint"",""coordinates"":[]}"
4,Mangaluru,2025-12-11,14939.697872626048,MODIS/061/MOD11A2,GAUL_L2_polygon_mean (Dakshin Kannad),4557,2025_12_11,"{""type"":""MultiPoint"",""coordinates"":[]}"
4,Mangaluru,2025-12-19,14888.43635346563,MODIS/061/MOD11A2,GAUL_L2_polygon_mean (Dakshin Kannad),4556,2025_12_19,"{""type"":""MultiPoint"",""coordinates"":[]}"
4,Mangaluru,2025-12-27,14898.421532068136,MODIS/061/MOD11A2,GAUL_L2_polygon_mean (Dakshin Kannad),4384,2025_12_27,"{""type"":""MultiPoint"",""coordinates"":[]}"
4,Mangaluru,2026-01-01,14950.080871465176,MODIS/061/MOD11A2,GAUL_L2_polygon_mean (Dakshin Kannad),4555,2026_01_01,"{""type"":""MultiPoint"",""coordinates"":[]}"
4,Mangaluru,2026-01-09,14961.055600352138,MODIS/061/MOD11A2,GAUL_L2_polygon_mean (Dakshin Kannad),4557,2026_01_09,"{""type"":""MultiPoint"",""coordinates"":[]}"
4,Mangaluru,2026-01-17,14928.869300017313,MODIS/061/MOD11A2,GAUL_L2_polygon_mean (Dakshin Kannad),4557,2026_01_17,"{""type"":""MultiPoint"",""coordinates"":[]}"
4,Mangaluru,2026-01-25,14977.837680021776,MODIS/061/MOD11A2,GAUL_L2_polygon_mean (Dakshin Kannad),4556,2026_01_25,"{""type"":""MultiPoint"",""coordinates"":[]}"
4,Mangaluru,2026-02-02,15003.290482732036,MODIS/061/MOD11A2,GAUL_L2_polygon_mean (Dakshin Kannad),4556,2026_02_02,"{""type"":""MultiPoint"",""coordinates"":[]}"
4,Mangaluru,2026-02-10,15004.3840219338,MODIS/061/MOD11A2,GAUL_L2_polygon_mean (Dakshin Kannad),4557,2026_02_10,"{""type"":""MultiPoint"",""coordinates"":[]}"
4,Mangaluru,2026-02-18,15021.749980621003,MODIS/061/MOD11A2,GAUL_L2_polygon_mean (Dakshin Kannad),4553,2026_02_18,"{""type"":""MultiPoint"",""coordinates"":[]}"
4,Mangaluru,2026-02-26,15025.010645044978,MODIS/061/MOD11A2,GAUL_L2_polygon_mean (Dakshin Kannad),4557,2026_02_26,"{""type"":""MultiPoint"",""coordinates"":[]}"
4,Mangaluru,2026-03-06,15104.11148296577,MODIS/061/MOD11A2,GAUL_L2_polygon_mean (Dakshin Kannad),4557,2026_03_06,"{""type"":""MultiPoint"",""coordinates"":[]}"
4,Mangaluru,2026-03-14,15075.158682531664,MODIS/061/MOD11A2,GAUL_L2_polygon_mean (Dakshin Kannad),4556,2026_03_14,"{""type"":""MultiPoint"",""coordinates"":[]}"
4,Mangaluru,2026-03-22,15115.504122654234,MODIS/061/MOD11A2,GAUL_L2_polygon_mean (Dakshin Kannad),4554,2026_03_22,"{""type"":""MultiPoint"",""coordinates"":[]}"
4,Mangaluru,2026-03-30,15080.37673664035,MODIS/061/MOD11A2,GAUL_L2_polygon_mean (Dakshin Kannad),4554,2026_03_30,"{""type"":""MultiPoint"",""coordinates"":[]}"
4,Mangaluru,2026-04-07,15115.067255277398,MODIS/061/MOD11A2,GAUL_L2_polygon_mean (Dakshin Kannad),4553,2026_04_07,"{""type"":""MultiPoint"",""coordinates"":[]}"
4,Mangaluru,2026-04-15,15127.012002998186,MODIS/061/MOD11A2,GAUL_L2_polygon_mean (Dakshin Kannad),4557,2026_04_15,"{""type"":""MultiPoint"",""coordinates"":[]}"
4,Mangaluru,2026-04-23,15141.764119486925,MODIS/061/MOD11A2,GAUL_L2_polygon_mean (Dakshin Kannad),4555,2026_04_23,"{""type"":""MultiPoint"",""coordinates"":[]}"
4,Mangaluru,2026-05-01,15085.257494113877,MODIS/061/MOD11A2,GAUL_L2_polygon_mean (Dakshin Kannad),4472,2026_05_01,"{""type"":""MultiPoint"",""coordinates"":[]}"
4,Mangaluru,2026-05-09,14998.244129663146,MODIS/061/MOD11A2,GAUL_L2_polygon_mean (Dakshin Kannad),4550,2026_05_09,"{""type"":""MultiPoint"",""coordinates"":[]}"
4,Mangaluru,2026-05-17,14981.150744606892,MODIS/061/MOD11A2,GAUL_L2_polygon_mean (Dakshin Kannad),1613,2026_05_17,"{""type"":""MultiPoint"",""coordinates"":[]}"
4,Mangaluru,2026-05-25,14997.882832992062,MODIS/061/MOD11A2,GAUL_L2_polygon_mean (Dakshin Kannad),4554,2026_05_25,"{""type"":""MultiPoint"",""coordinates"":[]}"
4,Mangaluru,2026-06-02,14990.305980407076,MODIS/061/MOD11A2,GAUL_L2_polygon_mean (Dakshin Kannad),1392,2026_06_02,"{""type"":""MultiPoint"",""coordinates"":[]}"
4,Mangaluru,2026-06-10,14945.285902463387,MODIS/061/MOD11A2,GAUL_L2_polygon_mean (Dakshin Kannad),3108,2026_06_10,"{""type"":""MultiPoint"",""coordinates"":[]}"
4,Mangaluru,2026-06-18,14922.327646714222,MODIS/061/MOD11A2,GAUL_L2_polygon_mean (Dakshin Kannad),1392,2026_06_18,"{""type"":""MultiPoint"",""coordinates"":[]}"
4,Mangaluru,2026-06-26,14835.53903855696,MODIS/061/MOD11A2,GAUL_L2_polygon_mean (Dakshin Kannad),537,2026_06_26,"{""type"":""MultiPoint"",""coordinates"":[]}"
4,Mangaluru,2026-07-04,14801.742980240677,MODIS/061/MOD11A2,GAUL_L2_polygon_mean (Dakshin Kannad),26,2026_07_04,"{""type"":""MultiPoint"",""coordinates"":[]}"
4,Mangaluru,2026-07-12,14853.84572094582,MODIS/061/MOD11A2,GAUL_L2_polygon_mean (Dakshin Kannad),1275,2026_07_12,"{""type"":""MultiPoint"",""coordinates"":[]}"
4,Mangaluru,2026-07-20,14927.706290639873,MODIS/061/MOD11A2,GAUL_L2_polygon_mean (Dakshin Kannad),1618,2026_07_20,"{""type"":""MultiPoint"",""coordinates"":[]}"
4,Mangaluru,2026-08-05,14838.50762720439,MODIS/061/MOD11A2,GAUL_L2_polygon_mean (Dakshin Kannad),658,2026_08_05,"{""type"":""MultiPoint"",""coordinates"":[]}"
4,Mangaluru,2026-08-13,14842.700579585193,MODIS/061/MOD11A2,GAUL_L2_polygon_mean (Dakshin Kannad),81,2026_08_13,"{""type"":""MultiPoint"",""coordinates"":[]}"
4,Mangaluru,2026-08-21,14930.502819801257,MODIS/061/MOD11A2,GAUL_L2_polygon_mean (Dakshin Kannad),1139,2026_08_21,"{""type"":""MultiPoint"",""coordinates"":[]}"
4,Mangaluru,2026-08-29,14965.799938225198,MODIS/061/MOD11A2,GAUL_L2_polygon_mean (Dakshin Kannad),4469,2026_08_29,"{""type"":""MultiPoint"",""coordinates"":[]}"
4,Mangaluru,2026-09-06,14885.702774925267,MODIS/061/MOD11A2,GAUL_L2_polygon_mean (Dakshin Kannad),4464,2026_09_06,"{""type"":""MultiPoint"",""coordinates"":[]}"
4,Mangaluru,2026-09-14,15000.417302021577,MODIS/061/MOD11A2,GAUL_L2_polygon_mean (Dakshin Kannad),4530,2026_09_14,"{""type"":""MultiPoint"",""coordinates"":[]}"
