district_id,district_name,date,LST,dataset_source,extraction_method,valid_pixel_count,system:index,.geo
31,Kalaburagi,2010-01-01,15311.0939819394,MODIS/061/MOD11A2,GAUL_L2_polygon_mean (Gulbarga),16278,2010_01_01,"{""type"":""MultiPoint"",""coordinates"":[]}"
31,Kalaburagi,2010-01-09,15267.354335655264,MODIS/061/MOD11A2,GAUL_L2_polygon_mean (Gulbarga),16198,2010_01_09,"{""type"":""MultiPoint"",""coordinates"":[]}"
31,Kalaburagi,2010-01-17,15352.161657357577,MODIS/061/MOD11A2,GAUL_L2_polygon_mean (Gulbarga),16278,2010_01_17,"{""type"":""MultiPoint"",""coordinates"":[]}"
31,Kalaburagi,2010-01-25,15373.60017879434,MODIS/061/MOD11A2,GAUL_L2_polygon_mean (Gulbarga),16278,2010_01_25,"{""type"":""MultiPoint"",""coordinates"":[]}"
31,Kalaburagi,2010-02-02,15431.576281732878,MODIS/061/MOD11A2,GAUL_L2_polygon_mean (Gulbarga),16278,2010_02_02,"{""type"":""MultiPoint"",""coordinates"":[]}"
31,Kalaburagi,2010-02-10,15566.579544211738,MODIS/061/MOD11A2,GAUL_L2_polygon_mean (Gulbarga),16278,2010_02_10,"{""type"":""MultiPoint"",""coordinates"":[]}"
31,Kalaburagi,2010-02-18,15683.308925167026,MODIS/061/MOD11A2,GAUL_L2_polygon_mean (Gulbarga),16278,2010_02_18,"{""type"":""MultiPoint"",""coordinates"":[]}"
31,Kalaburagi,2010-02-26,15788.926929916553,MODIS/061/MOD11A2,GAUL_L2_polygon_mean (Gulbarga),16278,2010_02_26,"{""type"":""MultiPoint"",""coordinates"":[]}"
31,Kalaburagi,2010-03-06,15833.366262938009,MODIS/061/MOD11A2,GAUL_L2_polygon_mean (Gulbarga),16278,2010_03_06,"{""type"":""MultiPoint"",""coordinates"":[]}"
31,Kalaburagi,2010-03-14,15860.593993020695,MODIS/061/MOD11A2,GAUL_L2_polygon_mean (Gulbarga),16278,2010_03_14,"{""type"":""MultiPoint"",""coordinates"":[]}"
31,Kalaburagi,2010-03-22,15920.69941664193,MODIS/061/MOD11A2,GAUL_L2_polygon_mean (Gulbarga),16278,2010_03_22,"{""type"":""MultiPoint"",""coordinates"":[]}"
31,Kalaburagi,2010-03-30,16046.95632017051,MODIS/061/MOD11A2,GAUL_L2_polygon_mean (Gulbarga),16278,2010_03_30,"{""type"":""MultiPoint"",""coordinates"":[]}"
31,Kalaburagi,2010-04-07,16007.888601872557,MODIS/061/MOD11A2,GAUL_L2_polygon_mean (Gulbarga),16278,2010_04_07,"{""type"":""MultiPoint"",""coordinates"":[]}"
31,Kalaburagi,2010-04-15,16023.542566158996,MODIS/061/MOD11A2,GAUL_L2_polygon_mean (Gulbarga),16278,2010_04_15,"{""type"":""MultiPoint"",""coordinates"":[]}"
31,Kalaburagi,2010-04-23,16125.744819131516,MODIS/061/MOD11A2,GAUL_L2_polygon_mean (Gulbarga),16278,2010_04_23,"{""type"":""MultiPoint"",""coordinates"":[]}"
31,Kalaburagi,2010-05-01,15954.609796879791,MODIS/061/MOD11A2,GAUL_L2_polygon_mean (Gulbarga),16278,2010_05_01,"{""type"":""MultiPoint"",""coordinates"":[]}"
31,Kalaburagi,2010-05-09,16095.800689834943,MODIS/061/MOD11A2,GAUL_L2_polygon_mean (Gulbarga),16278,2010_05_09,"{""type"":""MultiPoint"",""coordinates"":[]}"
31,Kalaburagi,2010-05-17,15940.929095968724,MODIS/061/MOD11A2,GAUL_L2_polygon_mean (Gulbarga),16266,2010_05_17,"{""type"":""MultiPoint"",""coordinates"":[]}"
31,Kalaburagi,2010-05-25,15892.490741093196,MODIS/061/MOD11A2,GAUL_L2_polygon_mean (Gulbarga),16278,2010_05_25,"{""type"":""MultiPoint"",""coordinates"":[]}"
31,Kalaburagi,2010-06-02,15919.0430248951,MODIS/061/MOD11A2,GAUL_L2_polygon_mean (Gulbarga),16258,2010_06_02,"{""type"":""MultiPoint"",""coordinates"":[]}"
31,Kalaburagi,2010-06-10,15811.06896435316,MODIS/061/MOD11A2,GAUL_L2_polygon_mean (Gulbarga),4065,2010_06_10,"{""type"":""MultiPoint"",""coordinates"":[]}"
31,Kalaburagi,2010-06-18,15577.843319380985,MODIS/061/MOD11A2,GAUL_L2_polygon_mean (Gulbarga),3053,2010_06_18,"{""type"":""MultiPoint"",""coordinates"":[]}"
31,Kalaburagi,2010-06-26,15694.871900470635,MODIS/061/MOD11A2,GAUL_L2_polygon_mean (Gulbarga),8197,2010_06_26,"{""type"":""MultiPoint"",""coordinates"":[]}"
31,Kalaburagi,2010-07-04,15370.19712087727,MODIS/061/MOD11A2,GAUL_L2_polygon_mean (Gulbarga),3504,2010_07_04,"{""type"":""MultiPoint"",""coordinates"":[]}"
31,Kalaburagi,2010-07-12,15649.292336340555,MODIS/061/MOD11A2,GAUL_L2_polygon_mean (Gulbarga),4572,2010_07_12,"{""type"":""MultiPoint"",""coordinates"":[]}"
31,Kalaburagi,2010-07-20,15076.7754622445,MODIS/061/MOD11A2,GAUL_L2_polygon_mean (Gulbarga),176,2010_07_20,"{""type"":""MultiPoint"",""coordinates"":[]}"
31,Kalaburagi,2010-07-28,15163.699531623815,MODIS/061/MOD11A2,GAUL_L2_polygon_mean (Gulbarga),581,2010_07_28,"{""type"":""MultiPoint"",""coordinates"":[]}"
31,Kalaburagi,2010-08-05,15406.250588809711,MODIS/061/MOD11A2,GAUL_L2_polygon_mean (Gulbarga),14858,2010_08_05,"{""type"":""MultiPoint"",""coordinates"":[]}"
31,Kalaburagi,2010-08-13,15279.401567290248,MODIS/061/MOD11A2,GAUL_L2_polygon_mean (Gulbarga),250,2010_08_13,"{""type"":""MultiPoint"",""coordinates"":[]}"
31,Kalaburagi,2010-08-21,15134.194219784147,MODIS/061/MOD11A2,GAUL_L2_polygon_mean (Gulbarga),8204,2010_08_21,"{""type"":""MultiPoint"",""coordinates"":[]}"
31,Kalaburagi,2010-08-29,15125.48583785442,MODIS/061/MOD11A2,GAUL_L2_polygon_mean (Gulbarga),1329,2010_08_29,"{""type"":""MultiPoint"",""coordinates"":[]}"
31,Kalaburagi,2010-09-06,15263.940967051443,MODIS/061/MOD11A2,GAUL_L2_polygon_mean (Gulbarga),10583,2010_09_06,"{""type"":""MultiPoint"",""coordinates"":[]}"
31,Kalaburagi,2010-09-14,15158.763002226373,MODIS/061/MOD11A2,GAUL_L2_polygon_mean (Gulbarga),3820,2010_09_14,"{""type"":""MultiPoint"",""coordinates"":[]}"
31,Kalaburagi,2010-09-22,15270.205057737545,MODIS/061/MOD11A2,GAUL_L2_polygon_mean (Gulbarga),16242,2010_09_22,"{""type"":""MultiPoint"",""coordinates"":[]}"
31,Kalaburagi,2010-09-30,15215.978688433577,MODIS/061/MOD11A2,GAUL_L2_polygon_mean (Gulbarga),14408,2010_09_30,"{""type"":""MultiPoint"",""coordinates"":[]}"
31,Kalaburagi,2010-10-08,15322.902814842579,MODIS/061/MOD11A2,GAUL_L2_polygon_mean (Gulbarga),16278,2010_10_08,"{""type"":""MultiPoint"",""coordinates"":[]}"
31,Kalaburagi,2010-10-16,15107.863451119716,MODIS/061/MOD11A2,GAUL_L2_polygon_mean (Gulbarga),2845,2010_10_16,"{""type"":""MultiPoint"",""coordinates"":[]}"
31,Kalaburagi,2010-10-24,15164.448471961186,MODIS/061/MOD11A2,GAUL_L2_polygon_mean (Gulbarga),16278,2010_10_24,"{""type"":""MultiPoint"",""coordinates"":[]}"
31,Kalaburagi,2010-11-01,15070.05130835396,MODIS/061/MOD11A2,GAUL_L2_polygon_mean (Gulbarga),4109,2010_11_01,"{""type"":""MultiPoint"",""coordinates"":[]}"
31,Kalaburagi,2010-11-09,15173.15548061227,MODIS/061/MOD11A2,GAUL_L2_polygon_mean (Gulbarga),16069,2010_11_09,"{""type"":""MultiPoint"",""coordinates"":[]}"
31,Kalaburagi,2010-11-17,15177.678504427213,MODIS/061/MOD11A2,GAUL_L2_polygon_mean (Gulbarga),16260,2010_11_17,"{""type"":""MultiPoint"",""coordinates"":[]}"
31,Kalaburagi,2010-11-25,15239.410212813917,MODIS/061/MOD11A2,GAUL_L2_polygon_mean (Gulbarga),16278,2010_11_25,"{""type"":""MultiPoint"",""coordinates"":[]}"
31,Kalaburagi,2010-12-03,15122.223722120321,MODIS/061/MOD11A2,GAUL_L2_polygon_mean (Gulbarga),15445,2010_12_03,"{""type"":""MultiPoint"",""coordinates"":[]}"
31,Kalaburagi,2010-12-11,15185.122639141382,MODIS/061/MOD11A2,GAUL_L2_polygon_mean (Gulbarga),16278,2010_12_11,"{""type"":""MultiPoint"",""coordinates"":[]}"
31,Kalaburagi,2010-12-19,15249.023210743668,MODIS/061/MOD11A2,GAUL_L2_polygon_mean (Gulbarga),16278,2010_12_19,"{""type"":""MultiPoint"",""coordinates"":[]}"
31,Kalaburagi,2010-12-27,15232.051556464758,MODIS/061/MOD11A2,GAUL_L2_polygon_mean (Gulbarga),16278,2010_12_27,"{""type"":""MultiPoint"",""coordinates"":[]}"
31,Kalaburagi,2011-01-01,15221.41728798224,MODIS/061/MOD11A2,GAUL_L2_polygon_mean (Gulbarga),16278,2011_01_01,"{""type"":""MultiPoint"",""coordinates"":[]}"
31,Kalaburagi,2011-01-09,15341.807083262467,MODIS/061/MOD11A2,GAUL_L2_polygon_mean (Gulbarga),16278,2011_01_09,"{""type"":""MultiPoint"",""coordinates"":[]}"
31,Kalaburagi,2011-01-17,15444.033671489595,MODIS/061/MOD11A2,GAUL_L2_polygon_mean (Gulbarga),16278,2011_01_17,"{""type"":""MultiPoint"",""coordinates"":[]}"
31,Kalaburagi,2011-01-25,15461.563803708765,MODIS/061/MOD11A2,GAUL_L2_polygon_mean (Gulbarga),16278,2011_01_25,"{""type"":""MultiPoint"",""coordinates"":[]}"
31,Kalaburagi,2011-02-02,15547.105556114968,MODIS/061/MOD11A2,GAUL_L2_polygon_mean (Gulbarga),16278,2011_02_02,"{""type"":""MultiPoint"",""coordinates"":[]}"
31,Kalaburagi,2011-02-10,15501.29889394184,MODIS/061/MOD11A2,GAUL_L2_polygon_mean (Gulbarga),16278,2011_02_10,"{""type"":""MultiPoint"",""coordinates"":[]}"
31,Kalaburagi,2011-02-18,15482.342750108515,MODIS/061/MOD11A2,GAUL_L2_polygon_mean (Gulbarga),16278,2011_02_18,"{""type"":""MultiPoint"",""coordinates"":[]}"
31,Kalaburagi,2011-02-26,15588.545257228256,MODIS/061/MOD11A2,GAUL_L2_polygon_mean (Gulbarga),16278,2011_02_26,"{""type"":""MultiPoint"",""coordinates"":[]}"
31,Kalaburagi,2011-03-06,15851.045121121018,MODIS/061/MOD11A2,GAUL_L2_polygon_mean (Gulbarga),16278,2011_03_06,"{""type"":""MultiPoint"",""coordinates"":[]}"
31,Kalaburagi,2011-03-14,15887.420115158759,MODIS/061/MOD11A2,GAUL_L2_polygon_mean (Gulbarga),16278,2011_03_14,"{""type"":""MultiPoint"",""coordinates"":[]}"
31,Kalaburagi,2011-03-22,15881.34339860541,MODIS/061/MOD11A2,GAUL_L2_polygon_mean (Gulbarga),16278,2011_03_22,"{""type"":""MultiPoint"",""coordinates"":[]}"
31,Kalaburagi,2011-03-30,15987.164191602387,MODIS/061/MOD11A2,GAUL_L2_polygon_mean (Gulbarga),16278,2011_03_30,"{""type"":""MultiPoint"",""coordinates"":[]}"
31,Kalaburagi,2011-04-07,15902.445050971579,MODIS/061/MOD11A2,GAUL_L2_polygon_mean (Gulbarga),16278,2011_04_07,"{""type"":""MultiPoint"",""coordinates"":[]}"
31,Kalaburagi,2011-04-15,15821.00591837712,MODIS/061/MOD11A2,GAUL_L2_polygon_mean (Gulbarga),16278,2011_04_15,"{""type"":""MultiPoint"",""coordinates"":[]}"
31,Kalaburagi,2011-04-23,15794.889904166052,MODIS/061/MOD11A2,GAUL_L2_polygon_mean (Gulbarga),16278,2011_04_23,"{""type"":""MultiPoint"",""coordinates"":[]}"
31,Kalaburagi,2011-05-01,15955.708340459902,MODIS/061/MOD11A2,GAUL_L2_polygon_mean (Gulbarga),16278,2011_05_01,"{""type"":""MultiPoint"",""coordinates"":[]}"
31,Kalaburagi,2011-05-09,16000.728132382008,MODIS/061/MOD11A2,GAUL_L2_polygon_mean (Gulbarga),16278,2011_05_09,"{""type"":""MultiPoint"",""coordinates"":[]}"
31,Kalaburagi,2011-05-17,15780.892047192843,MODIS/061/MOD11A2,GAUL_L2_polygon_mean (Gulbarga),16278,2011_05_17,"{""type"":""MultiPoint"",""coordinates"":[]}"
31,Kalaburagi,2011-05-25,15870.617176966973,MODIS/061/MOD11A2,GAUL_L2_polygon_mean (Gulbarga),16276,2011_05_25,"{""type"":""MultiPoint"",""coordinates"":[]}"
31,Kalaburagi,2011-06-02,15574.41238767225,MODIS/061/MOD11A2,GAUL_L2_polygon_mean (Gulbarga),5940,2011_06_02,"{""type"":""MultiPoint"",""coordinates"":[]}"
31,Kalaburagi,2011-06-10,15585.211674583317,MODIS/061/MOD11A2,GAUL_L2_polygon_mean (Gulbarga),10045,2011_06_10,"{""type"":""MultiPoint"",""coordinates"":[]}"
31,Kalaburagi,2011-06-18,15481.6339775208,MODIS/061/MOD11A2,GAUL_L2_polygon_mean (Gulbarga),8258,2011_06_18,"{""type"":""MultiPoint"",""coordinates"":[]}"
31,Kalaburagi,2011-06-26,15442.849275428243,MODIS/061/MOD11A2,GAUL_L2_polygon_mean (Gulbarga),1379,2011_06_26,"{""type"":""MultiPoint"",""coordinates"":[]}"
31,Kalaburagi,2011-07-04,15465.822917837306,MODIS/061/MOD11A2,GAUL_L2_polygon_mean (Gulbarga),10503,2011_07_04,"{""type"":""MultiPoint"",""coordinates"":[]}"
31,Kalaburagi,2011-07-12,15525.382664350802,MODIS/061/MOD11A2,GAUL_L2_polygon_mean (Gulbarga),494,2011_07_12,"{""type"":""MultiPoint"",""coordinates"":[]}"
31,Kalaburagi,2011-07-20,15274.813698330061,MODIS/061/MOD11A2,GAUL_L2_polygon_mean (Gulbarga),2327,2011_07_20,"{""type"":""MultiPoint"",""coordinates"":[]}"
31,Kalaburagi,2011-07-28,15472.899265725984,MODIS/061/MOD11A2,GAUL_L2_polygon_mean (Gulbarga),115,2011_07_28,"{""type"":""MultiPoint"",""coordinates"":[]}"
31,Kalaburagi,2011-08-05,15032.406748853276,MODIS/061/MOD11A2,GAUL_L2_polygon_mean (Gulbarga),366,2011_08_05,"{""type"":""MultiPoint"",""coordinates"":[]}"
31,Kalaburagi,2011-08-13,15378.3067104695,MODIS/061/MOD11A2,GAUL_L2_polygon_mean (Gulbarga),1643,2011_08_13,"{""type"":""MultiPoint"",""coordinates"":[]}"
31,Kalaburagi,2011-08-21,15046.763785298555,MODIS/061/MOD11A2,GAUL_L2_polygon_mean (Gulbarga),90,2011_08_21,"{""type"":""MultiPoint"",""coordinates"":[]}"
31,Kalaburagi,2011-08-29,15267.727138511218,MODIS/061/MOD11A2,GAUL_L2_polygon_mean (Gulbarga),5570,2011_08_29,"{""type"":""MultiPoint"",""coordinates"":[]}"
31,Kalaburagi,2011-09-06,15250.166995071291,MODIS/061/MOD11A2,GAUL_L2_polygon_mean (Gulbarga),5922,2011_09_06,"{""type"":""MultiPoint"",""coordinates"":[]}"
31,Kalaburagi,2011-09-14,15333.872655209896,MODIS/061/MOD11A2,GAUL_L2_polygon_mean (Gulbarga),14512,2011_09_14,"{""type"":""MultiPoint"",""coordinates"":[]}"
31,Kalaburagi,2011-09-22,15401.23250704079,MODIS/061/MOD11A2,GAUL_L2_polygon_mean (Gulbarga),16134,2011_09_22,"{""type"":""MultiPoint"",""coordinates"":[]}"
31,Kalaburagi,2011-09-30,15460.46827303743,MODIS/061/MOD11A2,GAUL_L2_polygon_mean (Gulbarga),16278,2011_09_30,"{""type"":""MultiPoint"",""coordinates"":[]}"
31,Kalaburagi,2011-10-08,15424.870488007551,MODIS/061/MOD11A2,GAUL_L2_polygon_mean (Gulbarga),16272,2011_10_08,"{""type"":""MultiPoint"",""coordinates"":[]}"
31,Kalaburagi,2011-10-16,15424.711596916313,MODIS/061/MOD11A2,GAUL_L2_polygon_mean (Gulbarga),16278,2011_10_16,"{""type"":""MultiPoint"",""coordinates"":[]}"
31,Kalaburagi,2011-10-24,15388.940510471051,MODIS/061/MOD11A2,GAUL_L2_polygon_mean (Gulbarga),16023,2011_10_24,"{""type"":""MultiPoint"",""coordinates"":[]}"
31,Kalaburagi,2011-11-01,15401.610143290809,MODIS/061/MOD11A2,GAUL_L2_polygon_mean (Gulbarga),16278,2011_11_01,"{""type"":""MultiPoint"",""coordinates"":[]}"
31,Kalaburagi,2011-11-09,15437.058266191101,MODIS/061/MOD11A2,GAUL_L2_polygon_mean (Gulbarga),16278,2011_11_09,"{""type"":""MultiPoint"",""coordinates"":[]}"
31,Kalaburagi,2011-11-17,15417.807070013103,MODIS/061/MOD11A2,GAUL_L2_polygon_mean (Gulbarga),16278,2011_11_17,"{""type"":""MultiPoint"",""coordinates"":[]}"
31,Kalaburagi,2011-11-25,15363.287161255523,MODIS/061/MOD11A2,GAUL_L2_polygon_mean (Gulbarga),16278,2011_11_25,"{""type"":""MultiPoint"",""coordinates"":[]}"
31,Kalaburagi,2011-12-03,15420.149375424258,MODIS/061/MOD11A2,GAUL_L2_polygon_mean (Gulbarga),16278,2011_12_03,"{""type"":""MultiPoint"",""coordinates"":[]}"
31,Kalaburagi,2011-12-11,15349.510599743986,MODIS/061/MOD11A2,GAUL_L2_polygon_mean (Gulbarga),16278,2011_12_11,"{""type"":""MultiPoint"",""coordinates"":[]}"
31,Kalaburagi,2011-12-19,15356.550806309027,MODIS/061/MOD11A2,GAUL_L2_polygon_mean (Gulbarga),16278,2011_12_19,"{""type"":""MultiPoint"",""coordinates"":[]}"
31,Kalaburagi,2011-12-27,15348.572735235499,MODIS/061/MOD11A2,GAUL_L2_polygon_mean (Gulbarga),16278,2011_12_27,"{""type"":""MultiPoint"",""coordinates"":[]}"
31,Kalaburagi,2012-01-01,15455.478033975254,MODIS/061/MOD11A2,GAUL_L2_polygon_mean (Gulbarga),16278,2012_01_01,"{""type"":""MultiPoint"",""coordinates"":[]}"
31,Kalaburagi,2012-01-09,15370.147328033903,MODIS/061/MOD11A2,GAUL_L2_polygon_mean (Gulbarga),16278,2012_01_09,"{""type"":""MultiPoint"",""coordinates"":[]}"
31,Kalaburagi,2012-01-17,15402.341826747279,MODIS/061/MOD11A2,GAUL_L2_polygon_mean (Gulbarga),16278,2012_01_17,"{""type"":""MultiPoint"",""coordinates"":[]}"
31,Kalaburagi,2012-01-25,15426.738222386244,MODIS/061/MOD11A2,GAUL_L2_polygon_mean (Gulbarga),16278,2012_01_25,"{""type"":""MultiPoint"",""coordinates"":[]}"
31,Kalaburagi,2012-02-02,15447.504640655172,MODIS/061/MOD11A2,GAUL_L2_polygon_mean (Gulbarga),16278,2012_02_02,"{""type"":""MultiPoint"",""coordinates"":[]}"
31,Kalaburagi,2012-02-10,15553.114565933507,MODIS/061/MOD11A2,GAUL_L2_polygon_mean (Gulbarga),16278,2012_02_10,"{""type"":""MultiPoint"",""coordinates"":[]}"
31,Kalaburagi,2012-02-18,15699.614771419318,MODIS/061/MOD11A2,GAUL_L2_polygon_mean (Gulbarga),16278,2012_02_18,"{""type"":""MultiPoint"",""coordinates"":[]}"
31,Kalaburagi,2012-02-26,15846.7192846877,MODIS/061/MOD11A2,GAUL_L2_polygon_mean (Gulbarga),16278,2012_02_26,"{""type"":""MultiPoint"",""coordinates"":[]}"
31,Kalaburagi,2012-03-05,15791.562417101079,MODIS/061/MOD11A2,GAUL_L2_polygon_mean (Gulbarga),16278,2012_03_05,"{""type"":""MultiPoint"",""coordinates"":[]}"
31,Kalaburagi,2012-03-13,15987.359847106984,MODIS/061/MOD11A2,GAUL_L2_polygon_mean (Gulbarga),16278,2012_03_13,"{""type"":""MultiPoint"",""coordinates"":[]}"
31,Kalaburagi,2012-03-21,15963.74111026904,MODIS/061/MOD11A2,GAUL_L2_polygon_mean (Gulbarga),16278,2012_03_21,"{""type"":""MultiPoint"",""coordinates"":[]}"
31,Kalaburagi,2012-03-29,15915.88944766473,MODIS/061/MOD11A2,GAUL_L2_polygon_mean (Gulbarga),16278,2012_03_29,"{""type"":""MultiPoint"",""coordinates"":[]}"
31,Kalaburagi,2012-04-06,15942.822407494028,MODIS/061/MOD11A2,GAUL_L2_polygon_mean (Gulbarga),16278,2012_04_06,"{""type"":""MultiPoint"",""coordinates"":[]}"
31,Kalaburagi,2012-04-14,15976.80667060455,MODIS/061/MOD11A2,GAUL_L2_polygon_mean (Gulbarga),16278,2012_04_14,"{""type"":""MultiPoint"",""coordinates"":[]}"
31,Kalaburagi,2012-04-22,15892.505380934088,MODIS/061/MOD11A2,GAUL_L2_polygon_mean (Gulbarga),16278,2012_04_22,"{""type"":""MultiPoint"",""coordinates"":[]}"
31,Kalaburagi,2012-04-30,15964.448249371631,MODIS/061/MOD11A2,GAUL_L2_polygon_mean (Gulbarga),16278,2012_04_30,"{""type"":""MultiPoint"",""coordinates"":[]}"
31,Kalaburagi,2012-05-08,15938.189806746974,MODIS/061/MOD11A2,GAUL_L2_polygon_mean (Gulbarga),16278,2012_05_08,"{""type"":""MultiPoint"",""coordinates"":[]}"
31,Kalaburagi,2012-05-16,16088.913401779186,MODIS/061/MOD11A2,GAUL_L2_polygon_mean (Gulbarga),16276,2012_05_16,"{""type"":""MultiPoint"",""coordinates"":[]}"
31,Kalaburagi,2012-05-24,15855.487349763016,MODIS/061/MOD11A2,GAUL_L2_polygon_mean (Gulbarga),16129,2012_05_24,"{""type"":""MultiPoint"",""coordinates"":[]}"
31,Kalaburagi,2012-06-01,15827.214261881141,MODIS/061/MOD11A2,GAUL_L2_polygon_mean (Gulbarga),16277,2012_06_01,"{""type"":""MultiPoint"",""coordinates"":[]}"
31,Kalaburagi,2012-06-09,15909.996768989657,MODIS/061/MOD11A2,GAUL_L2_polygon_mean (Gulbarga),16211,2012_06_09,"{""type"":""MultiPoint"",""coordinates"":[]}"
31,Kalaburagi,2012-06-17,15664.646629325242,MODIS/061/MOD11A2,GAUL_L2_polygon_mean (Gulbarga),4850,2012_06_17,"{""type"":""MultiPoint"",""coordinates"":[]}"
31,Kalaburagi,2012-06-25,15530.321462753041,MODIS/061/MOD11A2,GAUL_L2_polygon_mean (Gulbarga),5088,2012_06_25,"{""type"":""MultiPoint"",""coordinates"":[]}"
31,Kalaburagi,2012-07-03,15485.080905411724,MODIS/061/MOD11A2,GAUL_L2_polygon_mean (Gulbarga),964,2012_07_03,"{""type"":""MultiPoint"",""coordinates"":[]}"
31,Kalaburagi,2012-07-11,15611.556637230398,MODIS/061/MOD11A2,GAUL_L2_polygon_mean (Gulbarga),11484,2012_07_11,"{""type"":""MultiPoint"",""coordinates"":[]}"
31,Kalaburagi,2012-07-19,15252.193324543761,MODIS/061/MOD11A2,GAUL_L2_polygon_mean (Gulbarga),6216,2012_07_19,"{""type"":""MultiPoint"",""coordinates"":[]}"
31,Kalaburagi,2012-07-27,15219.138483142098,MODIS/061/MOD11A2,GAUL_L2_polygon_mean (Gulbarga),3334,2012_07_27,"{""type"":""MultiPoint"",""coordinates"":[]}"
31,Kalaburagi,2012-08-04,15162.2411097912,MODIS/061/MOD11A2,GAUL_L2_polygon_mean (Gulbarga),3628,2012_08_04,"{""type"":""MultiPoint"",""coordinates"":[]}"
31,Kalaburagi,2012-08-12,15403.23908747121,MODIS/061/MOD11A2,GAUL_L2_polygon_mean (Gulbarga),10322,2012_08_12,"{""type"":""MultiPoint"",""coordinates"":[]}"
31,Kalaburagi,2012-08-20,15417.890296327896,MODIS/061/MOD11A2,GAUL_L2_polygon_mean (Gulbarga),836,2012_08_20,"{""type"":""MultiPoint"",""coordinates"":[]}"
31,Kalaburagi,2012-08-28,15176.909700839371,MODIS/061/MOD11A2,GAUL_L2_polygon_mean (Gulbarga),1245,2012_08_28,"{""type"":""MultiPoint"",""coordinates"":[]}"
31,Kalaburagi,2012-09-05,15280.75684728005,MODIS/061/MOD11A2,GAUL_L2_polygon_mean (Gulbarga),3213,2012_09_05,"{""type"":""MultiPoint"",""coordinates"":[]}"
31,Kalaburagi,2012-09-13,15276.753984573696,MODIS/061/MOD11A2,GAUL_L2_polygon_mean (Gulbarga),12224,2012_09_13,"{""type"":""MultiPoint"",""coordinates"":[]}"
31,Kalaburagi,2012-09-21,15407.100695460584,MODIS/061/MOD11A2,GAUL_L2_polygon_mean (Gulbarga),16120,2012_09_21,"{""type"":""MultiPoint"",""coordinates"":[]}"
31,Kalaburagi,2012-09-29,15443.063255225572,MODIS/061/MOD11A2,GAUL_L2_polygon_mean (Gulbarga),9039,2012_09_29,"{""type"":""MultiPoint"",""coordinates"":[]}"
31,Kalaburagi,2012-10-07,15351.958082337898,MODIS/061/MOD11A2,GAUL_L2_polygon_mean (Gulbarga),16278,2012_10_07,"{""type"":""MultiPoint"",""coordinates"":[]}"
31,Kalaburagi,2012-10-15,15383.635215451755,MODIS/061/MOD11A2,GAUL_L2_polygon_mean (Gulbarga),16278,2012_10_15,"{""type"":""MultiPoint"",""coordinates"":[]}"
31,Kalaburagi,2012-10-23,15334.42233840455,MODIS/061/MOD11A2,GAUL_L2_polygon_mean (Gulbarga),16278,2012_10_23,"{""type"":""MultiPoint"",""coordinates"":[]}"
31,Kalaburagi,2012-10-31,15289.184768862056,MODIS/061/MOD11A2,GAUL_L2_polygon_mean (Gulbarga),16269,2012_10_31,"{""type"":""MultiPoint"",""coordinates"":[]}"
31,Kalaburagi,2012-11-08,15319.036576957926,MODIS/061/MOD11A2,GAUL_L2_polygon_mean (Gulbarga),16278,2012_11_08,"{""type"":""MultiPoint"",""coordinates"":[]}"
31,Kalaburagi,2012-11-16,15317.65242639489,MODIS/061/MOD11A2,GAUL_L2_polygon_mean (Gulbarga),16278,2012_11_16,"{""type"":""MultiPoint"",""coordinates"":[]}"
31,Kalaburagi,2012-11-24,15305.191120844449,MODIS/061/MOD11A2,GAUL_L2_polygon_mean (Gulbarga),16278,2012_11_24,"{""type"":""MultiPoint"",""coordinates"":[]}"
31,Kalaburagi,2012-12-02,15343.175914893704,MODIS/061/MOD11A2,GAUL_L2_polygon_mean (Gulbarga),16278,2012_12_02,"{""type"":""MultiPoint"",""coordinates"":[]}"
31,Kalaburagi,2012-12-10,15391.693932844442,MODIS/061/MOD11A2,GAUL_L2_polygon_mean (Gulbarga),16278,2012_12_10,"{""type"":""MultiPoint"",""coordinates"":[]}"
31,Kalaburagi,2012-12-18,15274.042213966377,MODIS/061/MOD11A2,GAUL_L2_polygon_mean (Gulbarga),16278,2012_12_18,"{""type"":""MultiPoint"",""coordinates"":[]}"
31,Kalaburagi,2012-12-26,15317.665274678928,MODIS/061/MOD11A2,GAUL_L2_polygon_mean (Gulbarga),16278,2012_12_26,"{""type"":""MultiPoint"",""coordinates"":[]}"
31,Kalaburagi,2013-01-01,15406.982848076841,MODIS/061/MOD11A2,GAUL_L2_polygon_mean (Gulbarga),16278,2013_01_01,"{""type"":""MultiPoint"",""coordinates"":[]}"
31,Kalaburagi,2013-01-09,15437.19704644846,MODIS/061/MOD11A2,GAUL_L2_polygon_mean (Gulbarga),16278,2013_01_09,"{""type"":""MultiPoint"",""coordinates"":[]}"
31,Kalaburagi,2013-01-17,15379.132495474732,MODIS/061/MOD11A2,GAUL_L2_polygon_mean (Gulbarga),16278,2013_01_17,"{""type"":""MultiPoint"",""coordinates"":[]}"
31,Kalaburagi,2013-01-25,15391.302357811284,MODIS/061/MOD11A2,GAUL_L2_polygon_mean (Gulbarga),16278,2013_01_25,"{""type"":""MultiPoint"",""coordinates"":[]}"
31,Kalaburagi,2013-02-02,15450.918778175985,MODIS/061/MOD11A2,GAUL_L2_polygon_mean (Gulbarga),16278,2013_02_02,"{""type"":""MultiPoint"",""coordinates"":[]}"
31,Kalaburagi,2013-02-10,15489.45368233967,MODIS/061/MOD11A2,GAUL_L2_polygon_mean (Gulbarga),16278,2013_02_10,"{""type"":""MultiPoint"",""coordinates"":[]}"
31,Kalaburagi,2013-02-18,15653.404631693797,MODIS/061/MOD11A2,GAUL_L2_polygon_mean (Gulbarga),16278,2013_02_18,"{""type"":""MultiPoint"",""coordinates"":[]}"
31,Kalaburagi,2013-02-26,15841.73389827078,MODIS/061/MOD11A2,GAUL_L2_polygon_mean (Gulbarga),16278,2013_02_26,"{""type"":""MultiPoint"",""coordinates"":[]}"
31,Kalaburagi,2013-03-06,15781.592898381119,MODIS/061/MOD11A2,GAUL_L2_polygon_mean (Gulbarga),16278,2013_03_06,"{""type"":""MultiPoint"",""coordinates"":[]}"
31,Kalaburagi,2013-03-14,15840.415410424815,MODIS/061/MOD11A2,GAUL_L2_polygon_mean (Gulbarga),16278,2013_03_14,"{""type"":""MultiPoint"",""coordinates"":[]}"
31,Kalaburagi,2013-03-22,15939.855562016968,MODIS/061/MOD11A2,GAUL_L2_polygon_mean (Gulbarga),16278,2013_03_22,"{""type"":""MultiPoint"",""coordinates"":[]}"
31,Kalaburagi,2013-03-30,16037.792005001085,MODIS/061/MOD11A2,GAUL_L2_polygon_mean (Gulbarga),16278,2013_03_30,"{""type"":""MultiPoint"",""coordinates"":[]}"
31,Kalaburagi,2013-04-07,16053.870744841543,MODIS/061/MOD11A2,GAUL_L2_polygon_mean (Gulbarga),16278,2013_04_07,"{""type"":""MultiPoint"",""coordinates"":[]}"
31,Kalaburagi,2013-04-15,16159.994137270307,MODIS/061/MOD11A2,GAUL_L2_polygon_mean (Gulbarga),16278,2013_04_15,"{""type"":""MultiPoint"",""coordinates"":[]}"
31,Kalaburagi,2013-04-23,16028.229688340869,MODIS/061/MOD11A2,GAUL_L2_polygon_mean (Gulbarga),16278,2013_04_23,"{""type"":""MultiPoint"",""coordinates"":[]}"
31,Kalaburagi,2013-05-01,16058.822005676524,MODIS/061/MOD11A2,GAUL_L2_polygon_mean (Gulbarga),16278,2013_05_01,"{""type"":""MultiPoint"",""coordinates"":[]}"
31,Kalaburagi,2013-05-09,15921.900843575891,MODIS/061/MOD11A2,GAUL_L2_polygon_mean (Gulbarga),16278,2013_05_09,"{""type"":""MultiPoint"",""coordinates"":[]}"
31,Kalaburagi,2013-05-17,15909.366080096579,MODIS/061/MOD11A2,GAUL_L2_polygon_mean (Gulbarga),16278,2013_05_17,"{""type"":""MultiPoint"",""coordinates"":[]}"
31,Kalaburagi,2013-05-25,15734.45539297878,MODIS/061/MOD11A2,GAUL_L2_polygon_mean (Gulbarga),15740,2013_05_25,"{""type"":""MultiPoint"",""coordinates"":[]}"
31,Kalaburagi,2013-06-02,15685.145394749867,MODIS/061/MOD11A2,GAUL_L2_polygon_mean (Gulbarga),9335,2013_06_02,"{""type"":""MultiPoint"",""coordinates"":[]}"
31,Kalaburagi,2013-06-10,15598.901164329187,MODIS/061/MOD11A2,GAUL_L2_polygon_mean (Gulbarga),29,2013_06_10,"{""type"":""MultiPoint"",""coordinates"":[]}"
31,Kalaburagi,2013-06-18,15585.04193706828,MODIS/061/MOD11A2,GAUL_L2_polygon_mean (Gulbarga),1125,2013_06_18,"{""type"":""MultiPoint"",""coordinates"":[]}"
31,Kalaburagi,2013-06-26,15440.428961362037,MODIS/061/MOD11A2,GAUL_L2_polygon_mean (Gulbarga),2577,2013_06_26,"{""type"":""MultiPoint"",""coordinates"":[]}"
31,Kalaburagi,2013-07-04,15495.921574829652,MODIS/061/MOD11A2,GAUL_L2_polygon_mean (Gulbarga),1351,2013_07_04,"{""type"":""MultiPoint"",""coordinates"":[]}"
31,Kalaburagi,2013-07-12,15188.8894583776,MODIS/061/MOD11A2,GAUL_L2_polygon_mean (Gulbarga),4199,2013_07_12,"{""type"":""MultiPoint"",""coordinates"":[]}"
31,Kalaburagi,2013-07-28,15403.429218874531,MODIS/061/MOD11A2,GAUL_L2_polygon_mean (Gulbarga),6968,2013_07_28,"{""type"":""MultiPoint"",""coordinates"":[]}"
31,Kalaburagi,2013-08-05,15486.48119169957,MODIS/061/MOD11A2,GAUL_L2_polygon_mean (Gulbarga),2667,2013_08_05,"{""type"":""MultiPoint"",""coordinates"":[]}"
31,Kalaburagi,2013-08-13,15072.759215010006,MODIS/061/MOD11A2,GAUL_L2_polygon_mean (Gulbarga),2565,2013_08_13,"{""type"":""MultiPoint"",""coordinates"":[]}"
31,Kalaburagi,2013-08-21,15408.604097719592,MODIS/061/MOD11A2,GAUL_L2_polygon_mean (Gulbarga),4698,2013_08_21,"{""type"":""MultiPoint"",""coordinates"":[]}"
31,Kalaburagi,2013-08-29,15392.813217582558,MODIS/061/MOD11A2,GAUL_L2_polygon_mean (Gulbarga),15740,2013_08_29,"{""type"":""MultiPoint"",""coordinates"":[]}"
31,Kalaburagi,2013-09-06,15246.153123977774,MODIS/061/MOD11A2,GAUL_L2_polygon_mean (Gulbarga),8044,2013_09_06,"{""type"":""MultiPoint"",""coordinates"":[]}"
31,Kalaburagi,2013-09-14,15247.31621629552,MODIS/061/MOD11A2,GAUL_L2_polygon_mean (Gulbarga),6147,2013_09_14,"{""type"":""MultiPoint"",""coordinates"":[]}"
31,Kalaburagi,2013-09-22,15155.048652759504,MODIS/061/MOD11A2,GAUL_L2_polygon_mean (Gulbarga),16057,2013_09_22,"{""type"":""MultiPoint"",""coordinates"":[]}"
31,Kalaburagi,2013-09-30,15280.220702203565,MODIS/061/MOD11A2,GAUL_L2_polygon_mean (Gulbarga),12992,2013_09_30,"{""type"":""MultiPoint"",""coordinates"":[]}"
31,Kalaburagi,2013-10-08,15268.30571603353,MODIS/061/MOD11A2,GAUL_L2_polygon_mean (Gulbarga),15968,2013_10_08,"{""type"":""MultiPoint"",""coordinates"":[]}"
31,Kalaburagi,2013-10-16,15316.203961178831,MODIS/061/MOD11A2,GAUL_L2_polygon_mean (Gulbarga),16278,2013_10_16,"{""type"":""MultiPoint"",""coordinates"":[]}"
31,Kalaburagi,2013-10-24,15257.8512501873,MODIS/061/MOD11A2,GAUL_L2_polygon_mean (Gulbarga),16278,2013_10_24,"{""type"":""MultiPoint"",""coordinates"":[]}"
31,Kalaburagi,2013-11-01,15188.875163629793,MODIS/061/MOD11A2,GAUL_L2_polygon_mean (Gulbarga),16278,2013_11_01,"{""type"":""MultiPoint"",""coordinates"":[]}"
31,Kalaburagi,2013-11-09,15231.952977472694,MODIS/061/MOD11A2,GAUL_L2_polygon_mean (Gulbarga),16278,2013_11_09,"{""type"":""MultiPoint"",""coordinates"":[]}"
31,Kalaburagi,2013-11-17,15325.285309715086,MODIS/061/MOD11A2,GAUL_L2_polygon_mean (Gulbarga),16278,2013_11_17,"{""type"":""MultiPoint"",""coordinates"":[]}"
31,Kalaburagi,2013-11-25,15307.915494498171,MODIS/061/MOD11A2,GAUL_L2_polygon_mean (Gulbarga),16278,2013_11_25,"{""type"":""MultiPoint"",""coordinates"":[]}"
31,Kalaburagi,2013-12-03,15277.301301715346,MODIS/061/MOD11A2,GAUL_L2_polygon_mean (Gulbarga),16278,2013_12_03,"{""type"":""MultiPoint"",""coordinates"":[]}"
31,Kalaburagi,2013-12-11,15314.941552894667,MODIS/061/MOD11A2,GAUL_L2_polygon_mean (Gulbarga),16278,2013_12_11,"{""type"":""MultiPoint"",""coordinates"":[]}"
31,Kalaburagi,2013-12-19,15249.992103611114,MODIS/061/MOD11A2,GAUL_L2_polygon_mean (Gulbarga),16278,2013_12_19,"{""type"":""MultiPoint"",""coordinates"":[]}"
31,Kalaburagi,2013-12-27,15234.685807602642,MODIS/061/MOD11A2,GAUL_L2_polygon_mean (Gulbarga),16278,2013_12_27,"{""type"":""MultiPoint"",""coordinates"":[]}"
31,Kalaburagi,2014-01-01,15278.743625723815,MODIS/061/MOD11A2,GAUL_L2_polygon_mean (Gulbarga),16278,2014_01_01,"{""type"":""MultiPoint"",""coordinates"":[]}"
31,Kalaburagi,2014-01-09,15321.1294676303,MODIS/061/MOD11A2,GAUL_L2_polygon_mean (Gulbarga),16278,2014_01_09,"{""type"":""MultiPoint"",""coordinates"":[]}"
31,Kalaburagi,2014-01-17,15288.099220984697,MODIS/061/MOD11A2,GAUL_L2_polygon_mean (Gulbarga),16278,2014_01_17,"{""type"":""MultiPoint"",""coordinates"":[]}"
31,Kalaburagi,2014-01-25,15330.028958083312,MODIS/061/MOD11A2,GAUL_L2_polygon_mean (Gulbarga),16278,2014_01_25,"{""type"":""MultiPoint"",""coordinates"":[]}"
31,Kalaburagi,2014-02-02,15517.696842889825,MODIS/061/MOD11A2,GAUL_L2_polygon_mean (Gulbarga),16278,2014_02_02,"{""type"":""MultiPoint"",""coordinates"":[]}"
31,Kalaburagi,2014-02-10,15516.503237425484,MODIS/061/MOD11A2,GAUL_L2_polygon_mean (Gulbarga),16278,2014_02_10,"{""type"":""MultiPoint"",""coordinates"":[]}"
31,Kalaburagi,2014-02-18,15489.022464201387,MODIS/061/MOD11A2,GAUL_L2_polygon_mean (Gulbarga),16278,2014_02_18,"{""type"":""MultiPoint"",""coordinates"":[]}"
31,Kalaburagi,2014-02-26,15486.794282676232,MODIS/061/MOD11A2,GAUL_L2_polygon_mean (Gulbarga),16278,2014_02_26,"{""type"":""MultiPoint"",""coordinates"":[]}"
31,Kalaburagi,2014-03-06,15403.39342247838,MODIS/061/MOD11A2,GAUL_L2_polygon_mean (Gulbarga),16278,2014_03_06,"{""type"":""MultiPoint"",""coordinates"":[]}"
31,Kalaburagi,2014-03-14,15849.673488330172,MODIS/061/MOD11A2,GAUL_L2_polygon_mean (Gulbarga),16278,2014_03_14,"{""type"":""MultiPoint"",""coordinates"":[]}"
31,Kalaburagi,2014-03-22,15891.840027240705,MODIS/061/MOD11A2,GAUL_L2_polygon_mean (Gulbarga),16278,2014_03_22,"{""type"":""MultiPoint"",""coordinates"":[]}"
31,Kalaburagi,2014-03-30,15941.977560611065,MODIS/061/MOD11A2,GAUL_L2_polygon_mean (Gulbarga),16278,2014_03_30,"{""type"":""MultiPoint"",""coordinates"":[]}"
31,Kalaburagi,2014-04-07,15992.281968462628,MODIS/061/MOD11A2,GAUL_L2_polygon_mean (Gulbarga),16278,2014_04_07,"{""type"":""MultiPoint"",""coordinates"":[]}"
31,Kalaburagi,2014-04-15,15951.922571111825,MODIS/061/MOD11A2,GAUL_L2_polygon_mean (Gulbarga),16278,2014_04_15,"{""type"":""MultiPoint"",""coordinates"":[]}"
31,Kalaburagi,2014-04-23,16032.585772865155,MODIS/061/MOD11A2,GAUL_L2_polygon_mean (Gulbarga),16278,2014_04_23,"{""type"":""MultiPoint"",""coordinates"":[]}"
31,Kalaburagi,2014-05-01,15897.594149845196,MODIS/061/MOD11A2,GAUL_L2_polygon_mean (Gulbarga),16278,2014_05_01,"{""type"":""MultiPoint"",""coordinates"":[]}"
31,Kalaburagi,2014-05-09,15858.880556367949,MODIS/061/MOD11A2,GAUL_L2_polygon_mean (Gulbarga),16278,2014_05_09,"{""type"":""MultiPoint"",""coordinates"":[]}"
31,Kalaburagi,2014-05-17,15921.627811457982,MODIS/061/MOD11A2,GAUL_L2_polygon_mean (Gulbarga),16278,2014_05_17,"{""type"":""MultiPoint"",""coordinates"":[]}"
31,Kalaburagi,2014-05-25,15659.627002663654,MODIS/061/MOD11A2,GAUL_L2_polygon_mean (Gulbarga),16115,2014_05_25,"{""type"":""MultiPoint"",""coordinates"":[]}"
31,Kalaburagi,2014-06-02,15726.431023011042,MODIS/061/MOD11A2,GAUL_L2_polygon_mean (Gulbarga),16278,2014_06_02,"{""type"":""MultiPoint"",""coordinates"":[]}"
31,Kalaburagi,2014-06-10,15764.229840892893,MODIS/061/MOD11A2,GAUL_L2_polygon_mean (Gulbarga),16202,2014_06_10,"{""type"":""MultiPoint"",""coordinates"":[]}"
31,Kalaburagi,2014-06-18,15568.649303184191,MODIS/061/MOD11A2,GAUL_L2_polygon_mean (Gulbarga),16221,2014_06_18,"{""type"":""MultiPoint"",""coordinates"":[]}"
31,Kalaburagi,2014-06-26,15858.28059303283,MODIS/061/MOD11A2,GAUL_L2_polygon_mean (Gulbarga),16089,2014_06_26,"{""type"":""MultiPoint"",""coordinates"":[]}"
31,Kalaburagi,2014-07-04,15352.063572493074,MODIS/061/MOD11A2,GAUL_L2_polygon_mean (Gulbarga),92,2014_07_04,"{""type"":""MultiPoint"",""coordinates"":[]}"
31,Kalaburagi,2014-07-12,15268.110843436594,MODIS/061/MOD11A2,GAUL_L2_polygon_mean (Gulbarga),149,2014_07_12,"{""type"":""MultiPoint"",""coordinates"":[]}"
31,Kalaburagi,2014-07-20,15337.563514331756,MODIS/061/MOD11A2,GAUL_L2_polygon_mean (Gulbarga),3218,2014_07_20,"{""type"":""MultiPoint"",""coordinates"":[]}"
31,Kalaburagi,2014-07-28,15340.178874046689,MODIS/061/MOD11A2,GAUL_L2_polygon_mean (Gulbarga),2907,2014_07_28,"{""type"":""MultiPoint"",""coordinates"":[]}"
31,Kalaburagi,2014-08-05,15446.50899798046,MODIS/061/MOD11A2,GAUL_L2_polygon_mean (Gulbarga),8285,2014_08_05,"{""type"":""MultiPoint"",""coordinates"":[]}"
31,Kalaburagi,2014-08-13,15598.516371297601,MODIS/061/MOD11A2,GAUL_L2_polygon_mean (Gulbarga),13692,2014_08_13,"{""type"":""MultiPoint"",""coordinates"":[]}"
31,Kalaburagi,2014-08-21,15428.442354913619,MODIS/061/MOD11A2,GAUL_L2_polygon_mean (Gulbarga),6278,2014_08_21,"{""type"":""MultiPoint"",""coordinates"":[]}"
31,Kalaburagi,2014-08-29,15071.164312307727,MODIS/061/MOD11A2,GAUL_L2_polygon_mean (Gulbarga),3347,2014_08_29,"{""type"":""MultiPoint"",""coordinates"":[]}"
31,Kalaburagi,2014-09-06,15207.978489761292,MODIS/061/MOD11A2,GAUL_L2_polygon_mean (Gulbarga),8368,2014_09_06,"{""type"":""MultiPoint"",""coordinates"":[]}"
31,Kalaburagi,2014-09-14,15244.919284646847,MODIS/061/MOD11A2,GAUL_L2_polygon_mean (Gulbarga),2865,2014_09_14,"{""type"":""MultiPoint"",""coordinates"":[]}"
31,Kalaburagi,2014-09-22,15279.336892979434,MODIS/061/MOD11A2,GAUL_L2_polygon_mean (Gulbarga),16250,2014_09_22,"{""type"":""MultiPoint"",""coordinates"":[]}"
31,Kalaburagi,2014-09-30,15484.576153334332,MODIS/061/MOD11A2,GAUL_L2_polygon_mean (Gulbarga),16278,2014_09_30,"{""type"":""MultiPoint"",""coordinates"":[]}"
31,Kalaburagi,2014-10-08,15338.835577135711,MODIS/061/MOD11A2,GAUL_L2_polygon_mean (Gulbarga),16278,2014_10_08,"{""type"":""MultiPoint"",""coordinates"":[]}"
31,Kalaburagi,2014-10-16,15380.950532119143,MODIS/061/MOD11A2,GAUL_L2_polygon_mean (Gulbarga),16278,2014_10_16,"{""type"":""MultiPoint"",""coordinates"":[]}"
31,Kalaburagi,2014-10-24,15313.61268958052,MODIS/061/MOD11A2,GAUL_L2_polygon_mean (Gulbarga),16278,2014_10_24,"{""type"":""MultiPoint"",""coordinates"":[]}"
31,Kalaburagi,2014-11-01,15355.293857491622,MODIS/061/MOD11A2,GAUL_L2_polygon_mean (Gulbarga),16278,2014_11_01,"{""type"":""MultiPoint"",""coordinates"":[]}"
31,Kalaburagi,2014-11-09,15274.921988782311,MODIS/061/MOD11A2,GAUL_L2_polygon_mean (Gulbarga),16246,2014_11_09,"{""type"":""MultiPoint"",""coordinates"":[]}"
31,Kalaburagi,2014-11-17,15199.619158649983,MODIS/061/MOD11A2,GAUL_L2_polygon_mean (Gulbarga),16278,2014_11_17,"{""type"":""MultiPoint"",""coordinates"":[]}"
31,Kalaburagi,2014-11-25,15318.84444482454,MODIS/061/MOD11A2,GAUL_L2_polygon_mean (Gulbarga),16278,2014_11_25,"{""type"":""MultiPoint"",""coordinates"":[]}"
31,Kalaburagi,2014-12-03,15309.902787862045,MODIS/061/MOD11A2,GAUL_L2_polygon_mean (Gulbarga),16278,2014_12_03,"{""type"":""MultiPoint"",""coordinates"":[]}"
31,Kalaburagi,2014-12-11,15202.28559967309,MODIS/061/MOD11A2,GAUL_L2_polygon_mean (Gulbarga),16276,2014_12_11,"{""type"":""MultiPoint"",""coordinates"":[]}"
31,Kalaburagi,2014-12-19,15183.36062882034,MODIS/061/MOD11A2,GAUL_L2_polygon_mean (Gulbarga),16278,2014_12_19,"{""type"":""MultiPoint"",""coordinates"":[]}"
31,Kalaburagi,2014-12-27,15297.60948347177,MODIS/061/MOD11A2,GAUL_L2_polygon_mean (Gulbarga),16278,2014_12_27,"{""type"":""MultiPoint"",""coordinates"":[]}"
31,Kalaburagi,2015-01-01,15297.207515384936,MODIS/061/MOD11A2,GAUL_L2_polygon_mean (Gulbarga),16278,2015_01_01,"{""type"":""MultiPoint"",""coordinates"":[]}"
31,Kalaburagi,2015-01-09,15329.130819307862,MODIS/061/MOD11A2,GAUL_L2_polygon_mean (Gulbarga),16278,2015_01_09,"{""type"":""MultiPoint"",""coordinates"":[]}"
31,Kalaburagi,2015-01-17,15312.93871078245,MODIS/061/MOD11A2,GAUL_L2_polygon_mean (Gulbarga),16278,2015_01_17,"{""type"":""MultiPoint"",""coordinates"":[]}"
31,Kalaburagi,2015-01-25,15376.04370343745,MODIS/061/MOD11A2,GAUL_L2_polygon_mean (Gulbarga),16278,2015_01_25,"{""type"":""MultiPoint"",""coordinates"":[]}"
31,Kalaburagi,2015-02-02,15440.652231990367,MODIS/061/MOD11A2,GAUL_L2_polygon_mean (Gulbarga),16278,2015_02_02,"{""type"":""MultiPoint"",""coordinates"":[]}"
31,Kalaburagi,2015-02-10,15612.737941499428,MODIS/061/MOD11A2,GAUL_L2_polygon_mean (Gulbarga),16278,2015_02_10,"{""type"":""MultiPoint"",""coordinates"":[]}"
31,Kalaburagi,2015-02-18,15727.183548944904,MODIS/061/MOD11A2,GAUL_L2_polygon_mean (Gulbarga),16278,2015_02_18,"{""type"":""MultiPoint"",""coordinates"":[]}"
31,Kalaburagi,2015-02-26,15685.518854107002,MODIS/061/MOD11A2,GAUL_L2_polygon_mean (Gulbarga),16278,2015_02_26,"{""type"":""MultiPoint"",""coordinates"":[]}"
31,Kalaburagi,2015-03-06,15615.46679922471,MODIS/061/MOD11A2,GAUL_L2_polygon_mean (Gulbarga),16278,2015_03_06,"{""type"":""MultiPoint"",""coordinates"":[]}"
31,Kalaburagi,2015-03-14,15789.168840448077,MODIS/061/MOD11A2,GAUL_L2_polygon_mean (Gulbarga),16278,2015_03_14,"{""type"":""MultiPoint"",""coordinates"":[]}"
31,Kalaburagi,2015-03-22,15926.113835772263,MODIS/061/MOD11A2,GAUL_L2_polygon_mean (Gulbarga),16278,2015_03_22,"{""type"":""MultiPoint"",""coordinates"":[]}"
31,Kalaburagi,2015-03-30,15935.053260575778,MODIS/061/MOD11A2,GAUL_L2_polygon_mean (Gulbarga),16278,2015_03_30,"{""type"":""MultiPoint"",""coordinates"":[]}"
31,Kalaburagi,2015-04-07,15795.826940918385,MODIS/061/MOD11A2,GAUL_L2_polygon_mean (Gulbarga),16277,2015_04_07,"{""type"":""MultiPoint"",""coordinates"":[]}"
31,Kalaburagi,2015-04-15,15808.156226557636,MODIS/061/MOD11A2,GAUL_L2_polygon_mean (Gulbarga),16278,2015_04_15,"{""type"":""MultiPoint"",""coordinates"":[]}"
31,Kalaburagi,2015-04-23,15871.432743503114,MODIS/061/MOD11A2,GAUL_L2_polygon_mean (Gulbarga),16278,2015_04_23,"{""type"":""MultiPoint"",""coordinates"":[]}"
31,Kalaburagi,2015-05-01,15936.674699805219,MODIS/061/MOD11A2,GAUL_L2_polygon_mean (Gulbarga),16278,2015_05_01,"{""type"":""MultiPoint"",""coordinates"":[]}"
31,Kalaburagi,2015-05-09,16002.136071602516,MODIS/061/MOD11A2,GAUL_L2_polygon_mean (Gulbarga),16278,2015_05_09,"{""type"":""MultiPoint"",""coordinates"":[]}"
31,Kalaburagi,2015-05-17,15825.66639605815,MODIS/061/MOD11A2,GAUL_L2_polygon_mean (Gulbarga),16278,2015_05_17,"{""type"":""MultiPoint"",""coordinates"":[]}"
31,Kalaburagi,2015-05-25,15907.97955837653,MODIS/061/MOD11A2,GAUL_L2_polygon_mean (Gulbarga),16278,2015_05_25,"{""type"":""MultiPoint"",""coordinates"":[]}"
31,Kalaburagi,2015-06-02,15841.249266892602,MODIS/061/MOD11A2,GAUL_L2_polygon_mean (Gulbarga),16242,2015_06_02,"{""type"":""MultiPoint"",""coordinates"":[]}"
31,Kalaburagi,2015-06-10,15910.198913904795,MODIS/061/MOD11A2,GAUL_L2_polygon_mean (Gulbarga),14693,2015_06_10,"{""type"":""MultiPoint"",""coordinates"":[]}"
31,Kalaburagi,2015-06-18,15296.06153471376,MODIS/061/MOD11A2,GAUL_L2_polygon_mean (Gulbarga),80,2015_06_18,"{""type"":""MultiPoint"",""coordinates"":[]}"
31,Kalaburagi,2015-06-26,15564.182802728687,MODIS/061/MOD11A2,GAUL_L2_polygon_mean (Gulbarga),13724,2015_06_26,"{""type"":""MultiPoint"",""coordinates"":[]}"
31,Kalaburagi,2015-07-04,15489.424494114735,MODIS/061/MOD11A2,GAUL_L2_polygon_mean (Gulbarga),15110,2015_07_04,"{""type"":""MultiPoint"",""coordinates"":[]}"
31,Kalaburagi,2015-07-12,15832.656531977818,MODIS/061/MOD11A2,GAUL_L2_polygon_mean (Gulbarga),13507,2015_07_12,"{""type"":""MultiPoint"",""coordinates"":[]}"
31,Kalaburagi,2015-07-20,15447.384522537304,MODIS/061/MOD11A2,GAUL_L2_polygon_mean (Gulbarga),821,2015_07_20,"{""type"":""MultiPoint"",""coordinates"":[]}"
31,Kalaburagi,2015-07-28,15624.1849689077,MODIS/061/MOD11A2,GAUL_L2_polygon_mean (Gulbarga),13441,2015_07_28,"{""type"":""MultiPoint"",""coordinates"":[]}"
31,Kalaburagi,2015-08-05,15524.220795404794,MODIS/061/MOD11A2,GAUL_L2_polygon_mean (Gulbarga),2158,2015_08_05,"{""type"":""MultiPoint"",""coordinates"":[]}"
31,Kalaburagi,2015-08-13,15586.785139052014,MODIS/061/MOD11A2,GAUL_L2_polygon_mean (Gulbarga),11064,2015_08_13,"{""type"":""MultiPoint"",""coordinates"":[]}"
31,Kalaburagi,2015-08-21,15434.091947254365,MODIS/061/MOD11A2,GAUL_L2_polygon_mean (Gulbarga),9243,2015_08_21,"{""type"":""MultiPoint"",""coordinates"":[]}"
31,Kalaburagi,2015-08-29,15667.010241522054,MODIS/061/MOD11A2,GAUL_L2_polygon_mean (Gulbarga),16234,2015_08_29,"{""type"":""MultiPoint"",""coordinates"":[]}"
31,Kalaburagi,2015-09-06,15336.94077626143,MODIS/061/MOD11A2,GAUL_L2_polygon_mean (Gulbarga),9013,2015_09_06,"{""type"":""MultiPoint"",""coordinates"":[]}"
31,Kalaburagi,2015-09-14,15363.786529614525,MODIS/061/MOD11A2,GAUL_L2_polygon_mean (Gulbarga),6798,2015_09_14,"{""type"":""MultiPoint"",""coordinates"":[]}"
31,Kalaburagi,2015-09-22,15438.937815365327,MODIS/061/MOD11A2,GAUL_L2_polygon_mean (Gulbarga),16278,2015_09_22,"{""type"":""MultiPoint"",""coordinates"":[]}"
31,Kalaburagi,2015-09-30,15416.92356662427,MODIS/061/MOD11A2,GAUL_L2_polygon_mean (Gulbarga),16277,2015_09_30,"{""type"":""MultiPoint"",""coordinates"":[]}"
31,Kalaburagi,2015-10-08,15564.394265379766,MODIS/061/MOD11A2,GAUL_L2_polygon_mean (Gulbarga),16278,2015_10_08,"{""type"":""MultiPoint"",""coordinates"":[]}"
31,Kalaburagi,2015-10-16,15591.627148266323,MODIS/061/MOD11A2,GAUL_L2_polygon_mean (Gulbarga),16278,2015_10_16,"{""type"":""MultiPoint"",""coordinates"":[]}"
31,Kalaburagi,2015-10-24,15423.525531312149,MODIS/061/MOD11A2,GAUL_L2_polygon_mean (Gulbarga),16278,2015_10_24,"{""type"":""MultiPoint"",""coordinates"":[]}"
31,Kalaburagi,2015-11-01,15507.379594703934,MODIS/061/MOD11A2,GAUL_L2_polygon_mean (Gulbarga),16278,2015_11_01,"{""type"":""MultiPoint"",""coordinates"":[]}"
31,Kalaburagi,2015-11-09,15483.656694862932,MODIS/061/MOD11A2,GAUL_L2_polygon_mean (Gulbarga),16278,2015_11_09,"{""type"":""MultiPoint"",""coordinates"":[]}"
31,Kalaburagi,2015-11-17,15411.943666356026,MODIS/061/MOD11A2,GAUL_L2_polygon_mean (Gulbarga),16276,2015_11_17,"{""type"":""MultiPoint"",""coordinates"":[]}"
31,Kalaburagi,2015-11-25,15451.14657932354,MODIS/061/MOD11A2,GAUL_L2_polygon_mean (Gulbarga),16278,2015_11_25,"{""type"":""MultiPoint"",""coordinates"":[]}"
31,Kalaburagi,2015-12-03,15384.879319839523,MODIS/061/MOD11A2,GAUL_L2_polygon_mean (Gulbarga),16278,2015_12_03,"{""type"":""MultiPoint"",""coordinates"":[]}"
31,Kalaburagi,2015-12-11,15478.513857645785,MODIS/061/MOD11A2,GAUL_L2_polygon_mean (Gulbarga),16278,2015_12_11,"{""type"":""MultiPoint"",""coordinates"":[]}"
31,Kalaburagi,2015-12-19,15431.085724685632,MODIS/061/MOD11A2,GAUL_L2_polygon_mean (Gulbarga),16278,2015_12_19,"{""type"":""MultiPoint"",""coordinates"":[]}"
31,Kalaburagi,2015-12-27,15492.075841853508,MODIS/061/MOD11A2,GAUL_L2_polygon_mean (Gulbarga),16278,2015_12_27,"{""type"":""MultiPoint"",""coordinates"":[]}"
31,Kalaburagi,2016-01-01,15451.148621173292,MODIS/061/MOD11A2,GAUL_L2_polygon_mean (Gulbarga),16278,2016_01_01,"{""type"":""MultiPoint"",""coordinates"":[]}"
31,Kalaburagi,2016-01-09,15366.14085511009,MODIS/061/MOD11A2,GAUL_L2_polygon_mean (Gulbarga),16278,2016_01_09,"{""type"":""MultiPoint"",""coordinates"":[]}"
31,Kalaburagi,2016-01-17,15403.900507764381,MODIS/061/MOD11A2,GAUL_L2_polygon_mean (Gulbarga),16278,2016_01_17,"{""type"":""MultiPoint"",""coordinates"":[]}"
31,Kalaburagi,2016-01-25,15590.634755577885,MODIS/061/MOD11A2,GAUL_L2_polygon_mean (Gulbarga),16278,2016_01_25,"{""type"":""MultiPoint"",""coordinates"":[]}"
31,Kalaburagi,2016-02-02,15652.478144306451,MODIS/061/MOD11A2,GAUL_L2_polygon_mean (Gulbarga),16278,2016_02_02,"{""type"":""MultiPoint"",""coordinates"":[]}"
31,Kalaburagi,2016-02-10,15657.977735021084,MODIS/061/MOD11A2,GAUL_L2_polygon_mean (Gulbarga),16278,2016_02_10,"{""type"":""MultiPoint"",""coordinates"":[]}"
31,Kalaburagi,2016-02-18,15804.023881808122,MODIS/061/MOD11A2,GAUL_L2_polygon_mean (Gulbarga),16276,2016_02_18,"{""type"":""MultiPoint"",""coordinates"":[]}"
31,Kalaburagi,2016-02-26,15655.758012528842,MODIS/061/MOD11A2,GAUL_L2_polygon_mean (Gulbarga),15986,2016_02_26,"{""type"":""MultiPoint"",""coordinates"":[]}"
31,Kalaburagi,2016-03-05,15910.809917184162,MODIS/061/MOD11A2,GAUL_L2_polygon_mean (Gulbarga),16278,2016_03_05,"{""type"":""MultiPoint"",""coordinates"":[]}"
31,Kalaburagi,2016-03-13,16032.11826829173,MODIS/061/MOD11A2,GAUL_L2_polygon_mean (Gulbarga),16278,2016_03_13,"{""type"":""MultiPoint"",""coordinates"":[]}"
31,Kalaburagi,2016-03-21,16058.313662422215,MODIS/061/MOD11A2,GAUL_L2_polygon_mean (Gulbarga),16278,2016_03_21,"{""type"":""MultiPoint"",""coordinates"":[]}"
31,Kalaburagi,2016-03-29,16082.99448681303,MODIS/061/MOD11A2,GAUL_L2_polygon_mean (Gulbarga),16278,2016_03_29,"{""type"":""MultiPoint"",""coordinates"":[]}"
31,Kalaburagi,2016-04-06,16184.639416709324,MODIS/061/MOD11A2,GAUL_L2_polygon_mean (Gulbarga),16278,2016_04_06,"{""type"":""MultiPoint"",""coordinates"":[]}"
31,Kalaburagi,2016-04-14,16162.726408276472,MODIS/061/MOD11A2,GAUL_L2_polygon_mean (Gulbarga),16278,2016_04_14,"{""type"":""MultiPoint"",""coordinates"":[]}"
31,Kalaburagi,2016-04-22,16305.229312299416,MODIS/061/MOD11A2,GAUL_L2_polygon_mean (Gulbarga),16278,2016_04_22,"{""type"":""MultiPoint"",""coordinates"":[]}"
31,Kalaburagi,2016-04-30,16130.156123362543,MODIS/061/MOD11A2,GAUL_L2_polygon_mean (Gulbarga),16276,2016_04_30,"{""type"":""MultiPoint"",""coordinates"":[]}"
31,Kalaburagi,2016-05-08,15969.079041217135,MODIS/061/MOD11A2,GAUL_L2_polygon_mean (Gulbarga),16278,2016_05_08,"{""type"":""MultiPoint"",""coordinates"":[]}"
31,Kalaburagi,2016-05-16,15911.597546263216,MODIS/061/MOD11A2,GAUL_L2_polygon_mean (Gulbarga),16278,2016_05_16,"{""type"":""MultiPoint"",""coordinates"":[]}"
31,Kalaburagi,2016-05-24,15964.753907779605,MODIS/061/MOD11A2,GAUL_L2_polygon_mean (Gulbarga),16273,2016_05_24,"{""type"":""MultiPoint"",""coordinates"":[]}"
31,Kalaburagi,2016-06-01,15773.77760970162,MODIS/061/MOD11A2,GAUL_L2_polygon_mean (Gulbarga),4917,2016_06_01,"{""type"":""MultiPoint"",""coordinates"":[]}"
31,Kalaburagi,2016-06-09,15628.359720198223,MODIS/061/MOD11A2,GAUL_L2_polygon_mean (Gulbarga),14701,2016_06_09,"{""type"":""MultiPoint"",""coordinates"":[]}"
31,Kalaburagi,2016-06-17,15396.004633124527,MODIS/061/MOD11A2,GAUL_L2_polygon_mean (Gulbarga),4535,2016_06_17,"{""type"":""MultiPoint"",""coordinates"":[]}"
31,Kalaburagi,2016-06-25,15520.7103611433,MODIS/061/MOD11A2,GAUL_L2_polygon_mean (Gulbarga),81,2016_06_25,"{""type"":""MultiPoint"",""coordinates"":[]}"
31,Kalaburagi,2016-07-03,15331.514108613193,MODIS/061/MOD11A2,GAUL_L2_polygon_mean (Gulbarga),42,2016_07_03,"{""type"":""MultiPoint"",""coordinates"":[]}"
31,Kalaburagi,2016-07-11,15477.467155518607,MODIS/061/MOD11A2,GAUL_L2_polygon_mean (Gulbarga),948,2016_07_11,"{""type"":""MultiPoint"",""coordinates"":[]}"
31,Kalaburagi,2016-07-19,15168.020825215397,MODIS/061/MOD11A2,GAUL_L2_polygon_mean (Gulbarga),90,2016_07_19,"{""type"":""MultiPoint"",""coordinates"":[]}"
31,Kalaburagi,2016-07-27,15019.252413550996,MODIS/061/MOD11A2,GAUL_L2_polygon_mean (Gulbarga),22,2016_07_27,"{""type"":""MultiPoint"",""coordinates"":[]}"
31,Kalaburagi,2016-08-04,15251.021511352097,MODIS/061/MOD11A2,GAUL_L2_polygon_mean (Gulbarga),6703,2016_08_04,"{""type"":""MultiPoint"",""coordinates"":[]}"
31,Kalaburagi,2016-08-12,15290.103561503582,MODIS/061/MOD11A2,GAUL_L2_polygon_mean (Gulbarga),12240,2016_08_12,"{""type"":""MultiPoint"",""coordinates"":[]}"
31,Kalaburagi,2016-08-20,15422.874927554452,MODIS/061/MOD11A2,GAUL_L2_polygon_mean (Gulbarga),11130,2016_08_20,"{""type"":""MultiPoint"",""coordinates"":[]}"
31,Kalaburagi,2016-08-28,15370.528486092597,MODIS/061/MOD11A2,GAUL_L2_polygon_mean (Gulbarga),806,2016_08_28,"{""type"":""MultiPoint"",""coordinates"":[]}"
31,Kalaburagi,2016-09-05,15378.043472614212,MODIS/061/MOD11A2,GAUL_L2_polygon_mean (Gulbarga),15671,2016_09_05,"{""type"":""MultiPoint"",""coordinates"":[]}"
31,Kalaburagi,2016-09-13,15067.479948584953,MODIS/061/MOD11A2,GAUL_L2_polygon_mean (Gulbarga),3459,2016_09_13,"{""type"":""MultiPoint"",""coordinates"":[]}"
31,Kalaburagi,2016-09-21,15137.083953992653,MODIS/061/MOD11A2,GAUL_L2_polygon_mean (Gulbarga),665,2016_09_21,"{""type"":""MultiPoint"",""coordinates"":[]}"
31,Kalaburagi,2016-09-29,15137.99744913735,MODIS/061/MOD11A2,GAUL_L2_polygon_mean (Gulbarga),9765,2016_09_29,"{""type"":""MultiPoint"",""coordinates"":[]}"
31,Kalaburagi,2016-10-07,15293.642140844406,MODIS/061/MOD11A2,GAUL_L2_polygon_mean (Gulbarga),16213,2016_10_07,"{""type"":""MultiPoint"",""coordinates"":[]}"
31,Kalaburagi,2016-10-15,15388.85133691051,MODIS/061/MOD11A2,GAUL_L2_polygon_mean (Gulbarga),16278,2016_10_15,"{""type"":""MultiPoint"",""coordinates"":[]}"
31,Kalaburagi,2016-10-23,15326.636780805635,MODIS/061/MOD11A2,GAUL_L2_polygon_mean (Gulbarga),16278,2016_10_23,"{""type"":""MultiPoint"",""coordinates"":[]}"
31,Kalaburagi,2016-10-31,15337.591108510467,MODIS/061/MOD11A2,GAUL_L2_polygon_mean (Gulbarga),16278,2016_10_31,"{""type"":""MultiPoint"",""coordinates"":[]}"
31,Kalaburagi,2016-11-08,15344.958583887097,MODIS/061/MOD11A2,GAUL_L2_polygon_mean (Gulbarga),16278,2016_11_08,"{""type"":""MultiPoint"",""coordinates"":[]}"
31,Kalaburagi,2016-11-16,15296.149156689095,MODIS/061/MOD11A2,GAUL_L2_polygon_mean (Gulbarga),16278,2016_11_16,"{""type"":""MultiPoint"",""coordinates"":[]}"
31,Kalaburagi,2016-11-24,15370.606982470848,MODIS/061/MOD11A2,GAUL_L2_polygon_mean (Gulbarga),16278,2016_11_24,"{""type"":""MultiPoint"",""coordinates"":[]}"
31,Kalaburagi,2016-12-02,15256.86688011818,MODIS/061/MOD11A2,GAUL_L2_polygon_mean (Gulbarga),16278,2016_12_02,"{""type"":""MultiPoint"",""coordinates"":[]}"
31,Kalaburagi,2016-12-10,15236.398275364469,MODIS/061/MOD11A2,GAUL_L2_polygon_mean (Gulbarga),16278,2016_12_10,"{""type"":""MultiPoint"",""coordinates"":[]}"
31,Kalaburagi,2016-12-18,15362.865898941447,MODIS/061/MOD11A2,GAUL_L2_polygon_mean (Gulbarga),16278,2016_12_18,"{""type"":""MultiPoint"",""coordinates"":[]}"
31,Kalaburagi,2016-12-26,15313.642446721837,MODIS/061/MOD11A2,GAUL_L2_polygon_mean (Gulbarga),16278,2016_12_26,"{""type"":""MultiPoint"",""coordinates"":[]}"
31,Kalaburagi,2017-01-01,15346.825684426762,MODIS/061/MOD11A2,GAUL_L2_polygon_mean (Gulbarga),16278,2017_01_01,"{""type"":""MultiPoint"",""coordinates"":[]}"
31,Kalaburagi,2017-01-09,15243.945417377105,MODIS/061/MOD11A2,GAUL_L2_polygon_mean (Gulbarga),16278,2017_01_09,"{""type"":""MultiPoint"",""coordinates"":[]}"
31,Kalaburagi,2017-01-17,15379.846486192473,MODIS/061/MOD11A2,GAUL_L2_polygon_mean (Gulbarga),16278,2017_01_17,"{""type"":""MultiPoint"",""coordinates"":[]}"
31,Kalaburagi,2017-01-25,15440.345707369901,MODIS/061/MOD11A2,GAUL_L2_polygon_mean (Gulbarga),16278,2017_01_25,"{""type"":""MultiPoint"",""coordinates"":[]}"
31,Kalaburagi,2017-02-02,15547.247497915008,MODIS/061/MOD11A2,GAUL_L2_polygon_mean (Gulbarga),16278,2017_02_02,"{""type"":""MultiPoint"",""coordinates"":[]}"
31,Kalaburagi,2017-02-10,15521.167469980513,MODIS/061/MOD11A2,GAUL_L2_polygon_mean (Gulbarga),16278,2017_02_10,"{""type"":""MultiPoint"",""coordinates"":[]}"
31,Kalaburagi,2017-02-18,15812.181841220385,MODIS/061/MOD11A2,GAUL_L2_polygon_mean (Gulbarga),16278,2017_02_18,"{""type"":""MultiPoint"",""coordinates"":[]}"
31,Kalaburagi,2017-02-26,15704.008874915758,MODIS/061/MOD11A2,GAUL_L2_polygon_mean (Gulbarga),16278,2017_02_26,"{""type"":""MultiPoint"",""coordinates"":[]}"
31,Kalaburagi,2017-03-06,15792.540730276884,MODIS/061/MOD11A2,GAUL_L2_polygon_mean (Gulbarga),16278,2017_03_06,"{""type"":""MultiPoint"",""coordinates"":[]}"
31,Kalaburagi,2017-03-14,15725.03631727009,MODIS/061/MOD11A2,GAUL_L2_polygon_mean (Gulbarga),16278,2017_03_14,"{""type"":""MultiPoint"",""coordinates"":[]}"
31,Kalaburagi,2017-03-22,15970.99472265195,MODIS/061/MOD11A2,GAUL_L2_polygon_mean (Gulbarga),16278,2017_03_22,"{""type"":""MultiPoint"",""coordinates"":[]}"
31,Kalaburagi,2017-03-30,15932.702644672381,MODIS/061/MOD11A2,GAUL_L2_polygon_mean (Gulbarga),16278,2017_03_30,"{""type"":""MultiPoint"",""coordinates"":[]}"
31,Kalaburagi,2017-04-07,16086.325906052713,MODIS/061/MOD11A2,GAUL_L2_polygon_mean (Gulbarga),16278,2017_04_07,"{""type"":""MultiPoint"",""coordinates"":[]}"
31,Kalaburagi,2017-04-15,16037.086103136091,MODIS/061/MOD11A2,GAUL_L2_polygon_mean (Gulbarga),16278,2017_04_15,"{""type"":""MultiPoint"",""coordinates"":[]}"
31,Kalaburagi,2017-04-23,16127.995461726407,MODIS/061/MOD11A2,GAUL_L2_polygon_mean (Gulbarga),16278,2017_04_23,"{""type"":""MultiPoint"",""coordinates"":[]}"
31,Kalaburagi,2017-05-01,16002.806054869796,MODIS/061/MOD11A2,GAUL_L2_polygon_mean (Gulbarga),16278,2017_05_01,"{""type"":""MultiPoint"",""coordinates"":[]}"
31,Kalaburagi,2017-05-09,16001.176867187052,MODIS/061/MOD11A2,GAUL_L2_polygon_mean (Gulbarga),16277,2017_05_09,"{""type"":""MultiPoint"",""coordinates"":[]}"
31,Kalaburagi,2017-05-17,16044.833267648539,MODIS/061/MOD11A2,GAUL_L2_polygon_mean (Gulbarga),16278,2017_05_17,"{""type"":""MultiPoint"",""coordinates"":[]}"
31,Kalaburagi,2017-05-25,15918.846032037036,MODIS/061/MOD11A2,GAUL_L2_polygon_mean (Gulbarga),16277,2017_05_25,"{""type"":""MultiPoint"",""coordinates"":[]}"
31,Kalaburagi,2017-06-02,15986.2231705203,MODIS/061/MOD11A2,GAUL_L2_polygon_mean (Gulbarga),16263,2017_06_02,"{""type"":""MultiPoint"",""coordinates"":[]}"
31,Kalaburagi,2017-06-10,15495.234278434824,MODIS/061/MOD11A2,GAUL_L2_polygon_mean (Gulbarga),227,2017_06_10,"{""type"":""MultiPoint"",""coordinates"":[]}"
31,Kalaburagi,2017-06-18,15353.576010267563,MODIS/061/MOD11A2,GAUL_L2_polygon_mean (Gulbarga),9973,2017_06_18,"{""type"":""MultiPoint"",""coordinates"":[]}"
31,Kalaburagi,2017-06-26,15463.007254226157,MODIS/061/MOD11A2,GAUL_L2_polygon_mean (Gulbarga),4300,2017_06_26,"{""type"":""MultiPoint"",""coordinates"":[]}"
31,Kalaburagi,2017-07-04,15519.848031846448,MODIS/061/MOD11A2,GAUL_L2_polygon_mean (Gulbarga),8292,2017_07_04,"{""type"":""MultiPoint"",""coordinates"":[]}"
31,Kalaburagi,2017-07-12,15494.190026954178,MODIS/061/MOD11A2,GAUL_L2_polygon_mean (Gulbarga),742,2017_07_12,"{""type"":""MultiPoint"",""coordinates"":[]}"
31,Kalaburagi,2017-07-20,15298.219053571309,MODIS/061/MOD11A2,GAUL_L2_polygon_mean (Gulbarga),2691,2017_07_20,"{""type"":""MultiPoint"",""coordinates"":[]}"
31,Kalaburagi,2017-07-28,15461.215130714018,MODIS/061/MOD11A2,GAUL_L2_polygon_mean (Gulbarga),6714,2017_07_28,"{""type"":""MultiPoint"",""coordinates"":[]}"
31,Kalaburagi,2017-08-05,15330.958110926513,MODIS/061/MOD11A2,GAUL_L2_polygon_mean (Gulbarga),110,2017_08_05,"{""type"":""MultiPoint"",""coordinates"":[]}"
31,Kalaburagi,2017-08-13,15296.592398400182,MODIS/061/MOD11A2,GAUL_L2_polygon_mean (Gulbarga),949,2017_08_13,"{""type"":""MultiPoint"",""coordinates"":[]}"
31,Kalaburagi,2017-08-21,15312.33236452324,MODIS/061/MOD11A2,GAUL_L2_polygon_mean (Gulbarga),6425,2017_08_21,"{""type"":""MultiPoint"",""coordinates"":[]}"
31,Kalaburagi,2017-08-29,15338.822505683278,MODIS/061/MOD11A2,GAUL_L2_polygon_mean (Gulbarga),11799,2017_08_29,"{""type"":""MultiPoint"",""coordinates"":[]}"
31,Kalaburagi,2017-09-06,15233.011320877582,MODIS/061/MOD11A2,GAUL_L2_polygon_mean (Gulbarga),6864,2017_09_06,"{""type"":""MultiPoint"",""coordinates"":[]}"
31,Kalaburagi,2017-09-14,15118.690733367292,MODIS/061/MOD11A2,GAUL_L2_polygon_mean (Gulbarga),2263,2017_09_14,"{""type"":""MultiPoint"",""coordinates"":[]}"
31,Kalaburagi,2017-09-22,15343.615979065466,MODIS/061/MOD11A2,GAUL_L2_polygon_mean (Gulbarga),15864,2017_09_22,"{""type"":""MultiPoint"",""coordinates"":[]}"
31,Kalaburagi,2017-09-30,15198.069635371936,MODIS/061/MOD11A2,GAUL_L2_polygon_mean (Gulbarga),5850,2017_09_30,"{""type"":""MultiPoint"",""coordinates"":[]}"
31,Kalaburagi,2017-10-08,15115.25380030341,MODIS/061/MOD11A2,GAUL_L2_polygon_mean (Gulbarga),12576,2017_10_08,"{""type"":""MultiPoint"",""coordinates"":[]}"
31,Kalaburagi,2017-10-16,15176.033378316974,MODIS/061/MOD11A2,GAUL_L2_polygon_mean (Gulbarga),16278,2017_10_16,"{""type"":""MultiPoint"",""coordinates"":[]}"
31,Kalaburagi,2017-10-24,15252.665838138833,MODIS/061/MOD11A2,GAUL_L2_polygon_mean (Gulbarga),16278,2017_10_24,"{""type"":""MultiPoint"",""coordinates"":[]}"
31,Kalaburagi,2017-11-01,15260.64769010329,MODIS/061/MOD11A2,GAUL_L2_polygon_mean (Gulbarga),16278,2017_11_01,"{""type"":""MultiPoint"",""coordinates"":[]}"
31,Kalaburagi,2017-11-09,15269.736943700753,MODIS/061/MOD11A2,GAUL_L2_polygon_mean (Gulbarga),16278,2017_11_09,"{""type"":""MultiPoint"",""coordinates"":[]}"
31,Kalaburagi,2017-11-17,15360.06168573534,MODIS/061/MOD11A2,GAUL_L2_polygon_mean (Gulbarga),16278,2017_11_17,"{""type"":""MultiPoint"",""coordinates"":[]}"
31,Kalaburagi,2017-11-25,15240.601256571077,MODIS/061/MOD11A2,GAUL_L2_polygon_mean (Gulbarga),16278,2017_11_25,"{""type"":""MultiPoint"",""coordinates"":[]}"
31,Kalaburagi,2017-12-03,15274.640632520537,MODIS/061/MOD11A2,GAUL_L2_polygon_mean (Gulbarga),16278,2017_12_03,"{""type"":""MultiPoint"",""coordinates"":[]}"
31,Kalaburagi,2017-12-11,15272.59202994457,MODIS/061/MOD11A2,GAUL_L2_polygon_mean (Gulbarga),16278,2017_12_11,"{""type"":""MultiPoint"",""coordinates"":[]}"
31,Kalaburagi,2017-12-19,15274.649864687706,MODIS/061/MOD11A2,GAUL_L2_polygon_mean (Gulbarga),16278,2017_12_19,"{""type"":""MultiPoint"",""coordinates"":[]}"
31,Kalaburagi,2017-12-27,15277.767354638663,MODIS/061/MOD11A2,GAUL_L2_polygon_mean (Gulbarga),16278,2017_12_27,"{""type"":""MultiPoint"",""coordinates"":[]}"
31,Kalaburagi,2018-01-01,15239.44471997798,MODIS/061/MOD11A2,GAUL_L2_polygon_mean (Gulbarga),16278,2018_01_01,"{""type"":""MultiPoint"",""coordinates"":[]}"
31,Kalaburagi,2018-01-09,15345.597033391796,MODIS/061/MOD11A2,GAUL_L2_polygon_mean (Gulbarga),16278,2018_01_09,"{""type"":""MultiPoint"",""coordinates"":[]}"
31,Kalaburagi,2018-01-17,15332.669483404303,MODIS/061/MOD11A2,GAUL_L2_polygon_mean (Gulbarga),16278,2018_01_17,"{""type"":""MultiPoint"",""coordinates"":[]}"
31,Kalaburagi,2018-01-25,15451.327247853485,MODIS/061/MOD11A2,GAUL_L2_polygon_mean (Gulbarga),16278,2018_01_25,"{""type"":""MultiPoint"",""coordinates"":[]}"
31,Kalaburagi,2018-02-02,15468.583842792,MODIS/061/MOD11A2,GAUL_L2_polygon_mean (Gulbarga),16278,2018_02_02,"{""type"":""MultiPoint"",""coordinates"":[]}"
31,Kalaburagi,2018-02-10,15513.4691951942,MODIS/061/MOD11A2,GAUL_L2_polygon_mean (Gulbarga),16278,2018_02_10,"{""type"":""MultiPoint"",""coordinates"":[]}"
31,Kalaburagi,2018-02-18,15595.33365067604,MODIS/061/MOD11A2,GAUL_L2_polygon_mean (Gulbarga),16278,2018_02_18,"{""type"":""MultiPoint"",""coordinates"":[]}"
31,Kalaburagi,2018-02-26,15777.614670242223,MODIS/061/MOD11A2,GAUL_L2_polygon_mean (Gulbarga),16278,2018_02_26,"{""type"":""MultiPoint"",""coordinates"":[]}"
31,Kalaburagi,2018-03-06,15678.703157543769,MODIS/061/MOD11A2,GAUL_L2_polygon_mean (Gulbarga),16278,2018_03_06,"{""type"":""MultiPoint"",""coordinates"":[]}"
31,Kalaburagi,2018-03-14,15887.276866006394,MODIS/061/MOD11A2,GAUL_L2_polygon_mean (Gulbarga),16278,2018_03_14,"{""type"":""MultiPoint"",""coordinates"":[]}"
31,Kalaburagi,2018-03-22,15929.239961427442,MODIS/061/MOD11A2,GAUL_L2_polygon_mean (Gulbarga),16278,2018_03_22,"{""type"":""MultiPoint"",""coordinates"":[]}"
31,Kalaburagi,2018-03-30,15913.26453203918,MODIS/061/MOD11A2,GAUL_L2_polygon_mean (Gulbarga),16278,2018_03_30,"{""type"":""MultiPoint"",""coordinates"":[]}"
31,Kalaburagi,2018-04-07,15740.632684097687,MODIS/061/MOD11A2,GAUL_L2_polygon_mean (Gulbarga),16278,2018_04_07,"{""type"":""MultiPoint"",""coordinates"":[]}"
31,Kalaburagi,2018-04-15,15905.740762628084,MODIS/061/MOD11A2,GAUL_L2_polygon_mean (Gulbarga),16277,2018_04_15,"{""type"":""MultiPoint"",""coordinates"":[]}"
31,Kalaburagi,2018-04-23,16035.856776864568,MODIS/061/MOD11A2,GAUL_L2_polygon_mean (Gulbarga),16278,2018_04_23,"{""type"":""MultiPoint"",""coordinates"":[]}"
31,Kalaburagi,2018-05-01,16010.933358515173,MODIS/061/MOD11A2,GAUL_L2_polygon_mean (Gulbarga),16278,2018_05_01,"{""type"":""MultiPoint"",""coordinates"":[]}"
31,Kalaburagi,2018-05-09,15822.928207879395,MODIS/061/MOD11A2,GAUL_L2_polygon_mean (Gulbarga),16278,2018_05_09,"{""type"":""MultiPoint"",""coordinates"":[]}"
31,Kalaburagi,2018-05-17,15840.68015108146,MODIS/061/MOD11A2,GAUL_L2_polygon_mean (Gulbarga),16278,2018_05_17,"{""type"":""MultiPoint"",""coordinates"":[]}"
31,Kalaburagi,2018-05-25,15753.44799078345,MODIS/061/MOD11A2,GAUL_L2_polygon_mean (Gulbarga),16263,2018_05_25,"{""type"":""MultiPoint"",""coordinates"":[]}"
31,Kalaburagi,2018-06-02,15568.428612775637,MODIS/061/MOD11A2,GAUL_L2_polygon_mean (Gulbarga),10297,2018_06_02,"{""type"":""MultiPoint"",""coordinates"":[]}"
31,Kalaburagi,2018-06-10,15506.345675213362,MODIS/061/MOD11A2,GAUL_L2_polygon_mean (Gulbarga),15980,2018_06_10,"{""type"":""MultiPoint"",""coordinates"":[]}"
31,Kalaburagi,2018-06-18,15834.329011911586,MODIS/061/MOD11A2,GAUL_L2_polygon_mean (Gulbarga),2738,2018_06_18,"{""type"":""MultiPoint"",""coordinates"":[]}"
31,Kalaburagi,2018-06-26,15471.257393418799,MODIS/061/MOD11A2,GAUL_L2_polygon_mean (Gulbarga),5738,2018_06_26,"{""type"":""MultiPoint"",""coordinates"":[]}"
31,Kalaburagi,2018-07-04,14921.648958137786,MODIS/061/MOD11A2,GAUL_L2_polygon_mean (Gulbarga),20,2018_07_04,"{""type"":""MultiPoint"",""coordinates"":[]}"
31,Kalaburagi,2018-07-12,15039.555341524365,MODIS/061/MOD11A2,GAUL_L2_polygon_mean (Gulbarga),75,2018_07_12,"{""type"":""MultiPoint"",""coordinates"":[]}"
31,Kalaburagi,2018-07-20,15410.744489439609,MODIS/061/MOD11A2,GAUL_L2_polygon_mean (Gulbarga),646,2018_07_20,"{""type"":""MultiPoint"",""coordinates"":[]}"
31,Kalaburagi,2018-07-28,15249.42929492713,MODIS/061/MOD11A2,GAUL_L2_polygon_mean (Gulbarga),654,2018_07_28,"{""type"":""MultiPoint"",""coordinates"":[]}"
31,Kalaburagi,2018-08-05,15270.275382915703,MODIS/061/MOD11A2,GAUL_L2_polygon_mean (Gulbarga),1512,2018_08_05,"{""type"":""MultiPoint"",""coordinates"":[]}"
31,Kalaburagi,2018-08-13,15242.942874999999,MODIS/061/MOD11A2,GAUL_L2_polygon_mean (Gulbarga),533,2018_08_13,"{""type"":""MultiPoint"",""coordinates"":[]}"
31,Kalaburagi,2018-08-21,15207.696753478422,MODIS/061/MOD11A2,GAUL_L2_polygon_mean (Gulbarga),384,2018_08_21,"{""type"":""MultiPoint"",""coordinates"":[]}"
31,Kalaburagi,2018-08-29,15268.366408775006,MODIS/061/MOD11A2,GAUL_L2_polygon_mean (Gulbarga),9314,2018_08_29,"{""type"":""MultiPoint"",""coordinates"":[]}"
31,Kalaburagi,2018-09-06,15503.185425612677,MODIS/061/MOD11A2,GAUL_L2_polygon_mean (Gulbarga),16216,2018_09_06,"{""type"":""MultiPoint"",""coordinates"":[]}"
31,Kalaburagi,2018-09-14,15504.40914910029,MODIS/061/MOD11A2,GAUL_L2_polygon_mean (Gulbarga),16262,2018_09_14,"{""type"":""MultiPoint"",""coordinates"":[]}"
31,Kalaburagi,2018-09-22,15337.15492703255,MODIS/061/MOD11A2,GAUL_L2_polygon_mean (Gulbarga),15756,2018_09_22,"{""type"":""MultiPoint"",""coordinates"":[]}"
31,Kalaburagi,2018-09-30,15434.432228704505,MODIS/061/MOD11A2,GAUL_L2_polygon_mean (Gulbarga),16278,2018_09_30,"{""type"":""MultiPoint"",""coordinates"":[]}"
31,Kalaburagi,2018-10-08,15510.703259925373,MODIS/061/MOD11A2,GAUL_L2_polygon_mean (Gulbarga),16278,2018_10_08,"{""type"":""MultiPoint"",""coordinates"":[]}"
31,Kalaburagi,2018-10-16,15434.950018765954,MODIS/061/MOD11A2,GAUL_L2_polygon_mean (Gulbarga),16278,2018_10_16,"{""type"":""MultiPoint"",""coordinates"":[]}"
31,Kalaburagi,2018-10-24,15476.333844839663,MODIS/061/MOD11A2,GAUL_L2_polygon_mean (Gulbarga),16278,2018_10_24,"{""type"":""MultiPoint"",""coordinates"":[]}"
31,Kalaburagi,2018-11-01,15465.917625961834,MODIS/061/MOD11A2,GAUL_L2_polygon_mean (Gulbarga),16278,2018_11_01,"{""type"":""MultiPoint"",""coordinates"":[]}"
31,Kalaburagi,2018-11-09,15564.204966445322,MODIS/061/MOD11A2,GAUL_L2_polygon_mean (Gulbarga),16278,2018_11_09,"{""type"":""MultiPoint"",""coordinates"":[]}"
31,Kalaburagi,2018-11-17,15408.082580246666,MODIS/061/MOD11A2,GAUL_L2_polygon_mean (Gulbarga),16278,2018_11_17,"{""type"":""MultiPoint"",""coordinates"":[]}"
31,Kalaburagi,2018-11-25,15394.410012627877,MODIS/061/MOD11A2,GAUL_L2_polygon_mean (Gulbarga),16278,2018_11_25,"{""type"":""MultiPoint"",""coordinates"":[]}"
31,Kalaburagi,2018-12-03,15301.03401910514,MODIS/061/MOD11A2,GAUL_L2_polygon_mean (Gulbarga),16278,2018_12_03,"{""type"":""MultiPoint"",""coordinates"":[]}"
31,Kalaburagi,2018-12-11,15308.42347471946,MODIS/061/MOD11A2,GAUL_L2_polygon_mean (Gulbarga),16278,2018_12_11,"{""type"":""MultiPoint"",""coordinates"":[]}"
31,Kalaburagi,2018-12-19,15335.996958183496,MODIS/061/MOD11A2,GAUL_L2_polygon_mean (Gulbarga),16278,2018_12_19,"{""type"":""MultiPoint"",""coordinates"":[]}"
31,Kalaburagi,2018-12-27,15337.043887724274,MODIS/061/MOD11A2,GAUL_L2_polygon_mean (Gulbarga),16278,2018_12_27,"{""type"":""MultiPoint"",""coordinates"":[]}"
31,Kalaburagi,2019-01-01,15416.901436425384,MODIS/061/MOD11A2,GAUL_L2_polygon_mean (Gulbarga),16278,2019_01_01,"{""type"":""MultiPoint"",""coordinates"":[]}"
31,Kalaburagi,2019-01-09,15394.171157643998,MODIS/061/MOD11A2,GAUL_L2_polygon_mean (Gulbarga),16278,2019_01_09,"{""type"":""MultiPoint"",""coordinates"":[]}"
31,Kalaburagi,2019-01-17,15469.323313751596,MODIS/061/MOD11A2,GAUL_L2_polygon_mean (Gulbarga),16278,2019_01_17,"{""type"":""MultiPoint"",""coordinates"":[]}"
31,Kalaburagi,2019-01-25,15411.195197316983,MODIS/061/MOD11A2,GAUL_L2_polygon_mean (Gulbarga),16278,2019_01_25,"{""type"":""MultiPoint"",""coordinates"":[]}"
31,Kalaburagi,2019-02-02,15504.800842805022,MODIS/061/MOD11A2,GAUL_L2_polygon_mean (Gulbarga),16278,2019_02_02,"{""type"":""MultiPoint"",""coordinates"":[]}"
31,Kalaburagi,2019-02-10,15635.845889247707,MODIS/061/MOD11A2,GAUL_L2_polygon_mean (Gulbarga),16278,2019_02_10,"{""type"":""MultiPoint"",""coordinates"":[]}"
31,Kalaburagi,2019-02-18,15797.642818186241,MODIS/061/MOD11A2,GAUL_L2_polygon_mean (Gulbarga),16278,2019_02_18,"{""type"":""MultiPoint"",""coordinates"":[]}"
31,Kalaburagi,2019-02-26,15825.565668498619,MODIS/061/MOD11A2,GAUL_L2_polygon_mean (Gulbarga),16278,2019_02_26,"{""type"":""MultiPoint"",""coordinates"":[]}"
31,Kalaburagi,2019-03-06,15939.10115370773,MODIS/061/MOD11A2,GAUL_L2_polygon_mean (Gulbarga),16278,2019_03_06,"{""type"":""MultiPoint"",""coordinates"":[]}"
31,Kalaburagi,2019-03-14,16009.833324018588,MODIS/061/MOD11A2,GAUL_L2_polygon_mean (Gulbarga),16278,2019_03_14,"{""type"":""MultiPoint"",""coordinates"":[]}"
31,Kalaburagi,2019-03-22,15999.722472006499,MODIS/061/MOD11A2,GAUL_L2_polygon_mean (Gulbarga),16278,2019_03_22,"{""type"":""MultiPoint"",""coordinates"":[]}"
31,Kalaburagi,2019-03-30,16074.637354142411,MODIS/061/MOD11A2,GAUL_L2_polygon_mean (Gulbarga),16278,2019_03_30,"{""type"":""MultiPoint"",""coordinates"":[]}"
31,Kalaburagi,2019-04-07,16118.186529332454,MODIS/061/MOD11A2,GAUL_L2_polygon_mean (Gulbarga),16278,2019_04_07,"{""type"":""MultiPoint"",""coordinates"":[]}"
31,Kalaburagi,2019-04-15,16188.224924827844,MODIS/061/MOD11A2,GAUL_L2_polygon_mean (Gulbarga),16278,2019_04_15,"{""type"":""MultiPoint"",""coordinates"":[]}"
31,Kalaburagi,2019-04-23,16144.076064056739,MODIS/061/MOD11A2,GAUL_L2_polygon_mean (Gulbarga),16277,2019_04_23,"{""type"":""MultiPoint"",""coordinates"":[]}"
31,Kalaburagi,2019-05-01,16022.274968695332,MODIS/061/MOD11A2,GAUL_L2_polygon_mean (Gulbarga),16278,2019_05_01,"{""type"":""MultiPoint"",""coordinates"":[]}"
31,Kalaburagi,2019-05-09,16097.859087315333,MODIS/061/MOD11A2,GAUL_L2_polygon_mean (Gulbarga),16278,2019_05_09,"{""type"":""MultiPoint"",""coordinates"":[]}"
31,Kalaburagi,2019-05-17,16155.096257219115,MODIS/061/MOD11A2,GAUL_L2_polygon_mean (Gulbarga),16278,2019_05_17,"{""type"":""MultiPoint"",""coordinates"":[]}"
31,Kalaburagi,2019-05-25,16012.725211204879,MODIS/061/MOD11A2,GAUL_L2_polygon_mean (Gulbarga),16261,2019_05_25,"{""type"":""MultiPoint"",""coordinates"":[]}"
31,Kalaburagi,2019-06-02,15792.52768667615,MODIS/061/MOD11A2,GAUL_L2_polygon_mean (Gulbarga),16269,2019_06_02,"{""type"":""MultiPoint"",""coordinates"":[]}"
31,Kalaburagi,2019-06-10,15772.273137760185,MODIS/061/MOD11A2,GAUL_L2_polygon_mean (Gulbarga),15539,2019_06_10,"{""type"":""MultiPoint"",""coordinates"":[]}"
31,Kalaburagi,2019-06-18,15805.177270421551,MODIS/061/MOD11A2,GAUL_L2_polygon_mean (Gulbarga),15879,2019_06_18,"{""type"":""MultiPoint"",""coordinates"":[]}"
31,Kalaburagi,2019-06-26,15615.619173653711,MODIS/061/MOD11A2,GAUL_L2_polygon_mean (Gulbarga),8324,2019_06_26,"{""type"":""MultiPoint"",""coordinates"":[]}"
31,Kalaburagi,2019-07-04,15441.622963620232,MODIS/061/MOD11A2,GAUL_L2_polygon_mean (Gulbarga),994,2019_07_04,"{""type"":""MultiPoint"",""coordinates"":[]}"
31,Kalaburagi,2019-07-12,15577.07433745595,MODIS/061/MOD11A2,GAUL_L2_polygon_mean (Gulbarga),11848,2019_07_12,"{""type"":""MultiPoint"",""coordinates"":[]}"
31,Kalaburagi,2019-07-20,15686.253370003262,MODIS/061/MOD11A2,GAUL_L2_polygon_mean (Gulbarga),925,2019_07_20,"{""type"":""MultiPoint"",""coordinates"":[]}"
31,Kalaburagi,2019-07-28,15057.295532359078,MODIS/061/MOD11A2,GAUL_L2_polygon_mean (Gulbarga),46,2019_07_28,"{""type"":""MultiPoint"",""coordinates"":[]}"
31,Kalaburagi,2019-08-05,15184.521928210292,MODIS/061/MOD11A2,GAUL_L2_polygon_mean (Gulbarga),1619,2019_08_05,"{""type"":""MultiPoint"",""coordinates"":[]}"
31,Kalaburagi,2019-08-13,15451.95345100981,MODIS/061/MOD11A2,GAUL_L2_polygon_mean (Gulbarga),7508,2019_08_13,"{""type"":""MultiPoint"",""coordinates"":[]}"
31,Kalaburagi,2019-08-21,15358.005057971975,MODIS/061/MOD11A2,GAUL_L2_polygon_mean (Gulbarga),12697,2019_08_21,"{""type"":""MultiPoint"",""coordinates"":[]}"
31,Kalaburagi,2019-08-29,15365.488572357941,MODIS/061/MOD11A2,GAUL_L2_polygon_mean (Gulbarga),687,2019_08_29,"{""type"":""MultiPoint"",""coordinates"":[]}"
31,Kalaburagi,2019-09-06,15340.362280268606,MODIS/061/MOD11A2,GAUL_L2_polygon_mean (Gulbarga),7766,2019_09_06,"{""type"":""MultiPoint"",""coordinates"":[]}"
31,Kalaburagi,2019-09-14,15118.769403655984,MODIS/061/MOD11A2,GAUL_L2_polygon_mean (Gulbarga),7145,2019_09_14,"{""type"":""MultiPoint"",""coordinates"":[]}"
31,Kalaburagi,2019-09-22,15241.44020912611,MODIS/061/MOD11A2,GAUL_L2_polygon_mean (Gulbarga),14172,2019_09_22,"{""type"":""MultiPoint"",""coordinates"":[]}"
31,Kalaburagi,2019-09-30,15277.528620985302,MODIS/061/MOD11A2,GAUL_L2_polygon_mean (Gulbarga),15346,2019_09_30,"{""type"":""MultiPoint"",""coordinates"":[]}"
31,Kalaburagi,2019-10-08,15186.20352188147,MODIS/061/MOD11A2,GAUL_L2_polygon_mean (Gulbarga),15104,2019_10_08,"{""type"":""MultiPoint"",""coordinates"":[]}"
31,Kalaburagi,2019-10-16,15199.046484795648,MODIS/061/MOD11A2,GAUL_L2_polygon_mean (Gulbarga),764,2019_10_16,"{""type"":""MultiPoint"",""coordinates"":[]}"
31,Kalaburagi,2019-10-24,15126.868736557533,MODIS/061/MOD11A2,GAUL_L2_polygon_mean (Gulbarga),12515,2019_10_24,"{""type"":""MultiPoint"",""coordinates"":[]}"
31,Kalaburagi,2019-11-01,15192.043466153154,MODIS/061/MOD11A2,GAUL_L2_polygon_mean (Gulbarga),16278,2019_11_01,"{""type"":""MultiPoint"",""coordinates"":[]}"
31,Kalaburagi,2019-11-09,15229.53902929753,MODIS/061/MOD11A2,GAUL_L2_polygon_mean (Gulbarga),16278,2019_11_09,"{""type"":""MultiPoint"",""coordinates"":[]}"
31,Kalaburagi,2019-11-17,15230.045306612285,MODIS/061/MOD11A2,GAUL_L2_polygon_mean (Gulbarga),16278,2019_11_17,"{""type"":""MultiPoint"",""coordinates"":[]}"
31,Kalaburagi,2019-11-25,15216.514053977495,MODIS/061/MOD11A2,GAUL_L2_polygon_mean (Gulbarga),16278,2019_11_25,"{""type"":""MultiPoint"",""coordinates"":[]}"
31,Kalaburagi,2019-12-03,15178.962317080284,MODIS/061/MOD11A2,GAUL_L2_polygon_mean (Gulbarga),16278,2019_12_03,"{""type"":""MultiPoint"",""coordinates"":[]}"
31,Kalaburagi,2019-12-11,15233.10439546938,MODIS/061/MOD11A2,GAUL_L2_polygon_mean (Gulbarga),16278,2019_12_11,"{""type"":""MultiPoint"",""coordinates"":[]}"
31,Kalaburagi,2019-12-19,15208.663816283644,MODIS/061/MOD11A2,GAUL_L2_polygon_mean (Gulbarga),16278,2019_12_19,"{""type"":""MultiPoint"",""coordinates"":[]}"
31,Kalaburagi,2019-12-27,15163.185822678968,MODIS/061/MOD11A2,GAUL_L2_polygon_mean (Gulbarga),12737,2019_12_27,"{""type"":""MultiPoint"",""coordinates"":[]}"
31,Kalaburagi,2020-01-01,15201.833435313394,MODIS/061/MOD11A2,GAUL_L2_polygon_mean (Gulbarga),16278,2020_01_01,"{""type"":""MultiPoint"",""coordinates"":[]}"
31,Kalaburagi,2020-01-09,15297.496358588927,MODIS/061/MOD11A2,GAUL_L2_polygon_mean (Gulbarga),16278,2020_01_09,"{""type"":""MultiPoint"",""coordinates"":[]}"
31,Kalaburagi,2020-01-17,15404.700503813641,MODIS/061/MOD11A2,GAUL_L2_polygon_mean (Gulbarga),16278,2020_01_17,"{""type"":""MultiPoint"",""coordinates"":[]}"
31,Kalaburagi,2020-01-25,15412.938173339451,MODIS/061/MOD11A2,GAUL_L2_polygon_mean (Gulbarga),16278,2020_01_25,"{""type"":""MultiPoint"",""coordinates"":[]}"
31,Kalaburagi,2020-02-02,15419.200026595123,MODIS/061/MOD11A2,GAUL_L2_polygon_mean (Gulbarga),16278,2020_02_02,"{""type"":""MultiPoint"",""coordinates"":[]}"
31,Kalaburagi,2020-02-10,15549.024620959359,MODIS/061/MOD11A2,GAUL_L2_polygon_mean (Gulbarga),16278,2020_02_10,"{""type"":""MultiPoint"",""coordinates"":[]}"
31,Kalaburagi,2020-02-18,15607.384269807468,MODIS/061/MOD11A2,GAUL_L2_polygon_mean (Gulbarga),16278,2020_02_18,"{""type"":""MultiPoint"",""coordinates"":[]}"
31,Kalaburagi,2020-02-26,15535.813074149793,MODIS/061/MOD11A2,GAUL_L2_polygon_mean (Gulbarga),16278,2020_02_26,"{""type"":""MultiPoint"",""coordinates"":[]}"
31,Kalaburagi,2020-03-05,15729.168291201131,MODIS/061/MOD11A2,GAUL_L2_polygon_mean (Gulbarga),16278,2020_03_05,"{""type"":""MultiPoint"",""coordinates"":[]}"
31,Kalaburagi,2020-03-13,15749.615863168121,MODIS/061/MOD11A2,GAUL_L2_polygon_mean (Gulbarga),16278,2020_03_13,"{""type"":""MultiPoint"",""coordinates"":[]}"
31,Kalaburagi,2020-03-21,15940.330615604693,MODIS/061/MOD11A2,GAUL_L2_polygon_mean (Gulbarga),16278,2020_03_21,"{""type"":""MultiPoint"",""coordinates"":[]}"
31,Kalaburagi,2020-03-29,15905.417968759426,MODIS/061/MOD11A2,GAUL_L2_polygon_mean (Gulbarga),16278,2020_03_29,"{""type"":""MultiPoint"",""coordinates"":[]}"
31,Kalaburagi,2020-04-06,15960.094722218348,MODIS/061/MOD11A2,GAUL_L2_polygon_mean (Gulbarga),16278,2020_04_06,"{""type"":""MultiPoint"",""coordinates"":[]}"
31,Kalaburagi,2020-04-14,15894.105554428685,MODIS/061/MOD11A2,GAUL_L2_polygon_mean (Gulbarga),16278,2020_04_14,"{""type"":""MultiPoint"",""coordinates"":[]}"
31,Kalaburagi,2020-04-22,16067.054217421819,MODIS/061/MOD11A2,GAUL_L2_polygon_mean (Gulbarga),16278,2020_04_22,"{""type"":""MultiPoint"",""coordinates"":[]}"
31,Kalaburagi,2020-04-30,15978.196522977554,MODIS/061/MOD11A2,GAUL_L2_polygon_mean (Gulbarga),16278,2020_04_30,"{""type"":""MultiPoint"",""coordinates"":[]}"
31,Kalaburagi,2020-05-08,15955.399897329356,MODIS/061/MOD11A2,GAUL_L2_polygon_mean (Gulbarga),16278,2020_05_08,"{""type"":""MultiPoint"",""coordinates"":[]}"
31,Kalaburagi,2020-05-16,15864.142048758693,MODIS/061/MOD11A2,GAUL_L2_polygon_mean (Gulbarga),16278,2020_05_16,"{""type"":""MultiPoint"",""coordinates"":[]}"
31,Kalaburagi,2020-05-24,16063.332494366608,MODIS/061/MOD11A2,GAUL_L2_polygon_mean (Gulbarga),16278,2020_05_24,"{""type"":""MultiPoint"",""coordinates"":[]}"
31,Kalaburagi,2020-06-01,15601.763223530397,MODIS/061/MOD11A2,GAUL_L2_polygon_mean (Gulbarga),13839,2020_06_01,"{""type"":""MultiPoint"",""coordinates"":[]}"
31,Kalaburagi,2020-06-09,15930.690825291185,MODIS/061/MOD11A2,GAUL_L2_polygon_mean (Gulbarga),14150,2020_06_09,"{""type"":""MultiPoint"",""coordinates"":[]}"
31,Kalaburagi,2020-06-17,15594.845428561588,MODIS/061/MOD11A2,GAUL_L2_polygon_mean (Gulbarga),7971,2020_06_17,"{""type"":""MultiPoint"",""coordinates"":[]}"
31,Kalaburagi,2020-06-25,15523.163812594199,MODIS/061/MOD11A2,GAUL_L2_polygon_mean (Gulbarga),13426,2020_06_25,"{""type"":""MultiPoint"",""coordinates"":[]}"
31,Kalaburagi,2020-07-03,15166.375476735315,MODIS/061/MOD11A2,GAUL_L2_polygon_mean (Gulbarga),61,2020_07_03,"{""type"":""MultiPoint"",""coordinates"":[]}"
31,Kalaburagi,2020-07-11,15119.156718474564,MODIS/061/MOD11A2,GAUL_L2_polygon_mean (Gulbarga),1508,2020_07_11,"{""type"":""MultiPoint"",""coordinates"":[]}"
31,Kalaburagi,2020-07-19,14980.348725486676,MODIS/061/MOD11A2,GAUL_L2_polygon_mean (Gulbarga),109,2020_07_19,"{""type"":""MultiPoint"",""coordinates"":[]}"
31,Kalaburagi,2020-07-27,15177.762921729125,MODIS/061/MOD11A2,GAUL_L2_polygon_mean (Gulbarga),844,2020_07_27,"{""type"":""MultiPoint"",""coordinates"":[]}"
31,Kalaburagi,2020-08-04,15097.201241086494,MODIS/061/MOD11A2,GAUL_L2_polygon_mean (Gulbarga),504,2020_08_04,"{""type"":""MultiPoint"",""coordinates"":[]}"
31,Kalaburagi,2020-08-20,15237.812136419383,MODIS/061/MOD11A2,GAUL_L2_polygon_mean (Gulbarga),3171,2020_08_20,"{""type"":""MultiPoint"",""coordinates"":[]}"
31,Kalaburagi,2020-08-28,15284.187561549656,MODIS/061/MOD11A2,GAUL_L2_polygon_mean (Gulbarga),14909,2020_08_28,"{""type"":""MultiPoint"",""coordinates"":[]}"
31,Kalaburagi,2020-09-05,15366.407028959009,MODIS/061/MOD11A2,GAUL_L2_polygon_mean (Gulbarga),14362,2020_09_05,"{""type"":""MultiPoint"",""coordinates"":[]}"
31,Kalaburagi,2020-09-13,14864.984126984127,MODIS/061/MOD11A2,GAUL_L2_polygon_mean (Gulbarga),63,2020_09_13,"{""type"":""MultiPoint"",""coordinates"":[]}"
31,Kalaburagi,2020-09-21,14948.255014766513,MODIS/061/MOD11A2,GAUL_L2_polygon_mean (Gulbarga),1609,2020_09_21,"{""type"":""MultiPoint"",""coordinates"":[]}"
31,Kalaburagi,2020-09-29,15245.935728405533,MODIS/061/MOD11A2,GAUL_L2_polygon_mean (Gulbarga),16033,2020_09_29,"{""type"":""MultiPoint"",""coordinates"":[]}"
31,Kalaburagi,2020-10-07,15303.48514359333,MODIS/061/MOD11A2,GAUL_L2_polygon_mean (Gulbarga),13545,2020_10_07,"{""type"":""MultiPoint"",""coordinates"":[]}"
31,Kalaburagi,2020-10-15,15171.099863939586,MODIS/061/MOD11A2,GAUL_L2_polygon_mean (Gulbarga),16249,2020_10_15,"{""type"":""MultiPoint"",""coordinates"":[]}"
31,Kalaburagi,2020-10-23,15241.486393128802,MODIS/061/MOD11A2,GAUL_L2_polygon_mean (Gulbarga),16278,2020_10_23,"{""type"":""MultiPoint"",""coordinates"":[]}"
31,Kalaburagi,2020-10-31,15284.553996277653,MODIS/061/MOD11A2,GAUL_L2_polygon_mean (Gulbarga),16278,2020_10_31,"{""type"":""MultiPoint"",""coordinates"":[]}"
31,Kalaburagi,2020-11-08,15280.3381270389,MODIS/061/MOD11A2,GAUL_L2_polygon_mean (Gulbarga),16278,2020_11_08,"{""type"":""MultiPoint"",""coordinates"":[]}"
31,Kalaburagi,2020-11-16,15236.207417649688,MODIS/061/MOD11A2,GAUL_L2_polygon_mean (Gulbarga),16253,2020_11_16,"{""type"":""MultiPoint"",""coordinates"":[]}"
31,Kalaburagi,2020-11-24,15221.68473778532,MODIS/061/MOD11A2,GAUL_L2_polygon_mean (Gulbarga),16273,2020_11_24,"{""type"":""MultiPoint"",""coordinates"":[]}"
31,Kalaburagi,2020-12-02,15267.174626090471,MODIS/061/MOD11A2,GAUL_L2_polygon_mean (Gulbarga),16278,2020_12_02,"{""type"":""MultiPoint"",""coordinates"":[]}"
31,Kalaburagi,2020-12-10,15259.032696094439,MODIS/061/MOD11A2,GAUL_L2_polygon_mean (Gulbarga),16278,2020_12_10,"{""type"":""MultiPoint"",""coordinates"":[]}"
31,Kalaburagi,2020-12-18,15257.512972105482,MODIS/061/MOD11A2,GAUL_L2_polygon_mean (Gulbarga),16278,2020_12_18,"{""type"":""MultiPoint"",""coordinates"":[]}"
31,Kalaburagi,2020-12-26,15220.946247029131,MODIS/061/MOD11A2,GAUL_L2_polygon_mean (Gulbarga),16278,2020_12_26,"{""type"":""MultiPoint"",""coordinates"":[]}"
31,Kalaburagi,2021-01-01,15207.06702692131,MODIS/061/MOD11A2,GAUL_L2_polygon_mean (Gulbarga),16278,2021_01_01,"{""type"":""MultiPoint"",""coordinates"":[]}"
31,Kalaburagi,2021-01-09,15321.470635281232,MODIS/061/MOD11A2,GAUL_L2_polygon_mean (Gulbarga),16278,2021_01_09,"{""type"":""MultiPoint"",""coordinates"":[]}"
31,Kalaburagi,2021-01-17,15382.123417723054,MODIS/061/MOD11A2,GAUL_L2_polygon_mean (Gulbarga),16278,2021_01_17,"{""type"":""MultiPoint"",""coordinates"":[]}"
31,Kalaburagi,2021-01-25,15337.861070145122,MODIS/061/MOD11A2,GAUL_L2_polygon_mean (Gulbarga),16278,2021_01_25,"{""type"":""MultiPoint"",""coordinates"":[]}"
31,Kalaburagi,2021-02-02,15446.123259212287,MODIS/061/MOD11A2,GAUL_L2_polygon_mean (Gulbarga),16278,2021_02_02,"{""type"":""MultiPoint"",""coordinates"":[]}"
31,Kalaburagi,2021-02-10,15468.569671979109,MODIS/061/MOD11A2,GAUL_L2_polygon_mean (Gulbarga),16278,2021_02_10,"{""type"":""MultiPoint"",""coordinates"":[]}"
31,Kalaburagi,2021-02-18,15539.581944758274,MODIS/061/MOD11A2,GAUL_L2_polygon_mean (Gulbarga),16278,2021_02_18,"{""type"":""MultiPoint"",""coordinates"":[]}"
31,Kalaburagi,2021-02-26,15716.549172540157,MODIS/061/MOD11A2,GAUL_L2_polygon_mean (Gulbarga),16278,2021_02_26,"{""type"":""MultiPoint"",""coordinates"":[]}"
31,Kalaburagi,2021-03-06,15779.603657599426,MODIS/061/MOD11A2,GAUL_L2_polygon_mean (Gulbarga),16278,2021_03_06,"{""type"":""MultiPoint"",""coordinates"":[]}"
31,Kalaburagi,2021-03-14,15696.68174895655,MODIS/061/MOD11A2,GAUL_L2_polygon_mean (Gulbarga),16278,2021_03_14,"{""type"":""MultiPoint"",""coordinates"":[]}"
31,Kalaburagi,2021-03-22,15825.766649771707,MODIS/061/MOD11A2,GAUL_L2_polygon_mean (Gulbarga),16278,2021_03_22,"{""type"":""MultiPoint"",""coordinates"":[]}"
31,Kalaburagi,2021-03-30,15881.035055688337,MODIS/061/MOD11A2,GAUL_L2_polygon_mean (Gulbarga),16278,2021_03_30,"{""type"":""MultiPoint"",""coordinates"":[]}"
31,Kalaburagi,2021-04-07,15833.413190880103,MODIS/061/MOD11A2,GAUL_L2_polygon_mean (Gulbarga),16277,2021_04_07,"{""type"":""MultiPoint"",""coordinates"":[]}"
31,Kalaburagi,2021-04-15,15832.974841838557,MODIS/061/MOD11A2,GAUL_L2_polygon_mean (Gulbarga),16278,2021_04_15,"{""type"":""MultiPoint"",""coordinates"":[]}"
31,Kalaburagi,2021-04-23,15890.437005948741,MODIS/061/MOD11A2,GAUL_L2_polygon_mean (Gulbarga),16278,2021_04_23,"{""type"":""MultiPoint"",""coordinates"":[]}"
31,Kalaburagi,2021-05-01,15790.875785387037,MODIS/061/MOD11A2,GAUL_L2_polygon_mean (Gulbarga),16278,2021_05_01,"{""type"":""MultiPoint"",""coordinates"":[]}"
31,Kalaburagi,2021-05-09,15830.30167994943,MODIS/061/MOD11A2,GAUL_L2_polygon_mean (Gulbarga),16239,2021_05_09,"{""type"":""MultiPoint"",""coordinates"":[]}"
31,Kalaburagi,2021-05-17,15696.514835151424,MODIS/061/MOD11A2,GAUL_L2_polygon_mean (Gulbarga),15888,2021_05_17,"{""type"":""MultiPoint"",""coordinates"":[]}"
31,Kalaburagi,2021-05-25,15710.79514758049,MODIS/061/MOD11A2,GAUL_L2_polygon_mean (Gulbarga),16278,2021_05_25,"{""type"":""MultiPoint"",""coordinates"":[]}"
31,Kalaburagi,2021-06-02,15469.795857677373,MODIS/061/MOD11A2,GAUL_L2_polygon_mean (Gulbarga),15828,2021_06_02,"{""type"":""MultiPoint"",""coordinates"":[]}"
31,Kalaburagi,2021-06-10,15510.698906713316,MODIS/061/MOD11A2,GAUL_L2_polygon_mean (Gulbarga),1432,2021_06_10,"{""type"":""MultiPoint"",""coordinates"":[]}"
31,Kalaburagi,2021-06-18,15518.609132541458,MODIS/061/MOD11A2,GAUL_L2_polygon_mean (Gulbarga),14194,2021_06_18,"{""type"":""MultiPoint"",""coordinates"":[]}"
31,Kalaburagi,2021-06-26,15625.845938965189,MODIS/061/MOD11A2,GAUL_L2_polygon_mean (Gulbarga),16034,2021_06_26,"{""type"":""MultiPoint"",""coordinates"":[]}"
31,Kalaburagi,2021-07-04,15513.935557660176,MODIS/061/MOD11A2,GAUL_L2_polygon_mean (Gulbarga),8604,2021_07_04,"{""type"":""MultiPoint"",""coordinates"":[]}"
31,Kalaburagi,2021-07-12,15153.562144577618,MODIS/061/MOD11A2,GAUL_L2_polygon_mean (Gulbarga),3143,2021_07_12,"{""type"":""MultiPoint"",""coordinates"":[]}"
31,Kalaburagi,2021-07-20,15229.893766509425,MODIS/061/MOD11A2,GAUL_L2_polygon_mean (Gulbarga),2312,2021_07_20,"{""type"":""MultiPoint"",""coordinates"":[]}"
31,Kalaburagi,2021-07-28,15140.023771053186,MODIS/061/MOD11A2,GAUL_L2_polygon_mean (Gulbarga),1626,2021_07_28,"{""type"":""MultiPoint"",""coordinates"":[]}"
31,Kalaburagi,2021-08-05,15362.887138499133,MODIS/061/MOD11A2,GAUL_L2_polygon_mean (Gulbarga),4364,2021_08_05,"{""type"":""MultiPoint"",""coordinates"":[]}"
31,Kalaburagi,2021-08-13,15446.423779990948,MODIS/061/MOD11A2,GAUL_L2_polygon_mean (Gulbarga),2550,2021_08_13,"{""type"":""MultiPoint"",""coordinates"":[]}"
31,Kalaburagi,2021-08-21,15232.399302118101,MODIS/061/MOD11A2,GAUL_L2_polygon_mean (Gulbarga),9859,2021_08_21,"{""type"":""MultiPoint"",""coordinates"":[]}"
31,Kalaburagi,2021-08-29,15135.077912739584,MODIS/061/MOD11A2,GAUL_L2_polygon_mean (Gulbarga),1014,2021_08_29,"{""type"":""MultiPoint"",""coordinates"":[]}"
31,Kalaburagi,2021-09-06,15001.879501306243,MODIS/061/MOD11A2,GAUL_L2_polygon_mean (Gulbarga),2550,2021_09_06,"{""type"":""MultiPoint"",""coordinates"":[]}"
31,Kalaburagi,2021-09-14,15217.813534141445,MODIS/061/MOD11A2,GAUL_L2_polygon_mean (Gulbarga),13971,2021_09_14,"{""type"":""MultiPoint"",""coordinates"":[]}"
31,Kalaburagi,2021-09-22,15043.283266494376,MODIS/061/MOD11A2,GAUL_L2_polygon_mean (Gulbarga),2640,2021_09_22,"{""type"":""MultiPoint"",""coordinates"":[]}"
31,Kalaburagi,2021-09-30,15171.586638222454,MODIS/061/MOD11A2,GAUL_L2_polygon_mean (Gulbarga),15312,2021_09_30,"{""type"":""MultiPoint"",""coordinates"":[]}"
31,Kalaburagi,2021-10-08,15215.92957160182,MODIS/061/MOD11A2,GAUL_L2_polygon_mean (Gulbarga),16278,2021_10_08,"{""type"":""MultiPoint"",""coordinates"":[]}"
31,Kalaburagi,2021-10-16,15305.014866043965,MODIS/061/MOD11A2,GAUL_L2_polygon_mean (Gulbarga),16278,2021_10_16,"{""type"":""MultiPoint"",""coordinates"":[]}"
31,Kalaburagi,2021-10-24,15286.337612962996,MODIS/061/MOD11A2,GAUL_L2_polygon_mean (Gulbarga),16278,2021_10_24,"{""type"":""MultiPoint"",""coordinates"":[]}"
31,Kalaburagi,2021-11-01,15241.605948136548,MODIS/061/MOD11A2,GAUL_L2_polygon_mean (Gulbarga),16174,2021_11_01,"{""type"":""MultiPoint"",""coordinates"":[]}"
31,Kalaburagi,2021-11-09,15133.69520564992,MODIS/061/MOD11A2,GAUL_L2_polygon_mean (Gulbarga),11422,2021_11_09,"{""type"":""MultiPoint"",""coordinates"":[]}"
31,Kalaburagi,2021-11-17,15121.446349014981,MODIS/061/MOD11A2,GAUL_L2_polygon_mean (Gulbarga),7571,2021_11_17,"{""type"":""MultiPoint"",""coordinates"":[]}"
31,Kalaburagi,2021-11-25,15139.328829787055,MODIS/061/MOD11A2,GAUL_L2_polygon_mean (Gulbarga),16186,2021_11_25,"{""type"":""MultiPoint"",""coordinates"":[]}"
31,Kalaburagi,2021-12-03,15241.438921567988,MODIS/061/MOD11A2,GAUL_L2_polygon_mean (Gulbarga),16278,2021_12_03,"{""type"":""MultiPoint"",""coordinates"":[]}"
31,Kalaburagi,2021-12-11,15187.766571720811,MODIS/061/MOD11A2,GAUL_L2_polygon_mean (Gulbarga),16278,2021_12_11,"{""type"":""MultiPoint"",""coordinates"":[]}"
31,Kalaburagi,2021-12-19,15225.976156899646,MODIS/061/MOD11A2,GAUL_L2_polygon_mean (Gulbarga),16278,2021_12_19,"{""type"":""MultiPoint"",""coordinates"":[]}"
31,Kalaburagi,2021-12-27,15203.528276824314,MODIS/061/MOD11A2,GAUL_L2_polygon_mean (Gulbarga),16278,2021_12_27,"{""type"":""MultiPoint"",""coordinates"":[]}"
31,Kalaburagi,2022-01-01,15223.668574015122,MODIS/061/MOD11A2,GAUL_L2_polygon_mean (Gulbarga),16278,2022_01_01,"{""type"":""MultiPoint"",""coordinates"":[]}"
31,Kalaburagi,2022-01-09,15231.875750938636,MODIS/061/MOD11A2,GAUL_L2_polygon_mean (Gulbarga),16278,2022_01_09,"{""type"":""MultiPoint"",""coordinates"":[]}"
31,Kalaburagi,2022-01-17,15293.687833794007,MODIS/061/MOD11A2,GAUL_L2_polygon_mean (Gulbarga),16278,2022_01_17,"{""type"":""MultiPoint"",""coordinates"":[]}"
31,Kalaburagi,2022-01-25,15252.149896245339,MODIS/061/MOD11A2,GAUL_L2_polygon_mean (Gulbarga),16278,2022_01_25,"{""type"":""MultiPoint"",""coordinates"":[]}"
31,Kalaburagi,2022-02-02,15416.028591443734,MODIS/061/MOD11A2,GAUL_L2_polygon_mean (Gulbarga),16278,2022_02_02,"{""type"":""MultiPoint"",""coordinates"":[]}"
31,Kalaburagi,2022-02-10,15400.106614138107,MODIS/061/MOD11A2,GAUL_L2_polygon_mean (Gulbarga),16278,2022_02_10,"{""type"":""MultiPoint"",""coordinates"":[]}"
31,Kalaburagi,2022-02-18,15564.822225134416,MODIS/061/MOD11A2,GAUL_L2_polygon_mean (Gulbarga),16278,2022_02_18,"{""type"":""MultiPoint"",""coordinates"":[]}"
31,Kalaburagi,2022-02-26,15663.574906206462,MODIS/061/MOD11A2,GAUL_L2_polygon_mean (Gulbarga),16278,2022_02_26,"{""type"":""MultiPoint"",""coordinates"":[]}"
31,Kalaburagi,2022-03-06,15651.691995544374,MODIS/061/MOD11A2,GAUL_L2_polygon_mean (Gulbarga),16278,2022_03_06,"{""type"":""MultiPoint"",""coordinates"":[]}"
31,Kalaburagi,2022-03-14,15794.351391594311,MODIS/061/MOD11A2,GAUL_L2_polygon_mean (Gulbarga),16278,2022_03_14,"{""type"":""MultiPoint"",""coordinates"":[]}"
31,Kalaburagi,2022-03-22,15749.37571504489,MODIS/061/MOD11A2,GAUL_L2_polygon_mean (Gulbarga),16278,2022_03_22,"{""type"":""MultiPoint"",""coordinates"":[]}"
31,Kalaburagi,2022-03-30,15902.096603148335,MODIS/061/MOD11A2,GAUL_L2_polygon_mean (Gulbarga),16278,2022_03_30,"{""type"":""MultiPoint"",""coordinates"":[]}"
31,Kalaburagi,2022-04-07,15735.97799181814,MODIS/061/MOD11A2,GAUL_L2_polygon_mean (Gulbarga),16278,2022_04_07,"{""type"":""MultiPoint"",""coordinates"":[]}"
31,Kalaburagi,2022-04-15,15769.295821531357,MODIS/061/MOD11A2,GAUL_L2_polygon_mean (Gulbarga),16278,2022_04_15,"{""type"":""MultiPoint"",""coordinates"":[]}"
31,Kalaburagi,2022-04-23,15918.07842813204,MODIS/061/MOD11A2,GAUL_L2_polygon_mean (Gulbarga),16277,2022_04_23,"{""type"":""MultiPoint"",""coordinates"":[]}"
31,Kalaburagi,2022-05-01,15895.17454322165,MODIS/061/MOD11A2,GAUL_L2_polygon_mean (Gulbarga),16278,2022_05_01,"{""type"":""MultiPoint"",""coordinates"":[]}"
31,Kalaburagi,2022-05-09,15721.296152008194,MODIS/061/MOD11A2,GAUL_L2_polygon_mean (Gulbarga),15887,2022_05_09,"{""type"":""MultiPoint"",""coordinates"":[]}"
31,Kalaburagi,2022-05-17,15471.817100017826,MODIS/061/MOD11A2,GAUL_L2_polygon_mean (Gulbarga),16253,2022_05_17,"{""type"":""MultiPoint"",""coordinates"":[]}"
31,Kalaburagi,2022-05-25,15681.883057609732,MODIS/061/MOD11A2,GAUL_L2_polygon_mean (Gulbarga),16278,2022_05_25,"{""type"":""MultiPoint"",""coordinates"":[]}"
31,Kalaburagi,2022-06-02,15561.407059759988,MODIS/061/MOD11A2,GAUL_L2_polygon_mean (Gulbarga),16119,2022_06_02,"{""type"":""MultiPoint"",""coordinates"":[]}"
31,Kalaburagi,2022-06-10,15641.276296138674,MODIS/061/MOD11A2,GAUL_L2_polygon_mean (Gulbarga),11537,2022_06_10,"{""type"":""MultiPoint"",""coordinates"":[]}"
31,Kalaburagi,2022-06-18,15727.171968821642,MODIS/061/MOD11A2,GAUL_L2_polygon_mean (Gulbarga),1310,2022_06_18,"{""type"":""MultiPoint"",""coordinates"":[]}"
31,Kalaburagi,2022-06-26,15475.926179159784,MODIS/061/MOD11A2,GAUL_L2_polygon_mean (Gulbarga),389,2022_06_26,"{""type"":""MultiPoint"",""coordinates"":[]}"
31,Kalaburagi,2022-07-12,15277.560536022282,MODIS/061/MOD11A2,GAUL_L2_polygon_mean (Gulbarga),1805,2022_07_12,"{""type"":""MultiPoint"",""coordinates"":[]}"
31,Kalaburagi,2022-07-20,15180.990241403215,MODIS/061/MOD11A2,GAUL_L2_polygon_mean (Gulbarga),1622,2022_07_20,"{""type"":""MultiPoint"",""coordinates"":[]}"
31,Kalaburagi,2022-07-28,15322.359394649251,MODIS/061/MOD11A2,GAUL_L2_polygon_mean (Gulbarga),14366,2022_07_28,"{""type"":""MultiPoint"",""coordinates"":[]}"
31,Kalaburagi,2022-08-05,14971.743508382251,MODIS/061/MOD11A2,GAUL_L2_polygon_mean (Gulbarga),148,2022_08_05,"{""type"":""MultiPoint"",""coordinates"":[]}"
31,Kalaburagi,2022-08-13,15240.900652736462,MODIS/061/MOD11A2,GAUL_L2_polygon_mean (Gulbarga),12661,2022_08_13,"{""type"":""MultiPoint"",""coordinates"":[]}"
31,Kalaburagi,2022-08-21,15216.24235385106,MODIS/061/MOD11A2,GAUL_L2_polygon_mean (Gulbarga),5689,2022_08_21,"{""type"":""MultiPoint"",""coordinates"":[]}"
31,Kalaburagi,2022-08-29,15312.75970306614,MODIS/061/MOD11A2,GAUL_L2_polygon_mean (Gulbarga),15313,2022_08_29,"{""type"":""MultiPoint"",""coordinates"":[]}"
31,Kalaburagi,2022-09-06,15224.891467868329,MODIS/061/MOD11A2,GAUL_L2_polygon_mean (Gulbarga),9430,2022_09_06,"{""type"":""MultiPoint"",""coordinates"":[]}"
31,Kalaburagi,2022-09-14,14977.468738688038,MODIS/061/MOD11A2,GAUL_L2_polygon_mean (Gulbarga),3282,2022_09_14,"{""type"":""MultiPoint"",""coordinates"":[]}"
31,Kalaburagi,2022-09-22,15211.208194601933,MODIS/061/MOD11A2,GAUL_L2_polygon_mean (Gulbarga),10301,2022_09_22,"{""type"":""MultiPoint"",""coordinates"":[]}"
31,Kalaburagi,2022-09-30,15177.834807225234,MODIS/061/MOD11A2,GAUL_L2_polygon_mean (Gulbarga),12961,2022_09_30,"{""type"":""MultiPoint"",""coordinates"":[]}"
31,Kalaburagi,2022-10-08,15174.148570811742,MODIS/061/MOD11A2,GAUL_L2_polygon_mean (Gulbarga),7193,2022_10_08,"{""type"":""MultiPoint"",""coordinates"":[]}"
31,Kalaburagi,2022-10-24,15256.660897084135,MODIS/061/MOD11A2,GAUL_L2_polygon_mean (Gulbarga),16278,2022_10_24,"{""type"":""MultiPoint"",""coordinates"":[]}"
31,Kalaburagi,2022-11-01,15261.91379616868,MODIS/061/MOD11A2,GAUL_L2_polygon_mean (Gulbarga),16278,2022_11_01,"{""type"":""MultiPoint"",""coordinates"":[]}"
31,Kalaburagi,2022-11-09,15233.285735863281,MODIS/061/MOD11A2,GAUL_L2_polygon_mean (Gulbarga),16278,2022_11_09,"{""type"":""MultiPoint"",""coordinates"":[]}"
31,Kalaburagi,2022-11-17,15168.279782796917,MODIS/061/MOD11A2,GAUL_L2_polygon_mean (Gulbarga),16278,2022_11_17,"{""type"":""MultiPoint"",""coordinates"":[]}"
31,Kalaburagi,2022-11-25,15229.069826876384,MODIS/061/MOD11A2,GAUL_L2_polygon_mean (Gulbarga),16278,2022_11_25,"{""type"":""MultiPoint"",""coordinates"":[]}"
31,Kalaburagi,2022-12-03,15203.05332205151,MODIS/061/MOD11A2,GAUL_L2_polygon_mean (Gulbarga),16276,2022_12_03,"{""type"":""MultiPoint"",""coordinates"":[]}"
31,Kalaburagi,2022-12-11,15278.447476571477,MODIS/061/MOD11A2,GAUL_L2_polygon_mean (Gulbarga),16278,2022_12_11,"{""type"":""MultiPoint"",""coordinates"":[]}"
31,Kalaburagi,2022-12-19,15250.747851312093,MODIS/061/MOD11A2,GAUL_L2_polygon_mean (Gulbarga),16278,2022_12_19,"{""type"":""MultiPoint"",""coordinates"":[]}"
31,Kalaburagi,2022-12-27,15316.129682270279,MODIS/061/MOD11A2,GAUL_L2_polygon_mean (Gulbarga),16278,2022_12_27,"{""type"":""MultiPoint"",""coordinates"":[]}"
31,Kalaburagi,2023-01-01,15220.942503718263,MODIS/061/MOD11A2,GAUL_L2_polygon_mean (Gulbarga),16278,2023_01_01,"{""type"":""MultiPoint"",""coordinates"":[]}"
31,Kalaburagi,2023-01-09,15276.98759135447,MODIS/061/MOD11A2,GAUL_L2_polygon_mean (Gulbarga),16278,2023_01_09,"{""type"":""MultiPoint"",""coordinates"":[]}"
31,Kalaburagi,2023-01-17,15283.740349995609,MODIS/061/MOD11A2,GAUL_L2_polygon_mean (Gulbarga),16278,2023_01_17,"{""type"":""MultiPoint"",""coordinates"":[]}"
31,Kalaburagi,2023-01-25,15304.179448623488,MODIS/061/MOD11A2,GAUL_L2_polygon_mean (Gulbarga),16278,2023_01_25,"{""type"":""MultiPoint"",""coordinates"":[]}"
31,Kalaburagi,2023-02-02,15376.725329054347,MODIS/061/MOD11A2,GAUL_L2_polygon_mean (Gulbarga),16278,2023_02_02,"{""type"":""MultiPoint"",""coordinates"":[]}"
31,Kalaburagi,2023-02-10,15566.984572182366,MODIS/061/MOD11A2,GAUL_L2_polygon_mean (Gulbarga),16278,2023_02_10,"{""type"":""MultiPoint"",""coordinates"":[]}"
31,Kalaburagi,2023-02-18,15614.85414770601,MODIS/061/MOD11A2,GAUL_L2_polygon_mean (Gulbarga),16278,2023_02_18,"{""type"":""MultiPoint"",""coordinates"":[]}"
31,Kalaburagi,2023-02-26,15547.370531406092,MODIS/061/MOD11A2,GAUL_L2_polygon_mean (Gulbarga),16278,2023_02_26,"{""type"":""MultiPoint"",""coordinates"":[]}"
31,Kalaburagi,2023-03-06,15587.486753993715,MODIS/061/MOD11A2,GAUL_L2_polygon_mean (Gulbarga),16278,2023_03_06,"{""type"":""MultiPoint"",""coordinates"":[]}"
31,Kalaburagi,2023-03-14,15592.29975394699,MODIS/061/MOD11A2,GAUL_L2_polygon_mean (Gulbarga),16278,2023_03_14,"{""type"":""MultiPoint"",""coordinates"":[]}"
31,Kalaburagi,2023-03-22,15773.912114702029,MODIS/061/MOD11A2,GAUL_L2_polygon_mean (Gulbarga),16278,2023_03_22,"{""type"":""MultiPoint"",""coordinates"":[]}"
31,Kalaburagi,2023-03-30,15947.16584343859,MODIS/061/MOD11A2,GAUL_L2_polygon_mean (Gulbarga),16278,2023_03_30,"{""type"":""MultiPoint"",""coordinates"":[]}"
31,Kalaburagi,2023-04-07,15848.066491164614,MODIS/061/MOD11A2,GAUL_L2_polygon_mean (Gulbarga),16278,2023_04_07,"{""type"":""MultiPoint"",""coordinates"":[]}"
31,Kalaburagi,2023-04-15,15881.456690430437,MODIS/061/MOD11A2,GAUL_L2_polygon_mean (Gulbarga),16278,2023_04_15,"{""type"":""MultiPoint"",""coordinates"":[]}"
31,Kalaburagi,2023-04-23,15853.74653938271,MODIS/061/MOD11A2,GAUL_L2_polygon_mean (Gulbarga),16278,2023_04_23,"{""type"":""MultiPoint"",""coordinates"":[]}"
31,Kalaburagi,2023-05-01,15605.341783813617,MODIS/061/MOD11A2,GAUL_L2_polygon_mean (Gulbarga),16260,2023_05_01,"{""type"":""MultiPoint"",""coordinates"":[]}"
31,Kalaburagi,2023-05-09,15747.148984447154,MODIS/061/MOD11A2,GAUL_L2_polygon_mean (Gulbarga),16278,2023_05_09,"{""type"":""MultiPoint"",""coordinates"":[]}"
31,Kalaburagi,2023-05-17,15928.506646129339,MODIS/061/MOD11A2,GAUL_L2_polygon_mean (Gulbarga),16278,2023_05_17,"{""type"":""MultiPoint"",""coordinates"":[]}"
31,Kalaburagi,2023-05-25,15819.067250341139,MODIS/061/MOD11A2,GAUL_L2_polygon_mean (Gulbarga),16275,2023_05_25,"{""type"":""MultiPoint"",""coordinates"":[]}"
31,Kalaburagi,2023-06-02,15778.034182674728,MODIS/061/MOD11A2,GAUL_L2_polygon_mean (Gulbarga),16278,2023_06_02,"{""type"":""MultiPoint"",""coordinates"":[]}"
31,Kalaburagi,2023-06-10,15671.668284455985,MODIS/061/MOD11A2,GAUL_L2_polygon_mean (Gulbarga),16278,2023_06_10,"{""type"":""MultiPoint"",""coordinates"":[]}"
31,Kalaburagi,2023-06-18,15704.691384317868,MODIS/061/MOD11A2,GAUL_L2_polygon_mean (Gulbarga),15840,2023_06_18,"{""type"":""MultiPoint"",""coordinates"":[]}"
31,Kalaburagi,2023-06-26,15615.285315075696,MODIS/061/MOD11A2,GAUL_L2_polygon_mean (Gulbarga),11028,2023_06_26,"{""type"":""MultiPoint"",""coordinates"":[]}"
31,Kalaburagi,2023-07-04,15534.003012048193,MODIS/061/MOD11A2,GAUL_L2_polygon_mean (Gulbarga),332,2023_07_04,"{""type"":""MultiPoint"",""coordinates"":[]}"
31,Kalaburagi,2023-07-12,15625.262305680866,MODIS/061/MOD11A2,GAUL_L2_polygon_mean (Gulbarga),272,2023_07_12,"{""type"":""MultiPoint"",""coordinates"":[]}"
31,Kalaburagi,2023-07-28,15189.716484253739,MODIS/061/MOD11A2,GAUL_L2_polygon_mean (Gulbarga),3355,2023_07_28,"{""type"":""MultiPoint"",""coordinates"":[]}"
31,Kalaburagi,2023-08-05,15351.046981084073,MODIS/061/MOD11A2,GAUL_L2_polygon_mean (Gulbarga),14625,2023_08_05,"{""type"":""MultiPoint"",""coordinates"":[]}"
31,Kalaburagi,2023-08-13,15475.296663012734,MODIS/061/MOD11A2,GAUL_L2_polygon_mean (Gulbarga),12857,2023_08_13,"{""type"":""MultiPoint"",""coordinates"":[]}"
31,Kalaburagi,2023-08-21,15400.858268477217,MODIS/061/MOD11A2,GAUL_L2_polygon_mean (Gulbarga),13315,2023_08_21,"{""type"":""MultiPoint"",""coordinates"":[]}"
31,Kalaburagi,2023-08-29,15422.74812421462,MODIS/061/MOD11A2,GAUL_L2_polygon_mean (Gulbarga),15794,2023_08_29,"{""type"":""MultiPoint"",""coordinates"":[]}"
31,Kalaburagi,2023-09-06,15105.279234554766,MODIS/061/MOD11A2,GAUL_L2_polygon_mean (Gulbarga),7342,2023_09_06,"{""type"":""MultiPoint"",""coordinates"":[]}"
31,Kalaburagi,2023-09-14,15277.2150324731,MODIS/061/MOD11A2,GAUL_L2_polygon_mean (Gulbarga),12253,2023_09_14,"{""type"":""MultiPoint"",""coordinates"":[]}"
31,Kalaburagi,2023-09-22,15181.65408733689,MODIS/061/MOD11A2,GAUL_L2_polygon_mean (Gulbarga),8262,2023_09_22,"{""type"":""MultiPoint"",""coordinates"":[]}"
31,Kalaburagi,2023-09-30,15273.417429389243,MODIS/061/MOD11A2,GAUL_L2_polygon_mean (Gulbarga),16278,2023_09_30,"{""type"":""MultiPoint"",""coordinates"":[]}"
31,Kalaburagi,2023-10-08,15399.7515806509,MODIS/061/MOD11A2,GAUL_L2_polygon_mean (Gulbarga),16278,2023_10_08,"{""type"":""MultiPoint"",""coordinates"":[]}"
31,Kalaburagi,2023-10-16,15332.83216626378,MODIS/061/MOD11A2,GAUL_L2_polygon_mean (Gulbarga),16278,2023_10_16,"{""type"":""MultiPoint"",""coordinates"":[]}"
31,Kalaburagi,2023-10-24,15345.363711830334,MODIS/061/MOD11A2,GAUL_L2_polygon_mean (Gulbarga),16278,2023_10_24,"{""type"":""MultiPoint"",""coordinates"":[]}"
31,Kalaburagi,2023-11-01,15259.480031958952,MODIS/061/MOD11A2,GAUL_L2_polygon_mean (Gulbarga),12442,2023_11_01,"{""type"":""MultiPoint"",""coordinates"":[]}"
31,Kalaburagi,2023-11-09,15196.067097154779,MODIS/061/MOD11A2,GAUL_L2_polygon_mean (Gulbarga),16273,2023_11_09,"{""type"":""MultiPoint"",""coordinates"":[]}"
31,Kalaburagi,2023-11-17,15207.415167599831,MODIS/061/MOD11A2,GAUL_L2_polygon_mean (Gulbarga),16278,2023_11_17,"{""type"":""MultiPoint"",""coordinates"":[]}"
31,Kalaburagi,2023-11-25,15191.21495040936,MODIS/061/MOD11A2,GAUL_L2_polygon_mean (Gulbarga),16277,2023_11_25,"{""type"":""MultiPoint"",""coordinates"":[]}"
31,Kalaburagi,2023-12-03,15203.230128942967,MODIS/061/MOD11A2,GAUL_L2_polygon_mean (Gulbarga),16278,2023_12_03,"{""type"":""MultiPoint"",""coordinates"":[]}"
31,Kalaburagi,2023-12-11,15189.115502544142,MODIS/061/MOD11A2,GAUL_L2_polygon_mean (Gulbarga),16278,2023_12_11,"{""type"":""MultiPoint"",""coordinates"":[]}"
31,Kalaburagi,2023-12-19,15178.602776154385,MODIS/061/MOD11A2,GAUL_L2_polygon_mean (Gulbarga),16278,2023_12_19,"{""type"":""MultiPoint"",""coordinates"":[]}"
31,Kalaburagi,2023-12-27,15207.98673279472,MODIS/061/MOD11A2,GAUL_L2_polygon_mean (Gulbarga),16278,2023_12_27,"{""type"":""MultiPoint"",""coordinates"":[]}"
31,Kalaburagi,2024-01-01,15180.375671683276,MODIS/061/MOD11A2,GAUL_L2_polygon_mean (Gulbarga),16278,2024_01_01,"{""type"":""MultiPoint"",""coordinates"":[]}"
31,Kalaburagi,2024-01-09,15301.291818291756,MODIS/061/MOD11A2,GAUL_L2_polygon_mean (Gulbarga),16278,2024_01_09,"{""type"":""MultiPoint"",""coordinates"":[]}"
31,Kalaburagi,2024-01-17,15268.20691530853,MODIS/061/MOD11A2,GAUL_L2_polygon_mean (Gulbarga),16278,2024_01_17,"{""type"":""MultiPoint"",""coordinates"":[]}"
31,Kalaburagi,2024-01-25,15257.585866092602,MODIS/061/MOD11A2,GAUL_L2_polygon_mean (Gulbarga),16278,2024_01_25,"{""type"":""MultiPoint"",""coordinates"":[]}"
31,Kalaburagi,2024-02-02,15437.390323328198,MODIS/061/MOD11A2,GAUL_L2_polygon_mean (Gulbarga),16278,2024_02_02,"{""type"":""MultiPoint"",""coordinates"":[]}"
31,Kalaburagi,2024-02-10,15392.232871805281,MODIS/061/MOD11A2,GAUL_L2_polygon_mean (Gulbarga),16278,2024_02_10,"{""type"":""MultiPoint"",""coordinates"":[]}"
31,Kalaburagi,2024-02-18,15543.425597751744,MODIS/061/MOD11A2,GAUL_L2_polygon_mean (Gulbarga),16278,2024_02_18,"{""type"":""MultiPoint"",""coordinates"":[]}"
31,Kalaburagi,2024-02-26,15610.777156529133,MODIS/061/MOD11A2,GAUL_L2_polygon_mean (Gulbarga),16278,2024_02_26,"{""type"":""MultiPoint"",""coordinates"":[]}"
31,Kalaburagi,2024-03-05,15658.662491827567,MODIS/061/MOD11A2,GAUL_L2_polygon_mean (Gulbarga),16278,2024_03_05,"{""type"":""MultiPoint"",""coordinates"":[]}"
31,Kalaburagi,2024-03-13,15702.261999480623,MODIS/061/MOD11A2,GAUL_L2_polygon_mean (Gulbarga),16278,2024_03_13,"{""type"":""MultiPoint"",""coordinates"":[]}"
31,Kalaburagi,2024-03-21,15730.99949074207,MODIS/061/MOD11A2,GAUL_L2_polygon_mean (Gulbarga),16278,2024_03_21,"{""type"":""MultiPoint"",""coordinates"":[]}"
31,Kalaburagi,2024-03-29,15919.006077851433,MODIS/061/MOD11A2,GAUL_L2_polygon_mean (Gulbarga),16278,2024_03_29,"{""type"":""MultiPoint"",""coordinates"":[]}"
31,Kalaburagi,2024-04-06,15794.457860711926,MODIS/061/MOD11A2,GAUL_L2_polygon_mean (Gulbarga),16278,2024_04_06,"{""type"":""MultiPoint"",""coordinates"":[]}"
31,Kalaburagi,2024-04-14,15836.96078713837,MODIS/061/MOD11A2,GAUL_L2_polygon_mean (Gulbarga),16278,2024_04_14,"{""type"":""MultiPoint"",""coordinates"":[]}"
31,Kalaburagi,2024-04-22,15942.665781286962,MODIS/061/MOD11A2,GAUL_L2_polygon_mean (Gulbarga),16278,2024_04_22,"{""type"":""MultiPoint"",""coordinates"":[]}"
31,Kalaburagi,2024-04-30,16067.072356544166,MODIS/061/MOD11A2,GAUL_L2_polygon_mean (Gulbarga),16278,2024_04_30,"{""type"":""MultiPoint"",""coordinates"":[]}"
31,Kalaburagi,2024-05-08,15759.97866113746,MODIS/061/MOD11A2,GAUL_L2_polygon_mean (Gulbarga),16272,2024_05_08,"{""type"":""MultiPoint"",""coordinates"":[]}"
31,Kalaburagi,2024-05-16,15765.385681859127,MODIS/061/MOD11A2,GAUL_L2_polygon_mean (Gulbarga),16278,2024_05_16,"{""type"":""MultiPoint"",""coordinates"":[]}"
31,Kalaburagi,2024-05-24,15554.595449977718,MODIS/061/MOD11A2,GAUL_L2_polygon_mean (Gulbarga),16277,2024_05_24,"{""type"":""MultiPoint"",""coordinates"":[]}"
31,Kalaburagi,2024-06-01,15426.02083795659,MODIS/061/MOD11A2,GAUL_L2_polygon_mean (Gulbarga),2297,2024_06_01,"{""type"":""MultiPoint"",""coordinates"":[]}"
31,Kalaburagi,2024-06-09,15306.913039117651,MODIS/061/MOD11A2,GAUL_L2_polygon_mean (Gulbarga),9618,2024_06_09,"{""type"":""MultiPoint"",""coordinates"":[]}"
31,Kalaburagi,2024-06-17,15407.004625031892,MODIS/061/MOD11A2,GAUL_L2_polygon_mean (Gulbarga),9350,2024_06_17,"{""type"":""MultiPoint"",""coordinates"":[]}"
31,Kalaburagi,2024-06-25,15425.376483621592,MODIS/061/MOD11A2,GAUL_L2_polygon_mean (Gulbarga),4969,2024_06_25,"{""type"":""MultiPoint"",""coordinates"":[]}"
31,Kalaburagi,2024-07-03,15402.773893917647,MODIS/061/MOD11A2,GAUL_L2_polygon_mean (Gulbarga),6210,2024_07_03,"{""type"":""MultiPoint"",""coordinates"":[]}"
31,Kalaburagi,2024-07-11,14778.945050421897,MODIS/061/MOD11A2,GAUL_L2_polygon_mean (Gulbarga),19,2024_07_11,"{""type"":""MultiPoint"",""coordinates"":[]}"
31,Kalaburagi,2024-07-27,15039.939133135173,MODIS/061/MOD11A2,GAUL_L2_polygon_mean (Gulbarga),176,2024_07_27,"{""type"":""MultiPoint"",""coordinates"":[]}"
31,Kalaburagi,2024-08-04,15158.771596883555,MODIS/061/MOD11A2,GAUL_L2_polygon_mean (Gulbarga),7621,2024_08_04,"{""type"":""MultiPoint"",""coordinates"":[]}"
31,Kalaburagi,2024-08-12,15216.732279326516,MODIS/061/MOD11A2,GAUL_L2_polygon_mean (Gulbarga),9073,2024_08_12,"{""type"":""MultiPoint"",""coordinates"":[]}"
31,Kalaburagi,2024-08-20,14896.735971719321,MODIS/061/MOD11A2,GAUL_L2_polygon_mean (Gulbarga),1233,2024_08_20,"{""type"":""MultiPoint"",""coordinates"":[]}"
31,Kalaburagi,2024-08-28,14981.58517505764,MODIS/061/MOD11A2,GAUL_L2_polygon_mean (Gulbarga),3935,2024_08_28,"{""type"":""MultiPoint"",""coordinates"":[]}"
31,Kalaburagi,2024-09-05,14936.617308218014,MODIS/061/MOD11A2,GAUL_L2_polygon_mean (Gulbarga),9869,2024_09_05,"{""type"":""MultiPoint"",""coordinates"":[]}"
31,Kalaburagi,2024-09-13,15150.02080826992,MODIS/061/MOD11A2,GAUL_L2_polygon_mean (Gulbarga),16278,2024_09_13,"{""type"":""MultiPoint"",""coordinates"":[]}"
31,Kalaburagi,2024-09-21,15035.42925164266,MODIS/061/MOD11A2,GAUL_L2_polygon_mean (Gulbarga),8042,2024_09_21,"{""type"":""MultiPoint"",""coordinates"":[]}"
31,Kalaburagi,2024-09-29,15160.353361279127,MODIS/061/MOD11A2,GAUL_L2_polygon_mean (Gulbarga),16194,2024_09_29,"{""type"":""MultiPoint"",""coordinates"":[]}"
31,Kalaburagi,2024-10-07,15105.233962436401,MODIS/061/MOD11A2,GAUL_L2_polygon_mean (Gulbarga),15635,2024_10_07,"{""type"":""MultiPoint"",""coordinates"":[]}"
31,Kalaburagi,2024-10-15,15055.257191939347,MODIS/061/MOD11A2,GAUL_L2_polygon_mean (Gulbarga),10555,2024_10_15,"{""type"":""MultiPoint"",""coordinates"":[]}"
31,Kalaburagi,2024-10-23,15121.12818436774,MODIS/061/MOD11A2,GAUL_L2_polygon_mean (Gulbarga),16278,2024_10_23,"{""type"":""MultiPoint"",""coordinates"":[]}"
31,Kalaburagi,2024-10-31,15157.849607505228,MODIS/061/MOD11A2,GAUL_L2_polygon_mean (Gulbarga),16278,2024_10_31,"{""type"":""MultiPoint"",""coordinates"":[]}"
31,Kalaburagi,2024-11-08,15114.162589391148,MODIS/061/MOD11A2,GAUL_L2_polygon_mean (Gulbarga),16278,2024_11_08,"{""type"":""MultiPoint"",""coordinates"":[]}"
31,Kalaburagi,2024-11-16,15083.581634000135,MODIS/061/MOD11A2,GAUL_L2_polygon_mean (Gulbarga),16278,2024_11_16,"{""type"":""MultiPoint"",""coordinates"":[]}"
31,Kalaburagi,2024-11-24,15033.109785992041,MODIS/061/MOD11A2,GAUL_L2_polygon_mean (Gulbarga),16235,2024_11_24,"{""type"":""MultiPoint"",""coordinates"":[]}"
31,Kalaburagi,2024-12-02,15133.108196028174,MODIS/061/MOD11A2,GAUL_L2_polygon_mean (Gulbarga),15470,2024_12_02,"{""type"":""MultiPoint"",""coordinates"":[]}"
31,Kalaburagi,2024-12-10,15034.969710956399,MODIS/061/MOD11A2,GAUL_L2_polygon_mean (Gulbarga),16278,2024_12_10,"{""type"":""MultiPoint"",""coordinates"":[]}"
31,Kalaburagi,2024-12-18,15087.67065392673,MODIS/061/MOD11A2,GAUL_L2_polygon_mean (Gulbarga),16278,2024_12_18,"{""type"":""MultiPoint"",""coordinates"":[]}"
31,Kalaburagi,2024-12-26,15134.780578723217,MODIS/061/MOD11A2,GAUL_L2_polygon_mean (Gulbarga),16278,2024_12_26,"{""type"":""MultiPoint"",""coordinates"":[]}"
31,Kalaburagi,2025-01-01,15090.780630998051,MODIS/061/MOD11A2,GAUL_L2_polygon_mean (Gulbarga),16278,2025_01_01,"{""type"":""MultiPoint"",""coordinates"":[]}"
31,Kalaburagi,2025-01-09,15071.667248354552,MODIS/061/MOD11A2,GAUL_L2_polygon_mean (Gulbarga),16278,2025_01_09,"{""type"":""MultiPoint"",""coordinates"":[]}"
31,Kalaburagi,2025-01-17,15182.888496600213,MODIS/061/MOD11A2,GAUL_L2_polygon_mean (Gulbarga),16278,2025_01_17,"{""type"":""MultiPoint"",""coordinates"":[]}"
31,Kalaburagi,2025-01-25,15215.442699086372,MODIS/061/MOD11A2,GAUL_L2_polygon_mean (Gulbarga),16278,2025_01_25,"{""type"":""MultiPoint"",""coordinates"":[]}"
31,Kalaburagi,2025-02-02,15348.086958564105,MODIS/061/MOD11A2,GAUL_L2_polygon_mean (Gulbarga),16278,2025_02_02,"{""type"":""MultiPoint"",""coordinates"":[]}"
31,Kalaburagi,2025-02-10,15357.082485573812,MODIS/061/MOD11A2,GAUL_L2_polygon_mean (Gulbarga),16278,2025_02_10,"{""type"":""MultiPoint"",""coordinates"":[]}"
31,Kalaburagi,2025-02-18,15416.134162487477,MODIS/061/MOD11A2,GAUL_L2_polygon_mean (Gulbarga),16278,2025_02_18,"{""type"":""MultiPoint"",""coordinates"":[]}"
31,Kalaburagi,2025-02-26,15437.312220407966,MODIS/061/MOD11A2,GAUL_L2_polygon_mean (Gulbarga),16278,2025_02_26,"{""type"":""MultiPoint"",""coordinates"":[]}"
31,Kalaburagi,2025-03-06,15559.973241072705,MODIS/061/MOD11A2,GAUL_L2_polygon_mean (Gulbarga),16278,2025_03_06,"{""type"":""MultiPoint"",""coordinates"":[]}"
31,Kalaburagi,2025-03-14,15625.778710319935,MODIS/061/MOD11A2,GAUL_L2_polygon_mean (Gulbarga),16278,2025_03_14,"{""type"":""MultiPoint"",""coordinates"":[]}"
31,Kalaburagi,2025-03-22,15512.8740846486,MODIS/061/MOD11A2,GAUL_L2_polygon_mean (Gulbarga),16278,2025_03_22,"{""type"":""MultiPoint"",""coordinates"":[]}"
31,Kalaburagi,2025-03-30,15546.780657978601,MODIS/061/MOD11A2,GAUL_L2_polygon_mean (Gulbarga),16278,2025_03_30,"{""type"":""MultiPoint"",""coordinates"":[]}"
31,Kalaburagi,2025-04-07,15547.692245114491,MODIS/061/MOD11A2,GAUL_L2_polygon_mean (Gulbarga),16278,2025_04_07,"{""type"":""MultiPoint"",""coordinates"":[]}"
31,Kalaburagi,2025-04-15,15537.47232373387,MODIS/061/MOD11A2,GAUL_L2_polygon_mean (Gulbarga),16278,2025_04_15,"{""type"":""MultiPoint"",""coordinates"":[]}"
31,Kalaburagi,2025-04-23,15583.412343554932,MODIS/061/MOD11A2,GAUL_L2_polygon_mean (Gulbarga),16278,2025_04_23,"{""type"":""MultiPoint"",""coordinates"":[]}"
31,Kalaburagi,2025-05-01,15778.43588866475,MODIS/061/MOD11A2,GAUL_L2_polygon_mean (Gulbarga),16278,2025_05_01,"{""type"":""MultiPoint"",""coordinates"":[]}"
31,Kalaburagi,2025-05-09,15707.598180306195,MODIS/061/MOD11A2,GAUL_L2_polygon_mean (Gulbarga),16278,2025_05_09,"{""type"":""MultiPoint"",""coordinates"":[]}"
31,Kalaburagi,2025-05-17,15329.566842441138,MODIS/061/MOD11A2,GAUL_L2_polygon_mean (Gulbarga),583,2025_05_17,"{""type"":""MultiPoint"",""coordinates"":[]}"
31,Kalaburagi,2025-05-25,15156.699615193904,MODIS/061/MOD11A2,GAUL_L2_polygon_mean (Gulbarga),9237,2025_05_25,"{""type"":""MultiPoint"",""coordinates"":[]}"
31,Kalaburagi,2025-06-02,15319.320766311153,MODIS/061/MOD11A2,GAUL_L2_polygon_mean (Gulbarga),16114,2025_06_02,"{""type"":""MultiPoint"",""coordinates"":[]}"
31,Kalaburagi,2025-06-10,15206.457998289143,MODIS/061/MOD11A2,GAUL_L2_polygon_mean (Gulbarga),3461,2025_06_10,"{""type"":""MultiPoint"",""coordinates"":[]}"
31,Kalaburagi,2025-06-18,15171.424441251587,MODIS/061/MOD11A2,GAUL_L2_polygon_mean (Gulbarga),736,2025_06_18,"{""type"":""MultiPoint"",""coordinates"":[]}"
31,Kalaburagi,2025-06-26,15167.334537744753,MODIS/061/MOD11A2,GAUL_L2_polygon_mean (Gulbarga),2069,2025_06_26,"{""type"":""MultiPoint"",""coordinates"":[]}"
31,Kalaburagi,2025-07-04,15078.858077344828,MODIS/061/MOD11A2,GAUL_L2_polygon_mean (Gulbarga),1552,2025_07_04,"{""type"":""MultiPoint"",""coordinates"":[]}"
31,Kalaburagi,2025-07-12,15264.11155789703,MODIS/061/MOD11A2,GAUL_L2_polygon_mean (Gulbarga),8240,2025_07_12,"{""type"":""MultiPoint"",""coordinates"":[]}"
31,Kalaburagi,2025-07-20,14872.997500294334,MODIS/061/MOD11A2,GAUL_L2_polygon_mean (Gulbarga),2298,2025_07_20,"{""type"":""MultiPoint"",""coordinates"":[]}"
31,Kalaburagi,2025-07-28,15035.442165118522,MODIS/061/MOD11A2,GAUL_L2_polygon_mean (Gulbarga),1409,2025_07_28,"{""type"":""MultiPoint"",""coordinates"":[]}"
31,Kalaburagi,2025-08-05,15116.93375237367,MODIS/061/MOD11A2,GAUL_L2_polygon_mean (Gulbarga),7306,2025_08_05,"{""type"":""MultiPoint"",""coordinates"":[]}"
31,Kalaburagi,2025-08-21,15023.72966909923,MODIS/061/MOD11A2,GAUL_L2_polygon_mean (Gulbarga),10030,2025_08_21,"{""type"":""MultiPoint"",""coordinates"":[]}"
31,Kalaburagi,2025-08-29,14941.51932578982,MODIS/061/MOD11A2,GAUL_L2_polygon_mean (Gulbarga),7516,2025_08_29,"{""type"":""MultiPoint"",""coordinates"":[]}"
31,Kalaburagi,2025-09-06,15072.412400156682,MODIS/061/MOD11A2,GAUL_L2_polygon_mean (Gulbarga),16246,2025_09_06,"{""type"":""MultiPoint"",""coordinates"":[]}"
31,Kalaburagi,2025-09-14,14924.578785423073,MODIS/061/MOD11A2,GAUL_L2_polygon_mean (Gulbarga),1882,2025_09_14,"{""type"":""MultiPoint"",""coordinates"":[]}"
31,Kalaburagi,2025-09-22,14998.793807757784,MODIS/061/MOD11A2,GAUL_L2_polygon_mean (Gulbarga),12900,2025_09_22,"{""type"":""MultiPoint"",""coordinates"":[]}"
31,Kalaburagi,2025-09-30,15008.779290257438,MODIS/061/MOD11A2,GAUL_L2_polygon_mean (Gulbarga),15561,2025_09_30,"{""type"":""MultiPoint"",""coordinates"":[]}"
31,Kalaburagi,2025-10-08,15129.035040752688,MODIS/061/MOD11A2,GAUL_L2_polygon_mean (Gulbarga),16278,2025_10_08,"{""type"":""MultiPoint"",""coordinates"":[]}"
31,Kalaburagi,2025-10-16,15154.357147153432,MODIS/061/MOD11A2,GAUL_L2_polygon_mean (Gulbarga),16104,2025_10_16,"{""type"":""MultiPoint"",""coordinates"":[]}"
31,Kalaburagi,2025-10-24,14968.106092095897,MODIS/061/MOD11A2,GAUL_L2_polygon_mean (Gulbarga),9517,2025_10_24,"{""type"":""MultiPoint"",""coordinates"":[]}"
31,Kalaburagi,2025-11-01,15051.816994038729,MODIS/061/MOD11A2,GAUL_L2_polygon_mean (Gulbarga),16278,2025_11_01,"{""type"":""MultiPoint"",""coordinates"":[]}"
31,Kalaburagi,2025-11-09,15039.480351652957,MODIS/061/MOD11A2,GAUL_L2_polygon_mean (Gulbarga),16278,2025_11_09,"{""type"":""MultiPoint"",""coordinates"":[]}"
31,Kalaburagi,2025-11-17,15024.83362345458,MODIS/061/MOD11A2,GAUL_L2_polygon_mean (Gulbarga),16278,2025_11_17,"{""type"":""MultiPoint"",""coordinates"":[]}"
31,Kalaburagi,2025-11-25,14994.661056317607,MODIS/061/MOD11A2,GAUL_L2_polygon_mean (Gulbarga),16278,2025_11_25,"{""type"":""MultiPoint"",""coordinates"":[]}"
31,Kalaburagi,2025-12-03,14954.471877591177,MODIS/061/MOD11A2,GAUL_L2_polygon_mean (Gulbarga),16278,2025_12_03,"{""type"":""MultiPoint"",""coordinates"":[]}"
31,Kalaburagi,2025-12-11,14966.799194100502,MODIS/061/MOD11A2,GAUL_L2_polygon_mean (Gulbarga),16278,2025_12_11,"{""type"":""MultiPoint"",""coordinates"":[]}"
31,Kalaburagi,2025-12-19,14943.140025458077,MODIS/061/MOD11A2,GAUL_L2_polygon_mean (Gulbarga),16278,2025_12_19,"{""type"":""MultiPoint"",""coordinates"":[]}"
31,Kalaburagi,2025-12-27,14869.407436076935,MODIS/061/MOD11A2,GAUL_L2_polygon_mean (Gulbarga),13182,2025_12_27,"{""type"":""MultiPoint"",""coordinates"":[]}"
31,Kalaburagi,2026-01-01,14942.723089132538,MODIS/061/MOD11A2,GAUL_L2_polygon_mean (Gulbarga),16276,2026_01_01,"{""type"":""MultiPoint"",""coordinates"":[]}"
31,Kalaburagi,2026-01-09,15008.130572618404,MODIS/061/MOD11A2,GAUL_L2_polygon_mean (Gulbarga),16235,2026_01_09,"{""type"":""MultiPoint"",""coordinates"":[]}"
31,Kalaburagi,2026-01-17,15007.760285011003,MODIS/061/MOD11A2,GAUL_L2_polygon_mean (Gulbarga),16278,2026_01_17,"{""type"":""MultiPoint"",""coordinates"":[]}"
31,Kalaburagi,2026-01-25,15014.67572843879,MODIS/061/MOD11A2,GAUL_L2_polygon_mean (Gulbarga),16278,2026_01_25,"{""type"":""MultiPoint"",""coordinates"":[]}"
31,Kalaburagi,2026-02-02,15069.466768148883,MODIS/061/MOD11A2,GAUL_L2_polygon_mean (Gulbarga),16278,2026_02_02,"{""type"":""MultiPoint"",""coordinates"":[]}"
31,Kalaburagi,2026-02-10,15127.426698654683,MODIS/061/MOD11A2,GAUL_L2_polygon_mean (Gulbarga),16278,2026_02_10,"{""type"":""MultiPoint"",""coordinates"":[]}"
31,Kalaburagi,2026-02-18,15133.977054003024,MODIS/061/MOD11A2,GAUL_L2_polygon_mean (Gulbarga),16278,2026_02_18,"{""type"":""MultiPoint"",""coordinates"":[]}"
31,Kalaburagi,2026-02-26,15275.414074405606,MODIS/061/MOD11A2,GAUL_L2_polygon_mean (Gulbarga),16278,2026_02_26,"{""type"":""MultiPoint"",""coordinates"":[]}"
31,Kalaburagi,2026-03-06,15392.83400720475,MODIS/061/MOD11A2,GAUL_L2_polygon_mean (Gulbarga),16278,2026_03_06,"{""type"":""MultiPoint"",""coordinates"":[]}"
31,Kalaburagi,2026-03-14,15268.479789638432,MODIS/061/MOD11A2,GAUL_L2_polygon_mean (Gulbarga),16278,2026_03_14,"{""type"":""MultiPoint"",""coordinates"":[]}"
31,Kalaburagi,2026-03-22,15368.937533033104,MODIS/061/MOD11A2,GAUL_L2_polygon_mean (Gulbarga),16278,2026_03_22,"{""type"":""MultiPoint"",""coordinates"":[]}"
31,Kalaburagi,2026-03-30,15421.269875152302,MODIS/061/MOD11A2,GAUL_L2_polygon_mean (Gulbarga),16278,2026_03_30,"{""type"":""MultiPoint"",""coordinates"":[]}"
31,Kalaburagi,2026-04-07,15522.007165745878,MODIS/061/MOD11A2,GAUL_L2_polygon_mean (Gulbarga),16278,2026_04_07,"{""type"":""MultiPoint"",""coordinates"":[]}"
31,Kalaburagi,2026-04-15,15473.097076271632,MODIS/061/MOD11A2,GAUL_L2_polygon_mean (Gulbarga),16278,2026_04_15,"{""type"":""MultiPoint"",""coordinates"":[]}"
31,Kalaburagi,2026-04-23,15546.566677378585,MODIS/061/MOD11A2,GAUL_L2_polygon_mean (Gulbarga),16278,2026_04_23,"{""type"":""MultiPoint"",""coordinates"":[]}"
31,Kalaburagi,2026-05-01,15615.98869562996,MODIS/061/MOD11A2,GAUL_L2_polygon_mean (Gulbarga),16278,2026_05_01,"{""type"":""MultiPoint"",""coordinates"":[]}"
31,Kalaburagi,2026-05-09,15517.13859115259,MODIS/061/MOD11A2,GAUL_L2_polygon_mean (Gulbarga),16278,2026_05_09,"{""type"":""MultiPoint"",""coordinates"":[]}"
31,Kalaburagi,2026-05-17,15481.118584986834,MODIS/061/MOD11A2,GAUL_L2_polygon_mean (Gulbarga),15283,2026_05_17,"{""type"":""MultiPoint"",""coordinates"":[]}"
31,Kalaburagi,2026-05-25,15305.894832694079,MODIS/061/MOD11A2,GAUL_L2_polygon_mean (Gulbarga),16278,2026_05_25,"{""type"":""MultiPoint"",""coordinates"":[]}"
31,Kalaburagi,2026-06-02,15346.889106940274,MODIS/061/MOD11A2,GAUL_L2_polygon_mean (Gulbarga),12803,2026_06_02,"{""type"":""MultiPoint"",""coordinates"":[]}"
31,Kalaburagi,2026-06-10,15338.616524075544,MODIS/061/MOD11A2,GAUL_L2_polygon_mean (Gulbarga),16244,2026_06_10,"{""type"":""MultiPoint"",""coordinates"":[]}"
31,Kalaburagi,2026-06-18,15546.647386577202,MODIS/061/MOD11A2,GAUL_L2_polygon_mean (Gulbarga),16270,2026_06_18,"{""type"":""MultiPoint"",""coordinates"":[]}"
31,Kalaburagi,2026-06-26,15370.599361401544,MODIS/061/MOD11A2,GAUL_L2_polygon_mean (Gulbarga),1962,2026_06_26,"{""type"":""MultiPoint"",""coordinates"":[]}"
31,Kalaburagi,2026-07-04,15045.273385434086,MODIS/061/MOD11A2,GAUL_L2_polygon_mean (Gulbarga),3060,2026_07_04,"{""type"":""MultiPoint"",""coordinates"":[]}"
31,Kalaburagi,2026-07-12,15090.87874330584,MODIS/061/MOD11A2,GAUL_L2_polygon_mean (Gulbarga),8774,2026_07_12,"{""type"":""MultiPoint"",""coordinates"":[]}"
31,Kalaburagi,2026-07-20,14984.549627820892,MODIS/061/MOD11A2,GAUL_L2_polygon_mean (Gulbarga),3481,2026_07_20,"{""type"":""MultiPoint"",""coordinates"":[]}"
31,Kalaburagi,2026-07-28,14883.350930072338,MODIS/061/MOD11A2,GAUL_L2_polygon_mean (Gulbarga),1092,2026_07_28,"{""type"":""MultiPoint"",""coordinates"":[]}"
31,Kalaburagi,2026-08-05,15000.632273929548,MODIS/061/MOD11A2,GAUL_L2_polygon_mean (Gulbarga),12317,2026_08_05,"{""type"":""MultiPoint"",""coordinates"":[]}"
31,Kalaburagi,2026-08-13,15035.309974761447,MODIS/061/MOD11A2,GAUL_L2_polygon_mean (Gulbarga),2834,2026_08_13,"{""type"":""MultiPoint"",""coordinates"":[]}"
31,Kalaburagi,2026-08-21,15107.133382173266,MODIS/061/MOD11A2,GAUL_L2_polygon_mean (Gulbarga),13714,2026_08_21,"{""type"":""MultiPoint"",""coordinates"":[]}"
31,Kalaburagi,2026-08-29,15200.730362854738,MODIS/061/MOD11A2,GAUL_L2_polygon_mean (Gulbarga),16278,2026_08_29,"{""type"":""MultiPoint"",""coordinates"":[]}"
31,Kalaburagi,2026-09-06,15140.053877058952,MODIS/061/MOD11A2,GAUL_L2_polygon_mean (Gulbarga),14253,2026_09_06,"{""type"":""MultiPoint"",""coordinates"":[]}"
31,Kalaburagi,2026-09-14,15289.978860688083,MODIS/061/MOD11A2,GAUL_L2_polygon_mean (Gulbarga),16257,2026_09_14,"{""type"":""MultiPoint"",""coordinates"":[]}"
