district_id,district_name,date,LST,dataset_source,extraction_method,valid_pixel_count,system:index,.geo
98,Bidar,2010-01-01,15296.807049480061,MODIS/061/MOD11A2,GAUL_L2_polygon_mean (Bidar),5450,2010_01_01,"{""type"":""MultiPoint"",""coordinates"":[]}"
98,Bidar,2010-01-09,15251.901510469235,MODIS/061/MOD11A2,GAUL_L2_polygon_mean (Bidar),5450,2010_01_09,"{""type"":""MultiPoint"",""coordinates"":[]}"
98,Bidar,2010-01-17,15369.775055708124,MODIS/061/MOD11A2,GAUL_L2_polygon_mean (Bidar),5450,2010_01_17,"{""type"":""MultiPoint"",""coordinates"":[]}"
98,Bidar,2010-01-25,15368.682011435918,MODIS/061/MOD11A2,GAUL_L2_polygon_mean (Bidar),5450,2010_01_25,"{""type"":""MultiPoint"",""coordinates"":[]}"
98,Bidar,2010-02-02,15437.596091760674,MODIS/061/MOD11A2,GAUL_L2_polygon_mean (Bidar),5450,2010_02_02,"{""type"":""MultiPoint"",""coordinates"":[]}"
98,Bidar,2010-02-10,15499.211383669835,MODIS/061/MOD11A2,GAUL_L2_polygon_mean (Bidar),5450,2010_02_10,"{""type"":""MultiPoint"",""coordinates"":[]}"
98,Bidar,2010-02-18,15604.793977405896,MODIS/061/MOD11A2,GAUL_L2_polygon_mean (Bidar),5450,2010_02_18,"{""type"":""MultiPoint"",""coordinates"":[]}"
98,Bidar,2010-02-26,15816.12151459924,MODIS/061/MOD11A2,GAUL_L2_polygon_mean (Bidar),5450,2010_02_26,"{""type"":""MultiPoint"",""coordinates"":[]}"
98,Bidar,2010-03-06,15860.286371096392,MODIS/061/MOD11A2,GAUL_L2_polygon_mean (Bidar),5450,2010_03_06,"{""type"":""MultiPoint"",""coordinates"":[]}"
98,Bidar,2010-03-14,15958.46713166256,MODIS/061/MOD11A2,GAUL_L2_polygon_mean (Bidar),5450,2010_03_14,"{""type"":""MultiPoint"",""coordinates"":[]}"
98,Bidar,2010-03-22,16016.23494549347,MODIS/061/MOD11A2,GAUL_L2_polygon_mean (Bidar),5450,2010_03_22,"{""type"":""MultiPoint"",""coordinates"":[]}"
98,Bidar,2010-03-30,16131.654042607968,MODIS/061/MOD11A2,GAUL_L2_polygon_mean (Bidar),5450,2010_03_30,"{""type"":""MultiPoint"",""coordinates"":[]}"
98,Bidar,2010-04-07,16096.93968124229,MODIS/061/MOD11A2,GAUL_L2_polygon_mean (Bidar),5450,2010_04_07,"{""type"":""MultiPoint"",""coordinates"":[]}"
98,Bidar,2010-04-15,16133.351306955572,MODIS/061/MOD11A2,GAUL_L2_polygon_mean (Bidar),5450,2010_04_15,"{""type"":""MultiPoint"",""coordinates"":[]}"
98,Bidar,2010-04-23,16231.442361060637,MODIS/061/MOD11A2,GAUL_L2_polygon_mean (Bidar),5450,2010_04_23,"{""type"":""MultiPoint"",""coordinates"":[]}"
98,Bidar,2010-05-01,15939.375042181306,MODIS/061/MOD11A2,GAUL_L2_polygon_mean (Bidar),5450,2010_05_01,"{""type"":""MultiPoint"",""coordinates"":[]}"
98,Bidar,2010-05-09,16233.811521959833,MODIS/061/MOD11A2,GAUL_L2_polygon_mean (Bidar),5450,2010_05_09,"{""type"":""MultiPoint"",""coordinates"":[]}"
98,Bidar,2010-05-17,16015.178462116808,MODIS/061/MOD11A2,GAUL_L2_polygon_mean (Bidar),5445,2010_05_17,"{""type"":""MultiPoint"",""coordinates"":[]}"
98,Bidar,2010-05-25,16028.529580892078,MODIS/061/MOD11A2,GAUL_L2_polygon_mean (Bidar),5450,2010_05_25,"{""type"":""MultiPoint"",""coordinates"":[]}"
98,Bidar,2010-06-02,15895.756126680173,MODIS/061/MOD11A2,GAUL_L2_polygon_mean (Bidar),5449,2010_06_02,"{""type"":""MultiPoint"",""coordinates"":[]}"
98,Bidar,2010-06-10,15870.95439166139,MODIS/061/MOD11A2,GAUL_L2_polygon_mean (Bidar),5087,2010_06_10,"{""type"":""MultiPoint"",""coordinates"":[]}"
98,Bidar,2010-06-18,15588.869863559416,MODIS/061/MOD11A2,GAUL_L2_polygon_mean (Bidar),1968,2010_06_18,"{""type"":""MultiPoint"",""coordinates"":[]}"
98,Bidar,2010-06-26,15735.059896888719,MODIS/061/MOD11A2,GAUL_L2_polygon_mean (Bidar),1528,2010_06_26,"{""type"":""MultiPoint"",""coordinates"":[]}"
98,Bidar,2010-07-04,15313.81076560172,MODIS/061/MOD11A2,GAUL_L2_polygon_mean (Bidar),1840,2010_07_04,"{""type"":""MultiPoint"",""coordinates"":[]}"
98,Bidar,2010-07-12,15421.993943472407,MODIS/061/MOD11A2,GAUL_L2_polygon_mean (Bidar),34,2010_07_12,"{""type"":""MultiPoint"",""coordinates"":[]}"
98,Bidar,2010-08-05,15173.932097855833,MODIS/061/MOD11A2,GAUL_L2_polygon_mean (Bidar),5003,2010_08_05,"{""type"":""MultiPoint"",""coordinates"":[]}"
98,Bidar,2010-08-13,14849.819354407535,MODIS/061/MOD11A2,GAUL_L2_polygon_mean (Bidar),58,2010_08_13,"{""type"":""MultiPoint"",""coordinates"":[]}"
98,Bidar,2010-08-21,14996.647545135296,MODIS/061/MOD11A2,GAUL_L2_polygon_mean (Bidar),1153,2010_08_21,"{""type"":""MultiPoint"",""coordinates"":[]}"
98,Bidar,2010-08-29,15034.309858294651,MODIS/061/MOD11A2,GAUL_L2_polygon_mean (Bidar),385,2010_08_29,"{""type"":""MultiPoint"",""coordinates"":[]}"
98,Bidar,2010-09-06,15232.342074062424,MODIS/061/MOD11A2,GAUL_L2_polygon_mean (Bidar),5242,2010_09_06,"{""type"":""MultiPoint"",""coordinates"":[]}"
98,Bidar,2010-09-14,15208.05457440383,MODIS/061/MOD11A2,GAUL_L2_polygon_mean (Bidar),1499,2010_09_14,"{""type"":""MultiPoint"",""coordinates"":[]}"
98,Bidar,2010-09-22,15187.872269938645,MODIS/061/MOD11A2,GAUL_L2_polygon_mean (Bidar),5401,2010_09_22,"{""type"":""MultiPoint"",""coordinates"":[]}"
98,Bidar,2010-09-30,15164.57787405504,MODIS/061/MOD11A2,GAUL_L2_polygon_mean (Bidar),5446,2010_09_30,"{""type"":""MultiPoint"",""coordinates"":[]}"
98,Bidar,2010-10-08,15311.847666590154,MODIS/061/MOD11A2,GAUL_L2_polygon_mean (Bidar),5450,2010_10_08,"{""type"":""MultiPoint"",""coordinates"":[]}"
98,Bidar,2010-10-16,15107.350848198823,MODIS/061/MOD11A2,GAUL_L2_polygon_mean (Bidar),690,2010_10_16,"{""type"":""MultiPoint"",""coordinates"":[]}"
98,Bidar,2010-10-24,15150.24265649182,MODIS/061/MOD11A2,GAUL_L2_polygon_mean (Bidar),5450,2010_10_24,"{""type"":""MultiPoint"",""coordinates"":[]}"
98,Bidar,2010-11-01,15087.744970907344,MODIS/061/MOD11A2,GAUL_L2_polygon_mean (Bidar),512,2010_11_01,"{""type"":""MultiPoint"",""coordinates"":[]}"
98,Bidar,2010-11-09,15154.627771106332,MODIS/061/MOD11A2,GAUL_L2_polygon_mean (Bidar),5450,2010_11_09,"{""type"":""MultiPoint"",""coordinates"":[]}"
98,Bidar,2010-11-17,15191.806092530542,MODIS/061/MOD11A2,GAUL_L2_polygon_mean (Bidar),5450,2010_11_17,"{""type"":""MultiPoint"",""coordinates"":[]}"
98,Bidar,2010-11-25,15212.117330643321,MODIS/061/MOD11A2,GAUL_L2_polygon_mean (Bidar),5450,2010_11_25,"{""type"":""MultiPoint"",""coordinates"":[]}"
98,Bidar,2010-12-03,15032.040735777447,MODIS/061/MOD11A2,GAUL_L2_polygon_mean (Bidar),5238,2010_12_03,"{""type"":""MultiPoint"",""coordinates"":[]}"
98,Bidar,2010-12-11,15143.02764073094,MODIS/061/MOD11A2,GAUL_L2_polygon_mean (Bidar),5450,2010_12_11,"{""type"":""MultiPoint"",""coordinates"":[]}"
98,Bidar,2010-12-19,15204.496001318137,MODIS/061/MOD11A2,GAUL_L2_polygon_mean (Bidar),5450,2010_12_19,"{""type"":""MultiPoint"",""coordinates"":[]}"
98,Bidar,2010-12-27,15185.048466974102,MODIS/061/MOD11A2,GAUL_L2_polygon_mean (Bidar),5450,2010_12_27,"{""type"":""MultiPoint"",""coordinates"":[]}"
98,Bidar,2011-01-01,15140.9467619491,MODIS/061/MOD11A2,GAUL_L2_polygon_mean (Bidar),5450,2011_01_01,"{""type"":""MultiPoint"",""coordinates"":[]}"
98,Bidar,2011-01-09,15276.015691093851,MODIS/061/MOD11A2,GAUL_L2_polygon_mean (Bidar),5450,2011_01_09,"{""type"":""MultiPoint"",""coordinates"":[]}"
98,Bidar,2011-01-17,15391.58175766442,MODIS/061/MOD11A2,GAUL_L2_polygon_mean (Bidar),5450,2011_01_17,"{""type"":""MultiPoint"",""coordinates"":[]}"
98,Bidar,2011-01-25,15437.348672826161,MODIS/061/MOD11A2,GAUL_L2_polygon_mean (Bidar),5450,2011_01_25,"{""type"":""MultiPoint"",""coordinates"":[]}"
98,Bidar,2011-02-02,15528.647743290023,MODIS/061/MOD11A2,GAUL_L2_polygon_mean (Bidar),5450,2011_02_02,"{""type"":""MultiPoint"",""coordinates"":[]}"
98,Bidar,2011-02-10,15503.20616505724,MODIS/061/MOD11A2,GAUL_L2_polygon_mean (Bidar),5450,2011_02_10,"{""type"":""MultiPoint"",""coordinates"":[]}"
98,Bidar,2011-02-18,15439.711381151541,MODIS/061/MOD11A2,GAUL_L2_polygon_mean (Bidar),5450,2011_02_18,"{""type"":""MultiPoint"",""coordinates"":[]}"
98,Bidar,2011-02-26,15563.599118743057,MODIS/061/MOD11A2,GAUL_L2_polygon_mean (Bidar),5450,2011_02_26,"{""type"":""MultiPoint"",""coordinates"":[]}"
98,Bidar,2011-03-06,15865.347107889947,MODIS/061/MOD11A2,GAUL_L2_polygon_mean (Bidar),5450,2011_03_06,"{""type"":""MultiPoint"",""coordinates"":[]}"
98,Bidar,2011-03-14,15915.1550948927,MODIS/061/MOD11A2,GAUL_L2_polygon_mean (Bidar),5450,2011_03_14,"{""type"":""MultiPoint"",""coordinates"":[]}"
98,Bidar,2011-03-22,15878.892147473833,MODIS/061/MOD11A2,GAUL_L2_polygon_mean (Bidar),5450,2011_03_22,"{""type"":""MultiPoint"",""coordinates"":[]}"
98,Bidar,2011-03-30,16017.921697786715,MODIS/061/MOD11A2,GAUL_L2_polygon_mean (Bidar),5450,2011_03_30,"{""type"":""MultiPoint"",""coordinates"":[]}"
98,Bidar,2011-04-07,15844.026572257244,MODIS/061/MOD11A2,GAUL_L2_polygon_mean (Bidar),5450,2011_04_07,"{""type"":""MultiPoint"",""coordinates"":[]}"
98,Bidar,2011-04-15,15887.151415313918,MODIS/061/MOD11A2,GAUL_L2_polygon_mean (Bidar),5450,2011_04_15,"{""type"":""MultiPoint"",""coordinates"":[]}"
98,Bidar,2011-04-23,15857.09217654208,MODIS/061/MOD11A2,GAUL_L2_polygon_mean (Bidar),5450,2011_04_23,"{""type"":""MultiPoint"",""coordinates"":[]}"
98,Bidar,2011-05-01,15929.364171810581,MODIS/061/MOD11A2,GAUL_L2_polygon_mean (Bidar),5450,2011_05_01,"{""type"":""MultiPoint"",""coordinates"":[]}"
98,Bidar,2011-05-09,15993.541638455828,MODIS/061/MOD11A2,GAUL_L2_polygon_mean (Bidar),5450,2011_05_09,"{""type"":""MultiPoint"",""coordinates"":[]}"
98,Bidar,2011-05-17,15801.023052867115,MODIS/061/MOD11A2,GAUL_L2_polygon_mean (Bidar),5447,2011_05_17,"{""type"":""MultiPoint"",""coordinates"":[]}"
98,Bidar,2011-05-25,15842.988746411273,MODIS/061/MOD11A2,GAUL_L2_polygon_mean (Bidar),5447,2011_05_25,"{""type"":""MultiPoint"",""coordinates"":[]}"
98,Bidar,2011-06-02,15682.662640101778,MODIS/061/MOD11A2,GAUL_L2_polygon_mean (Bidar),4337,2011_06_02,"{""type"":""MultiPoint"",""coordinates"":[]}"
98,Bidar,2011-06-10,15743.691270747178,MODIS/061/MOD11A2,GAUL_L2_polygon_mean (Bidar),5060,2011_06_10,"{""type"":""MultiPoint"",""coordinates"":[]}"
98,Bidar,2011-06-18,15512.790072922218,MODIS/061/MOD11A2,GAUL_L2_polygon_mean (Bidar),5116,2011_06_18,"{""type"":""MultiPoint"",""coordinates"":[]}"
98,Bidar,2011-06-26,15486.461549369293,MODIS/061/MOD11A2,GAUL_L2_polygon_mean (Bidar),2516,2011_06_26,"{""type"":""MultiPoint"",""coordinates"":[]}"
98,Bidar,2011-07-04,15389.879696944978,MODIS/061/MOD11A2,GAUL_L2_polygon_mean (Bidar),3123,2011_07_04,"{""type"":""MultiPoint"",""coordinates"":[]}"
98,Bidar,2011-07-20,15140.234253947428,MODIS/061/MOD11A2,GAUL_L2_polygon_mean (Bidar),1369,2011_07_20,"{""type"":""MultiPoint"",""coordinates"":[]}"
98,Bidar,2011-07-28,15470.013877933183,MODIS/061/MOD11A2,GAUL_L2_polygon_mean (Bidar),611,2011_07_28,"{""type"":""MultiPoint"",""coordinates"":[]}"
98,Bidar,2011-08-05,15062.318671837475,MODIS/061/MOD11A2,GAUL_L2_polygon_mean (Bidar),440,2011_08_05,"{""type"":""MultiPoint"",""coordinates"":[]}"
98,Bidar,2011-08-13,15126.950047863542,MODIS/061/MOD11A2,GAUL_L2_polygon_mean (Bidar),45,2011_08_13,"{""type"":""MultiPoint"",""coordinates"":[]}"
98,Bidar,2011-08-21,14958.869565217392,MODIS/061/MOD11A2,GAUL_L2_polygon_mean (Bidar),23,2011_08_21,"{""type"":""MultiPoint"",""coordinates"":[]}"
98,Bidar,2011-08-29,15029.413516987304,MODIS/061/MOD11A2,GAUL_L2_polygon_mean (Bidar),570,2011_08_29,"{""type"":""MultiPoint"",""coordinates"":[]}"
98,Bidar,2011-09-06,15151.70477844314,MODIS/061/MOD11A2,GAUL_L2_polygon_mean (Bidar),3087,2011_09_06,"{""type"":""MultiPoint"",""coordinates"":[]}"
98,Bidar,2011-09-14,15163.654444606438,MODIS/061/MOD11A2,GAUL_L2_polygon_mean (Bidar),3093,2011_09_14,"{""type"":""MultiPoint"",""coordinates"":[]}"
98,Bidar,2011-09-22,15198.386812661021,MODIS/061/MOD11A2,GAUL_L2_polygon_mean (Bidar),4622,2011_09_22,"{""type"":""MultiPoint"",""coordinates"":[]}"
98,Bidar,2011-09-30,15379.659955548623,MODIS/061/MOD11A2,GAUL_L2_polygon_mean (Bidar),5450,2011_09_30,"{""type"":""MultiPoint"",""coordinates"":[]}"
98,Bidar,2011-10-08,15349.179230113099,MODIS/061/MOD11A2,GAUL_L2_polygon_mean (Bidar),5443,2011_10_08,"{""type"":""MultiPoint"",""coordinates"":[]}"
98,Bidar,2011-10-16,15451.816837706381,MODIS/061/MOD11A2,GAUL_L2_polygon_mean (Bidar),5450,2011_10_16,"{""type"":""MultiPoint"",""coordinates"":[]}"
98,Bidar,2011-10-24,15371.53508011395,MODIS/061/MOD11A2,GAUL_L2_polygon_mean (Bidar),5450,2011_10_24,"{""type"":""MultiPoint"",""coordinates"":[]}"
98,Bidar,2011-11-01,15427.664158211806,MODIS/061/MOD11A2,GAUL_L2_polygon_mean (Bidar),5450,2011_11_01,"{""type"":""MultiPoint"",""coordinates"":[]}"
98,Bidar,2011-11-09,15437.443923838337,MODIS/061/MOD11A2,GAUL_L2_polygon_mean (Bidar),5450,2011_11_09,"{""type"":""MultiPoint"",""coordinates"":[]}"
98,Bidar,2011-11-17,15421.22864113891,MODIS/061/MOD11A2,GAUL_L2_polygon_mean (Bidar),5450,2011_11_17,"{""type"":""MultiPoint"",""coordinates"":[]}"
98,Bidar,2011-11-25,15355.20140909016,MODIS/061/MOD11A2,GAUL_L2_polygon_mean (Bidar),5450,2011_11_25,"{""type"":""MultiPoint"",""coordinates"":[]}"
98,Bidar,2011-12-03,15399.72848392578,MODIS/061/MOD11A2,GAUL_L2_polygon_mean (Bidar),5450,2011_12_03,"{""type"":""MultiPoint"",""coordinates"":[]}"
98,Bidar,2011-12-11,15316.257438123846,MODIS/061/MOD11A2,GAUL_L2_polygon_mean (Bidar),5450,2011_12_11,"{""type"":""MultiPoint"",""coordinates"":[]}"
98,Bidar,2011-12-19,15297.691175846301,MODIS/061/MOD11A2,GAUL_L2_polygon_mean (Bidar),5450,2011_12_19,"{""type"":""MultiPoint"",""coordinates"":[]}"
98,Bidar,2011-12-27,15250.991494764345,MODIS/061/MOD11A2,GAUL_L2_polygon_mean (Bidar),5439,2011_12_27,"{""type"":""MultiPoint"",""coordinates"":[]}"
98,Bidar,2012-01-01,15359.702749179214,MODIS/061/MOD11A2,GAUL_L2_polygon_mean (Bidar),5450,2012_01_01,"{""type"":""MultiPoint"",""coordinates"":[]}"
98,Bidar,2012-01-09,15299.327894790249,MODIS/061/MOD11A2,GAUL_L2_polygon_mean (Bidar),5450,2012_01_09,"{""type"":""MultiPoint"",""coordinates"":[]}"
98,Bidar,2012-01-17,15344.245319401694,MODIS/061/MOD11A2,GAUL_L2_polygon_mean (Bidar),5450,2012_01_17,"{""type"":""MultiPoint"",""coordinates"":[]}"
98,Bidar,2012-01-25,15394.592723010639,MODIS/061/MOD11A2,GAUL_L2_polygon_mean (Bidar),5450,2012_01_25,"{""type"":""MultiPoint"",""coordinates"":[]}"
98,Bidar,2012-02-02,15404.202167454652,MODIS/061/MOD11A2,GAUL_L2_polygon_mean (Bidar),5450,2012_02_02,"{""type"":""MultiPoint"",""coordinates"":[]}"
98,Bidar,2012-02-10,15510.621107715844,MODIS/061/MOD11A2,GAUL_L2_polygon_mean (Bidar),5450,2012_02_10,"{""type"":""MultiPoint"",""coordinates"":[]}"
98,Bidar,2012-02-18,15701.881801626529,MODIS/061/MOD11A2,GAUL_L2_polygon_mean (Bidar),5450,2012_02_18,"{""type"":""MultiPoint"",""coordinates"":[]}"
98,Bidar,2012-02-26,15850.638656586809,MODIS/061/MOD11A2,GAUL_L2_polygon_mean (Bidar),5450,2012_02_26,"{""type"":""MultiPoint"",""coordinates"":[]}"
98,Bidar,2012-03-05,15772.19271380084,MODIS/061/MOD11A2,GAUL_L2_polygon_mean (Bidar),5450,2012_03_05,"{""type"":""MultiPoint"",""coordinates"":[]}"
98,Bidar,2012-03-13,15972.705036504381,MODIS/061/MOD11A2,GAUL_L2_polygon_mean (Bidar),5450,2012_03_13,"{""type"":""MultiPoint"",""coordinates"":[]}"
98,Bidar,2012-03-21,15909.578722047905,MODIS/061/MOD11A2,GAUL_L2_polygon_mean (Bidar),5450,2012_03_21,"{""type"":""MultiPoint"",""coordinates"":[]}"
98,Bidar,2012-03-29,15902.92217266394,MODIS/061/MOD11A2,GAUL_L2_polygon_mean (Bidar),5450,2012_03_29,"{""type"":""MultiPoint"",""coordinates"":[]}"
98,Bidar,2012-04-06,15985.123573119938,MODIS/061/MOD11A2,GAUL_L2_polygon_mean (Bidar),5450,2012_04_06,"{""type"":""MultiPoint"",""coordinates"":[]}"
98,Bidar,2012-04-14,15995.055318156914,MODIS/061/MOD11A2,GAUL_L2_polygon_mean (Bidar),5450,2012_04_14,"{""type"":""MultiPoint"",""coordinates"":[]}"
98,Bidar,2012-04-22,15926.994352558904,MODIS/061/MOD11A2,GAUL_L2_polygon_mean (Bidar),5450,2012_04_22,"{""type"":""MultiPoint"",""coordinates"":[]}"
98,Bidar,2012-04-30,15986.509087062974,MODIS/061/MOD11A2,GAUL_L2_polygon_mean (Bidar),5450,2012_04_30,"{""type"":""MultiPoint"",""coordinates"":[]}"
98,Bidar,2012-05-08,15973.678320344934,MODIS/061/MOD11A2,GAUL_L2_polygon_mean (Bidar),5450,2012_05_08,"{""type"":""MultiPoint"",""coordinates"":[]}"
98,Bidar,2012-05-16,16108.510995424507,MODIS/061/MOD11A2,GAUL_L2_polygon_mean (Bidar),5449,2012_05_16,"{""type"":""MultiPoint"",""coordinates"":[]}"
98,Bidar,2012-05-24,15921.44519918997,MODIS/061/MOD11A2,GAUL_L2_polygon_mean (Bidar),5449,2012_05_24,"{""type"":""MultiPoint"",""coordinates"":[]}"
98,Bidar,2012-06-01,15899.79888426558,MODIS/061/MOD11A2,GAUL_L2_polygon_mean (Bidar),5449,2012_06_01,"{""type"":""MultiPoint"",""coordinates"":[]}"
98,Bidar,2012-06-09,15868.21422645742,MODIS/061/MOD11A2,GAUL_L2_polygon_mean (Bidar),5450,2012_06_09,"{""type"":""MultiPoint"",""coordinates"":[]}"
98,Bidar,2012-06-17,15609.986920214142,MODIS/061/MOD11A2,GAUL_L2_polygon_mean (Bidar),471,2012_06_17,"{""type"":""MultiPoint"",""coordinates"":[]}"
98,Bidar,2012-06-25,15441.747957966485,MODIS/061/MOD11A2,GAUL_L2_polygon_mean (Bidar),690,2012_06_25,"{""type"":""MultiPoint"",""coordinates"":[]}"
98,Bidar,2012-07-11,15531.973212636987,MODIS/061/MOD11A2,GAUL_L2_polygon_mean (Bidar),2951,2012_07_11,"{""type"":""MultiPoint"",""coordinates"":[]}"
98,Bidar,2012-07-19,15075.76544562171,MODIS/061/MOD11A2,GAUL_L2_polygon_mean (Bidar),930,2012_07_19,"{""type"":""MultiPoint"",""coordinates"":[]}"
98,Bidar,2012-07-27,15024.44757520951,MODIS/061/MOD11A2,GAUL_L2_polygon_mean (Bidar),1396,2012_07_27,"{""type"":""MultiPoint"",""coordinates"":[]}"
98,Bidar,2012-08-04,15145.419431763865,MODIS/061/MOD11A2,GAUL_L2_polygon_mean (Bidar),4989,2012_08_04,"{""type"":""MultiPoint"",""coordinates"":[]}"
98,Bidar,2012-08-12,15040.333760196956,MODIS/061/MOD11A2,GAUL_L2_polygon_mean (Bidar),1580,2012_08_12,"{""type"":""MultiPoint"",""coordinates"":[]}"
98,Bidar,2012-08-20,14879.277482512023,MODIS/061/MOD11A2,GAUL_L2_polygon_mean (Bidar),200,2012_08_20,"{""type"":""MultiPoint"",""coordinates"":[]}"
98,Bidar,2012-08-28,15137.003358296382,MODIS/061/MOD11A2,GAUL_L2_polygon_mean (Bidar),1355,2012_08_28,"{""type"":""MultiPoint"",""coordinates"":[]}"
98,Bidar,2012-09-05,15099.38972913352,MODIS/061/MOD11A2,GAUL_L2_polygon_mean (Bidar),3313,2012_09_05,"{""type"":""MultiPoint"",""coordinates"":[]}"
98,Bidar,2012-09-13,15150.877035092362,MODIS/061/MOD11A2,GAUL_L2_polygon_mean (Bidar),4403,2012_09_13,"{""type"":""MultiPoint"",""coordinates"":[]}"
98,Bidar,2012-09-21,15312.087919814336,MODIS/061/MOD11A2,GAUL_L2_polygon_mean (Bidar),5214,2012_09_21,"{""type"":""MultiPoint"",""coordinates"":[]}"
98,Bidar,2012-09-29,15355.413053003953,MODIS/061/MOD11A2,GAUL_L2_polygon_mean (Bidar),3418,2012_09_29,"{""type"":""MultiPoint"",""coordinates"":[]}"
98,Bidar,2012-10-07,15323.57953797327,MODIS/061/MOD11A2,GAUL_L2_polygon_mean (Bidar),5450,2012_10_07,"{""type"":""MultiPoint"",""coordinates"":[]}"
98,Bidar,2012-10-15,15349.379829806865,MODIS/061/MOD11A2,GAUL_L2_polygon_mean (Bidar),5450,2012_10_15,"{""type"":""MultiPoint"",""coordinates"":[]}"
98,Bidar,2012-10-23,15240.098188775195,MODIS/061/MOD11A2,GAUL_L2_polygon_mean (Bidar),5450,2012_10_23,"{""type"":""MultiPoint"",""coordinates"":[]}"
98,Bidar,2012-10-31,15225.28059054578,MODIS/061/MOD11A2,GAUL_L2_polygon_mean (Bidar),5450,2012_10_31,"{""type"":""MultiPoint"",""coordinates"":[]}"
98,Bidar,2012-11-08,15260.66678802417,MODIS/061/MOD11A2,GAUL_L2_polygon_mean (Bidar),5450,2012_11_08,"{""type"":""MultiPoint"",""coordinates"":[]}"
98,Bidar,2012-11-16,15242.166977615303,MODIS/061/MOD11A2,GAUL_L2_polygon_mean (Bidar),5450,2012_11_16,"{""type"":""MultiPoint"",""coordinates"":[]}"
98,Bidar,2012-11-24,15270.545094266718,MODIS/061/MOD11A2,GAUL_L2_polygon_mean (Bidar),5450,2012_11_24,"{""type"":""MultiPoint"",""coordinates"":[]}"
98,Bidar,2012-12-02,15280.909553162144,MODIS/061/MOD11A2,GAUL_L2_polygon_mean (Bidar),5450,2012_12_02,"{""type"":""MultiPoint"",""coordinates"":[]}"
98,Bidar,2012-12-10,15324.54957753917,MODIS/061/MOD11A2,GAUL_L2_polygon_mean (Bidar),5450,2012_12_10,"{""type"":""MultiPoint"",""coordinates"":[]}"
98,Bidar,2012-12-18,15229.626417706297,MODIS/061/MOD11A2,GAUL_L2_polygon_mean (Bidar),5450,2012_12_18,"{""type"":""MultiPoint"",""coordinates"":[]}"
98,Bidar,2012-12-26,15272.771285470984,MODIS/061/MOD11A2,GAUL_L2_polygon_mean (Bidar),5450,2012_12_26,"{""type"":""MultiPoint"",""coordinates"":[]}"
98,Bidar,2013-01-01,15332.628220081133,MODIS/061/MOD11A2,GAUL_L2_polygon_mean (Bidar),5450,2013_01_01,"{""type"":""MultiPoint"",""coordinates"":[]}"
98,Bidar,2013-01-09,15402.68455418745,MODIS/061/MOD11A2,GAUL_L2_polygon_mean (Bidar),5450,2013_01_09,"{""type"":""MultiPoint"",""coordinates"":[]}"
98,Bidar,2013-01-17,15349.987997838592,MODIS/061/MOD11A2,GAUL_L2_polygon_mean (Bidar),5450,2013_01_17,"{""type"":""MultiPoint"",""coordinates"":[]}"
98,Bidar,2013-01-25,15348.979630646285,MODIS/061/MOD11A2,GAUL_L2_polygon_mean (Bidar),5450,2013_01_25,"{""type"":""MultiPoint"",""coordinates"":[]}"
98,Bidar,2013-02-02,15407.275792127539,MODIS/061/MOD11A2,GAUL_L2_polygon_mean (Bidar),5450,2013_02_02,"{""type"":""MultiPoint"",""coordinates"":[]}"
98,Bidar,2013-02-10,15485.69907535654,MODIS/061/MOD11A2,GAUL_L2_polygon_mean (Bidar),5450,2013_02_10,"{""type"":""MultiPoint"",""coordinates"":[]}"
98,Bidar,2013-02-18,15587.38564489403,MODIS/061/MOD11A2,GAUL_L2_polygon_mean (Bidar),5450,2013_02_18,"{""type"":""MultiPoint"",""coordinates"":[]}"
98,Bidar,2013-02-26,15827.482186708758,MODIS/061/MOD11A2,GAUL_L2_polygon_mean (Bidar),5450,2013_02_26,"{""type"":""MultiPoint"",""coordinates"":[]}"
98,Bidar,2013-03-06,15800.0157277889,MODIS/061/MOD11A2,GAUL_L2_polygon_mean (Bidar),5450,2013_03_06,"{""type"":""MultiPoint"",""coordinates"":[]}"
98,Bidar,2013-03-14,15820.666670024382,MODIS/061/MOD11A2,GAUL_L2_polygon_mean (Bidar),5450,2013_03_14,"{""type"":""MultiPoint"",""coordinates"":[]}"
98,Bidar,2013-03-22,15907.51630735491,MODIS/061/MOD11A2,GAUL_L2_polygon_mean (Bidar),5450,2013_03_22,"{""type"":""MultiPoint"",""coordinates"":[]}"
98,Bidar,2013-03-30,16045.778037361308,MODIS/061/MOD11A2,GAUL_L2_polygon_mean (Bidar),5450,2013_03_30,"{""type"":""MultiPoint"",""coordinates"":[]}"
98,Bidar,2013-04-07,16025.375154903133,MODIS/061/MOD11A2,GAUL_L2_polygon_mean (Bidar),5449,2013_04_07,"{""type"":""MultiPoint"",""coordinates"":[]}"
98,Bidar,2013-04-15,16133.192495789062,MODIS/061/MOD11A2,GAUL_L2_polygon_mean (Bidar),5450,2013_04_15,"{""type"":""MultiPoint"",""coordinates"":[]}"
98,Bidar,2013-04-23,16064.463257909949,MODIS/061/MOD11A2,GAUL_L2_polygon_mean (Bidar),5449,2013_04_23,"{""type"":""MultiPoint"",""coordinates"":[]}"
98,Bidar,2013-05-01,16128.080634148135,MODIS/061/MOD11A2,GAUL_L2_polygon_mean (Bidar),5450,2013_05_01,"{""type"":""MultiPoint"",""coordinates"":[]}"
98,Bidar,2013-05-09,16068.704011920845,MODIS/061/MOD11A2,GAUL_L2_polygon_mean (Bidar),5450,2013_05_09,"{""type"":""MultiPoint"",""coordinates"":[]}"
98,Bidar,2013-05-17,15983.470681009889,MODIS/061/MOD11A2,GAUL_L2_polygon_mean (Bidar),5450,2013_05_17,"{""type"":""MultiPoint"",""coordinates"":[]}"
98,Bidar,2013-05-25,15851.331453858606,MODIS/061/MOD11A2,GAUL_L2_polygon_mean (Bidar),5450,2013_05_25,"{""type"":""MultiPoint"",""coordinates"":[]}"
98,Bidar,2013-06-02,15735.174857491682,MODIS/061/MOD11A2,GAUL_L2_polygon_mean (Bidar),5447,2013_06_02,"{""type"":""MultiPoint"",""coordinates"":[]}"
98,Bidar,2013-06-10,15395.988055664187,MODIS/061/MOD11A2,GAUL_L2_polygon_mean (Bidar),481,2013_06_10,"{""type"":""MultiPoint"",""coordinates"":[]}"
98,Bidar,2013-06-18,15529.528231462711,MODIS/061/MOD11A2,GAUL_L2_polygon_mean (Bidar),3989,2013_06_18,"{""type"":""MultiPoint"",""coordinates"":[]}"
98,Bidar,2013-06-26,15158.935483870968,MODIS/061/MOD11A2,GAUL_L2_polygon_mean (Bidar),31,2013_06_26,"{""type"":""MultiPoint"",""coordinates"":[]}"
98,Bidar,2013-07-04,15346.609699032779,MODIS/061/MOD11A2,GAUL_L2_polygon_mean (Bidar),762,2013_07_04,"{""type"":""MultiPoint"",""coordinates"":[]}"
98,Bidar,2013-07-12,15075.766010044908,MODIS/061/MOD11A2,GAUL_L2_polygon_mean (Bidar),250,2013_07_12,"{""type"":""MultiPoint"",""coordinates"":[]}"
98,Bidar,2013-07-28,15201.705405387958,MODIS/061/MOD11A2,GAUL_L2_polygon_mean (Bidar),1820,2013_07_28,"{""type"":""MultiPoint"",""coordinates"":[]}"
98,Bidar,2013-08-05,15210.39210019268,MODIS/061/MOD11A2,GAUL_L2_polygon_mean (Bidar),8,2013_08_05,"{""type"":""MultiPoint"",""coordinates"":[]}"
98,Bidar,2013-08-13,14942.34720229555,MODIS/061/MOD11A2,GAUL_L2_polygon_mean (Bidar),62,2013_08_13,"{""type"":""MultiPoint"",""coordinates"":[]}"
98,Bidar,2013-08-21,14715.03335340157,MODIS/061/MOD11A2,GAUL_L2_polygon_mean (Bidar),1465,2013_08_21,"{""type"":""MultiPoint"",""coordinates"":[]}"
98,Bidar,2013-08-29,15295.289130211038,MODIS/061/MOD11A2,GAUL_L2_polygon_mean (Bidar),4648,2013_08_29,"{""type"":""MultiPoint"",""coordinates"":[]}"
98,Bidar,2013-09-06,15243.718422754946,MODIS/061/MOD11A2,GAUL_L2_polygon_mean (Bidar),2061,2013_09_06,"{""type"":""MultiPoint"",""coordinates"":[]}"
98,Bidar,2013-09-14,15286.66321334133,MODIS/061/MOD11A2,GAUL_L2_polygon_mean (Bidar),3161,2013_09_14,"{""type"":""MultiPoint"",""coordinates"":[]}"
98,Bidar,2013-09-22,15177.338203373565,MODIS/061/MOD11A2,GAUL_L2_polygon_mean (Bidar),5445,2013_09_22,"{""type"":""MultiPoint"",""coordinates"":[]}"
98,Bidar,2013-09-30,15124.913086333156,MODIS/061/MOD11A2,GAUL_L2_polygon_mean (Bidar),1297,2013_09_30,"{""type"":""MultiPoint"",""coordinates"":[]}"
98,Bidar,2013-10-08,15156.254307442885,MODIS/061/MOD11A2,GAUL_L2_polygon_mean (Bidar),5038,2013_10_08,"{""type"":""MultiPoint"",""coordinates"":[]}"
98,Bidar,2013-10-16,15295.312068428371,MODIS/061/MOD11A2,GAUL_L2_polygon_mean (Bidar),5450,2013_10_16,"{""type"":""MultiPoint"",""coordinates"":[]}"
98,Bidar,2013-10-24,15236.465446568047,MODIS/061/MOD11A2,GAUL_L2_polygon_mean (Bidar),5450,2013_10_24,"{""type"":""MultiPoint"",""coordinates"":[]}"
98,Bidar,2013-11-01,15193.729979788945,MODIS/061/MOD11A2,GAUL_L2_polygon_mean (Bidar),5450,2013_11_01,"{""type"":""MultiPoint"",""coordinates"":[]}"
98,Bidar,2013-11-09,15213.434026246314,MODIS/061/MOD11A2,GAUL_L2_polygon_mean (Bidar),5450,2013_11_09,"{""type"":""MultiPoint"",""coordinates"":[]}"
98,Bidar,2013-11-17,15270.265548450778,MODIS/061/MOD11A2,GAUL_L2_polygon_mean (Bidar),5450,2013_11_17,"{""type"":""MultiPoint"",""coordinates"":[]}"
98,Bidar,2013-11-25,15158.817396766362,MODIS/061/MOD11A2,GAUL_L2_polygon_mean (Bidar),5450,2013_11_25,"{""type"":""MultiPoint"",""coordinates"":[]}"
98,Bidar,2013-12-03,15189.475428342816,MODIS/061/MOD11A2,GAUL_L2_polygon_mean (Bidar),5450,2013_12_03,"{""type"":""MultiPoint"",""coordinates"":[]}"
98,Bidar,2013-12-11,15215.030782835076,MODIS/061/MOD11A2,GAUL_L2_polygon_mean (Bidar),5450,2013_12_11,"{""type"":""MultiPoint"",""coordinates"":[]}"
98,Bidar,2013-12-19,15187.118878311276,MODIS/061/MOD11A2,GAUL_L2_polygon_mean (Bidar),5450,2013_12_19,"{""type"":""MultiPoint"",""coordinates"":[]}"
98,Bidar,2013-12-27,15160.606698070924,MODIS/061/MOD11A2,GAUL_L2_polygon_mean (Bidar),5450,2013_12_27,"{""type"":""MultiPoint"",""coordinates"":[]}"
98,Bidar,2014-01-01,15204.132964895793,MODIS/061/MOD11A2,GAUL_L2_polygon_mean (Bidar),5450,2014_01_01,"{""type"":""MultiPoint"",""coordinates"":[]}"
98,Bidar,2014-01-09,15263.177653718138,MODIS/061/MOD11A2,GAUL_L2_polygon_mean (Bidar),5450,2014_01_09,"{""type"":""MultiPoint"",""coordinates"":[]}"
98,Bidar,2014-01-17,15259.938627158806,MODIS/061/MOD11A2,GAUL_L2_polygon_mean (Bidar),5450,2014_01_17,"{""type"":""MultiPoint"",""coordinates"":[]}"
98,Bidar,2014-01-25,15297.2950548735,MODIS/061/MOD11A2,GAUL_L2_polygon_mean (Bidar),5450,2014_01_25,"{""type"":""MultiPoint"",""coordinates"":[]}"
98,Bidar,2014-02-02,15470.116311096359,MODIS/061/MOD11A2,GAUL_L2_polygon_mean (Bidar),5450,2014_02_02,"{""type"":""MultiPoint"",""coordinates"":[]}"
98,Bidar,2014-02-10,15453.630005187673,MODIS/061/MOD11A2,GAUL_L2_polygon_mean (Bidar),5450,2014_02_10,"{""type"":""MultiPoint"",""coordinates"":[]}"
98,Bidar,2014-02-18,15473.71324324578,MODIS/061/MOD11A2,GAUL_L2_polygon_mean (Bidar),5450,2014_02_18,"{""type"":""MultiPoint"",""coordinates"":[]}"
98,Bidar,2014-02-26,15436.550802146736,MODIS/061/MOD11A2,GAUL_L2_polygon_mean (Bidar),5450,2014_02_26,"{""type"":""MultiPoint"",""coordinates"":[]}"
98,Bidar,2014-03-06,15256.592303535737,MODIS/061/MOD11A2,GAUL_L2_polygon_mean (Bidar),5450,2014_03_06,"{""type"":""MultiPoint"",""coordinates"":[]}"
98,Bidar,2014-03-14,15776.06732895245,MODIS/061/MOD11A2,GAUL_L2_polygon_mean (Bidar),5450,2014_03_14,"{""type"":""MultiPoint"",""coordinates"":[]}"
98,Bidar,2014-03-22,15807.034164536319,MODIS/061/MOD11A2,GAUL_L2_polygon_mean (Bidar),5450,2014_03_22,"{""type"":""MultiPoint"",""coordinates"":[]}"
98,Bidar,2014-03-30,15907.217626865957,MODIS/061/MOD11A2,GAUL_L2_polygon_mean (Bidar),5450,2014_03_30,"{""type"":""MultiPoint"",""coordinates"":[]}"
98,Bidar,2014-04-07,15945.60973224841,MODIS/061/MOD11A2,GAUL_L2_polygon_mean (Bidar),5450,2014_04_07,"{""type"":""MultiPoint"",""coordinates"":[]}"
98,Bidar,2014-04-15,15869.894175775093,MODIS/061/MOD11A2,GAUL_L2_polygon_mean (Bidar),5450,2014_04_15,"{""type"":""MultiPoint"",""coordinates"":[]}"
98,Bidar,2014-04-23,15987.615094763178,MODIS/061/MOD11A2,GAUL_L2_polygon_mean (Bidar),5450,2014_04_23,"{""type"":""MultiPoint"",""coordinates"":[]}"
98,Bidar,2014-05-01,15895.420485051085,MODIS/061/MOD11A2,GAUL_L2_polygon_mean (Bidar),5450,2014_05_01,"{""type"":""MultiPoint"",""coordinates"":[]}"
98,Bidar,2014-05-09,15931.59790348911,MODIS/061/MOD11A2,GAUL_L2_polygon_mean (Bidar),5450,2014_05_09,"{""type"":""MultiPoint"",""coordinates"":[]}"
98,Bidar,2014-05-17,15960.706633818572,MODIS/061/MOD11A2,GAUL_L2_polygon_mean (Bidar),5450,2014_05_17,"{""type"":""MultiPoint"",""coordinates"":[]}"
98,Bidar,2014-05-25,15903.889199637653,MODIS/061/MOD11A2,GAUL_L2_polygon_mean (Bidar),5450,2014_05_25,"{""type"":""MultiPoint"",""coordinates"":[]}"
98,Bidar,2014-06-02,15694.389785679266,MODIS/061/MOD11A2,GAUL_L2_polygon_mean (Bidar),5450,2014_06_02,"{""type"":""MultiPoint"",""coordinates"":[]}"
98,Bidar,2014-06-10,15792.774072856238,MODIS/061/MOD11A2,GAUL_L2_polygon_mean (Bidar),5450,2014_06_10,"{""type"":""MultiPoint"",""coordinates"":[]}"
98,Bidar,2014-06-18,15582.020128413093,MODIS/061/MOD11A2,GAUL_L2_polygon_mean (Bidar),5449,2014_06_18,"{""type"":""MultiPoint"",""coordinates"":[]}"
98,Bidar,2014-06-26,15832.24153189627,MODIS/061/MOD11A2,GAUL_L2_polygon_mean (Bidar),5450,2014_06_26,"{""type"":""MultiPoint"",""coordinates"":[]}"
98,Bidar,2014-07-04,15738.88370866168,MODIS/061/MOD11A2,GAUL_L2_polygon_mean (Bidar),475,2014_07_04,"{""type"":""MultiPoint"",""coordinates"":[]}"
98,Bidar,2014-07-12,15264.136986301368,MODIS/061/MOD11A2,GAUL_L2_polygon_mean (Bidar),24,2014_07_12,"{""type"":""MultiPoint"",""coordinates"":[]}"
98,Bidar,2014-07-20,15434.837919677366,MODIS/061/MOD11A2,GAUL_L2_polygon_mean (Bidar),1713,2014_07_20,"{""type"":""MultiPoint"",""coordinates"":[]}"
98,Bidar,2014-07-28,15258.190374296342,MODIS/061/MOD11A2,GAUL_L2_polygon_mean (Bidar),119,2014_07_28,"{""type"":""MultiPoint"",""coordinates"":[]}"
98,Bidar,2014-08-05,15423.165538306677,MODIS/061/MOD11A2,GAUL_L2_polygon_mean (Bidar),4347,2014_08_05,"{""type"":""MultiPoint"",""coordinates"":[]}"
98,Bidar,2014-08-13,15476.403986468422,MODIS/061/MOD11A2,GAUL_L2_polygon_mean (Bidar),4619,2014_08_13,"{""type"":""MultiPoint"",""coordinates"":[]}"
98,Bidar,2014-08-21,15399.705758236421,MODIS/061/MOD11A2,GAUL_L2_polygon_mean (Bidar),3295,2014_08_21,"{""type"":""MultiPoint"",""coordinates"":[]}"
98,Bidar,2014-08-29,14999.061022325028,MODIS/061/MOD11A2,GAUL_L2_polygon_mean (Bidar),863,2014_08_29,"{""type"":""MultiPoint"",""coordinates"":[]}"
98,Bidar,2014-09-06,15074.610027913523,MODIS/061/MOD11A2,GAUL_L2_polygon_mean (Bidar),1871,2014_09_06,"{""type"":""MultiPoint"",""coordinates"":[]}"
98,Bidar,2014-09-14,15246.01538391855,MODIS/061/MOD11A2,GAUL_L2_polygon_mean (Bidar),1212,2014_09_14,"{""type"":""MultiPoint"",""coordinates"":[]}"
98,Bidar,2014-09-22,15280.362193875095,MODIS/061/MOD11A2,GAUL_L2_polygon_mean (Bidar),5450,2014_09_22,"{""type"":""MultiPoint"",""coordinates"":[]}"
98,Bidar,2014-09-30,15516.222395064713,MODIS/061/MOD11A2,GAUL_L2_polygon_mean (Bidar),5450,2014_09_30,"{""type"":""MultiPoint"",""coordinates"":[]}"
98,Bidar,2014-10-08,15457.177165170222,MODIS/061/MOD11A2,GAUL_L2_polygon_mean (Bidar),5450,2014_10_08,"{""type"":""MultiPoint"",""coordinates"":[]}"
98,Bidar,2014-10-16,15493.76843620782,MODIS/061/MOD11A2,GAUL_L2_polygon_mean (Bidar),5450,2014_10_16,"{""type"":""MultiPoint"",""coordinates"":[]}"
98,Bidar,2014-10-24,15444.250480453404,MODIS/061/MOD11A2,GAUL_L2_polygon_mean (Bidar),5450,2014_10_24,"{""type"":""MultiPoint"",""coordinates"":[]}"
98,Bidar,2014-11-01,15471.196828683716,MODIS/061/MOD11A2,GAUL_L2_polygon_mean (Bidar),5450,2014_11_01,"{""type"":""MultiPoint"",""coordinates"":[]}"
98,Bidar,2014-11-09,15393.371312956324,MODIS/061/MOD11A2,GAUL_L2_polygon_mean (Bidar),5450,2014_11_09,"{""type"":""MultiPoint"",""coordinates"":[]}"
98,Bidar,2014-11-17,15345.480854174575,MODIS/061/MOD11A2,GAUL_L2_polygon_mean (Bidar),5450,2014_11_17,"{""type"":""MultiPoint"",""coordinates"":[]}"
98,Bidar,2014-11-25,15441.023340933772,MODIS/061/MOD11A2,GAUL_L2_polygon_mean (Bidar),5450,2014_11_25,"{""type"":""MultiPoint"",""coordinates"":[]}"
98,Bidar,2014-12-03,15440.69429636512,MODIS/061/MOD11A2,GAUL_L2_polygon_mean (Bidar),5450,2014_12_03,"{""type"":""MultiPoint"",""coordinates"":[]}"
98,Bidar,2014-12-11,15183.594429690464,MODIS/061/MOD11A2,GAUL_L2_polygon_mean (Bidar),5450,2014_12_11,"{""type"":""MultiPoint"",""coordinates"":[]}"
98,Bidar,2014-12-19,15238.352025027454,MODIS/061/MOD11A2,GAUL_L2_polygon_mean (Bidar),5450,2014_12_19,"{""type"":""MultiPoint"",""coordinates"":[]}"
98,Bidar,2014-12-27,15339.709838520184,MODIS/061/MOD11A2,GAUL_L2_polygon_mean (Bidar),5450,2014_12_27,"{""type"":""MultiPoint"",""coordinates"":[]}"
98,Bidar,2015-01-01,15306.551517340591,MODIS/061/MOD11A2,GAUL_L2_polygon_mean (Bidar),5450,2015_01_01,"{""type"":""MultiPoint"",""coordinates"":[]}"
98,Bidar,2015-01-09,15345.147506211191,MODIS/061/MOD11A2,GAUL_L2_polygon_mean (Bidar),5450,2015_01_09,"{""type"":""MultiPoint"",""coordinates"":[]}"
98,Bidar,2015-01-17,15309.251303573872,MODIS/061/MOD11A2,GAUL_L2_polygon_mean (Bidar),5450,2015_01_17,"{""type"":""MultiPoint"",""coordinates"":[]}"
98,Bidar,2015-01-25,15433.781834939899,MODIS/061/MOD11A2,GAUL_L2_polygon_mean (Bidar),5450,2015_01_25,"{""type"":""MultiPoint"",""coordinates"":[]}"
98,Bidar,2015-02-02,15470.16897066051,MODIS/061/MOD11A2,GAUL_L2_polygon_mean (Bidar),5450,2015_02_02,"{""type"":""MultiPoint"",""coordinates"":[]}"
98,Bidar,2015-02-10,15689.879262472537,MODIS/061/MOD11A2,GAUL_L2_polygon_mean (Bidar),5450,2015_02_10,"{""type"":""MultiPoint"",""coordinates"":[]}"
98,Bidar,2015-02-18,15814.671758405495,MODIS/061/MOD11A2,GAUL_L2_polygon_mean (Bidar),5450,2015_02_18,"{""type"":""MultiPoint"",""coordinates"":[]}"
98,Bidar,2015-02-26,15674.179638848715,MODIS/061/MOD11A2,GAUL_L2_polygon_mean (Bidar),5450,2015_02_26,"{""type"":""MultiPoint"",""coordinates"":[]}"
98,Bidar,2015-03-06,15698.114823147815,MODIS/061/MOD11A2,GAUL_L2_polygon_mean (Bidar),5450,2015_03_06,"{""type"":""MultiPoint"",""coordinates"":[]}"
98,Bidar,2015-03-14,15851.705699173923,MODIS/061/MOD11A2,GAUL_L2_polygon_mean (Bidar),5450,2015_03_14,"{""type"":""MultiPoint"",""coordinates"":[]}"
98,Bidar,2015-03-22,15996.41810347,MODIS/061/MOD11A2,GAUL_L2_polygon_mean (Bidar),5450,2015_03_22,"{""type"":""MultiPoint"",""coordinates"":[]}"
98,Bidar,2015-03-30,16049.211682986363,MODIS/061/MOD11A2,GAUL_L2_polygon_mean (Bidar),5450,2015_03_30,"{""type"":""MultiPoint"",""coordinates"":[]}"
98,Bidar,2015-04-07,15902.146634727833,MODIS/061/MOD11A2,GAUL_L2_polygon_mean (Bidar),5448,2015_04_07,"{""type"":""MultiPoint"",""coordinates"":[]}"
98,Bidar,2015-04-15,15810.828826197112,MODIS/061/MOD11A2,GAUL_L2_polygon_mean (Bidar),5450,2015_04_15,"{""type"":""MultiPoint"",""coordinates"":[]}"
98,Bidar,2015-04-23,15935.541724077628,MODIS/061/MOD11A2,GAUL_L2_polygon_mean (Bidar),5450,2015_04_23,"{""type"":""MultiPoint"",""coordinates"":[]}"
98,Bidar,2015-05-01,15962.049904556867,MODIS/061/MOD11A2,GAUL_L2_polygon_mean (Bidar),5450,2015_05_01,"{""type"":""MultiPoint"",""coordinates"":[]}"
98,Bidar,2015-05-09,15938.718490638805,MODIS/061/MOD11A2,GAUL_L2_polygon_mean (Bidar),5450,2015_05_09,"{""type"":""MultiPoint"",""coordinates"":[]}"
98,Bidar,2015-05-17,15899.032672990212,MODIS/061/MOD11A2,GAUL_L2_polygon_mean (Bidar),5450,2015_05_17,"{""type"":""MultiPoint"",""coordinates"":[]}"
98,Bidar,2015-05-25,15969.944272441373,MODIS/061/MOD11A2,GAUL_L2_polygon_mean (Bidar),5450,2015_05_25,"{""type"":""MultiPoint"",""coordinates"":[]}"
98,Bidar,2015-06-02,15882.303044322583,MODIS/061/MOD11A2,GAUL_L2_polygon_mean (Bidar),5450,2015_06_02,"{""type"":""MultiPoint"",""coordinates"":[]}"
98,Bidar,2015-06-10,15799.280309484004,MODIS/061/MOD11A2,GAUL_L2_polygon_mean (Bidar),4083,2015_06_10,"{""type"":""MultiPoint"",""coordinates"":[]}"
98,Bidar,2015-06-26,15590.846713371817,MODIS/061/MOD11A2,GAUL_L2_polygon_mean (Bidar),5412,2015_06_26,"{""type"":""MultiPoint"",""coordinates"":[]}"
98,Bidar,2015-07-04,15412.794882857828,MODIS/061/MOD11A2,GAUL_L2_polygon_mean (Bidar),5435,2015_07_04,"{""type"":""MultiPoint"",""coordinates"":[]}"
98,Bidar,2015-07-12,15691.763665343493,MODIS/061/MOD11A2,GAUL_L2_polygon_mean (Bidar),4263,2015_07_12,"{""type"":""MultiPoint"",""coordinates"":[]}"
98,Bidar,2015-07-20,15074.521481481483,MODIS/061/MOD11A2,GAUL_L2_polygon_mean (Bidar),34,2015_07_20,"{""type"":""MultiPoint"",""coordinates"":[]}"
98,Bidar,2015-07-28,15462.278580473301,MODIS/061/MOD11A2,GAUL_L2_polygon_mean (Bidar),5373,2015_07_28,"{""type"":""MultiPoint"",""coordinates"":[]}"
98,Bidar,2015-08-05,15296.816992524444,MODIS/061/MOD11A2,GAUL_L2_polygon_mean (Bidar),845,2015_08_05,"{""type"":""MultiPoint"",""coordinates"":[]}"
98,Bidar,2015-08-13,15286.951885769595,MODIS/061/MOD11A2,GAUL_L2_polygon_mean (Bidar),2325,2015_08_13,"{""type"":""MultiPoint"",""coordinates"":[]}"
98,Bidar,2015-08-21,15242.655665817492,MODIS/061/MOD11A2,GAUL_L2_polygon_mean (Bidar),3679,2015_08_21,"{""type"":""MultiPoint"",""coordinates"":[]}"
98,Bidar,2015-08-29,15503.890503099154,MODIS/061/MOD11A2,GAUL_L2_polygon_mean (Bidar),5429,2015_08_29,"{""type"":""MultiPoint"",""coordinates"":[]}"
98,Bidar,2015-09-06,15238.331714622305,MODIS/061/MOD11A2,GAUL_L2_polygon_mean (Bidar),2589,2015_09_06,"{""type"":""MultiPoint"",""coordinates"":[]}"
98,Bidar,2015-09-14,15225.354581856582,MODIS/061/MOD11A2,GAUL_L2_polygon_mean (Bidar),4091,2015_09_14,"{""type"":""MultiPoint"",""coordinates"":[]}"
98,Bidar,2015-09-22,15386.256104870148,MODIS/061/MOD11A2,GAUL_L2_polygon_mean (Bidar),5450,2015_09_22,"{""type"":""MultiPoint"",""coordinates"":[]}"
98,Bidar,2015-09-30,15422.30977390807,MODIS/061/MOD11A2,GAUL_L2_polygon_mean (Bidar),5450,2015_09_30,"{""type"":""MultiPoint"",""coordinates"":[]}"
98,Bidar,2015-10-08,15491.994616619399,MODIS/061/MOD11A2,GAUL_L2_polygon_mean (Bidar),5450,2015_10_08,"{""type"":""MultiPoint"",""coordinates"":[]}"
98,Bidar,2015-10-16,15515.433063540728,MODIS/061/MOD11A2,GAUL_L2_polygon_mean (Bidar),5450,2015_10_16,"{""type"":""MultiPoint"",""coordinates"":[]}"
98,Bidar,2015-10-24,15439.72398266556,MODIS/061/MOD11A2,GAUL_L2_polygon_mean (Bidar),5450,2015_10_24,"{""type"":""MultiPoint"",""coordinates"":[]}"
98,Bidar,2015-11-01,15512.03734405502,MODIS/061/MOD11A2,GAUL_L2_polygon_mean (Bidar),5450,2015_11_01,"{""type"":""MultiPoint"",""coordinates"":[]}"
98,Bidar,2015-11-09,15486.141006838063,MODIS/061/MOD11A2,GAUL_L2_polygon_mean (Bidar),5449,2015_11_09,"{""type"":""MultiPoint"",""coordinates"":[]}"
98,Bidar,2015-11-17,15375.28140287359,MODIS/061/MOD11A2,GAUL_L2_polygon_mean (Bidar),5450,2015_11_17,"{""type"":""MultiPoint"",""coordinates"":[]}"
98,Bidar,2015-11-25,15434.445067141156,MODIS/061/MOD11A2,GAUL_L2_polygon_mean (Bidar),5450,2015_11_25,"{""type"":""MultiPoint"",""coordinates"":[]}"
98,Bidar,2015-12-03,15419.16673226207,MODIS/061/MOD11A2,GAUL_L2_polygon_mean (Bidar),5450,2015_12_03,"{""type"":""MultiPoint"",""coordinates"":[]}"
98,Bidar,2015-12-11,15486.191170449982,MODIS/061/MOD11A2,GAUL_L2_polygon_mean (Bidar),5450,2015_12_11,"{""type"":""MultiPoint"",""coordinates"":[]}"
98,Bidar,2015-12-19,15379.217308842144,MODIS/061/MOD11A2,GAUL_L2_polygon_mean (Bidar),5450,2015_12_19,"{""type"":""MultiPoint"",""coordinates"":[]}"
98,Bidar,2015-12-27,15521.0450428217,MODIS/061/MOD11A2,GAUL_L2_polygon_mean (Bidar),5450,2015_12_27,"{""type"":""MultiPoint"",""coordinates"":[]}"
98,Bidar,2016-01-01,15453.094947378557,MODIS/061/MOD11A2,GAUL_L2_polygon_mean (Bidar),5450,2016_01_01,"{""type"":""MultiPoint"",""coordinates"":[]}"
98,Bidar,2016-01-09,15354.577559318268,MODIS/061/MOD11A2,GAUL_L2_polygon_mean (Bidar),5450,2016_01_09,"{""type"":""MultiPoint"",""coordinates"":[]}"
98,Bidar,2016-01-17,15372.534595883113,MODIS/061/MOD11A2,GAUL_L2_polygon_mean (Bidar),5450,2016_01_17,"{""type"":""MultiPoint"",""coordinates"":[]}"
98,Bidar,2016-01-25,15578.45788234991,MODIS/061/MOD11A2,GAUL_L2_polygon_mean (Bidar),5450,2016_01_25,"{""type"":""MultiPoint"",""coordinates"":[]}"
98,Bidar,2016-02-02,15645.524990412516,MODIS/061/MOD11A2,GAUL_L2_polygon_mean (Bidar),5450,2016_02_02,"{""type"":""MultiPoint"",""coordinates"":[]}"
98,Bidar,2016-02-10,15652.704309078867,MODIS/061/MOD11A2,GAUL_L2_polygon_mean (Bidar),5450,2016_02_10,"{""type"":""MultiPoint"",""coordinates"":[]}"
98,Bidar,2016-02-18,15856.832215812981,MODIS/061/MOD11A2,GAUL_L2_polygon_mean (Bidar),5450,2016_02_18,"{""type"":""MultiPoint"",""coordinates"":[]}"
98,Bidar,2016-02-26,15533.511642046193,MODIS/061/MOD11A2,GAUL_L2_polygon_mean (Bidar),5450,2016_02_26,"{""type"":""MultiPoint"",""coordinates"":[]}"
98,Bidar,2016-03-05,15778.0100397387,MODIS/061/MOD11A2,GAUL_L2_polygon_mean (Bidar),5449,2016_03_05,"{""type"":""MultiPoint"",""coordinates"":[]}"
98,Bidar,2016-03-13,16004.92992755243,MODIS/061/MOD11A2,GAUL_L2_polygon_mean (Bidar),5450,2016_03_13,"{""type"":""MultiPoint"",""coordinates"":[]}"
98,Bidar,2016-03-21,16066.695113009973,MODIS/061/MOD11A2,GAUL_L2_polygon_mean (Bidar),5450,2016_03_21,"{""type"":""MultiPoint"",""coordinates"":[]}"
98,Bidar,2016-03-29,16145.064328591998,MODIS/061/MOD11A2,GAUL_L2_polygon_mean (Bidar),5450,2016_03_29,"{""type"":""MultiPoint"",""coordinates"":[]}"
98,Bidar,2016-04-06,16247.73958382054,MODIS/061/MOD11A2,GAUL_L2_polygon_mean (Bidar),5450,2016_04_06,"{""type"":""MultiPoint"",""coordinates"":[]}"
98,Bidar,2016-04-14,16235.936678003776,MODIS/061/MOD11A2,GAUL_L2_polygon_mean (Bidar),5450,2016_04_14,"{""type"":""MultiPoint"",""coordinates"":[]}"
98,Bidar,2016-04-22,16334.230662964535,MODIS/061/MOD11A2,GAUL_L2_polygon_mean (Bidar),5450,2016_04_22,"{""type"":""MultiPoint"",""coordinates"":[]}"
98,Bidar,2016-04-30,16112.153780808414,MODIS/061/MOD11A2,GAUL_L2_polygon_mean (Bidar),5447,2016_04_30,"{""type"":""MultiPoint"",""coordinates"":[]}"
98,Bidar,2016-05-08,16065.058537968234,MODIS/061/MOD11A2,GAUL_L2_polygon_mean (Bidar),5450,2016_05_08,"{""type"":""MultiPoint"",""coordinates"":[]}"
98,Bidar,2016-05-16,15978.092164310381,MODIS/061/MOD11A2,GAUL_L2_polygon_mean (Bidar),5450,2016_05_16,"{""type"":""MultiPoint"",""coordinates"":[]}"
98,Bidar,2016-05-24,16095.475315379623,MODIS/061/MOD11A2,GAUL_L2_polygon_mean (Bidar),5450,2016_05_24,"{""type"":""MultiPoint"",""coordinates"":[]}"
98,Bidar,2016-06-01,15939.148066700029,MODIS/061/MOD11A2,GAUL_L2_polygon_mean (Bidar),3063,2016_06_01,"{""type"":""MultiPoint"",""coordinates"":[]}"
98,Bidar,2016-06-09,15665.45659370585,MODIS/061/MOD11A2,GAUL_L2_polygon_mean (Bidar),5450,2016_06_09,"{""type"":""MultiPoint"",""coordinates"":[]}"
98,Bidar,2016-06-17,15539.583153772463,MODIS/061/MOD11A2,GAUL_L2_polygon_mean (Bidar),2771,2016_06_17,"{""type"":""MultiPoint"",""coordinates"":[]}"
98,Bidar,2016-06-25,15288.388877946289,MODIS/061/MOD11A2,GAUL_L2_polygon_mean (Bidar),179,2016_06_25,"{""type"":""MultiPoint"",""coordinates"":[]}"
98,Bidar,2016-07-11,15387.673106711933,MODIS/061/MOD11A2,GAUL_L2_polygon_mean (Bidar),1334,2016_07_11,"{""type"":""MultiPoint"",""coordinates"":[]}"
98,Bidar,2016-07-27,14970.053257852049,MODIS/061/MOD11A2,GAUL_L2_polygon_mean (Bidar),360,2016_07_27,"{""type"":""MultiPoint"",""coordinates"":[]}"
98,Bidar,2016-08-04,15011.983236875069,MODIS/061/MOD11A2,GAUL_L2_polygon_mean (Bidar),2473,2016_08_04,"{""type"":""MultiPoint"",""coordinates"":[]}"
98,Bidar,2016-08-12,15092.174023904397,MODIS/061/MOD11A2,GAUL_L2_polygon_mean (Bidar),3641,2016_08_12,"{""type"":""MultiPoint"",""coordinates"":[]}"
98,Bidar,2016-08-20,15273.90714277237,MODIS/061/MOD11A2,GAUL_L2_polygon_mean (Bidar),4626,2016_08_20,"{""type"":""MultiPoint"",""coordinates"":[]}"
98,Bidar,2016-08-28,15246.1347155142,MODIS/061/MOD11A2,GAUL_L2_polygon_mean (Bidar),332,2016_08_28,"{""type"":""MultiPoint"",""coordinates"":[]}"
98,Bidar,2016-09-05,15149.819245057535,MODIS/061/MOD11A2,GAUL_L2_polygon_mean (Bidar),5361,2016_09_05,"{""type"":""MultiPoint"",""coordinates"":[]}"
98,Bidar,2016-09-13,15036.865490510563,MODIS/061/MOD11A2,GAUL_L2_polygon_mean (Bidar),1246,2016_09_13,"{""type"":""MultiPoint"",""coordinates"":[]}"
98,Bidar,2016-09-21,15084.639952799344,MODIS/061/MOD11A2,GAUL_L2_polygon_mean (Bidar),275,2016_09_21,"{""type"":""MultiPoint"",""coordinates"":[]}"
98,Bidar,2016-09-29,15179.596304699495,MODIS/061/MOD11A2,GAUL_L2_polygon_mean (Bidar),4950,2016_09_29,"{""type"":""MultiPoint"",""coordinates"":[]}"
98,Bidar,2016-10-07,15197.343041214317,MODIS/061/MOD11A2,GAUL_L2_polygon_mean (Bidar),5450,2016_10_07,"{""type"":""MultiPoint"",""coordinates"":[]}"
98,Bidar,2016-10-15,15304.839402287904,MODIS/061/MOD11A2,GAUL_L2_polygon_mean (Bidar),5450,2016_10_15,"{""type"":""MultiPoint"",""coordinates"":[]}"
98,Bidar,2016-10-23,15262.496131549613,MODIS/061/MOD11A2,GAUL_L2_polygon_mean (Bidar),5450,2016_10_23,"{""type"":""MultiPoint"",""coordinates"":[]}"
98,Bidar,2016-10-31,15330.088357378194,MODIS/061/MOD11A2,GAUL_L2_polygon_mean (Bidar),5450,2016_10_31,"{""type"":""MultiPoint"",""coordinates"":[]}"
98,Bidar,2016-11-08,15333.27542157941,MODIS/061/MOD11A2,GAUL_L2_polygon_mean (Bidar),5450,2016_11_08,"{""type"":""MultiPoint"",""coordinates"":[]}"
98,Bidar,2016-11-16,15337.534105176663,MODIS/061/MOD11A2,GAUL_L2_polygon_mean (Bidar),5450,2016_11_16,"{""type"":""MultiPoint"",""coordinates"":[]}"
98,Bidar,2016-11-24,15373.908473895804,MODIS/061/MOD11A2,GAUL_L2_polygon_mean (Bidar),5450,2016_11_24,"{""type"":""MultiPoint"",""coordinates"":[]}"
98,Bidar,2016-12-02,15232.979152171514,MODIS/061/MOD11A2,GAUL_L2_polygon_mean (Bidar),5450,2016_12_02,"{""type"":""MultiPoint"",""coordinates"":[]}"
98,Bidar,2016-12-10,15189.104221154621,MODIS/061/MOD11A2,GAUL_L2_polygon_mean (Bidar),5450,2016_12_10,"{""type"":""MultiPoint"",""coordinates"":[]}"
98,Bidar,2016-12-18,15321.611515915949,MODIS/061/MOD11A2,GAUL_L2_polygon_mean (Bidar),5450,2016_12_18,"{""type"":""MultiPoint"",""coordinates"":[]}"
98,Bidar,2016-12-26,15275.752140005316,MODIS/061/MOD11A2,GAUL_L2_polygon_mean (Bidar),5450,2016_12_26,"{""type"":""MultiPoint"",""coordinates"":[]}"
98,Bidar,2017-01-01,15278.501294040358,MODIS/061/MOD11A2,GAUL_L2_polygon_mean (Bidar),5450,2017_01_01,"{""type"":""MultiPoint"",""coordinates"":[]}"
98,Bidar,2017-01-09,15173.932710620635,MODIS/061/MOD11A2,GAUL_L2_polygon_mean (Bidar),5450,2017_01_09,"{""type"":""MultiPoint"",""coordinates"":[]}"
98,Bidar,2017-01-17,15342.306826791415,MODIS/061/MOD11A2,GAUL_L2_polygon_mean (Bidar),5450,2017_01_17,"{""type"":""MultiPoint"",""coordinates"":[]}"
98,Bidar,2017-01-25,15414.659779268462,MODIS/061/MOD11A2,GAUL_L2_polygon_mean (Bidar),5450,2017_01_25,"{""type"":""MultiPoint"",""coordinates"":[]}"
98,Bidar,2017-02-02,15519.008370070364,MODIS/061/MOD11A2,GAUL_L2_polygon_mean (Bidar),5450,2017_02_02,"{""type"":""MultiPoint"",""coordinates"":[]}"
98,Bidar,2017-02-10,15486.961331325423,MODIS/061/MOD11A2,GAUL_L2_polygon_mean (Bidar),5450,2017_02_10,"{""type"":""MultiPoint"",""coordinates"":[]}"
98,Bidar,2017-02-18,15780.553337703152,MODIS/061/MOD11A2,GAUL_L2_polygon_mean (Bidar),5450,2017_02_18,"{""type"":""MultiPoint"",""coordinates"":[]}"
98,Bidar,2017-02-26,15715.025571417582,MODIS/061/MOD11A2,GAUL_L2_polygon_mean (Bidar),5450,2017_02_26,"{""type"":""MultiPoint"",""coordinates"":[]}"
98,Bidar,2017-03-06,15773.004478955369,MODIS/061/MOD11A2,GAUL_L2_polygon_mean (Bidar),5450,2017_03_06,"{""type"":""MultiPoint"",""coordinates"":[]}"
98,Bidar,2017-03-14,15632.047874097116,MODIS/061/MOD11A2,GAUL_L2_polygon_mean (Bidar),5450,2017_03_14,"{""type"":""MultiPoint"",""coordinates"":[]}"
98,Bidar,2017-03-22,15980.686255111217,MODIS/061/MOD11A2,GAUL_L2_polygon_mean (Bidar),5450,2017_03_22,"{""type"":""MultiPoint"",""coordinates"":[]}"
98,Bidar,2017-03-30,15961.719382832334,MODIS/061/MOD11A2,GAUL_L2_polygon_mean (Bidar),5450,2017_03_30,"{""type"":""MultiPoint"",""coordinates"":[]}"
98,Bidar,2017-04-07,16118.553059971973,MODIS/061/MOD11A2,GAUL_L2_polygon_mean (Bidar),5450,2017_04_07,"{""type"":""MultiPoint"",""coordinates"":[]}"
98,Bidar,2017-04-15,16072.672234721722,MODIS/061/MOD11A2,GAUL_L2_polygon_mean (Bidar),5450,2017_04_15,"{""type"":""MultiPoint"",""coordinates"":[]}"
98,Bidar,2017-04-23,16115.572129169463,MODIS/061/MOD11A2,GAUL_L2_polygon_mean (Bidar),5450,2017_04_23,"{""type"":""MultiPoint"",""coordinates"":[]}"
98,Bidar,2017-05-01,16000.005656794747,MODIS/061/MOD11A2,GAUL_L2_polygon_mean (Bidar),5450,2017_05_01,"{""type"":""MultiPoint"",""coordinates"":[]}"
98,Bidar,2017-05-09,16030.55931108271,MODIS/061/MOD11A2,GAUL_L2_polygon_mean (Bidar),5450,2017_05_09,"{""type"":""MultiPoint"",""coordinates"":[]}"
98,Bidar,2017-05-17,16075.107751075157,MODIS/061/MOD11A2,GAUL_L2_polygon_mean (Bidar),5450,2017_05_17,"{""type"":""MultiPoint"",""coordinates"":[]}"
98,Bidar,2017-05-25,15938.681571814748,MODIS/061/MOD11A2,GAUL_L2_polygon_mean (Bidar),5450,2017_05_25,"{""type"":""MultiPoint"",""coordinates"":[]}"
98,Bidar,2017-06-02,15990.208526023102,MODIS/061/MOD11A2,GAUL_L2_polygon_mean (Bidar),5448,2017_06_02,"{""type"":""MultiPoint"",""coordinates"":[]}"
98,Bidar,2017-06-10,15584.731929284195,MODIS/061/MOD11A2,GAUL_L2_polygon_mean (Bidar),870,2017_06_10,"{""type"":""MultiPoint"",""coordinates"":[]}"
98,Bidar,2017-06-18,15379.115060465767,MODIS/061/MOD11A2,GAUL_L2_polygon_mean (Bidar),3541,2017_06_18,"{""type"":""MultiPoint"",""coordinates"":[]}"
98,Bidar,2017-07-04,15432.635563403806,MODIS/061/MOD11A2,GAUL_L2_polygon_mean (Bidar),2054,2017_07_04,"{""type"":""MultiPoint"",""coordinates"":[]}"
98,Bidar,2017-07-20,15044.673941998391,MODIS/061/MOD11A2,GAUL_L2_polygon_mean (Bidar),312,2017_07_20,"{""type"":""MultiPoint"",""coordinates"":[]}"
98,Bidar,2017-07-28,15244.371313298952,MODIS/061/MOD11A2,GAUL_L2_polygon_mean (Bidar),2192,2017_07_28,"{""type"":""MultiPoint"",""coordinates"":[]}"
98,Bidar,2017-08-13,15005.849208586733,MODIS/061/MOD11A2,GAUL_L2_polygon_mean (Bidar),97,2017_08_13,"{""type"":""MultiPoint"",""coordinates"":[]}"
98,Bidar,2017-08-21,15079.783940548172,MODIS/061/MOD11A2,GAUL_L2_polygon_mean (Bidar),1851,2017_08_21,"{""type"":""MultiPoint"",""coordinates"":[]}"
98,Bidar,2017-08-29,15224.85190393955,MODIS/061/MOD11A2,GAUL_L2_polygon_mean (Bidar),5431,2017_08_29,"{""type"":""MultiPoint"",""coordinates"":[]}"
98,Bidar,2017-09-06,15112.63133902329,MODIS/061/MOD11A2,GAUL_L2_polygon_mean (Bidar),1387,2017_09_06,"{""type"":""MultiPoint"",""coordinates"":[]}"
98,Bidar,2017-09-14,15158.028793120066,MODIS/061/MOD11A2,GAUL_L2_polygon_mean (Bidar),732,2017_09_14,"{""type"":""MultiPoint"",""coordinates"":[]}"
98,Bidar,2017-09-22,15231.683090948067,MODIS/061/MOD11A2,GAUL_L2_polygon_mean (Bidar),5358,2017_09_22,"{""type"":""MultiPoint"",""coordinates"":[]}"
98,Bidar,2017-09-30,15350.81565794586,MODIS/061/MOD11A2,GAUL_L2_polygon_mean (Bidar),4369,2017_09_30,"{""type"":""MultiPoint"",""coordinates"":[]}"
98,Bidar,2017-10-08,15169.60036202606,MODIS/061/MOD11A2,GAUL_L2_polygon_mean (Bidar),4285,2017_10_08,"{""type"":""MultiPoint"",""coordinates"":[]}"
98,Bidar,2017-10-16,15144.059473332427,MODIS/061/MOD11A2,GAUL_L2_polygon_mean (Bidar),5450,2017_10_16,"{""type"":""MultiPoint"",""coordinates"":[]}"
98,Bidar,2017-10-24,15275.296990357827,MODIS/061/MOD11A2,GAUL_L2_polygon_mean (Bidar),5450,2017_10_24,"{""type"":""MultiPoint"",""coordinates"":[]}"
98,Bidar,2017-11-01,15304.499833433229,MODIS/061/MOD11A2,GAUL_L2_polygon_mean (Bidar),5450,2017_11_01,"{""type"":""MultiPoint"",""coordinates"":[]}"
98,Bidar,2017-11-09,15233.305523757164,MODIS/061/MOD11A2,GAUL_L2_polygon_mean (Bidar),5450,2017_11_09,"{""type"":""MultiPoint"",""coordinates"":[]}"
98,Bidar,2017-11-17,15277.378573540853,MODIS/061/MOD11A2,GAUL_L2_polygon_mean (Bidar),5450,2017_11_17,"{""type"":""MultiPoint"",""coordinates"":[]}"
98,Bidar,2017-11-25,15218.250355258504,MODIS/061/MOD11A2,GAUL_L2_polygon_mean (Bidar),5450,2017_11_25,"{""type"":""MultiPoint"",""coordinates"":[]}"
98,Bidar,2017-12-03,15227.717076799863,MODIS/061/MOD11A2,GAUL_L2_polygon_mean (Bidar),5450,2017_12_03,"{""type"":""MultiPoint"",""coordinates"":[]}"
98,Bidar,2017-12-11,15242.447341515124,MODIS/061/MOD11A2,GAUL_L2_polygon_mean (Bidar),5450,2017_12_11,"{""type"":""MultiPoint"",""coordinates"":[]}"
98,Bidar,2017-12-19,15239.977308065061,MODIS/061/MOD11A2,GAUL_L2_polygon_mean (Bidar),5450,2017_12_19,"{""type"":""MultiPoint"",""coordinates"":[]}"
98,Bidar,2017-12-27,15286.215362565152,MODIS/061/MOD11A2,GAUL_L2_polygon_mean (Bidar),5450,2017_12_27,"{""type"":""MultiPoint"",""coordinates"":[]}"
98,Bidar,2018-01-01,15218.694690657087,MODIS/061/MOD11A2,GAUL_L2_polygon_mean (Bidar),5450,2018_01_01,"{""type"":""MultiPoint"",""coordinates"":[]}"
98,Bidar,2018-01-09,15324.098857200834,MODIS/061/MOD11A2,GAUL_L2_polygon_mean (Bidar),5450,2018_01_09,"{""type"":""MultiPoint"",""coordinates"":[]}"
98,Bidar,2018-01-17,15328.999420074213,MODIS/061/MOD11A2,GAUL_L2_polygon_mean (Bidar),5450,2018_01_17,"{""type"":""MultiPoint"",""coordinates"":[]}"
98,Bidar,2018-01-25,15455.494504015958,MODIS/061/MOD11A2,GAUL_L2_polygon_mean (Bidar),5450,2018_01_25,"{""type"":""MultiPoint"",""coordinates"":[]}"
98,Bidar,2018-02-02,15491.553221861897,MODIS/061/MOD11A2,GAUL_L2_polygon_mean (Bidar),5450,2018_02_02,"{""type"":""MultiPoint"",""coordinates"":[]}"
98,Bidar,2018-02-10,15511.861776918524,MODIS/061/MOD11A2,GAUL_L2_polygon_mean (Bidar),5450,2018_02_10,"{""type"":""MultiPoint"",""coordinates"":[]}"
98,Bidar,2018-02-18,15598.995298715758,MODIS/061/MOD11A2,GAUL_L2_polygon_mean (Bidar),5450,2018_02_18,"{""type"":""MultiPoint"",""coordinates"":[]}"
98,Bidar,2018-02-26,15775.809146134825,MODIS/061/MOD11A2,GAUL_L2_polygon_mean (Bidar),5450,2018_02_26,"{""type"":""MultiPoint"",""coordinates"":[]}"
98,Bidar,2018-03-06,15698.325347721631,MODIS/061/MOD11A2,GAUL_L2_polygon_mean (Bidar),5450,2018_03_06,"{""type"":""MultiPoint"",""coordinates"":[]}"
98,Bidar,2018-03-14,15925.022073155531,MODIS/061/MOD11A2,GAUL_L2_polygon_mean (Bidar),5450,2018_03_14,"{""type"":""MultiPoint"",""coordinates"":[]}"
98,Bidar,2018-03-22,15989.720356330596,MODIS/061/MOD11A2,GAUL_L2_polygon_mean (Bidar),5450,2018_03_22,"{""type"":""MultiPoint"",""coordinates"":[]}"
98,Bidar,2018-03-30,15993.481195222745,MODIS/061/MOD11A2,GAUL_L2_polygon_mean (Bidar),5450,2018_03_30,"{""type"":""MultiPoint"",""coordinates"":[]}"
98,Bidar,2018-04-07,15862.327639363848,MODIS/061/MOD11A2,GAUL_L2_polygon_mean (Bidar),5450,2018_04_07,"{""type"":""MultiPoint"",""coordinates"":[]}"
98,Bidar,2018-04-15,15920.105550810778,MODIS/061/MOD11A2,GAUL_L2_polygon_mean (Bidar),5450,2018_04_15,"{""type"":""MultiPoint"",""coordinates"":[]}"
98,Bidar,2018-04-23,16094.332016148714,MODIS/061/MOD11A2,GAUL_L2_polygon_mean (Bidar),5450,2018_04_23,"{""type"":""MultiPoint"",""coordinates"":[]}"
98,Bidar,2018-05-01,16041.53634501409,MODIS/061/MOD11A2,GAUL_L2_polygon_mean (Bidar),5450,2018_05_01,"{""type"":""MultiPoint"",""coordinates"":[]}"
98,Bidar,2018-05-09,15895.251268317856,MODIS/061/MOD11A2,GAUL_L2_polygon_mean (Bidar),5450,2018_05_09,"{""type"":""MultiPoint"",""coordinates"":[]}"
98,Bidar,2018-05-17,15802.01748267597,MODIS/061/MOD11A2,GAUL_L2_polygon_mean (Bidar),5450,2018_05_17,"{""type"":""MultiPoint"",""coordinates"":[]}"
98,Bidar,2018-05-25,15783.257746074512,MODIS/061/MOD11A2,GAUL_L2_polygon_mean (Bidar),5450,2018_05_25,"{""type"":""MultiPoint"",""coordinates"":[]}"
98,Bidar,2018-06-02,15838.62904605881,MODIS/061/MOD11A2,GAUL_L2_polygon_mean (Bidar),5449,2018_06_02,"{""type"":""MultiPoint"",""coordinates"":[]}"
98,Bidar,2018-06-10,15523.766692832894,MODIS/061/MOD11A2,GAUL_L2_polygon_mean (Bidar),5450,2018_06_10,"{""type"":""MultiPoint"",""coordinates"":[]}"
98,Bidar,2018-06-18,16009.637774023628,MODIS/061/MOD11A2,GAUL_L2_polygon_mean (Bidar),1771,2018_06_18,"{""type"":""MultiPoint"",""coordinates"":[]}"
98,Bidar,2018-06-26,15730.11759479159,MODIS/061/MOD11A2,GAUL_L2_polygon_mean (Bidar),3817,2018_06_26,"{""type"":""MultiPoint"",""coordinates"":[]}"
98,Bidar,2018-07-12,15086.469403913587,MODIS/061/MOD11A2,GAUL_L2_polygon_mean (Bidar),34,2018_07_12,"{""type"":""MultiPoint"",""coordinates"":[]}"
98,Bidar,2018-07-28,14891.060048735208,MODIS/061/MOD11A2,GAUL_L2_polygon_mean (Bidar),202,2018_07_28,"{""type"":""MultiPoint"",""coordinates"":[]}"
98,Bidar,2018-08-05,15204.937724354855,MODIS/061/MOD11A2,GAUL_L2_polygon_mean (Bidar),335,2018_08_05,"{""type"":""MultiPoint"",""coordinates"":[]}"
98,Bidar,2018-08-13,14904.404580152672,MODIS/061/MOD11A2,GAUL_L2_polygon_mean (Bidar),131,2018_08_13,"{""type"":""MultiPoint"",""coordinates"":[]}"
98,Bidar,2018-08-21,14985.962375249503,MODIS/061/MOD11A2,GAUL_L2_polygon_mean (Bidar),432,2018_08_21,"{""type"":""MultiPoint"",""coordinates"":[]}"
98,Bidar,2018-08-29,15036.058840245767,MODIS/061/MOD11A2,GAUL_L2_polygon_mean (Bidar),4070,2018_08_29,"{""type"":""MultiPoint"",""coordinates"":[]}"
98,Bidar,2018-09-06,15237.211281045573,MODIS/061/MOD11A2,GAUL_L2_polygon_mean (Bidar),5211,2018_09_06,"{""type"":""MultiPoint"",""coordinates"":[]}"
98,Bidar,2018-09-14,15327.744667992503,MODIS/061/MOD11A2,GAUL_L2_polygon_mean (Bidar),5333,2018_09_14,"{""type"":""MultiPoint"",""coordinates"":[]}"
98,Bidar,2018-09-22,15349.602367800911,MODIS/061/MOD11A2,GAUL_L2_polygon_mean (Bidar),4814,2018_09_22,"{""type"":""MultiPoint"",""coordinates"":[]}"
98,Bidar,2018-09-30,15432.49725038907,MODIS/061/MOD11A2,GAUL_L2_polygon_mean (Bidar),5450,2018_09_30,"{""type"":""MultiPoint"",""coordinates"":[]}"
98,Bidar,2018-10-08,15493.334218571594,MODIS/061/MOD11A2,GAUL_L2_polygon_mean (Bidar),5450,2018_10_08,"{""type"":""MultiPoint"",""coordinates"":[]}"
98,Bidar,2018-10-16,15592.593028802734,MODIS/061/MOD11A2,GAUL_L2_polygon_mean (Bidar),5450,2018_10_16,"{""type"":""MultiPoint"",""coordinates"":[]}"
98,Bidar,2018-10-24,15511.54162190711,MODIS/061/MOD11A2,GAUL_L2_polygon_mean (Bidar),5450,2018_10_24,"{""type"":""MultiPoint"",""coordinates"":[]}"
98,Bidar,2018-11-01,15490.300471351587,MODIS/061/MOD11A2,GAUL_L2_polygon_mean (Bidar),5450,2018_11_01,"{""type"":""MultiPoint"",""coordinates"":[]}"
98,Bidar,2018-11-09,15606.105095360412,MODIS/061/MOD11A2,GAUL_L2_polygon_mean (Bidar),5450,2018_11_09,"{""type"":""MultiPoint"",""coordinates"":[]}"
98,Bidar,2018-11-17,15417.535070760316,MODIS/061/MOD11A2,GAUL_L2_polygon_mean (Bidar),5450,2018_11_17,"{""type"":""MultiPoint"",""coordinates"":[]}"
98,Bidar,2018-11-25,15443.078819541657,MODIS/061/MOD11A2,GAUL_L2_polygon_mean (Bidar),5450,2018_11_25,"{""type"":""MultiPoint"",""coordinates"":[]}"
98,Bidar,2018-12-03,15285.256929429635,MODIS/061/MOD11A2,GAUL_L2_polygon_mean (Bidar),5450,2018_12_03,"{""type"":""MultiPoint"",""coordinates"":[]}"
98,Bidar,2018-12-11,15259.332625574445,MODIS/061/MOD11A2,GAUL_L2_polygon_mean (Bidar),5450,2018_12_11,"{""type"":""MultiPoint"",""coordinates"":[]}"
98,Bidar,2018-12-19,15310.662788982532,MODIS/061/MOD11A2,GAUL_L2_polygon_mean (Bidar),5450,2018_12_19,"{""type"":""MultiPoint"",""coordinates"":[]}"
98,Bidar,2018-12-27,15302.589788845116,MODIS/061/MOD11A2,GAUL_L2_polygon_mean (Bidar),5450,2018_12_27,"{""type"":""MultiPoint"",""coordinates"":[]}"
98,Bidar,2019-01-01,15414.043923982235,MODIS/061/MOD11A2,GAUL_L2_polygon_mean (Bidar),5450,2019_01_01,"{""type"":""MultiPoint"",""coordinates"":[]}"
98,Bidar,2019-01-09,15414.133994515882,MODIS/061/MOD11A2,GAUL_L2_polygon_mean (Bidar),5450,2019_01_09,"{""type"":""MultiPoint"",""coordinates"":[]}"
98,Bidar,2019-01-17,15467.646952547537,MODIS/061/MOD11A2,GAUL_L2_polygon_mean (Bidar),5450,2019_01_17,"{""type"":""MultiPoint"",""coordinates"":[]}"
98,Bidar,2019-01-25,15344.561705614991,MODIS/061/MOD11A2,GAUL_L2_polygon_mean (Bidar),5450,2019_01_25,"{""type"":""MultiPoint"",""coordinates"":[]}"
98,Bidar,2019-02-02,15454.460568284108,MODIS/061/MOD11A2,GAUL_L2_polygon_mean (Bidar),5450,2019_02_02,"{""type"":""MultiPoint"",""coordinates"":[]}"
98,Bidar,2019-02-10,15614.628055313107,MODIS/061/MOD11A2,GAUL_L2_polygon_mean (Bidar),5450,2019_02_10,"{""type"":""MultiPoint"",""coordinates"":[]}"
98,Bidar,2019-02-18,15763.742375522785,MODIS/061/MOD11A2,GAUL_L2_polygon_mean (Bidar),5450,2019_02_18,"{""type"":""MultiPoint"",""coordinates"":[]}"
98,Bidar,2019-02-26,15819.844114721365,MODIS/061/MOD11A2,GAUL_L2_polygon_mean (Bidar),5444,2019_02_26,"{""type"":""MultiPoint"",""coordinates"":[]}"
98,Bidar,2019-03-06,15927.389112217084,MODIS/061/MOD11A2,GAUL_L2_polygon_mean (Bidar),5450,2019_03_06,"{""type"":""MultiPoint"",""coordinates"":[]}"
98,Bidar,2019-03-14,15987.234721006056,MODIS/061/MOD11A2,GAUL_L2_polygon_mean (Bidar),5450,2019_03_14,"{""type"":""MultiPoint"",""coordinates"":[]}"
98,Bidar,2019-03-22,16015.92955196775,MODIS/061/MOD11A2,GAUL_L2_polygon_mean (Bidar),5450,2019_03_22,"{""type"":""MultiPoint"",""coordinates"":[]}"
98,Bidar,2019-03-30,16088.27863419561,MODIS/061/MOD11A2,GAUL_L2_polygon_mean (Bidar),5450,2019_03_30,"{""type"":""MultiPoint"",""coordinates"":[]}"
98,Bidar,2019-04-07,16213.99403525461,MODIS/061/MOD11A2,GAUL_L2_polygon_mean (Bidar),5450,2019_04_07,"{""type"":""MultiPoint"",""coordinates"":[]}"
98,Bidar,2019-04-15,16179.198808058234,MODIS/061/MOD11A2,GAUL_L2_polygon_mean (Bidar),5450,2019_04_15,"{""type"":""MultiPoint"",""coordinates"":[]}"
98,Bidar,2019-04-23,16113.74515931052,MODIS/061/MOD11A2,GAUL_L2_polygon_mean (Bidar),5450,2019_04_23,"{""type"":""MultiPoint"",""coordinates"":[]}"
98,Bidar,2019-05-01,16077.853054287836,MODIS/061/MOD11A2,GAUL_L2_polygon_mean (Bidar),5450,2019_05_01,"{""type"":""MultiPoint"",""coordinates"":[]}"
98,Bidar,2019-05-09,16121.501299796446,MODIS/061/MOD11A2,GAUL_L2_polygon_mean (Bidar),5450,2019_05_09,"{""type"":""MultiPoint"",""coordinates"":[]}"
98,Bidar,2019-05-17,16177.13227920189,MODIS/061/MOD11A2,GAUL_L2_polygon_mean (Bidar),5450,2019_05_17,"{""type"":""MultiPoint"",""coordinates"":[]}"
98,Bidar,2019-05-25,16160.682290606148,MODIS/061/MOD11A2,GAUL_L2_polygon_mean (Bidar),5450,2019_05_25,"{""type"":""MultiPoint"",""coordinates"":[]}"
98,Bidar,2019-06-02,15932.58499186592,MODIS/061/MOD11A2,GAUL_L2_polygon_mean (Bidar),5450,2019_06_02,"{""type"":""MultiPoint"",""coordinates"":[]}"
98,Bidar,2019-06-10,15806.75394238011,MODIS/061/MOD11A2,GAUL_L2_polygon_mean (Bidar),5450,2019_06_10,"{""type"":""MultiPoint"",""coordinates"":[]}"
98,Bidar,2019-06-18,15896.083023208843,MODIS/061/MOD11A2,GAUL_L2_polygon_mean (Bidar),5437,2019_06_18,"{""type"":""MultiPoint"",""coordinates"":[]}"
98,Bidar,2019-06-26,15591.585643116345,MODIS/061/MOD11A2,GAUL_L2_polygon_mean (Bidar),3362,2019_06_26,"{""type"":""MultiPoint"",""coordinates"":[]}"
98,Bidar,2019-07-04,15453.106468572407,MODIS/061/MOD11A2,GAUL_L2_polygon_mean (Bidar),184,2019_07_04,"{""type"":""MultiPoint"",""coordinates"":[]}"
98,Bidar,2019-07-12,15692.092330052083,MODIS/061/MOD11A2,GAUL_L2_polygon_mean (Bidar),5442,2019_07_12,"{""type"":""MultiPoint"",""coordinates"":[]}"
98,Bidar,2019-07-20,15451.061928857338,MODIS/061/MOD11A2,GAUL_L2_polygon_mean (Bidar),51,2019_07_20,"{""type"":""MultiPoint"",""coordinates"":[]}"
98,Bidar,2019-08-05,15112.021238915337,MODIS/061/MOD11A2,GAUL_L2_polygon_mean (Bidar),305,2019_08_05,"{""type"":""MultiPoint"",""coordinates"":[]}"
98,Bidar,2019-08-13,15140.381313957294,MODIS/061/MOD11A2,GAUL_L2_polygon_mean (Bidar),1007,2019_08_13,"{""type"":""MultiPoint"",""coordinates"":[]}"
98,Bidar,2019-08-21,15211.084585293005,MODIS/061/MOD11A2,GAUL_L2_polygon_mean (Bidar),4668,2019_08_21,"{""type"":""MultiPoint"",""coordinates"":[]}"
98,Bidar,2019-08-29,15211.259022445363,MODIS/061/MOD11A2,GAUL_L2_polygon_mean (Bidar),531,2019_08_29,"{""type"":""MultiPoint"",""coordinates"":[]}"
98,Bidar,2019-09-06,15006.103792788172,MODIS/061/MOD11A2,GAUL_L2_polygon_mean (Bidar),1951,2019_09_06,"{""type"":""MultiPoint"",""coordinates"":[]}"
98,Bidar,2019-09-14,15078.923923318767,MODIS/061/MOD11A2,GAUL_L2_polygon_mean (Bidar),3107,2019_09_14,"{""type"":""MultiPoint"",""coordinates"":[]}"
98,Bidar,2019-09-22,15175.292997253764,MODIS/061/MOD11A2,GAUL_L2_polygon_mean (Bidar),4722,2019_09_22,"{""type"":""MultiPoint"",""coordinates"":[]}"
98,Bidar,2019-09-30,15221.95229272699,MODIS/061/MOD11A2,GAUL_L2_polygon_mean (Bidar),3255,2019_09_30,"{""type"":""MultiPoint"",""coordinates"":[]}"
98,Bidar,2019-10-08,15182.696953986406,MODIS/061/MOD11A2,GAUL_L2_polygon_mean (Bidar),5408,2019_10_08,"{""type"":""MultiPoint"",""coordinates"":[]}"
98,Bidar,2019-10-16,15239.436719267553,MODIS/061/MOD11A2,GAUL_L2_polygon_mean (Bidar),2468,2019_10_16,"{""type"":""MultiPoint"",""coordinates"":[]}"
98,Bidar,2019-10-24,15201.173559114328,MODIS/061/MOD11A2,GAUL_L2_polygon_mean (Bidar),5093,2019_10_24,"{""type"":""MultiPoint"",""coordinates"":[]}"
98,Bidar,2019-11-01,15163.149789219258,MODIS/061/MOD11A2,GAUL_L2_polygon_mean (Bidar),5450,2019_11_01,"{""type"":""MultiPoint"",""coordinates"":[]}"
98,Bidar,2019-11-09,15198.502771915777,MODIS/061/MOD11A2,GAUL_L2_polygon_mean (Bidar),5450,2019_11_09,"{""type"":""MultiPoint"",""coordinates"":[]}"
98,Bidar,2019-11-17,15196.591927951056,MODIS/061/MOD11A2,GAUL_L2_polygon_mean (Bidar),5450,2019_11_17,"{""type"":""MultiPoint"",""coordinates"":[]}"
98,Bidar,2019-11-25,15221.763829898979,MODIS/061/MOD11A2,GAUL_L2_polygon_mean (Bidar),5450,2019_11_25,"{""type"":""MultiPoint"",""coordinates"":[]}"
98,Bidar,2019-12-03,15136.016815689365,MODIS/061/MOD11A2,GAUL_L2_polygon_mean (Bidar),5450,2019_12_03,"{""type"":""MultiPoint"",""coordinates"":[]}"
98,Bidar,2019-12-11,15168.110972325447,MODIS/061/MOD11A2,GAUL_L2_polygon_mean (Bidar),5450,2019_12_11,"{""type"":""MultiPoint"",""coordinates"":[]}"
98,Bidar,2019-12-19,15131.514847467271,MODIS/061/MOD11A2,GAUL_L2_polygon_mean (Bidar),5450,2019_12_19,"{""type"":""MultiPoint"",""coordinates"":[]}"
98,Bidar,2019-12-27,15078.741191768453,MODIS/061/MOD11A2,GAUL_L2_polygon_mean (Bidar),5392,2019_12_27,"{""type"":""MultiPoint"",""coordinates"":[]}"
98,Bidar,2020-01-01,15135.745221188457,MODIS/061/MOD11A2,GAUL_L2_polygon_mean (Bidar),5450,2020_01_01,"{""type"":""MultiPoint"",""coordinates"":[]}"
98,Bidar,2020-01-09,15261.024912345598,MODIS/061/MOD11A2,GAUL_L2_polygon_mean (Bidar),5450,2020_01_09,"{""type"":""MultiPoint"",""coordinates"":[]}"
98,Bidar,2020-01-17,15362.972855731583,MODIS/061/MOD11A2,GAUL_L2_polygon_mean (Bidar),5450,2020_01_17,"{""type"":""MultiPoint"",""coordinates"":[]}"
98,Bidar,2020-01-25,15365.482381696233,MODIS/061/MOD11A2,GAUL_L2_polygon_mean (Bidar),5450,2020_01_25,"{""type"":""MultiPoint"",""coordinates"":[]}"
98,Bidar,2020-02-02,15352.367661438442,MODIS/061/MOD11A2,GAUL_L2_polygon_mean (Bidar),5450,2020_02_02,"{""type"":""MultiPoint"",""coordinates"":[]}"
98,Bidar,2020-02-10,15578.730087715554,MODIS/061/MOD11A2,GAUL_L2_polygon_mean (Bidar),5450,2020_02_10,"{""type"":""MultiPoint"",""coordinates"":[]}"
98,Bidar,2020-02-18,15660.445152762957,MODIS/061/MOD11A2,GAUL_L2_polygon_mean (Bidar),5450,2020_02_18,"{""type"":""MultiPoint"",""coordinates"":[]}"
98,Bidar,2020-02-26,15614.048155425886,MODIS/061/MOD11A2,GAUL_L2_polygon_mean (Bidar),5450,2020_02_26,"{""type"":""MultiPoint"",""coordinates"":[]}"
98,Bidar,2020-03-05,15762.547714005921,MODIS/061/MOD11A2,GAUL_L2_polygon_mean (Bidar),5450,2020_03_05,"{""type"":""MultiPoint"",""coordinates"":[]}"
98,Bidar,2020-03-13,15764.116937070838,MODIS/061/MOD11A2,GAUL_L2_polygon_mean (Bidar),5450,2020_03_13,"{""type"":""MultiPoint"",""coordinates"":[]}"
98,Bidar,2020-03-21,15949.377328067472,MODIS/061/MOD11A2,GAUL_L2_polygon_mean (Bidar),5450,2020_03_21,"{""type"":""MultiPoint"",""coordinates"":[]}"
98,Bidar,2020-03-29,15868.182526245944,MODIS/061/MOD11A2,GAUL_L2_polygon_mean (Bidar),5450,2020_03_29,"{""type"":""MultiPoint"",""coordinates"":[]}"
98,Bidar,2020-04-06,15893.856741781216,MODIS/061/MOD11A2,GAUL_L2_polygon_mean (Bidar),5450,2020_04_06,"{""type"":""MultiPoint"",""coordinates"":[]}"
98,Bidar,2020-04-14,15939.970995076412,MODIS/061/MOD11A2,GAUL_L2_polygon_mean (Bidar),5450,2020_04_14,"{""type"":""MultiPoint"",""coordinates"":[]}"
98,Bidar,2020-04-22,16120.608132828811,MODIS/061/MOD11A2,GAUL_L2_polygon_mean (Bidar),5449,2020_04_22,"{""type"":""MultiPoint"",""coordinates"":[]}"
98,Bidar,2020-04-30,16129.215717284016,MODIS/061/MOD11A2,GAUL_L2_polygon_mean (Bidar),5450,2020_04_30,"{""type"":""MultiPoint"",""coordinates"":[]}"
98,Bidar,2020-05-08,15969.45392072285,MODIS/061/MOD11A2,GAUL_L2_polygon_mean (Bidar),5450,2020_05_08,"{""type"":""MultiPoint"",""coordinates"":[]}"
98,Bidar,2020-05-16,15870.857169890178,MODIS/061/MOD11A2,GAUL_L2_polygon_mean (Bidar),5450,2020_05_16,"{""type"":""MultiPoint"",""coordinates"":[]}"
98,Bidar,2020-05-24,16172.830500498998,MODIS/061/MOD11A2,GAUL_L2_polygon_mean (Bidar),5450,2020_05_24,"{""type"":""MultiPoint"",""coordinates"":[]}"
98,Bidar,2020-06-01,15559.25161341832,MODIS/061/MOD11A2,GAUL_L2_polygon_mean (Bidar),5010,2020_06_01,"{""type"":""MultiPoint"",""coordinates"":[]}"
98,Bidar,2020-06-09,16054.830340859864,MODIS/061/MOD11A2,GAUL_L2_polygon_mean (Bidar),5296,2020_06_09,"{""type"":""MultiPoint"",""coordinates"":[]}"
98,Bidar,2020-06-17,15669.34122608022,MODIS/061/MOD11A2,GAUL_L2_polygon_mean (Bidar),4396,2020_06_17,"{""type"":""MultiPoint"",""coordinates"":[]}"
98,Bidar,2020-06-25,15844.804755087282,MODIS/061/MOD11A2,GAUL_L2_polygon_mean (Bidar),5133,2020_06_25,"{""type"":""MultiPoint"",""coordinates"":[]}"
98,Bidar,2020-07-03,15181.035755238188,MODIS/061/MOD11A2,GAUL_L2_polygon_mean (Bidar),37,2020_07_03,"{""type"":""MultiPoint"",""coordinates"":[]}"
98,Bidar,2020-07-11,15267.476457587463,MODIS/061/MOD11A2,GAUL_L2_polygon_mean (Bidar),606,2020_07_11,"{""type"":""MultiPoint"",""coordinates"":[]}"
98,Bidar,2020-07-19,14918.48275862069,MODIS/061/MOD11A2,GAUL_L2_polygon_mean (Bidar),87,2020_07_19,"{""type"":""MultiPoint"",""coordinates"":[]}"
98,Bidar,2020-07-27,15010.597162915257,MODIS/061/MOD11A2,GAUL_L2_polygon_mean (Bidar),975,2020_07_27,"{""type"":""MultiPoint"",""coordinates"":[]}"
98,Bidar,2020-08-04,14995.606267266354,MODIS/061/MOD11A2,GAUL_L2_polygon_mean (Bidar),293,2020_08_04,"{""type"":""MultiPoint"",""coordinates"":[]}"
98,Bidar,2020-08-20,15008.471388741938,MODIS/061/MOD11A2,GAUL_L2_polygon_mean (Bidar),1808,2020_08_20,"{""type"":""MultiPoint"",""coordinates"":[]}"
98,Bidar,2020-08-28,15137.809477154162,MODIS/061/MOD11A2,GAUL_L2_polygon_mean (Bidar),5259,2020_08_28,"{""type"":""MultiPoint"",""coordinates"":[]}"
98,Bidar,2020-09-05,15292.870091329827,MODIS/061/MOD11A2,GAUL_L2_polygon_mean (Bidar),5094,2020_09_05,"{""type"":""MultiPoint"",""coordinates"":[]}"
98,Bidar,2020-09-13,15041.490462944563,MODIS/061/MOD11A2,GAUL_L2_polygon_mean (Bidar),394,2020_09_13,"{""type"":""MultiPoint"",""coordinates"":[]}"
98,Bidar,2020-09-21,15093.420677361857,MODIS/061/MOD11A2,GAUL_L2_polygon_mean (Bidar),2,2020_09_21,"{""type"":""MultiPoint"",""coordinates"":[]}"
98,Bidar,2020-09-29,15272.046465251942,MODIS/061/MOD11A2,GAUL_L2_polygon_mean (Bidar),5443,2020_09_29,"{""type"":""MultiPoint"",""coordinates"":[]}"
98,Bidar,2020-10-07,15273.199753294015,MODIS/061/MOD11A2,GAUL_L2_polygon_mean (Bidar),1497,2020_10_07,"{""type"":""MultiPoint"",""coordinates"":[]}"
98,Bidar,2020-10-15,15185.094507825344,MODIS/061/MOD11A2,GAUL_L2_polygon_mean (Bidar),5439,2020_10_15,"{""type"":""MultiPoint"",""coordinates"":[]}"
98,Bidar,2020-10-23,15285.36815862049,MODIS/061/MOD11A2,GAUL_L2_polygon_mean (Bidar),5450,2020_10_23,"{""type"":""MultiPoint"",""coordinates"":[]}"
98,Bidar,2020-10-31,15309.470106840165,MODIS/061/MOD11A2,GAUL_L2_polygon_mean (Bidar),5450,2020_10_31,"{""type"":""MultiPoint"",""coordinates"":[]}"
98,Bidar,2020-11-08,15270.031585089702,MODIS/061/MOD11A2,GAUL_L2_polygon_mean (Bidar),5450,2020_11_08,"{""type"":""MultiPoint"",""coordinates"":[]}"
98,Bidar,2020-11-16,15267.677833236085,MODIS/061/MOD11A2,GAUL_L2_polygon_mean (Bidar),5450,2020_11_16,"{""type"":""MultiPoint"",""coordinates"":[]}"
98,Bidar,2020-11-24,15173.805558653448,MODIS/061/MOD11A2,GAUL_L2_polygon_mean (Bidar),5450,2020_11_24,"{""type"":""MultiPoint"",""coordinates"":[]}"
98,Bidar,2020-12-02,15284.696782994792,MODIS/061/MOD11A2,GAUL_L2_polygon_mean (Bidar),5450,2020_12_02,"{""type"":""MultiPoint"",""coordinates"":[]}"
98,Bidar,2020-12-10,15240.882858588067,MODIS/061/MOD11A2,GAUL_L2_polygon_mean (Bidar),5450,2020_12_10,"{""type"":""MultiPoint"",""coordinates"":[]}"
98,Bidar,2020-12-18,15212.978483745885,MODIS/061/MOD11A2,GAUL_L2_polygon_mean (Bidar),5450,2020_12_18,"{""type"":""MultiPoint"",""coordinates"":[]}"
98,Bidar,2020-12-26,15182.456813156705,MODIS/061/MOD11A2,GAUL_L2_polygon_mean (Bidar),5450,2020_12_26,"{""type"":""MultiPoint"",""coordinates"":[]}"
98,Bidar,2021-01-01,15204.169158452854,MODIS/061/MOD11A2,GAUL_L2_polygon_mean (Bidar),5450,2021_01_01,"{""type"":""MultiPoint"",""coordinates"":[]}"
98,Bidar,2021-01-09,15248.917572830695,MODIS/061/MOD11A2,GAUL_L2_polygon_mean (Bidar),5450,2021_01_09,"{""type"":""MultiPoint"",""coordinates"":[]}"
98,Bidar,2021-01-17,15343.727764414847,MODIS/061/MOD11A2,GAUL_L2_polygon_mean (Bidar),5450,2021_01_17,"{""type"":""MultiPoint"",""coordinates"":[]}"
98,Bidar,2021-01-25,15285.923666368579,MODIS/061/MOD11A2,GAUL_L2_polygon_mean (Bidar),5450,2021_01_25,"{""type"":""MultiPoint"",""coordinates"":[]}"
98,Bidar,2021-02-02,15448.513381104074,MODIS/061/MOD11A2,GAUL_L2_polygon_mean (Bidar),5450,2021_02_02,"{""type"":""MultiPoint"",""coordinates"":[]}"
98,Bidar,2021-02-10,15472.027937169441,MODIS/061/MOD11A2,GAUL_L2_polygon_mean (Bidar),5450,2021_02_10,"{""type"":""MultiPoint"",""coordinates"":[]}"
98,Bidar,2021-02-18,15610.80348574254,MODIS/061/MOD11A2,GAUL_L2_polygon_mean (Bidar),5450,2021_02_18,"{""type"":""MultiPoint"",""coordinates"":[]}"
98,Bidar,2021-02-26,15761.002162849776,MODIS/061/MOD11A2,GAUL_L2_polygon_mean (Bidar),5450,2021_02_26,"{""type"":""MultiPoint"",""coordinates"":[]}"
98,Bidar,2021-03-06,15814.519031423199,MODIS/061/MOD11A2,GAUL_L2_polygon_mean (Bidar),5450,2021_03_06,"{""type"":""MultiPoint"",""coordinates"":[]}"
98,Bidar,2021-03-14,15721.299484182624,MODIS/061/MOD11A2,GAUL_L2_polygon_mean (Bidar),5450,2021_03_14,"{""type"":""MultiPoint"",""coordinates"":[]}"
98,Bidar,2021-03-22,15868.832577007423,MODIS/061/MOD11A2,GAUL_L2_polygon_mean (Bidar),5450,2021_03_22,"{""type"":""MultiPoint"",""coordinates"":[]}"
98,Bidar,2021-03-30,15965.238846681576,MODIS/061/MOD11A2,GAUL_L2_polygon_mean (Bidar),5450,2021_03_30,"{""type"":""MultiPoint"",""coordinates"":[]}"
98,Bidar,2021-04-07,15817.889673699488,MODIS/061/MOD11A2,GAUL_L2_polygon_mean (Bidar),5449,2021_04_07,"{""type"":""MultiPoint"",""coordinates"":[]}"
98,Bidar,2021-04-15,15856.906847801138,MODIS/061/MOD11A2,GAUL_L2_polygon_mean (Bidar),5450,2021_04_15,"{""type"":""MultiPoint"",""coordinates"":[]}"
98,Bidar,2021-04-23,15947.547603201247,MODIS/061/MOD11A2,GAUL_L2_polygon_mean (Bidar),5450,2021_04_23,"{""type"":""MultiPoint"",""coordinates"":[]}"
98,Bidar,2021-05-01,15793.497412678342,MODIS/061/MOD11A2,GAUL_L2_polygon_mean (Bidar),5449,2021_05_01,"{""type"":""MultiPoint"",""coordinates"":[]}"
98,Bidar,2021-05-09,15749.90203791317,MODIS/061/MOD11A2,GAUL_L2_polygon_mean (Bidar),5447,2021_05_09,"{""type"":""MultiPoint"",""coordinates"":[]}"
98,Bidar,2021-05-17,15825.71067675037,MODIS/061/MOD11A2,GAUL_L2_polygon_mean (Bidar),5450,2021_05_17,"{""type"":""MultiPoint"",""coordinates"":[]}"
98,Bidar,2021-05-25,15796.862189198257,MODIS/061/MOD11A2,GAUL_L2_polygon_mean (Bidar),5450,2021_05_25,"{""type"":""MultiPoint"",""coordinates"":[]}"
98,Bidar,2021-06-02,15523.580525028712,MODIS/061/MOD11A2,GAUL_L2_polygon_mean (Bidar),3993,2021_06_02,"{""type"":""MultiPoint"",""coordinates"":[]}"
98,Bidar,2021-06-10,15224.477895574926,MODIS/061/MOD11A2,GAUL_L2_polygon_mean (Bidar),187,2021_06_10,"{""type"":""MultiPoint"",""coordinates"":[]}"
98,Bidar,2021-06-18,15555.715679410117,MODIS/061/MOD11A2,GAUL_L2_polygon_mean (Bidar),5399,2021_06_18,"{""type"":""MultiPoint"",""coordinates"":[]}"
98,Bidar,2021-06-26,15554.226886380971,MODIS/061/MOD11A2,GAUL_L2_polygon_mean (Bidar),4850,2021_06_26,"{""type"":""MultiPoint"",""coordinates"":[]}"
98,Bidar,2021-07-04,15536.785713955966,MODIS/061/MOD11A2,GAUL_L2_polygon_mean (Bidar),5096,2021_07_04,"{""type"":""MultiPoint"",""coordinates"":[]}"
98,Bidar,2021-07-12,15088.338157839595,MODIS/061/MOD11A2,GAUL_L2_polygon_mean (Bidar),842,2021_07_12,"{""type"":""MultiPoint"",""coordinates"":[]}"
98,Bidar,2021-07-20,14919.843324502499,MODIS/061/MOD11A2,GAUL_L2_polygon_mean (Bidar),63,2021_07_20,"{""type"":""MultiPoint"",""coordinates"":[]}"
98,Bidar,2021-07-28,15073.185494321417,MODIS/061/MOD11A2,GAUL_L2_polygon_mean (Bidar),795,2021_07_28,"{""type"":""MultiPoint"",""coordinates"":[]}"
98,Bidar,2021-08-05,15115.630219527031,MODIS/061/MOD11A2,GAUL_L2_polygon_mean (Bidar),2127,2021_08_05,"{""type"":""MultiPoint"",""coordinates"":[]}"
98,Bidar,2021-08-13,15250.366765660481,MODIS/061/MOD11A2,GAUL_L2_polygon_mean (Bidar),1819,2021_08_13,"{""type"":""MultiPoint"",""coordinates"":[]}"
98,Bidar,2021-08-21,15121.938986772231,MODIS/061/MOD11A2,GAUL_L2_polygon_mean (Bidar),4283,2021_08_21,"{""type"":""MultiPoint"",""coordinates"":[]}"
98,Bidar,2021-08-29,15067.200077138179,MODIS/061/MOD11A2,GAUL_L2_polygon_mean (Bidar),650,2021_08_29,"{""type"":""MultiPoint"",""coordinates"":[]}"
98,Bidar,2021-09-06,15006.979461496046,MODIS/061/MOD11A2,GAUL_L2_polygon_mean (Bidar),256,2021_09_06,"{""type"":""MultiPoint"",""coordinates"":[]}"
98,Bidar,2021-09-14,15154.414960746743,MODIS/061/MOD11A2,GAUL_L2_polygon_mean (Bidar),4969,2021_09_14,"{""type"":""MultiPoint"",""coordinates"":[]}"
98,Bidar,2021-09-22,15051.6875,MODIS/061/MOD11A2,GAUL_L2_polygon_mean (Bidar),16,2021_09_22,"{""type"":""MultiPoint"",""coordinates"":[]}"
98,Bidar,2021-09-30,15193.6381081841,MODIS/061/MOD11A2,GAUL_L2_polygon_mean (Bidar),4281,2021_09_30,"{""type"":""MultiPoint"",""coordinates"":[]}"
98,Bidar,2021-10-08,15259.382354570673,MODIS/061/MOD11A2,GAUL_L2_polygon_mean (Bidar),5450,2021_10_08,"{""type"":""MultiPoint"",""coordinates"":[]}"
98,Bidar,2021-10-16,15274.35664716553,MODIS/061/MOD11A2,GAUL_L2_polygon_mean (Bidar),5450,2021_10_16,"{""type"":""MultiPoint"",""coordinates"":[]}"
98,Bidar,2021-10-24,15270.522916782085,MODIS/061/MOD11A2,GAUL_L2_polygon_mean (Bidar),5450,2021_10_24,"{""type"":""MultiPoint"",""coordinates"":[]}"
98,Bidar,2021-11-01,15230.942914724303,MODIS/061/MOD11A2,GAUL_L2_polygon_mean (Bidar),5450,2021_11_01,"{""type"":""MultiPoint"",""coordinates"":[]}"
98,Bidar,2021-11-09,15179.677747706626,MODIS/061/MOD11A2,GAUL_L2_polygon_mean (Bidar),5445,2021_11_09,"{""type"":""MultiPoint"",""coordinates"":[]}"
98,Bidar,2021-11-17,15166.189064734595,MODIS/061/MOD11A2,GAUL_L2_polygon_mean (Bidar),4815,2021_11_17,"{""type"":""MultiPoint"",""coordinates"":[]}"
98,Bidar,2021-11-25,15181.137669058056,MODIS/061/MOD11A2,GAUL_L2_polygon_mean (Bidar),5450,2021_11_25,"{""type"":""MultiPoint"",""coordinates"":[]}"
98,Bidar,2021-12-03,15230.912647778528,MODIS/061/MOD11A2,GAUL_L2_polygon_mean (Bidar),5450,2021_12_03,"{""type"":""MultiPoint"",""coordinates"":[]}"
98,Bidar,2021-12-11,15171.890478928042,MODIS/061/MOD11A2,GAUL_L2_polygon_mean (Bidar),5450,2021_12_11,"{""type"":""MultiPoint"",""coordinates"":[]}"
98,Bidar,2021-12-19,15210.354700888525,MODIS/061/MOD11A2,GAUL_L2_polygon_mean (Bidar),5450,2021_12_19,"{""type"":""MultiPoint"",""coordinates"":[]}"
98,Bidar,2021-12-27,15118.166580789273,MODIS/061/MOD11A2,GAUL_L2_polygon_mean (Bidar),5449,2021_12_27,"{""type"":""MultiPoint"",""coordinates"":[]}"
98,Bidar,2022-01-01,15192.27658862611,MODIS/061/MOD11A2,GAUL_L2_polygon_mean (Bidar),5450,2022_01_01,"{""type"":""MultiPoint"",""coordinates"":[]}"
98,Bidar,2022-01-09,15080.782679156939,MODIS/061/MOD11A2,GAUL_L2_polygon_mean (Bidar),5420,2022_01_09,"{""type"":""MultiPoint"",""coordinates"":[]}"
98,Bidar,2022-01-17,15266.903862550398,MODIS/061/MOD11A2,GAUL_L2_polygon_mean (Bidar),5450,2022_01_17,"{""type"":""MultiPoint"",""coordinates"":[]}"
98,Bidar,2022-01-25,15238.787565844254,MODIS/061/MOD11A2,GAUL_L2_polygon_mean (Bidar),5450,2022_01_25,"{""type"":""MultiPoint"",""coordinates"":[]}"
98,Bidar,2022-02-02,15412.922799357926,MODIS/061/MOD11A2,GAUL_L2_polygon_mean (Bidar),5450,2022_02_02,"{""type"":""MultiPoint"",""coordinates"":[]}"
98,Bidar,2022-02-10,15378.907289580817,MODIS/061/MOD11A2,GAUL_L2_polygon_mean (Bidar),5450,2022_02_10,"{""type"":""MultiPoint"",""coordinates"":[]}"
98,Bidar,2022-02-18,15592.177392535652,MODIS/061/MOD11A2,GAUL_L2_polygon_mean (Bidar),5450,2022_02_18,"{""type"":""MultiPoint"",""coordinates"":[]}"
98,Bidar,2022-02-26,15689.690717517848,MODIS/061/MOD11A2,GAUL_L2_polygon_mean (Bidar),5450,2022_02_26,"{""type"":""MultiPoint"",""coordinates"":[]}"
98,Bidar,2022-03-06,15695.773908807732,MODIS/061/MOD11A2,GAUL_L2_polygon_mean (Bidar),5450,2022_03_06,"{""type"":""MultiPoint"",""coordinates"":[]}"
98,Bidar,2022-03-14,15875.499875884354,MODIS/061/MOD11A2,GAUL_L2_polygon_mean (Bidar),5450,2022_03_14,"{""type"":""MultiPoint"",""coordinates"":[]}"
98,Bidar,2022-03-22,15833.177190353086,MODIS/061/MOD11A2,GAUL_L2_polygon_mean (Bidar),5450,2022_03_22,"{""type"":""MultiPoint"",""coordinates"":[]}"
98,Bidar,2022-03-30,16035.637613296003,MODIS/061/MOD11A2,GAUL_L2_polygon_mean (Bidar),5450,2022_03_30,"{""type"":""MultiPoint"",""coordinates"":[]}"
98,Bidar,2022-04-07,15682.604734279561,MODIS/061/MOD11A2,GAUL_L2_polygon_mean (Bidar),5442,2022_04_07,"{""type"":""MultiPoint"",""coordinates"":[]}"
98,Bidar,2022-04-15,15926.155853976703,MODIS/061/MOD11A2,GAUL_L2_polygon_mean (Bidar),5450,2022_04_15,"{""type"":""MultiPoint"",""coordinates"":[]}"
98,Bidar,2022-04-23,16003.369899836911,MODIS/061/MOD11A2,GAUL_L2_polygon_mean (Bidar),5450,2022_04_23,"{""type"":""MultiPoint"",""coordinates"":[]}"
98,Bidar,2022-05-01,15944.939315011225,MODIS/061/MOD11A2,GAUL_L2_polygon_mean (Bidar),5450,2022_05_01,"{""type"":""MultiPoint"",""coordinates"":[]}"
98,Bidar,2022-05-09,15752.506078511113,MODIS/061/MOD11A2,GAUL_L2_polygon_mean (Bidar),4098,2022_05_09,"{""type"":""MultiPoint"",""coordinates"":[]}"
98,Bidar,2022-05-17,15592.632246464142,MODIS/061/MOD11A2,GAUL_L2_polygon_mean (Bidar),5450,2022_05_17,"{""type"":""MultiPoint"",""coordinates"":[]}"
98,Bidar,2022-05-25,15669.60007929011,MODIS/061/MOD11A2,GAUL_L2_polygon_mean (Bidar),5450,2022_05_25,"{""type"":""MultiPoint"",""coordinates"":[]}"
98,Bidar,2022-06-02,15581.367936291612,MODIS/061/MOD11A2,GAUL_L2_polygon_mean (Bidar),5450,2022_06_02,"{""type"":""MultiPoint"",""coordinates"":[]}"
98,Bidar,2022-06-10,15727.70259576288,MODIS/061/MOD11A2,GAUL_L2_polygon_mean (Bidar),3015,2022_06_10,"{""type"":""MultiPoint"",""coordinates"":[]}"
98,Bidar,2022-06-18,15586.473951338616,MODIS/061/MOD11A2,GAUL_L2_polygon_mean (Bidar),674,2022_06_18,"{""type"":""MultiPoint"",""coordinates"":[]}"
98,Bidar,2022-06-26,15571.423193309352,MODIS/061/MOD11A2,GAUL_L2_polygon_mean (Bidar),164,2022_06_26,"{""type"":""MultiPoint"",""coordinates"":[]}"
98,Bidar,2022-07-12,15076.823018935742,MODIS/061/MOD11A2,GAUL_L2_polygon_mean (Bidar),829,2022_07_12,"{""type"":""MultiPoint"",""coordinates"":[]}"
98,Bidar,2022-07-20,14983.659108143147,MODIS/061/MOD11A2,GAUL_L2_polygon_mean (Bidar),320,2022_07_20,"{""type"":""MultiPoint"",""coordinates"":[]}"
98,Bidar,2022-07-28,15313.602481244798,MODIS/061/MOD11A2,GAUL_L2_polygon_mean (Bidar),2701,2022_07_28,"{""type"":""MultiPoint"",""coordinates"":[]}"
98,Bidar,2022-08-13,15050.8107329633,MODIS/061/MOD11A2,GAUL_L2_polygon_mean (Bidar),2592,2022_08_13,"{""type"":""MultiPoint"",""coordinates"":[]}"
98,Bidar,2022-08-21,15149.325160965136,MODIS/061/MOD11A2,GAUL_L2_polygon_mean (Bidar),2069,2022_08_21,"{""type"":""MultiPoint"",""coordinates"":[]}"
98,Bidar,2022-08-29,15227.742577597071,MODIS/061/MOD11A2,GAUL_L2_polygon_mean (Bidar),5080,2022_08_29,"{""type"":""MultiPoint"",""coordinates"":[]}"
98,Bidar,2022-09-06,15075.41017073083,MODIS/061/MOD11A2,GAUL_L2_polygon_mean (Bidar),1072,2022_09_06,"{""type"":""MultiPoint"",""coordinates"":[]}"
98,Bidar,2022-09-14,15013.565934981014,MODIS/061/MOD11A2,GAUL_L2_polygon_mean (Bidar),706,2022_09_14,"{""type"":""MultiPoint"",""coordinates"":[]}"
98,Bidar,2022-09-22,15158.708533025727,MODIS/061/MOD11A2,GAUL_L2_polygon_mean (Bidar),4851,2022_09_22,"{""type"":""MultiPoint"",""coordinates"":[]}"
98,Bidar,2022-09-30,15193.713498813631,MODIS/061/MOD11A2,GAUL_L2_polygon_mean (Bidar),5315,2022_09_30,"{""type"":""MultiPoint"",""coordinates"":[]}"
98,Bidar,2022-10-08,15025.693805205483,MODIS/061/MOD11A2,GAUL_L2_polygon_mean (Bidar),1131,2022_10_08,"{""type"":""MultiPoint"",""coordinates"":[]}"
98,Bidar,2022-10-24,15263.143831668987,MODIS/061/MOD11A2,GAUL_L2_polygon_mean (Bidar),5450,2022_10_24,"{""type"":""MultiPoint"",""coordinates"":[]}"
98,Bidar,2022-11-01,15314.850087744344,MODIS/061/MOD11A2,GAUL_L2_polygon_mean (Bidar),5450,2022_11_01,"{""type"":""MultiPoint"",""coordinates"":[]}"
98,Bidar,2022-11-09,15292.384918188016,MODIS/061/MOD11A2,GAUL_L2_polygon_mean (Bidar),5450,2022_11_09,"{""type"":""MultiPoint"",""coordinates"":[]}"
98,Bidar,2022-11-17,15191.472892786396,MODIS/061/MOD11A2,GAUL_L2_polygon_mean (Bidar),5450,2022_11_17,"{""type"":""MultiPoint"",""coordinates"":[]}"
98,Bidar,2022-11-25,15256.301111716291,MODIS/061/MOD11A2,GAUL_L2_polygon_mean (Bidar),5450,2022_11_25,"{""type"":""MultiPoint"",""coordinates"":[]}"
98,Bidar,2022-12-03,15232.9897541647,MODIS/061/MOD11A2,GAUL_L2_polygon_mean (Bidar),5450,2022_12_03,"{""type"":""MultiPoint"",""coordinates"":[]}"
98,Bidar,2022-12-11,15248.562599247522,MODIS/061/MOD11A2,GAUL_L2_polygon_mean (Bidar),5450,2022_12_11,"{""type"":""MultiPoint"",""coordinates"":[]}"
98,Bidar,2022-12-19,15263.250774013868,MODIS/061/MOD11A2,GAUL_L2_polygon_mean (Bidar),5450,2022_12_19,"{""type"":""MultiPoint"",""coordinates"":[]}"
98,Bidar,2022-12-27,15297.446027688222,MODIS/061/MOD11A2,GAUL_L2_polygon_mean (Bidar),5450,2022_12_27,"{""type"":""MultiPoint"",""coordinates"":[]}"
98,Bidar,2023-01-01,15174.58452634236,MODIS/061/MOD11A2,GAUL_L2_polygon_mean (Bidar),5450,2023_01_01,"{""type"":""MultiPoint"",""coordinates"":[]}"
98,Bidar,2023-01-09,15241.76893698739,MODIS/061/MOD11A2,GAUL_L2_polygon_mean (Bidar),5450,2023_01_09,"{""type"":""MultiPoint"",""coordinates"":[]}"
98,Bidar,2023-01-17,15267.764305495703,MODIS/061/MOD11A2,GAUL_L2_polygon_mean (Bidar),5450,2023_01_17,"{""type"":""MultiPoint"",""coordinates"":[]}"
98,Bidar,2023-01-25,15297.753297698351,MODIS/061/MOD11A2,GAUL_L2_polygon_mean (Bidar),5450,2023_01_25,"{""type"":""MultiPoint"",""coordinates"":[]}"
98,Bidar,2023-02-02,15335.334554583158,MODIS/061/MOD11A2,GAUL_L2_polygon_mean (Bidar),5450,2023_02_02,"{""type"":""MultiPoint"",""coordinates"":[]}"
98,Bidar,2023-02-10,15546.095371890015,MODIS/061/MOD11A2,GAUL_L2_polygon_mean (Bidar),5450,2023_02_10,"{""type"":""MultiPoint"",""coordinates"":[]}"
98,Bidar,2023-02-18,15640.196027868107,MODIS/061/MOD11A2,GAUL_L2_polygon_mean (Bidar),5450,2023_02_18,"{""type"":""MultiPoint"",""coordinates"":[]}"
98,Bidar,2023-02-26,15568.71205965035,MODIS/061/MOD11A2,GAUL_L2_polygon_mean (Bidar),5450,2023_02_26,"{""type"":""MultiPoint"",""coordinates"":[]}"
98,Bidar,2023-03-06,15605.898587096413,MODIS/061/MOD11A2,GAUL_L2_polygon_mean (Bidar),5450,2023_03_06,"{""type"":""MultiPoint"",""coordinates"":[]}"
98,Bidar,2023-03-14,15458.281296385974,MODIS/061/MOD11A2,GAUL_L2_polygon_mean (Bidar),5450,2023_03_14,"{""type"":""MultiPoint"",""coordinates"":[]}"
98,Bidar,2023-03-22,15758.731851236817,MODIS/061/MOD11A2,GAUL_L2_polygon_mean (Bidar),5450,2023_03_22,"{""type"":""MultiPoint"",""coordinates"":[]}"
98,Bidar,2023-03-30,15933.347397852836,MODIS/061/MOD11A2,GAUL_L2_polygon_mean (Bidar),5450,2023_03_30,"{""type"":""MultiPoint"",""coordinates"":[]}"
98,Bidar,2023-04-07,15794.885917882973,MODIS/061/MOD11A2,GAUL_L2_polygon_mean (Bidar),5449,2023_04_07,"{""type"":""MultiPoint"",""coordinates"":[]}"
98,Bidar,2023-04-15,15797.81684346247,MODIS/061/MOD11A2,GAUL_L2_polygon_mean (Bidar),5450,2023_04_15,"{""type"":""MultiPoint"",""coordinates"":[]}"
98,Bidar,2023-04-23,15781.340859657223,MODIS/061/MOD11A2,GAUL_L2_polygon_mean (Bidar),5450,2023_04_23,"{""type"":""MultiPoint"",""coordinates"":[]}"
98,Bidar,2023-05-01,15486.341998010337,MODIS/061/MOD11A2,GAUL_L2_polygon_mean (Bidar),5376,2023_05_01,"{""type"":""MultiPoint"",""coordinates"":[]}"
98,Bidar,2023-05-09,15748.670816565713,MODIS/061/MOD11A2,GAUL_L2_polygon_mean (Bidar),5450,2023_05_09,"{""type"":""MultiPoint"",""coordinates"":[]}"
98,Bidar,2023-05-17,15863.577531976853,MODIS/061/MOD11A2,GAUL_L2_polygon_mean (Bidar),5450,2023_05_17,"{""type"":""MultiPoint"",""coordinates"":[]}"
98,Bidar,2023-05-25,15816.994125193445,MODIS/061/MOD11A2,GAUL_L2_polygon_mean (Bidar),5450,2023_05_25,"{""type"":""MultiPoint"",""coordinates"":[]}"
98,Bidar,2023-06-02,15736.062968716376,MODIS/061/MOD11A2,GAUL_L2_polygon_mean (Bidar),5450,2023_06_02,"{""type"":""MultiPoint"",""coordinates"":[]}"
98,Bidar,2023-06-10,15669.460802125139,MODIS/061/MOD11A2,GAUL_L2_polygon_mean (Bidar),5450,2023_06_10,"{""type"":""MultiPoint"",""coordinates"":[]}"
98,Bidar,2023-06-18,15698.921966883794,MODIS/061/MOD11A2,GAUL_L2_polygon_mean (Bidar),5450,2023_06_18,"{""type"":""MultiPoint"",""coordinates"":[]}"
98,Bidar,2023-06-26,15563.006753113248,MODIS/061/MOD11A2,GAUL_L2_polygon_mean (Bidar),5432,2023_06_26,"{""type"":""MultiPoint"",""coordinates"":[]}"
98,Bidar,2023-07-04,15460.032408405805,MODIS/061/MOD11A2,GAUL_L2_polygon_mean (Bidar),327,2023_07_04,"{""type"":""MultiPoint"",""coordinates"":[]}"
98,Bidar,2023-07-12,15190.795074220274,MODIS/061/MOD11A2,GAUL_L2_polygon_mean (Bidar),282,2023_07_12,"{""type"":""MultiPoint"",""coordinates"":[]}"
98,Bidar,2023-07-28,15101.55770277626,MODIS/061/MOD11A2,GAUL_L2_polygon_mean (Bidar),2175,2023_07_28,"{""type"":""MultiPoint"",""coordinates"":[]}"
98,Bidar,2023-08-05,15246.031379734228,MODIS/061/MOD11A2,GAUL_L2_polygon_mean (Bidar),4533,2023_08_05,"{""type"":""MultiPoint"",""coordinates"":[]}"
98,Bidar,2023-08-13,15182.398472180446,MODIS/061/MOD11A2,GAUL_L2_polygon_mean (Bidar),651,2023_08_13,"{""type"":""MultiPoint"",""coordinates"":[]}"
98,Bidar,2023-08-21,15219.131229091865,MODIS/061/MOD11A2,GAUL_L2_polygon_mean (Bidar),4387,2023_08_21,"{""type"":""MultiPoint"",""coordinates"":[]}"
98,Bidar,2023-08-29,15199.271297300553,MODIS/061/MOD11A2,GAUL_L2_polygon_mean (Bidar),5083,2023_08_29,"{""type"":""MultiPoint"",""coordinates"":[]}"
98,Bidar,2023-09-06,15016.643150830638,MODIS/061/MOD11A2,GAUL_L2_polygon_mean (Bidar),2691,2023_09_06,"{""type"":""MultiPoint"",""coordinates"":[]}"
98,Bidar,2023-09-14,15102.05516147401,MODIS/061/MOD11A2,GAUL_L2_polygon_mean (Bidar),5082,2023_09_14,"{""type"":""MultiPoint"",""coordinates"":[]}"
98,Bidar,2023-09-22,15046.75859476004,MODIS/061/MOD11A2,GAUL_L2_polygon_mean (Bidar),297,2023_09_22,"{""type"":""MultiPoint"",""coordinates"":[]}"
98,Bidar,2023-09-30,15220.990039091006,MODIS/061/MOD11A2,GAUL_L2_polygon_mean (Bidar),5450,2023_09_30,"{""type"":""MultiPoint"",""coordinates"":[]}"
98,Bidar,2023-10-08,15412.696038301005,MODIS/061/MOD11A2,GAUL_L2_polygon_mean (Bidar),5450,2023_10_08,"{""type"":""MultiPoint"",""coordinates"":[]}"
98,Bidar,2023-10-16,15360.154613539898,MODIS/061/MOD11A2,GAUL_L2_polygon_mean (Bidar),5450,2023_10_16,"{""type"":""MultiPoint"",""coordinates"":[]}"
98,Bidar,2023-10-24,15362.300791533964,MODIS/061/MOD11A2,GAUL_L2_polygon_mean (Bidar),5450,2023_10_24,"{""type"":""MultiPoint"",""coordinates"":[]}"
98,Bidar,2023-11-01,15240.922835757126,MODIS/061/MOD11A2,GAUL_L2_polygon_mean (Bidar),5278,2023_11_01,"{""type"":""MultiPoint"",""coordinates"":[]}"
98,Bidar,2023-11-09,15271.82273409828,MODIS/061/MOD11A2,GAUL_L2_polygon_mean (Bidar),5450,2023_11_09,"{""type"":""MultiPoint"",""coordinates"":[]}"
98,Bidar,2023-11-17,15234.916379162098,MODIS/061/MOD11A2,GAUL_L2_polygon_mean (Bidar),5450,2023_11_17,"{""type"":""MultiPoint"",""coordinates"":[]}"
98,Bidar,2023-11-25,15152.562917271365,MODIS/061/MOD11A2,GAUL_L2_polygon_mean (Bidar),5450,2023_11_25,"{""type"":""MultiPoint"",""coordinates"":[]}"
98,Bidar,2023-12-03,15140.163435463117,MODIS/061/MOD11A2,GAUL_L2_polygon_mean (Bidar),5450,2023_12_03,"{""type"":""MultiPoint"",""coordinates"":[]}"
98,Bidar,2023-12-11,15125.141833587204,MODIS/061/MOD11A2,GAUL_L2_polygon_mean (Bidar),5450,2023_12_11,"{""type"":""MultiPoint"",""coordinates"":[]}"
98,Bidar,2023-12-19,15168.216981464682,MODIS/061/MOD11A2,GAUL_L2_polygon_mean (Bidar),5450,2023_12_19,"{""type"":""MultiPoint"",""coordinates"":[]}"
98,Bidar,2023-12-27,15189.998363112685,MODIS/061/MOD11A2,GAUL_L2_polygon_mean (Bidar),5450,2023_12_27,"{""type"":""MultiPoint"",""coordinates"":[]}"
98,Bidar,2024-01-01,15170.686792585884,MODIS/061/MOD11A2,GAUL_L2_polygon_mean (Bidar),5450,2024_01_01,"{""type"":""MultiPoint"",""coordinates"":[]}"
98,Bidar,2024-01-09,15277.39908319919,MODIS/061/MOD11A2,GAUL_L2_polygon_mean (Bidar),5450,2024_01_09,"{""type"":""MultiPoint"",""coordinates"":[]}"
98,Bidar,2024-01-17,15226.082925070845,MODIS/061/MOD11A2,GAUL_L2_polygon_mean (Bidar),5450,2024_01_17,"{""type"":""MultiPoint"",""coordinates"":[]}"
98,Bidar,2024-01-25,15200.425535298107,MODIS/061/MOD11A2,GAUL_L2_polygon_mean (Bidar),5450,2024_01_25,"{""type"":""MultiPoint"",""coordinates"":[]}"
98,Bidar,2024-02-02,15358.164727704692,MODIS/061/MOD11A2,GAUL_L2_polygon_mean (Bidar),5450,2024_02_02,"{""type"":""MultiPoint"",""coordinates"":[]}"
98,Bidar,2024-02-10,15340.644054357595,MODIS/061/MOD11A2,GAUL_L2_polygon_mean (Bidar),5450,2024_02_10,"{""type"":""MultiPoint"",""coordinates"":[]}"
98,Bidar,2024-02-18,15478.523452098192,MODIS/061/MOD11A2,GAUL_L2_polygon_mean (Bidar),5450,2024_02_18,"{""type"":""MultiPoint"",""coordinates"":[]}"
98,Bidar,2024-02-26,15568.5906644899,MODIS/061/MOD11A2,GAUL_L2_polygon_mean (Bidar),5450,2024_02_26,"{""type"":""MultiPoint"",""coordinates"":[]}"
98,Bidar,2024-03-05,15627.772094920778,MODIS/061/MOD11A2,GAUL_L2_polygon_mean (Bidar),5450,2024_03_05,"{""type"":""MultiPoint"",""coordinates"":[]}"
98,Bidar,2024-03-13,15629.720355611076,MODIS/061/MOD11A2,GAUL_L2_polygon_mean (Bidar),5450,2024_03_13,"{""type"":""MultiPoint"",""coordinates"":[]}"
98,Bidar,2024-03-21,15667.650293236646,MODIS/061/MOD11A2,GAUL_L2_polygon_mean (Bidar),5450,2024_03_21,"{""type"":""MultiPoint"",""coordinates"":[]}"
98,Bidar,2024-03-29,15824.013215256778,MODIS/061/MOD11A2,GAUL_L2_polygon_mean (Bidar),5450,2024_03_29,"{""type"":""MultiPoint"",""coordinates"":[]}"
98,Bidar,2024-04-06,15764.215756857127,MODIS/061/MOD11A2,GAUL_L2_polygon_mean (Bidar),5450,2024_04_06,"{""type"":""MultiPoint"",""coordinates"":[]}"
98,Bidar,2024-04-14,15655.76238181663,MODIS/061/MOD11A2,GAUL_L2_polygon_mean (Bidar),5449,2024_04_14,"{""type"":""MultiPoint"",""coordinates"":[]}"
98,Bidar,2024-04-22,15804.130929399442,MODIS/061/MOD11A2,GAUL_L2_polygon_mean (Bidar),5450,2024_04_22,"{""type"":""MultiPoint"",""coordinates"":[]}"
98,Bidar,2024-04-30,16054.836515610143,MODIS/061/MOD11A2,GAUL_L2_polygon_mean (Bidar),5450,2024_04_30,"{""type"":""MultiPoint"",""coordinates"":[]}"
98,Bidar,2024-05-08,15695.655181747761,MODIS/061/MOD11A2,GAUL_L2_polygon_mean (Bidar),5447,2024_05_08,"{""type"":""MultiPoint"",""coordinates"":[]}"
98,Bidar,2024-05-16,15735.654269253924,MODIS/061/MOD11A2,GAUL_L2_polygon_mean (Bidar),5450,2024_05_16,"{""type"":""MultiPoint"",""coordinates"":[]}"
98,Bidar,2024-05-24,15603.135521318027,MODIS/061/MOD11A2,GAUL_L2_polygon_mean (Bidar),5450,2024_05_24,"{""type"":""MultiPoint"",""coordinates"":[]}"
98,Bidar,2024-06-01,15447.39894286626,MODIS/061/MOD11A2,GAUL_L2_polygon_mean (Bidar),1535,2024_06_01,"{""type"":""MultiPoint"",""coordinates"":[]}"
98,Bidar,2024-06-09,15444.390942736782,MODIS/061/MOD11A2,GAUL_L2_polygon_mean (Bidar),5044,2024_06_09,"{""type"":""MultiPoint"",""coordinates"":[]}"
98,Bidar,2024-06-17,15454.97553923463,MODIS/061/MOD11A2,GAUL_L2_polygon_mean (Bidar),3618,2024_06_17,"{""type"":""MultiPoint"",""coordinates"":[]}"
98,Bidar,2024-06-25,15068.619443052476,MODIS/061/MOD11A2,GAUL_L2_polygon_mean (Bidar),54,2024_06_25,"{""type"":""MultiPoint"",""coordinates"":[]}"
98,Bidar,2024-07-03,15086.282471910114,MODIS/061/MOD11A2,GAUL_L2_polygon_mean (Bidar),436,2024_07_03,"{""type"":""MultiPoint"",""coordinates"":[]}"
98,Bidar,2024-07-27,14896.974539781593,MODIS/061/MOD11A2,GAUL_L2_polygon_mean (Bidar),251,2024_07_27,"{""type"":""MultiPoint"",""coordinates"":[]}"
98,Bidar,2024-08-04,15051.72578175088,MODIS/061/MOD11A2,GAUL_L2_polygon_mean (Bidar),3682,2024_08_04,"{""type"":""MultiPoint"",""coordinates"":[]}"
98,Bidar,2024-08-12,15068.937913270713,MODIS/061/MOD11A2,GAUL_L2_polygon_mean (Bidar),4319,2024_08_12,"{""type"":""MultiPoint"",""coordinates"":[]}"
98,Bidar,2024-08-20,14880.702690496159,MODIS/061/MOD11A2,GAUL_L2_polygon_mean (Bidar),425,2024_08_20,"{""type"":""MultiPoint"",""coordinates"":[]}"
98,Bidar,2024-08-28,14903.192053992876,MODIS/061/MOD11A2,GAUL_L2_polygon_mean (Bidar),2487,2024_08_28,"{""type"":""MultiPoint"",""coordinates"":[]}"
98,Bidar,2024-09-05,14870.995358667587,MODIS/061/MOD11A2,GAUL_L2_polygon_mean (Bidar),1022,2024_09_05,"{""type"":""MultiPoint"",""coordinates"":[]}"
98,Bidar,2024-09-13,15135.216457660737,MODIS/061/MOD11A2,GAUL_L2_polygon_mean (Bidar),5450,2024_09_13,"{""type"":""MultiPoint"",""coordinates"":[]}"
98,Bidar,2024-09-21,15130.571145807411,MODIS/061/MOD11A2,GAUL_L2_polygon_mean (Bidar),2868,2024_09_21,"{""type"":""MultiPoint"",""coordinates"":[]}"
98,Bidar,2024-09-29,15182.204264197522,MODIS/061/MOD11A2,GAUL_L2_polygon_mean (Bidar),5339,2024_09_29,"{""type"":""MultiPoint"",""coordinates"":[]}"
98,Bidar,2024-10-07,15175.253307483646,MODIS/061/MOD11A2,GAUL_L2_polygon_mean (Bidar),5368,2024_10_07,"{""type"":""MultiPoint"",""coordinates"":[]}"
98,Bidar,2024-10-15,15112.05789693536,MODIS/061/MOD11A2,GAUL_L2_polygon_mean (Bidar),2262,2024_10_15,"{""type"":""MultiPoint"",""coordinates"":[]}"
98,Bidar,2024-10-23,15155.173352481897,MODIS/061/MOD11A2,GAUL_L2_polygon_mean (Bidar),5450,2024_10_23,"{""type"":""MultiPoint"",""coordinates"":[]}"
98,Bidar,2024-10-31,15157.184619303192,MODIS/061/MOD11A2,GAUL_L2_polygon_mean (Bidar),5450,2024_10_31,"{""type"":""MultiPoint"",""coordinates"":[]}"
98,Bidar,2024-11-08,15148.256003419114,MODIS/061/MOD11A2,GAUL_L2_polygon_mean (Bidar),5450,2024_11_08,"{""type"":""MultiPoint"",""coordinates"":[]}"
98,Bidar,2024-11-16,15098.521151102344,MODIS/061/MOD11A2,GAUL_L2_polygon_mean (Bidar),5450,2024_11_16,"{""type"":""MultiPoint"",""coordinates"":[]}"
98,Bidar,2024-11-24,15017.085805273013,MODIS/061/MOD11A2,GAUL_L2_polygon_mean (Bidar),5450,2024_11_24,"{""type"":""MultiPoint"",""coordinates"":[]}"
98,Bidar,2024-12-02,15055.46721334805,MODIS/061/MOD11A2,GAUL_L2_polygon_mean (Bidar),4960,2024_12_02,"{""type"":""MultiPoint"",""coordinates"":[]}"
98,Bidar,2024-12-10,15010.149850377675,MODIS/061/MOD11A2,GAUL_L2_polygon_mean (Bidar),5450,2024_12_10,"{""type"":""MultiPoint"",""coordinates"":[]}"
98,Bidar,2024-12-18,15061.308861568246,MODIS/061/MOD11A2,GAUL_L2_polygon_mean (Bidar),5450,2024_12_18,"{""type"":""MultiPoint"",""coordinates"":[]}"
98,Bidar,2024-12-26,15125.026368635663,MODIS/061/MOD11A2,GAUL_L2_polygon_mean (Bidar),5450,2024_12_26,"{""type"":""MultiPoint"",""coordinates"":[]}"
98,Bidar,2025-01-01,15095.954084411575,MODIS/061/MOD11A2,GAUL_L2_polygon_mean (Bidar),5450,2025_01_01,"{""type"":""MultiPoint"",""coordinates"":[]}"
98,Bidar,2025-01-09,15036.205151266384,MODIS/061/MOD11A2,GAUL_L2_polygon_mean (Bidar),5450,2025_01_09,"{""type"":""MultiPoint"",""coordinates"":[]}"
98,Bidar,2025-01-17,15150.37445793847,MODIS/061/MOD11A2,GAUL_L2_polygon_mean (Bidar),5450,2025_01_17,"{""type"":""MultiPoint"",""coordinates"":[]}"
98,Bidar,2025-01-25,15252.880129483177,MODIS/061/MOD11A2,GAUL_L2_polygon_mean (Bidar),5450,2025_01_25,"{""type"":""MultiPoint"",""coordinates"":[]}"
98,Bidar,2025-02-02,15352.305860488297,MODIS/061/MOD11A2,GAUL_L2_polygon_mean (Bidar),5450,2025_02_02,"{""type"":""MultiPoint"",""coordinates"":[]}"
98,Bidar,2025-02-10,15351.795356708311,MODIS/061/MOD11A2,GAUL_L2_polygon_mean (Bidar),5450,2025_02_10,"{""type"":""MultiPoint"",""coordinates"":[]}"
98,Bidar,2025-02-18,15440.437451118245,MODIS/061/MOD11A2,GAUL_L2_polygon_mean (Bidar),5450,2025_02_18,"{""type"":""MultiPoint"",""coordinates"":[]}"
98,Bidar,2025-02-26,15494.309778944671,MODIS/061/MOD11A2,GAUL_L2_polygon_mean (Bidar),5450,2025_02_26,"{""type"":""MultiPoint"",""coordinates"":[]}"
98,Bidar,2025-03-06,15594.453160919333,MODIS/061/MOD11A2,GAUL_L2_polygon_mean (Bidar),5450,2025_03_06,"{""type"":""MultiPoint"",""coordinates"":[]}"
98,Bidar,2025-03-14,15610.24029073996,MODIS/061/MOD11A2,GAUL_L2_polygon_mean (Bidar),5450,2025_03_14,"{""type"":""MultiPoint"",""coordinates"":[]}"
98,Bidar,2025-03-22,15580.48898608681,MODIS/061/MOD11A2,GAUL_L2_polygon_mean (Bidar),5450,2025_03_22,"{""type"":""MultiPoint"",""coordinates"":[]}"
98,Bidar,2025-03-30,15512.245923071336,MODIS/061/MOD11A2,GAUL_L2_polygon_mean (Bidar),5450,2025_03_30,"{""type"":""MultiPoint"",""coordinates"":[]}"
98,Bidar,2025-04-07,15591.6546103021,MODIS/061/MOD11A2,GAUL_L2_polygon_mean (Bidar),5450,2025_04_07,"{""type"":""MultiPoint"",""coordinates"":[]}"
98,Bidar,2025-04-15,15667.21911625354,MODIS/061/MOD11A2,GAUL_L2_polygon_mean (Bidar),5450,2025_04_15,"{""type"":""MultiPoint"",""coordinates"":[]}"
98,Bidar,2025-04-23,15672.284470868093,MODIS/061/MOD11A2,GAUL_L2_polygon_mean (Bidar),5450,2025_04_23,"{""type"":""MultiPoint"",""coordinates"":[]}"
98,Bidar,2025-05-01,15801.223334026454,MODIS/061/MOD11A2,GAUL_L2_polygon_mean (Bidar),5450,2025_05_01,"{""type"":""MultiPoint"",""coordinates"":[]}"
98,Bidar,2025-05-09,15734.537602719192,MODIS/061/MOD11A2,GAUL_L2_polygon_mean (Bidar),5450,2025_05_09,"{""type"":""MultiPoint"",""coordinates"":[]}"
98,Bidar,2025-05-17,15423.82371087656,MODIS/061/MOD11A2,GAUL_L2_polygon_mean (Bidar),558,2025_05_17,"{""type"":""MultiPoint"",""coordinates"":[]}"
98,Bidar,2025-05-25,15168.872519223414,MODIS/061/MOD11A2,GAUL_L2_polygon_mean (Bidar),4036,2025_05_25,"{""type"":""MultiPoint"",""coordinates"":[]}"
98,Bidar,2025-06-02,15343.199283654947,MODIS/061/MOD11A2,GAUL_L2_polygon_mean (Bidar),5450,2025_06_02,"{""type"":""MultiPoint"",""coordinates"":[]}"
98,Bidar,2025-06-10,15165.254585901035,MODIS/061/MOD11A2,GAUL_L2_polygon_mean (Bidar),1963,2025_06_10,"{""type"":""MultiPoint"",""coordinates"":[]}"
98,Bidar,2025-06-18,15278.74555884257,MODIS/061/MOD11A2,GAUL_L2_polygon_mean (Bidar),2131,2025_06_18,"{""type"":""MultiPoint"",""coordinates"":[]}"
98,Bidar,2025-06-26,15177.150134326512,MODIS/061/MOD11A2,GAUL_L2_polygon_mean (Bidar),982,2025_06_26,"{""type"":""MultiPoint"",""coordinates"":[]}"
98,Bidar,2025-07-04,14987.486665019353,MODIS/061/MOD11A2,GAUL_L2_polygon_mean (Bidar),238,2025_07_04,"{""type"":""MultiPoint"",""coordinates"":[]}"
98,Bidar,2025-07-12,15181.222697638656,MODIS/061/MOD11A2,GAUL_L2_polygon_mean (Bidar),1121,2025_07_12,"{""type"":""MultiPoint"",""coordinates"":[]}"
98,Bidar,2025-07-28,14858.237843637726,MODIS/061/MOD11A2,GAUL_L2_polygon_mean (Bidar),241,2025_07_28,"{""type"":""MultiPoint"",""coordinates"":[]}"
98,Bidar,2025-08-05,14960.734915540583,MODIS/061/MOD11A2,GAUL_L2_polygon_mean (Bidar),1736,2025_08_05,"{""type"":""MultiPoint"",""coordinates"":[]}"
98,Bidar,2025-08-21,14953.025499281714,MODIS/061/MOD11A2,GAUL_L2_polygon_mean (Bidar),1670,2025_08_21,"{""type"":""MultiPoint"",""coordinates"":[]}"
98,Bidar,2025-08-29,14833.73939188042,MODIS/061/MOD11A2,GAUL_L2_polygon_mean (Bidar),346,2025_08_29,"{""type"":""MultiPoint"",""coordinates"":[]}"
98,Bidar,2025-09-06,15072.176131927119,MODIS/061/MOD11A2,GAUL_L2_polygon_mean (Bidar),5449,2025_09_06,"{""type"":""MultiPoint"",""coordinates"":[]}"
98,Bidar,2025-09-14,14852.319578853634,MODIS/061/MOD11A2,GAUL_L2_polygon_mean (Bidar),299,2025_09_14,"{""type"":""MultiPoint"",""coordinates"":[]}"
98,Bidar,2025-09-22,14960.232250112012,MODIS/061/MOD11A2,GAUL_L2_polygon_mean (Bidar),4174,2025_09_22,"{""type"":""MultiPoint"",""coordinates"":[]}"
98,Bidar,2025-09-30,14996.381499689292,MODIS/061/MOD11A2,GAUL_L2_polygon_mean (Bidar),5219,2025_09_30,"{""type"":""MultiPoint"",""coordinates"":[]}"
98,Bidar,2025-10-08,15067.671982892885,MODIS/061/MOD11A2,GAUL_L2_polygon_mean (Bidar),5450,2025_10_08,"{""type"":""MultiPoint"",""coordinates"":[]}"
98,Bidar,2025-10-16,15124.412497110818,MODIS/061/MOD11A2,GAUL_L2_polygon_mean (Bidar),5412,2025_10_16,"{""type"":""MultiPoint"",""coordinates"":[]}"
98,Bidar,2025-10-24,14934.345362378097,MODIS/061/MOD11A2,GAUL_L2_polygon_mean (Bidar),3357,2025_10_24,"{""type"":""MultiPoint"",""coordinates"":[]}"
98,Bidar,2025-11-01,15021.651591953856,MODIS/061/MOD11A2,GAUL_L2_polygon_mean (Bidar),5450,2025_11_01,"{""type"":""MultiPoint"",""coordinates"":[]}"
98,Bidar,2025-11-09,14996.910246770662,MODIS/061/MOD11A2,GAUL_L2_polygon_mean (Bidar),5450,2025_11_09,"{""type"":""MultiPoint"",""coordinates"":[]}"
98,Bidar,2025-11-17,14999.599900851399,MODIS/061/MOD11A2,GAUL_L2_polygon_mean (Bidar),5450,2025_11_17,"{""type"":""MultiPoint"",""coordinates"":[]}"
98,Bidar,2025-11-25,14959.033366598718,MODIS/061/MOD11A2,GAUL_L2_polygon_mean (Bidar),5450,2025_11_25,"{""type"":""MultiPoint"",""coordinates"":[]}"
98,Bidar,2025-12-03,14907.382842399054,MODIS/061/MOD11A2,GAUL_L2_polygon_mean (Bidar),5450,2025_12_03,"{""type"":""MultiPoint"",""coordinates"":[]}"
98,Bidar,2025-12-11,14950.339122038407,MODIS/061/MOD11A2,GAUL_L2_polygon_mean (Bidar),5450,2025_12_11,"{""type"":""MultiPoint"",""coordinates"":[]}"
98,Bidar,2025-12-19,14928.844969143767,MODIS/061/MOD11A2,GAUL_L2_polygon_mean (Bidar),5450,2025_12_19,"{""type"":""MultiPoint"",""coordinates"":[]}"
98,Bidar,2025-12-27,14851.672633646265,MODIS/061/MOD11A2,GAUL_L2_polygon_mean (Bidar),5377,2025_12_27,"{""type"":""MultiPoint"",""coordinates"":[]}"
98,Bidar,2026-01-01,14936.241771493422,MODIS/061/MOD11A2,GAUL_L2_polygon_mean (Bidar),5450,2026_01_01,"{""type"":""MultiPoint"",""coordinates"":[]}"
98,Bidar,2026-01-09,14956.003100372478,MODIS/061/MOD11A2,GAUL_L2_polygon_mean (Bidar),5450,2026_01_09,"{""type"":""MultiPoint"",""coordinates"":[]}"
98,Bidar,2026-01-17,14979.328380460085,MODIS/061/MOD11A2,GAUL_L2_polygon_mean (Bidar),5450,2026_01_17,"{""type"":""MultiPoint"",""coordinates"":[]}"
98,Bidar,2026-01-25,14997.078109384356,MODIS/061/MOD11A2,GAUL_L2_polygon_mean (Bidar),5450,2026_01_25,"{""type"":""MultiPoint"",""coordinates"":[]}"
98,Bidar,2026-02-02,15063.891999254583,MODIS/061/MOD11A2,GAUL_L2_polygon_mean (Bidar),5450,2026_02_02,"{""type"":""MultiPoint"",""coordinates"":[]}"
98,Bidar,2026-02-10,15129.750721129789,MODIS/061/MOD11A2,GAUL_L2_polygon_mean (Bidar),5450,2026_02_10,"{""type"":""MultiPoint"",""coordinates"":[]}"
98,Bidar,2026-02-18,15118.633404157204,MODIS/061/MOD11A2,GAUL_L2_polygon_mean (Bidar),5450,2026_02_18,"{""type"":""MultiPoint"",""coordinates"":[]}"
98,Bidar,2026-02-26,15292.448679805404,MODIS/061/MOD11A2,GAUL_L2_polygon_mean (Bidar),5450,2026_02_26,"{""type"":""MultiPoint"",""coordinates"":[]}"
98,Bidar,2026-03-06,15415.20036220178,MODIS/061/MOD11A2,GAUL_L2_polygon_mean (Bidar),5450,2026_03_06,"{""type"":""MultiPoint"",""coordinates"":[]}"
98,Bidar,2026-03-14,15213.22382329388,MODIS/061/MOD11A2,GAUL_L2_polygon_mean (Bidar),5450,2026_03_14,"{""type"":""MultiPoint"",""coordinates"":[]}"
98,Bidar,2026-03-22,15416.413082722884,MODIS/061/MOD11A2,GAUL_L2_polygon_mean (Bidar),5450,2026_03_22,"{""type"":""MultiPoint"",""coordinates"":[]}"
98,Bidar,2026-03-30,15341.939869034624,MODIS/061/MOD11A2,GAUL_L2_polygon_mean (Bidar),5450,2026_03_30,"{""type"":""MultiPoint"",""coordinates"":[]}"
98,Bidar,2026-04-07,15535.644825673298,MODIS/061/MOD11A2,GAUL_L2_polygon_mean (Bidar),5450,2026_04_07,"{""type"":""MultiPoint"",""coordinates"":[]}"
98,Bidar,2026-04-15,15566.322103446963,MODIS/061/MOD11A2,GAUL_L2_polygon_mean (Bidar),5450,2026_04_15,"{""type"":""MultiPoint"",""coordinates"":[]}"
98,Bidar,2026-04-23,15622.364217139757,MODIS/061/MOD11A2,GAUL_L2_polygon_mean (Bidar),5450,2026_04_23,"{""type"":""MultiPoint"",""coordinates"":[]}"
98,Bidar,2026-05-01,15643.957769746443,MODIS/061/MOD11A2,GAUL_L2_polygon_mean (Bidar),5450,2026_05_01,"{""type"":""MultiPoint"",""coordinates"":[]}"
98,Bidar,2026-05-09,15514.711596285326,MODIS/061/MOD11A2,GAUL_L2_polygon_mean (Bidar),5450,2026_05_09,"{""type"":""MultiPoint"",""coordinates"":[]}"
98,Bidar,2026-05-17,15437.33237878218,MODIS/061/MOD11A2,GAUL_L2_polygon_mean (Bidar),5450,2026_05_17,"{""type"":""MultiPoint"",""coordinates"":[]}"
98,Bidar,2026-05-25,15418.297737210161,MODIS/061/MOD11A2,GAUL_L2_polygon_mean (Bidar),5450,2026_05_25,"{""type"":""MultiPoint"",""coordinates"":[]}"
98,Bidar,2026-06-02,15303.723228536775,MODIS/061/MOD11A2,GAUL_L2_polygon_mean (Bidar),4567,2026_06_02,"{""type"":""MultiPoint"",""coordinates"":[]}"
98,Bidar,2026-06-10,15380.817178754565,MODIS/061/MOD11A2,GAUL_L2_polygon_mean (Bidar),5450,2026_06_10,"{""type"":""MultiPoint"",""coordinates"":[]}"
98,Bidar,2026-06-18,15499.697547115378,MODIS/061/MOD11A2,GAUL_L2_polygon_mean (Bidar),5450,2026_06_18,"{""type"":""MultiPoint"",""coordinates"":[]}"
98,Bidar,2026-06-26,15416.0,MODIS/061/MOD11A2,GAUL_L2_polygon_mean (Bidar),0,2026_06_26,"{""type"":""MultiPoint"",""coordinates"":[]}"
98,Bidar,2026-07-04,15012.923453178071,MODIS/061/MOD11A2,GAUL_L2_polygon_mean (Bidar),608,2026_07_04,"{""type"":""MultiPoint"",""coordinates"":[]}"
98,Bidar,2026-07-12,15081.013964605494,MODIS/061/MOD11A2,GAUL_L2_polygon_mean (Bidar),3885,2026_07_12,"{""type"":""MultiPoint"",""coordinates"":[]}"
98,Bidar,2026-07-20,14934.312958531136,MODIS/061/MOD11A2,GAUL_L2_polygon_mean (Bidar),99,2026_07_20,"{""type"":""MultiPoint"",""coordinates"":[]}"
98,Bidar,2026-07-28,14820.360178970914,MODIS/061/MOD11A2,GAUL_L2_polygon_mean (Bidar),45,2026_07_28,"{""type"":""MultiPoint"",""coordinates"":[]}"
98,Bidar,2026-08-05,14985.354124334264,MODIS/061/MOD11A2,GAUL_L2_polygon_mean (Bidar),5409,2026_08_05,"{""type"":""MultiPoint"",""coordinates"":[]}"
98,Bidar,2026-08-13,14957.00162071506,MODIS/061/MOD11A2,GAUL_L2_polygon_mean (Bidar),2710,2026_08_13,"{""type"":""MultiPoint"",""coordinates"":[]}"
98,Bidar,2026-08-21,14999.00199656635,MODIS/061/MOD11A2,GAUL_L2_polygon_mean (Bidar),5411,2026_08_21,"{""type"":""MultiPoint"",""coordinates"":[]}"
98,Bidar,2026-08-29,15033.351265223962,MODIS/061/MOD11A2,GAUL_L2_polygon_mean (Bidar),5450,2026_08_29,"{""type"":""MultiPoint"",""coordinates"":[]}"
98,Bidar,2026-09-06,15050.031912665354,MODIS/061/MOD11A2,GAUL_L2_polygon_mean (Bidar),5448,2026_09_06,"{""type"":""MultiPoint"",""coordinates"":[]}"
98,Bidar,2026-09-14,15191.267792605302,MODIS/061/MOD11A2,GAUL_L2_polygon_mean (Bidar),5450,2026_09_14,"{""type"":""MultiPoint"",""coordinates"":[]}"
